objective,length,angle_fraction,a_m,b_m,travel_m,heading_deg,move_measure_time_s,mean_diameter_m,conservative_mean_m,observation_mass,true_bearing_mass,near_probability,near_diameter_m,n_true_grid,angle_step_deg
mean_diameter_m,600.8171679533389,0.31140190675325313,555.9980139258065,227.70041242393322,600.8171679533389,22.270796329955935,125.16343359066778,131.31111144645436,145.81981643368584,0.9999999150505474,0.9999802628079516,0.0,0.0,2049,0.07104572651515367
mean_diameter_m,474.80258691236963,0.583053273210554,342.20831771243644,329.13669474414803,474.80258691236963,43.884546410648404,99.96051738247392,139.6328560981407,155.76805612661806,1.0000000763974497,0.9999805005969244,0.0,0.0,2049,0.059099193748513745
mean_diameter_m,961.0531400124727,0.9511098263980797,518.7324763188207,809.0363131157819,961.0531400124727,57.33309171986558,197.21062800249453,75.70458855264278,79.80724478536168,0.9999999864566345,0.999993129440395,0.0,0.0,2049,0.040931954572547384
mean_diameter_m,208.0981886387853,0.2931272535322037,189.60504689215364,85.76002744733523,208.0981886387853,24.337657165152724,46.61963772775706,441.8680154322592,531.0383219284076,0.9999995477696018,0.999862147714546,0.0,0.0,2049,0.07446332843331023
mean_diameter_m,266.3913064346396,0.13482040793368688,261.52612642001867,50.67951601677431,266.3913064346396,10.967060973118276,58.27826128692792,549.2836694705525,649.117899558965,0.9999975139930012,0.9997445692797327,0.0,0.0,2049,0.08188952574503985
mean_diameter_m,59.9241363285866,0.8688057023284954,14.667380049306082,58.10137758449665,59.9241363285866,75.8320054668518,16.98482726571732,670.4738788982858,810.6719398611186,1.0000000182892588,0.999977926895037,0.0,0.0,2049,0.047963905348498016
mean_diameter_m,901.9786670874417,0.8392657547819552,552.8750218543057,712.6673319932935,901.9786670874419,52.19630712669857,185.39573341748837,74.89729619160678,79.06497929922573,0.999999991527047,0.9999945706443968,0.0,0.0,2049,0.04473322861424813
mean_diameter_m,763.0497496913856,0.05412291414367487,761.5414841185515,47.95298187391722,763.0497496913856,3.6030614966365184,157.6099499382771,279.76282396668233,315.0835279433687,1.0000009310497322,0.9998790358286067,0.0,0.0,2049,0.08529800019323751
mean_diameter_m,31.28403261612823,0.44051423281485547,24.377086746163336,19.607354194204856,31.28403261612823,38.810952285129744,11.256806523225645,1025.803209556942,1163.1909075946223,0.9999979896368171,0.9995812896060908,0.0,0.0,2049,0.06594026697145798
mean_diameter_m,449.7122676003789,0.7345017705096818,252.60545874350746,372.06398084638204,449.7122676003789,55.82623420967432,94.94245352007577,144.68097865118074,161.74422725384107,1.0000000276280079,0.9999894690077187,0.0,0.0,2049,0.05280715167948327
mean_diameter_m,546.2976483289326,0.18592423988981988,530.979925592792,128.4579276930588,546.2976483289326,13.600037150001524,114.25952966578652,205.43081103497272,234.94540959430216,1.0000001176939322,0.9999731984046504,0.0,0.0,2049,0.07825093286518499
mean_diameter_m,695.1287926714143,0.6199822457094838,511.93707581948746,470.2387359652653,695.1287926714143,42.568963736063516,144.02575853428286,90.2200079072834,97.11501231938901,0.9999999837719598,0.9999946982373324,0.0,0.0,2049,0.05515176377417441
mean_diameter_m,883.2609174560102,0.04791974119244358,882.0431844188406,46.364524428748915,883.2609174560102,3.0089784413134786,181.65218349120204,249.32061458125173,279.04437977005375,1.000000852782263,0.9998678151820658,0.0,0.0,2049,0.0855019340433772
mean_diameter_m,195.12198299809074,0.5069232796709213,144.36860470004302,131.26421532950224,195.12198299809074,42.278040891182194,44.02439659961815,352.52866083985987,421.9710126816823,0.9999999972288054,0.9999803619534074,0.0,0.0,2049,0.06460015578672387
mean_diameter_m,568.3147783288241,0.7864610981788196,309.42862810748676,476.6923655508437,568.3147783288242,57.011753918974065,118.66295566576484,115.21190308716045,126.24661030574775,0.9999999551193302,0.9999889557367272,0.0,0.0,2049,0.049725525929338044
mean_diameter_m,848.3545927042921,0.37443096288344674,775.4515146097209,344.0646210408087,848.3545927042921,23.92666270901427,174.67091854085842,75.27703786534038,79.8311983750766,0.9999999965860052,0.9999895748524025,0.0,0.0,2049,0.06457304650678271
mean_diameter_m,372.56864050524666,0.9069132664747244,121.42779435364207,352.2253293650775,372.56864050524666,70.978641496708,79.51372810104934,177.0179423189457,201.12033797919355,1.0000000005252982,0.9999965499613871,0.0,0.0,2049,0.046380341884626655
mean_diameter_m,125.53737293608344,0.6927739679887406,64.34869769898766,107.79089529332984,125.53737293608344,59.1637651993356,30.10747458721669,442.6052485741978,536.4285250706928,1.0000001521522597,0.9999469842095976,0.0,0.0,2049,0.056446584343952284
mean_diameter_m,303.6786953728998,0.20457692776955444,291.2922699967882,85.84616161194833,303.6786953728999,16.420666911047054,65.73573907457998,387.34678055236077,460.54938103082935,1.0000012321645702,0.9998717094823184,0.0,0.0,2049,0.07836807356006519
mean_diameter_m,711.7767004119078,0.473922693103536,601.6454638679286,380.32723680589555,711.7767004119078,32.298827184231456,147.35534008238156,89.3548833752624,96.19617736720281,0.9999999898207589,0.9999959254362873,0.0,0.0,2049,0.061509050418464106
mean_diameter_m,901.9786670874417,0.8619895811138433,535.129957094497,726.0863894199367,901.9786670874417,53.609566051603885,185.39573341748834,75.8752588225838,80.15661527716755,1.0000000037786023,0.9999966611427196,0.0,0.0,2049,0.044030275275196304
mean_diameter_m,702.2885205599648,0.784389925852147,415.9048211464223,565.8907543488112,702.2885205599648,53.685749348745986,145.45770411199297,93.00319892175568,100.07925933582908,1.0000000085631515,0.9999925657177067,0.0,0.0,2049,0.0485924702915231
mean_diameter_m,439.2307244670484,0.9511098263980797,131.4753689597477,419.091704371187,439.2307244670484,72.5825745397867,92.84614489340967,154.9410312580296,173.90216870054195,1.000000007326242,0.9999899299850437,0.0,0.0,2049,0.04432358917066216
mean_diameter_m,733.9927118517795,0.6936469634295969,502.4524164046878,535.0578195864626,733.9927118517795,46.800018232676216,151.7985423703559,86.16337363851046,92.27886222296051,0.9999999894995835,0.9999938505647891,0.0,0.0,2049,0.0517021583423975
mean_diameter_m,37.05826167608393,0.5047259343269466,26.484020371951388,25.92125427889582,37.05826167608393,44.38473974579423,12.411652335216786,937.5994443767045,1083.4182067072193,1.0000005443996551,0.9997890120597689,0.0,0.0,2049,0.06335866047080534
mean_diameter_m,59.9241363285866,0.39498111197437286,49.39976430758016,33.91998527538833,59.9241363285866,34.47515337695022,16.98482726571732,831.2035272794745,977.1545408291828,0.9999989434154772,0.9996576673618381,0.0,0.0,2049,0.06952498787027263
mean_diameter_m,536.7875570826751,0.6040153137717788,383.8239114531706,375.26002509669854,536.7875570826751,44.35362388184237,112.35751141653502,121.0455891911081,133.42165819621488,0.9999999958856685,0.999995669941842,0.0,0.0,2049,0.05757188160587154
mean_diameter_m,681.5335797935625,0.05412291414367487,680.0832069382406,44.43930722712121,681.5335797935625,3.7386161785395164,141.3067159587125,329.17805743869604,372.95906979183025,1.0000009107852021,0.9998663900720854,0.0,0.0,2049,0.08543210432967067
mean_diameter_m,605.5602799741363,0.3975461415797505,532.8059055923836,287.78658698458185,605.5602799741363,28.374990406397828,126.11205599482726,116.22229312103934,127.92760286597532,0.999999979006457,0.999988063994059,0.0,0.0,2049,0.06653671177514613
mean_diameter_m,507.85174472535675,0.7345017705096818,294.43328827835376,413.7903253752856,507.8517447253567,54.56617518656608,106.57034894507134,127.90516247810095,141.47637127759683,0.9999999326206966,0.9999851468774515,0.0,0.0,2049,0.05231963465107662
mean_diameter_m,98.74004161962068,0.7479365295365233,42.58674007724283,89.08403554306341,98.74004161962068,64.4498072799351,24.748008323924136,511.5288877897811,622.055415409972,1.0000000019397477,0.9999861478173542,0.0,0.0,2049,0.05391832691144619
mean_diameter_m,365.8309775481801,0.7263432769489607,199.30384253119723,306.77399251917814,365.83097754818004,56.989165850705135,78.16619550963601,177.39866592011592,201.83398494235772,1.0000000647165068,0.9999780582371746,0.0,0.0,2049,0.05379929974438285
mean_diameter_m,165.01439520846003,0.7932641616117957,64.8836772345121,151.72296811801928,165.01439520846003,66.84623370095733,38.002879041692005,350.6000987688471,421.3426645617168,0.9999997962392212,0.9999590301637631,0.0,0.0,2049,0.0520263147006807
mean_diameter_m,195.12198299809074,0.5537939294125291,135.0840230181229,140.80090544576214,195.12198299809074,46.18711219613068,44.02439659961815,339.57994702650427,405.9718676341136,0.999999983567517,0.9999560384717117,0.0,0.0,2049,0.062476169105176955
mean_diameter_m,959.9875810227566,0.14232572010882982,949.232955640556,143.29323655992232,959.9875810227566,8.584376311702835,196.99751620455132,104.13724914790521,111.76451734165931,1.0000001654949382,0.9999714482553903,0.0,0.0,2049,0.07781575622038835
mean_diameter_m,636.0145618344744,0.5707378062200779,485.6937888584275,410.62886689788826,636.0145618344743,40.21278386252589,132.20291236689485,100.08361970360862,108.7047546289159,0.9999999750157481,0.9999920179020101,0.0,0.0,2049,0.057977701522631084
mean_diameter_m,820.2327891439497,0.9069132664747244,425.4296074188636,701.2784593285999,820.2327891439497,58.756963632129505,169.04655782878996,85.10557905433508,90.69861533025315,0.9999999902136517,0.9999952454461536,0.0,0.0,2049,0.04336037620046524
mean_diameter_m,385.90200818709843,0.40366741594119593,329.26205127506734,201.26316481902572,385.90200818709843,31.435579127223182,82.18040163741969,202.18437611169415,232.63491566028657,1.0000002915887989,0.9999603431049497,0.0,0.0,2049,0.06820161281388164
mean_diameter_m,115.93020819607432,0.5188003001238639,82.7592228658419,81.18327538986738,115.93020819607432,44.449243735149246,28.186041639214864,517.8278781311016,627.5658208914813,1.0000000665414348,0.9999221926024549,0.0,0.0,2049,0.06424511326666103
mean_diameter_m,507.85174472535675,0.94579561794723,171.5014200586575,478.0174238858379,507.85174472535675,70.2632062326864,106.57034894507134,135.64570708677368,150.4601610708792,1.0000000260898838,0.9999896453065241,0.0,0.0,2049,0.04415068318244857
mean_diameter_m,698.4758244294204,0.6217966022332224,513.898947435463,473.0500492940274,698.4758244294204,42.629933876909234,144.69516488588408,89.74636582451923,96.5465740597112,0.9999999907224204,0.9999962884460796,0.0,0.0,2049,0.0550354167164109
mean_diameter_m,58.94327563230422,0.844654282052533,16.496269865898,56.58783281569682,58.94327563230422,73.74774093789527,16.788655126460846,678.3932149912033,819.4235853705172,0.9999998901090584,0.9999077412249865,0.0,0.0,2049,0.04898795519165617
mean_diameter_m,275.54230695700437,0.9511098263980797,61.434981179170144,268.60622854041014,275.54230695700437,77.11703764026117,60.10846139140087,231.9666561230669,270.1441209752161,0.9999999111146034,0.9999804855100922,0.0,0.0,2049,0.04506943818738517
mean_diameter_m,886.8625842435107,0.4221048533504922,793.9856703707637,395.110109434025,886.8625842435108,26.456258762239607,182.37251684870216,69.61371219954312,73.33609557467803,0.9999999581314423,0.9999910383178773,0.0,0.0,2049,0.06142920949441195
mean_diameter_m,911.8706411996377,0.18403090117820825,893.9217282107345,180.03335833831454,911.8706411996376,11.386887982664684,187.37412823992753,94.2236826820918,100.87101715333073,0.9999998880650607,0.9999791554881713,0.0,0.0,2049,0.07534530494172759
mean_diameter_m,438.05691867694657,0.16857866641453428,427.0509290180158,97.57749753703786,438.05691867694657,12.870648043025382,92.61138373538931,293.0630394916958,342.56031754382553,1.0000000691350788,0.9999407839992659,0.0,0.0,2049,0.07968036705501642
mean_diameter_m,874.7196332127994,0.10910845109129935,868.4193856229055,104.79602760729857,874.7196332127994,6.88086467641223,179.9439266425599,140.79480360407914,154.43668371862654,0.9999999013088204,0.9999710445852926,0.0,0.0,2049,0.08104849681915614
mean_diameter_m,644.9358365609947,0.5211868085496542,517.8936837621942,384.3544790943049,644.9358365609947,36.580934654703654,133.98716731219895,99.46647618277738,108.02213042775857,1.0000000056803648,0.9999952665692535,0.0,0.0,2049,0.0601160540542018
mean_diameter_m,605.5602799741363,0.4096513945849868,528.4056874993773,295.788238611113,605.5602799741363,29.23900693671974,126.11205599482726,114.91976047047213,126.39272551124643,0.9999999586012338,0.999989926047131,0.0,0.0,2049,0.0659292655534948
mean_diameter_m,879.7605249261176,0.8925384335779036,490.1209429565992,730.5888327189323,879.7605249261176,56.144021932767124,180.9521049852235,79.05483366535147,83.75304508875203,0.9999999961081161,0.9999978181188266,0.0,0.0,2049,0.04330336634311258
mean_diameter_m,674.0455121234789,0.11365816362847148,667.6855745361629,92.37600321575455,674.0455121234789,7.877012229934973,139.8091024246958,207.2424840070222,234.72158716190964,0.9999994895286001,0.9999415482265784,0.0,0.0,2049,0.08179837861837372
mean_diameter_m,884.3494362005122,0.6199822457094838,688.1574666572088,555.4396694440326,884.3494362005122,38.90839986132636,181.86988724010243,69.51581855864623,73.18189974512242,0.9999999996718165,0.9999945678636111,0.0,0.0,2049,0.05262838622603294
mean_diameter_m,883.2609174560102,0.3792765359575655,808.0513590893131,356.6550846113749,883.2609174560102,23.81554848990569,181.65218349120204,71.47190746504279,75.4159220749176,1.000000029499092,0.9999909529998054,0.0,0.0,2049,0.06373115327009013
mean_diameter_m,803.4361868441557,0.20594886376621258,781.3959257116378,186.89599677876922,803.4361868441557,13.451420532952625,165.68723736883115,105.97972233318315,115.0761706504141,0.9999999640553124,0.9999880404677445,0.0,0.0,2049,0.07512719136293142
mean_diameter_m,776.0193793039199,0.4761401128481043,661.6238761018853,405.53658728548555,776.0193793039199,31.505851760502456,160.20387586078397,80.14574594579963,85.50810583631991,1.0000000011771923,0.9999947222288401,0.0,0.0,2049,0.06052416860576941
mean_diameter_m,667.6099971007607,0.472746616977875,560.8172870008653,362.19756877961885,667.6099971007607,32.85594334585711,138.52199942015213,96.99340359622418,105.17130252389977,0.9999999537439263,0.9999894472077556,0.0,0.0,2049,0.06212188151491975
mean_diameter_m,820.2327891439497,0.775173984226536,524.7985155472131,630.3715939557434,820.2327891439497,50.22185834464347,169.04655782878996,79.32237211478913,84.25107125211129,1.0000000151739663,0.9999918664392711,0.0,0.0,2049,0.047717782537445845
mean_diameter_m,941.6605416856504,0.7444248893402392,661.8418333740389,669.8432379025735,941.6605416856505,45.34425646329275,193.3321083371301,68.56826156776474,71.94075467065109,0.9999999848043218,0.9999952316098939,0.0,0.0,2049,0.047320428250398186
mean_diameter_m,869.0403834019226,0.20457692776955444,846.9762304592365,194.58276650418665,869.0403834019226,12.938515491242349,178.80807668038452,94.61394100683137,101.6422298587575,0.9999999617649398,0.9999809067397816,0.0,0.0,2049,0.07447630856849632
mean_diameter_m,888.72460327915,0.9657364730241214,438.00744136349283,773.2922486252457,888.72460327915,60.47195895664332,182.74492065583,82.01111209312167,87.02204077843776,0.9999999986771626,0.9999975985506935,0.0,0.0,2049,0.04107291386014152
mean_diameter_m,679.0543095044658,0.7444248893402392,422.9213859991769,531.2741820577413,679.0543095044658,51.47841902218834,140.81086190089314,94.90591812647973,102.36554344992634,1.0000000480638358,0.9999897339759937,0.0,0.0,2049,0.05032506786609895
mean_diameter_m,973.5682202075226,0.784389925852147,664.445592505218,711.5807290802871,973.5682202075226,46.96187297114166,199.71364404150452,67.886715016674,71.10645709038138,1.0000000203208836,0.9999933400009168,0.0,0.0,2049,0.04563293617817373
mean_diameter_m,961.0531400124727,0.5984525100082124,776.7698166142385,565.9079341420437,961.0531400124727,36.074837725337474,197.21062800249453,63.926534834586484,66.76766920876949,0.9999999746011922,0.9999938186393571,0.0,0.0,2049,0.052251641244733214
mean_diameter_m,717.4646667763442,0.4546739870839931,615.5819715701797,368.5300318159444,717.4646667763442,30.907662486607727,148.49293335526883,89.16749283827899,95.98837661722021,0.999999977314632,0.9999884321787156,0.0,0.0,2049,0.06236621970118608
mean_diameter_m,958.2064519793998,0.18403090117820825,940.2470571612195,184.64852047773482,958.2064519793998,11.110525448326047,196.64129039587996,88.85182362017282,94.51360809819954,0.9999999488181519,0.9999800030256956,0.0,0.0,2049,0.07471845956960141
mean_diameter_m,438.05691867694657,0.46145765753050494,357.8176256815155,252.70617474130665,438.0569186769465,35.23138024018684,92.6113837353893,164.4506342002672,186.1674786848135,0.9999998362913208,0.9999719464321598,0.0,0.0,2049,0.0650279389601336
mean_diameter_m,836.4757371414466,0.288225190653677,793.1285587536909,265.77951033821205,836.4757371414466,18.526139134955688,172.29514742828934,84.05316961686128,89.820320664747,0.9999999383014422,0.999985896433932,0.0,0.0,2049,0.06964839693678282
mean_diameter_m,914.361814840642,0.5211868085496542,773.670939281217,487.3302844584891,914.361814840642,32.20655866860572,187.87236296812839,66.30329123717299,69.53646764959288,1.0000000407506833,0.9999921422751312,0.0,0.0,2049,0.05625508959089305
mean_diameter_m,889.6759879300004,0.2782586922311977,848.8932418883156,266.27735047421504,889.6759879300005,17.41538396818783,182.9351975860001,78.62146561035614,83.4116577776371,0.9999999830882366,0.9999889977410403,0.0,0.0,2049,0.06945551883574086
mean_diameter_m,903.1239894767873,0.9669012902615082,450.21303529289713,782.9055902347516,903.1239894767873,60.09877059331596,185.62479789535746,80.88499890040522,85.7221506934599,0.9999999982508194,0.9999959176536314,0.0,0.0,2049,0.04093595624069943
mean_diameter_m,906.1665737013968,0.9912047823958785,432.2114826316479,796.4490527178004,906.1665737013968,61.51250635462284,186.23331474027935,81.94942857474886,86.9142783021616,1.0000000081395575,0.9999960865139792,0.0,0.0,2049,0.04023446954219604
mean_diameter_m,607.2527280565947,0.9186463277852271,251.61187660863675,552.6729044214641,607.2527280565947,65.52195164938448,126.45054561131894,113.60978001625804,124.08065957892781,0.9999999986637598,0.9999947060125145,0.0,0.0,2049,0.044521406809518535
mean_diameter_m,913.2695996315233,0.7469768438258667,632.280671562316,659.001148693862,913.2695996315233,46.18545160162095,187.65391992630467,70.60370605502732,74.27911230866945,0.9999999986386411,0.9999967392725363,0.0,0.0,2049,0.04759811061292928
mean_diameter_m,951.3293394505314,0.20594886376621258,928.8510028382871,205.5804626556057,951.3293394505314,12.479958380100564,195.26586789010628,84.02755376196231,89.13474665477636,1.000000075980745,0.9999817500060151,0.0,0.0,2049,0.07324969650144783
mean_diameter_m,405.1918896259723,0.25388496706223473,381.64721231967957,136.10978196765853,405.1918896259723,19.628150444351867,86.03837792519445,248.71443844719718,289.5968891671825,0.9999999549633019,0.999987438046243,0.0,0.0,2049,0.07545322655692051
mean_diameter_m,964.5111877721033,0.8717299893954626,587.8309771968642,764.6807004137956,964.5111877721032,52.44953316324082,197.90223755442065,71.83241929163916,75.50261527022681,0.9999999846358789,0.999994945123915,0.0,0.0,2049,0.043123240572477135
mean_diameter_m,968.138174825705,0.6563068300300114,748.0030232349277,614.6405476262169,968.138174825705,39.41024098563025,198.627634965141,64.56624729679092,67.46188117230852,0.9999999979304455,0.9999953787988174,0.0,0.0,2049,0.049976753457494166
mean_diameter_m,917.7418902797821,0.6199822457094838,720.7772044378627,568.0936531392048,917.7418902797821,38.24405392649724,188.54837805595642,67.0449612845644,70.33568769108555,0.9999999743000657,0.9999937936232494,0.0,0.0,2049,0.05211983388597778
mean_diameter_m,898.2861831774582,0.8430197378390295,546.4732396509802,712.9411372847609,898.2861831774582,52.529639875579015,184.65723663549164,75.34040257261529,79.56834069636076,0.9999999946464453,0.9999947989895666,0.0,0.0,2049,0.04465359946488189
mean_diameter_m,555.3725082024239,0.8004017375375169,291.5722845434227,472.67771869761407,555.3725082024239,58.331548530638536,116.07450164048478,118.33431907092724,129.95848014872544,0.9999999491988757,0.999988910576354,0.0,0.0,2049,0.049291961586343906
mean_diameter_m,753.5467467204328,0.9224576591382402,357.46658263021715,663.3629035419619,753.5467467204328,61.681090162522146,155.70934934408655,92.98368162935789,99.81269215242672,0.9999999859177853,0.9999929839752055,0.0,0.0,2049,0.043375647597341575
mean_diameter_m,639.6606854334624,0.3404799156137961,584.5775295997998,259.68231433080314,639.6606854334624,23.951854669151047,132.93213708669248,114.98754433983845,126.36020286376029,0.9999999954518575,0.9999896197299986,0.0,0.0,2049,0.06912064691882769
mean_diameter_m,973.5682202075226,0.900241389422581,573.6507702636618,786.6129119039115,973.5682202075226,53.89796627933272,199.71364404150452,72.47815499041029,76.18188566214613,1.0000000264371152,0.9999932540469403,0.0,0.0,2049,0.04222525770289994
mean_diameter_m,908.7657441102785,0.8392657547819552,559.325829381318,716.2470204162869,908.7657441102785,52.0132986301879,186.75314882205572,74.38193875325733,78.47380374567271,0.9999999941316293,0.9999947392318537,0.0,0.0,2049,0.044663482021428585
mean_diameter_m,897.177098023996,0.9228147452045135,481.5961280224822,756.9622941022307,897.1770980239961,57.53458075526589,184.43541960479922,79.10265346535726,83.75751149290467,1.0000000025360916,0.9999967892481244,0.0,0.0,2049,0.04225086195301307
mean_diameter_m,936.267089610969,0.2966636305938438,889.823678626945,291.22136604893103,936.267089610969,18.122229215250506,192.25341792219382,72.19677900567694,76.00590547591497,1.000000060169834,0.9999884172007645,0.0,0.0,2049,0.06752962202115306
mean_diameter_m,941.7077707544506,0.7967373446008107,623.6314727073561,705.6183896045872,941.7077707544505,48.52948011241961,193.3415541508901,70.36319334886998,73.92637156500888,1.000000021758841,0.9999929132167766,0.0,0.0,2049,0.045630869568517016
mean_diameter_m,988.3238126685553,0.77320545253622,687.5741960029367,709.9476626333977,988.3238126685552,45.91719188669485,202.66476253371104,66.63881415126664,69.69164521278898,1.000000022334096,0.9999941950721346,0.0,0.0,2049,0.04579306674187487
mean_diameter_m,934.4914701968931,0.35983648995920536,866.4333973822295,350.09638068885897,934.4914701968931,22.00196495366221,191.89829403937864,68.05314345959415,71.40837415464355,1.0000000190135288,0.999991451136602,0.0,0.0,2049,0.06386736112656935
mean_diameter_m,6.171170735599787,0.9478127584772478,0.6249461170291668,6.139445463454609,6.1711707355997865,84.18777045528132,6.234234147119958,1308.1245516978413,1386.0096832394308,1.0000012436190437,0.999617730037047,0.0,0.0,2049,0.02718632894347732
mean_diameter_m,946.1829865154178,0.7343564411004879,673.4395832569805,664.6362702064188,946.1829865154178,44.623051708931236,194.23659730308356,67.95910980792866,71.2562152387365,0.999999996934505,0.9999935489545325,0.0,0.0,2049,0.047595765553615915
mean_diameter_m,939.8879726161653,0.44235345660018044,837.6696352521694,426.2616370787111,939.8879726161653,26.96999801835022,192.97759452323305,65.10260690373698,68.13251316108968,1.0000000199501051,0.9999940106597627,0.0,0.0,2049,0.05944966511231894
mean_diameter_m,936.8682136170901,0.5542660641436943,778.0902998393859,521.8213630946245,936.8682136170901,33.84753260451427,192.37364272341802,64.9184377095324,67.93526947512024,0.9999999931310026,0.9999947503471407,0.0,0.0,2049,0.05444580571742398
mean_diameter_m,918.753677596834,0.694417140547732,673.9757174322546,624.3917459491156,918.753677596834,42.81296707659033,188.7507355193668,68.6444889547197,72.09697260303221,0.9999999896396381,0.9999951453828793,0.0,0.0,2049,0.04934493514499267
mean_diameter_m,776.0193793039199,0.5083364847065723,646.0910988609625,429.8515662736093,776.0193793039199,33.636262729095876,160.20387586078397,79.60178269328662,84.86750448699857,1.0000000288688857,0.9999896723270177,0.0,0.0,2049,0.05901165873377233
mean_diameter_m,945.5863893812383,0.8717299893954626,569.2335865954915,755.054132943248,945.5863893812383,52.98744302321098,194.11727787624767,73.10947788806864,76.96802003830298,0.9999999914891105,0.99999626233684,0.0,0.0,2049,0.04331154737720528
mean_diameter_m,929.0788939084061,0.23923552996167785,898.7921049138315,235.28778814598843,929.0788939084061,14.669822237347661,190.81577878168122,79.88940430497448,84.62378933950379,0.9999999795457558,0.9999850167352129,0.0,0.0,2049,0.07132408223679282
mean_diameter_m,926.531303173095,0.41830992500023834,834.9808706396668,401.5808778134956,926.531303173095,25.68505111090682,190.306260634619,66.53269668455516,69.7615863998116,0.9999999876487539,0.9999916367328423,0.0,0.0,2049,0.060904343183549765
mean_diameter_m,956.2482705534335,0.15681866815383877,943.1953763648306,157.45868328052939,956.2482705534335,9.477656458174675,196.2496541106867,98.20123034803117,105.0812244502158,0.9999999649646443,0.9999810691593418,0.0,0.0,2049,0.07676080225322829
mean_diameter_m,957.1745213856851,0.9657364730241214,502.44100843737635,814.7000045601741,957.1745213856851,58.33707472973217,196.43490427713704,76.70624459431733,80.92152165226472,1.0000000245910656,0.9999931062371378,0.0,0.0,2049,0.04056602809020032
mean_diameter_m,981.1071489699725,0.5422256963506582,829.0257128059592,524.6785732870736,981.1071489699725,32.32913738016064,201.2214297939945,62.23715668207575,64.84904291626138,0.999999997004839,0.9999935677119849,0.0,0.0,2049,0.054149683639561824
mean_diameter_m,975.2311092043353,0.7444248893402392,695.2435153551825,683.8948535531513,975.2311092043352,44.528534798807264,200.04622184086705,66.47953614517562,69.5484147660676,0.9999999921201602,0.9999950536493425,0.0,0.0,2049,0.04687586748070691
mean_diameter_m,988.2657408767054,0.555111979975048,829.1424114647722,537.7657818241747,988.2657408767054,32.96666437449794,202.65314817534107,61.95195336637242,64.51462204220148,1.0000000076233995,0.9999955065495081,0.0,0.0,2049,0.05348687851677752
mean_diameter_m,908.7657441102785,0.7344326068469752,636.7780305239302,648.3586334046713,908.7657441102785,45.51628883464177,186.75314882205572,70.52641304472263,74.21275976001449,1.0000000195966443,0.9999943917248538,0.0,0.0,2049,0.048081978958431804
mean_diameter_m,986.9919101298474,0.4509062135510885,880.9976883107113,444.9675312345247,986.9919101298475,26.797076381561684,202.3983820259695,62.203923333312034,64.77018289865754,0.999999986585669,0.9999956649934206,0.0,0.0,2049,0.058098492397434
mean_diameter_m,990.2096476476565,0.4396545681008287,889.3740837781089,435.3491534370377,990.2096476476565,26.081776205625935,203.0419295295313,62.20300157412477,64.76125722114763,0.9999999727554802,0.9999918052990536,0.0,0.0,2049,0.05857407371988694
mean_diameter_m,929.069831343257,0.7967373446008107,611.2870161752983,699.6420051481247,929.069831343257,48.85583298911866,190.8139662686514,71.22888517004463,74.91786285702926,1.0000000315428537,0.9999928402224936,0.0,0.0,2049,0.045777786064458606
mean_diameter_m,994.0111509231751,0.5211868085496542,853.3430123960533,509.7684487632052,994.0111509231751,30.85317112942456,203.80223018463502,61.497749000421976,63.99042371708192,0.9999999785565545,0.9999935776540243,0.0,0.0,2049,0.05478650675774009
mean_diameter_m,999.6277382318267,0.4629888453217502,888.1099820812657,458.82052566345743,999.6277382318267,27.322042913211106,204.92554764636535,61.44386929417363,63.89666744494419,0.9999999971281937,0.9999935117199794,0.0,0.0,2049,0.05726449410684981
mean_diameter_m,965.4989246580019,0.8925384335779036,571.9589924751668,777.8502969354386,965.4989246580018,53.672684248478774,198.09978493160037,72.66933443642763,76.41282680370018,1.0000000021918753,0.9999936650735577,0.0,0.0,2049,0.04251846001116089
mean_diameter_m,955.8281391546395,0.3334881949505014,897.2704795607461,329.4132937643069,955.8281391546395,20.1596098309341,196.16562783092792,67.95998833248157,71.21178428880211,0.9999999911623906,0.9999935761239424,0.0,0.0,2049,0.06495397117941992
mean_diameter_m,216.57141240345254,0.34687268811413957,189.9369426874686,104.05351735027311,216.57141240345254,28.715333975926598,48.31428248069051,389.851279955149,466.9020895494029,1.0000005380191563,0.999897927065362,0.0,0.0,2049,0.07190146207548295
mean_diameter_m,382.13301552183134,0.5542660641436943,278.4514546445821,261.7067613916852,382.13301552183134,43.22442188026801,81.42660310436627,179.2016880731298,204.1758516914303,0.9999998530143939,0.9999734319987288,0.0,0.0,2049,0.061206794255131994
mean_diameter_m,721.2312346075809,0.38360644961475926,648.0600123490082,316.5323272081048,721.2312346075809,26.03229781592068,149.24624692151616,92.71108597329867,100.14998147654288,0.9999999797021812,0.9999944517190417,0.0,0.0,2049,0.0659052782152145
mean_diameter_m,996.4737630741954,0.5119321027170437,860.6695838104804,502.2029749003307,996.4737630741954,30.263674380578703,204.29475261483907,61.367203989406136,63.84135650250943,0.9999999668490936,0.9999926899508105,0.0,0.0,2049,0.05513437906463376
mean_diameter_m,971.4203507159282,0.8717299893954626,594.6887251731142,768.1164091054384,971.4203507159282,52.25235714139422,199.28407014318563,71.38223519333572,74.9860983779387,0.9999999824927224,0.9999945286062235,0.0,0.0,2049,0.04305364175083853
mean_diameter_m,964.5277898838967,0.5346212584935233,816.4784346725461,513.4947158179752,964.5277898838966,32.1663619947807,197.90555797677933,63.11038901633684,65.8561931571221,0.999999979134861,0.9999936388960065,0.0,0.0,2049,0.05477697756297628
mean_diameter_m,926.531303173095,0.49654466086201,798.4181524627511,470.0943624184413,926.531303173095,30.488817574867138,190.306260634619,65.47463703113743,68.58408055989388,1.0000000000456952,0.9999921302302852,0.0,0.0,2049,0.057142011556431026
mean_diameter_m,981.7728505698642,0.8430197378390295,627.8505493860067,754.7725602800929,981.7728505698642,50.24493707988435,201.35457011397284,69.55826443237459,72.93782249674524,1.0000000056140486,0.9999970609896626,0.0,0.0,2049,0.043774662365287896
mean_diameter_m,989.7015106671683,0.505456339400885,857.1599779823481,494.7583777584526,989.7015106671683,29.993824945216883,202.94030213343368,61.70322439571113,64.23034908013051,0.9999999993544396,0.9999934782686253,0.0,0.0,2049,0.05555002375634636
mean_diameter_m,996.9912992745951,0.7457783265508258,716.2670162066617,693.5079035769177,996.9912992745952,44.075109214410766,204.39825985491905,65.28755513286397,68.17953109042281,0.9999999996240492,0.9999956787957396,0.0,0.0,2049,0.046536184979910494
mean_diameter_m,537.7185018971645,0.333919149984094,489.260702708368,223.0810437214351,537.7185018971645,24.510868747637932,112.5437003794329,147.7636638709677,165.67261531194762,0.9999999101507283,0.9999823111388453,0.0,0.0,2049,0.07043388763308404
mean_diameter_m,977.9778132426597,0.43745349009025924,878.0460703168782,430.6689001959421,977.9778132426596,26.12728285063972,200.59556264853194,62.87878757832381,65.53994029738503,1.0000000138450713,0.9999919368289012,0.0,0.0,2049,0.05893554814876028
mean_diameter_m,978.7741637898548,0.7344326068469752,705.9032050555106,678.0114518169197,978.7741637898548,43.84540321036381,200.75483275797097,65.97069594252606,68.97815894641333,0.999999971412384,0.9999935300578656,0.0,0.0,2049,0.047151333646677764
mean_diameter_m,958.6130870930741,0.31922264907937925,904.9154294341788,316.33386843344726,958.6130870930741,19.268240449515737,196.72261741861482,68.70211509124832,72.03158636485551,0.9999999607761355,0.9999903185089357,0.0,0.0,2049,0.06574009028517927
mean_diameter_m,998.3882709196096,0.504737219464238,866.3114300686244,496.2697307335021,998.3882709196097,29.806399079409086,204.67765418392193,61.27830532569554,63.73839510213158,0.999999991872363,0.9999959760039615,0.0,0.0,2049,0.055408006328103644
mean_diameter_m,887.3643139228207,0.2843745918361378,844.7947875517065,271.54593082789023,887.3643139228207,17.81918084761167,182.47286278456414,78.1658000283494,82.930729041336,0.9999999841556231,0.9999863794335333,0.0,0.0,2049,0.06911618563638058
mean_diameter_m,665.4014416051451,0.28332116343787356,626.4172263414148,224.41153498190326,665.401441605145,19.709865573734103,138.080288321029,118.78704977197174,130.79929274277353,1.0000000873835626,0.9999831223176049,0.0,0.0,2049,0.0719544859348278
mean_diameter_m,994.0111509231751,0.613037189767141,801.1990344612431,588.3351726167551,994.0111509231751,36.29052196701011,203.80223018463502,62.34800803877535,64.94227860936793,1.0000000025109168,0.9999951521383372,0.0,0.0,2049,0.05113178520715576
mean_diameter_m,255.96088912869547,0.23221453674798498,242.07441281393346,83.16222354135114,255.96088912869547,18.959642231969628,56.192177825739094,421.69345431547276,503.26444557457444,1.0000003328689389,0.9998922296855831,0.0,0.0,2049,0.07719459939749877
mean_diameter_m,47.948027129254,0.2859404779503738,43.43588164622838,20.306094927447717,47.948027129254,25.055894262107746,14.5896054258508,1000.2879209592829,1136.0306876740917,0.9999979297178778,0.9992399421117457,0.0,0.0,2049,0.07445572011867735
mean_diameter_m,961.2052350312881,0.6704616246465611,731.8616098505383,623.132480198659,961.2052350312881,40.412230434914036,197.24104700625762,65.2927847360269,68.27895658819112,0.9999999657736653,0.9999928423089678,0.0,0.0,2049,0.04957870366099431
mean_diameter_m,471.9265476291895,0.5542660641436943,352.00294034448115,314.3383469226198,471.9265476291895,41.764828517230086,99.3853095258379,142.16843549231552,158.93964973948957,1.0000000145470642,0.9999846452302023,0.0,0.0,2049,0.06042097927622465
mean_diameter_m,842.2326515581989,0.2038081000273172,820.4372556142284,190.3642533432883,842.2326515581989,13.063062668342372,173.44653031163978,99.23809167465993,107.10954336959271,0.9999999324383776,0.9999806959858544,0.0,0.0,2049,0.07484296592543256
mean_diameter_m,993.9216184650077,0.5311116555783549,847.9803092536018,518.4684935174614,993.9216184650076,31.442271210193447,203.7843236930015,61.530385286206815,64.02547235711855,0.9999999942538156,0.9999946138353704,0.0,0.0,2049,0.05436902039094058
mean_diameter_m,753.4517832654269,0.8717299893954626,396.0105012944917,640.9877319967499,753.4517832654269,58.291691990881326,155.6903566530854,90.40941478748606,96.91110554112808,0.999999992343227,0.9999958936977618,0.0,0.0,2049,0.04505315360529938
mean_diameter_m,964.5277898838967,0.6277125996822581,762.4631712142565,590.7315549386319,964.5277898838967,37.76735471941393,197.90555797677933,64.20355082019555,67.06721439872545,1.000000017572184,0.9999927435931102,0.0,0.0,2049,0.051080586061043945
mean_diameter_m,994.9091052374526,0.5532339870554737,836.9086333941787,537.9851922076266,994.9091052374526,32.73389406745198,203.98182104749054,61.6042180431088,64.1148085112066,1.0000000075982427,0.9999958330241039,0.0,0.0,2049,0.05343834250557667
mean_diameter_m,928.7249442789662,0.32481798749042995,873.1507870825255,316.44545366166165,928.7249442789661,19.921421688983806,190.74498885579322,70.56527406536827,74.23332938761511,0.9999999567319855,0.9999905615523113,0.0,0.0,2049,0.06597815195305778
mean_diameter_m,973.8740634218733,0.17092714696351463,958.3867374574513,172.99003691395995,973.8740634218733,10.231791388594011,199.77481268437467,91.33035625764259,97.19693074129836,0.9999998821348715,0.9999775685866011,0.0,0.0,2049,0.07546305311806294
mean_diameter_m,370.25236200238186,0.503654056374197,285.89309322731486,235.26995306086295,370.25236200238186,39.45198320081926,79.05047240047637,191.70583594480127,219.7127255443985,1.0000002480725632,0.9999673556369366,0.0,0.0,2049,0.06361738289720538
mean_diameter_m,994.4822637311505,0.5010022172015596,864.2640598164272,491.9782594642375,994.4822637311505,29.650492581048688,203.8964527462301,61.47253211354243,63.963354798290425,1.0000000062456238,0.9999956595152292,0.0,0.0,2049,0.05564988465234579
mean_diameter_m,977.8612355290353,0.4420638882484689,875.8489074578252,434.85777819340564,977.8612355290352,26.40433529585984,200.57224710580704,62.810986332915434,65.47008370932573,0.9999999900318122,0.9999939228246244,0.0,0.0,2049,0.058712874764490386
mean_diameter_m,163.4187771429917,0.7344326068469752,76.91596599648533,144.18609814312302,163.4187771429917,61.92234254193345,37.68375542859834,358.25594357269813,430.2317353237266,0.9999998763813557,0.9999579200987564,0.0,0.0,2049,0.05458092477537554
mean_diameter_m,725.1183435761079,0.40482379607477115,643.632565801728,333.9666636507944,725.1183435761079,27.423797482375964,150.0236687152216,90.51809651698588,97.56463310849279,0.999999996592929,0.9999949978779213,0.0,0.0,2049,0.06475850855970106
mean_diameter_m,975.2800817442022,0.5119321027170437,839.28324125828,496.76440974567976,975.2800817442022,30.620918741521365,200.05601634884044,62.4552043419679,65.09567854994212,0.9999999992207393,0.9999934845923905,0.0,0.0,2049,0.05554886364186402
mean_diameter_m,668.0705830407492,0.5839696571961098,507.4153732384916,434.5663849467062,668.0705830407492,40.57778263837636,138.61411660814983,94.36803711802669,101.99976732883385,1.0000000206153687,0.9999881373384556,0.0,0.0,2049,0.05702081026633875
mean_diameter_m,989.0020183442882,0.5332979360315145,841.8324181030731,519.0791578553396,989.0020183442882,31.658244464628215,202.80040366885765,61.78488336425913,64.32594193058497,0.9999999868651258,0.9999930985826577,0.0,0.0,2049,0.054372258715001585
mean_diameter_m,813.8617908588,0.5211868085496542,675.7465936909823,453.5830196721738,813.8617908588,33.870792570181095,167.77235817176,75.1810885299505,79.7609681999106,0.9999999657702416,0.9999918562558041,0.0,0.0,2049,0.057872241568843324
mean_diameter_m,388.56833014837946,0.48024339862306253,308.84271717597454,235.7997524206949,388.56833014837946,37.36153912074958,82.71366602967589,185.3650781533264,211.94101776628776,0.9999999827265831,0.9999677254865192,0.0,0.0,2049,0.06455768005350813
mean_diameter_m,946.1829865154178,0.5096701617297574,811.2919457557208,486.89590542859554,946.1829865154178,30.970025873653633,194.23659730308356,64.1561255348864,67.06461603752594,1.0000000349580465,0.9999926538984087,0.0,0.0,2049,0.056195484898658866
mean_diameter_m,973.6916949395296,0.4911095147180021,848.285155921015,478.00398642508554,973.6916949395296,29.401018444045675,199.73833898790593,62.577150680892316,65.23875695290003,1.0000000079539,0.9999961104640536,0.0,0.0,2049,0.05650192101862478
mean_diameter_m,936.8682136170901,0.4520672162181449,830.2065298818666,434.14187476859104,936.8682136170901,27.606524790608074,192.37364272341802,65.15562245571962,68.19501226220927,1.0000000257344128,0.9999913696681033,0.0,0.0,2049,0.05903422222644195
mean_diameter_m,511.72367160687685,0.28106653518062247,478.2193699049383,182.11905537462738,511.7236716068769,20.848206101162415,107.34473432137538,173.83459659872526,197.24306730998904,1.0000000743187045,0.9999737183399999,0.0,0.0,2049,0.07337925989117484
mean_diameter_m,972.6649494469398,0.4629888453217502,860.9298436287737,452.63330437778563,972.6649494469398,27.733120050354135,199.53298988938795,62.82849679472764,65.50916450002492,0.9999999895906988,0.9999947944587827,0.0,0.0,2049,0.05781686551136444
mean_diameter_m,988.1797379408708,0.633068019371441,782.9449241594327,602.9066596164519,988.1797379408707,37.59806593771518,202.63594758817413,62.992641573386074,65.6647069511871,1.0000000342443696,0.9999929560830648,0.0,0.0,2049,0.05049302725513464
mean_diameter_m,91.13553298175617,0.5346212584935233,63.096058325698046,65.76148413493172,91.13553298175617,46.184997563700605,23.227106596351234,597.3057885394128,722.3229588111969,1.0000003146090448,0.9999035818548031,0.0,0.0,2049,0.06343674938140223
mean_diameter_m,988.8258547723526,0.500351235725159,858.8797228779226,490.00223743919423,988.8258547723525,29.705329720818032,202.7651709544705,61.754589306420826,64.29015435685255,1.0000000116955285,0.9999957019205398,0.0,0.0,2049,0.05579152323500423
mean_diameter_m,599.7698149098139,0.49165087828312126,490.2358948792588,345.5323403805855,599.7698149098139,35.1772808403787,124.95396298196279,110.06373415122306,120.58239875177803,0.9999999744532544,0.9999925723929192,0.0,0.0,2049,0.06201095372401768
mean_diameter_m,995.3780930743276,0.7308950990747889,725.1893092189976,681.8196344831659,995.3780930743277,43.23447264055348,204.07561861486553,64.937028231518,67.79693783260032,0.9999999702138799,0.999993343027694,0.0,0.0,2049,0.047033829105475135
mean_diameter_m,967.4861489449886,0.504737219464238,835.1571744253823,488.4075576874463,967.4861489449886,30.319486616316965,198.4972297889977,62.88964592601912,65.59896641203558,1.00000003477808,0.9999925975301422,0.0,0.0,2049,0.056014086018908615
mean_diameter_m,226.14721921626426,0.3193308296911093,202.655335720046,100.36622770356837,226.14721921626426,26.347180051051836,50.22944384325285,392.9010317316487,470.93555675884863,1.0000008691040685,0.9998867488316444,0.0,0.0,2049,0.07315724831729577
mean_diameter_m,961.3307826313803,0.5422256963506582,809.1464186342965,519.0750878687533,961.3307826313803,32.680556090708656,197.26615652627606,63.333848118431405,66.1094742071542,0.9999999939915682,0.9999956178387839,0.0,0.0,2049,0.05451510717397974
mean_diameter_m,983.1665702601836,0.7344326068469752,710.3304055860202,679.7405532827745,983.1665702601836,43.739354572835246,201.63331405203672,65.71899694215003,68.68951854142058,0.9999999720418692,0.9999935559768871,0.0,0.0,2049,0.04709057656473701
mean_diameter_m,996.37034165349,0.5360513632165169,847.8019501014808,523.4364442134485,996.37034165349,31.691354273663187,204.274068330698,61.43074353462771,63.909885530908014,0.9999999976783761,0.9999932620639999,0.0,0.0,2049,0.0541154560448445
mean_diameter_m,958.777925622281,0.5018874495416233,827.8791748752334,483.60229783207916,958.777925622281,30.291165161783997,196.75558512445622,63.39733937659403,66.19590736129872,1.0000000253255952,0.9999932280901681,0.0,0.0,2049,0.05630614507407875
mean_diameter_m,999.3231773729806,0.49374368978171695,872.8249251117225,486.645109847562,999.3231773729806,29.141930933604968,204.86463547459613,61.2575178707683,63.70200887398614,1.0000000313673825,0.9999922536303926,0.0,0.0,2049,0.05587231816557381
mean_diameter_m,994.1528131070916,0.26858974823453874,956.1240255275671,272.3355717083317,994.1528131070916,15.898696252534092,203.83056262141832,70.9018571611814,74.27492846448003,1.0000000407602416,0.9999873035800848,0.0,0.0,2049,0.06819649142386826
mean_diameter_m,265.4197747979558,0.4625149808962214,210.18586178971574,162.07887079293246,265.4197747979558,37.63659482428156,58.08395495959117,279.0726578466484,328.7656435603952,0.9999997094309534,0.9999416983488882,0.0,0.0,2049,0.06625667627786816
mean_diameter_m,900.1967871513662,0.4040743218827447,814.8323498710525,382.6257926502872,900.1967871513662,25.153627767714482,185.03935743027324,69.00538002125562,72.60885362561126,0.9999999633679478,0.9999913619922365,0.0,0.0,2049,0.06212046066535877
mean_diameter_m,984.7470948948301,0.48042129261002464,864.7010071256125,471.18893151235926,984.74709489483,28.58664859882292,201.94941897896598,62.0410559836112,64.60540999871472,1.0000000165585443,0.9999925168001226,0.0,0.0,2049,0.05676665105484001
mean_diameter_m,919.5245740516964,0.48208983195546506,798.6457654020487,455.7306042941701,919.5245740516964,29.71034334151838,188.90491481033928,66.04510256897984,69.2377435967155,0.9999999888019717,0.9999951114235972,0.0,0.0,2049,0.0579321897765161
mean_diameter_m,987.4736106422956,0.544439828037438,834.2398755292921,528.3445483695306,987.4736106422956,32.34708209520408,202.49472212845913,61.91922577397553,64.48187887480124,1.000000003997378,0.9999934316738763,0.0,0.0,2049,0.05393826337654971
mean_diameter_m,918.753677596834,0.5129872945773073,782.2981588623754,481.78616702666415,918.753677596834,31.627255249091544,188.7507355193668,65.98615712727978,69.17770943094719,1.0000000067710164,0.9999962787971596,0.0,0.0,2049,0.056541463246425054
mean_diameter_m,994.5787323593956,0.4610392981065826,883.9277541473285,455.91510208555536,994.5787323593956,27.283924215292924,203.91574647187912,61.70622815558616,64.20256314617234,0.9999999906892165,0.9999930349651582,0.0,0.0,2049,0.05746121580386617
mean_diameter_m,721.3754303173603,0.5347030727053627,581.4987241490154,426.8978159684399,721.3754303173603,36.283647459910476,149.27508606347206,86.56318510885505,92.94988045109369,0.999999981154139,0.9999939704102292,0.0,0.0,2049,0.05854979965335773
mean_diameter_m,936.4997691732635,0.4293390585180256,840.1111077019957,413.817767111686,936.4997691732635,26.223706572130745,192.2999538346527,65.5754295094333,68.66973991365398,1.0000000150934611,0.9999922068601363,0.0,0.0,2049,0.060158857061712985
mean_diameter_m,998.87139355409,0.5532339870554737,840.9238793223241,539.0650146746523,998.87139355409,32.661455792138504,204.774278710818,61.41068134846211,63.891379483954076,1.0000000106636735,0.9999950948136543,0.0,0.0,2049,0.05336329844614465
mean_diameter_m,991.0671316243554,0.5072044766612609,857.6423558377207,496.6524427195057,991.0671316243554,30.074719660076397,203.21342632487108,61.633560243092646,64.1496961011616,0.9999999880550022,0.9999931460510458,0.0,0.0,2049,0.055446670764379515
mean_diameter_m,295.43295496928386,0.4761854435217799,231.73533434348218,183.24673448276621,295.43295496928386,38.33549189293129,64.08659099385677,248.0119563476054,289.83547070174427,0.9999996357642011,0.9999524405049849,0.0,0.0,2049,0.06543325467569794
mean_diameter_m,443.6146387102264,0.4009187864092523,382.05862875271987,225.44434318384677,443.6146387102264,30.54391444643886,93.72292774204529,172.38885570267027,195.8082357885063,1.0000000143958836,0.9999960927164765,0.0,0.0,2049,0.06788380031285585
mean_diameter_m,994.4822637311505,0.49168368789539,868.9594191680483,483.6367445872592,994.4822637311505,29.099000043546194,203.8964527462301,61.49770594278656,63.979673038591855,1.0000000380189753,0.999992239294106,0.0,0.0,2049,0.05606225589925635
mean_diameter_m,220.1698257801117,0.5422256963506582,156.1418157686106,155.2239851070897,220.1698257801117,44.831106464649814,49.03396515602234,308.6876437907276,367.0929960193734,1.000000014246105,0.9999899502407801,0.0,0.0,2049,0.06287444360480304
mean_diameter_m,95.7009912083754,0.5013724204262636,69.70920908576198,65.56909246667261,95.7009912083754,43.2470419277258,24.14019824167508,594.1082051714792,718.0292172360142,0.9999997613906804,0.999876959754825,0.0,0.0,2049,0.06498170324717972
mean_diameter_m,662.2450160549294,0.5896947638074526,499.1958929952014,435.16884275682816,662.2450160549294,41.07995272940744,137.44900321098586,95.3065969416086,103.09068828814102,1.0000000295058684,0.9999889232669456,0.0,0.0,2049,0.05683953889859688
mean_diameter_m,985.8436738320888,0.5119321027170437,849.9275673779837,499.51063997245643,985.8436738320888,30.443165140041195,202.16873476641777,61.89722758447084,64.45307628580198,0.9999999764123786,0.9999923367832342,0.0,0.0,2049,0.05534403710380776
mean_diameter_m,998.3882709196096,0.7067967125988802,744.9862744814236,664.6612598490578,998.3882709196096,41.7386792004335,204.6776541839219,64.11252797851647,66.88169342829062,1.0000000104768478,0.9999956039798809,0.0,0.0,2049,0.04777589486127595
mean_diameter_m,994.5358888658293,0.5291108805615685,849.6718831518427,516.8745739764596,994.5358888658294,31.31309267512784,203.90717777316587,61.493070135124725,63.983176032853905,0.9999999950097598,0.9999957495315419,0.0,0.0,2049,0.054441083835663796
mean_diameter_m,967.8197870272356,0.5215474456011958,826.7551812208586,503.1411437021514,967.8197870272356,31.323578262229788,198.56395740544713,62.88004438718431,65.59652691349223,0.9999999754705323,0.9999932268764629,0.0,0.0,2049,0.05527409202046152
mean_diameter_m,925.2320953288108,0.5014194619124972,794.661228238917,473.8860227526843,925.2320953288109,30.809194585525123,190.0464190657622,65.54948471674798,68.67869725797618,1.0000000171641434,0.9999917119713784,0.0,0.0,2049,0.05694472268370562
mean_diameter_m,988.7951902462564,0.7109245584115141,732.4163050385246,664.2908130990864,988.7951902462564,42.20756620668857,202.75903804925127,64.73915958156626,67.59596936863517,1.000000014258208,0.9999945468008683,0.0,0.0,2049,0.04778067801384167
mean_diameter_m,56.07545445651931,0.4911095147180021,41.06454644972435,38.18585624787799,56.07545445651931,42.91970375029146,16.215090891303863,797.2441204469426,944.3407070426462,0.9999989692995861,0.999693610890795,0.0,0.0,2049,0.06492087399922035
mean_diameter_m,934.8437490407346,0.544439828037438,781.4997517225928,513.0214159058681,934.8437490407346,33.28319941762561,191.96874980814692,64.9829183293197,68.01447611532383,0.9999999606879266,0.9999923664075889,0.0,0.0,2049,0.05489407380610598
mean_diameter_m,930.106352723489,0.5294990800967287,784.8703311446154,499.0755360319048,930.1063527234891,32.45105875375755,191.0212705446978,65.22782082140665,68.30264022742983,1.0000000072352067,0.9999930319242589,0.0,0.0,2049,0.05561690760224561
mean_diameter_m,999.6277382318267,0.48728634695672574,876.3509126028196,480.8998783766563,999.6277382318267,28.755894698329765,204.92554764636535,61.26848891062839,63.71421316689223,1.0000000298764027,0.9999930427504886,0.0,0.0,2049,0.05615387727796952
mean_diameter_m,520.4420984180751,0.5170360006778507,408.8938036198079,321.97179250228646,520.4420984180751,38.21765760427567,109.08841968361503,129.1816540931494,143.29026917837228,0.9999999908314333,0.9999970096016204,0.0,0.0,2049,0.06165809964269867
mean_diameter_m,964.5277898838967,0.495370135975245,836.9441189542704,479.4146422525855,964.5277898838967,29.804754042298352,197.90555797677933,63.07740490734955,65.81317563856861,1.000000035007038,0.9999921934689129,0.0,0.0,2049,0.056488026834102804
mean_diameter_m,651.8859197077222,0.48601005082569826,540.3764250300491,364.6211343091985,651.8859197077222,34.009664466974115,135.37718394154444,99.38961599546649,107.94054640690221,0.9999999279120899,0.9999880993225313,0.0,0.0,2049,0.06167882747979282
mean_diameter_m,947.0631330058781,0.5131167789309988,810.3854500842748,490.10611115412223,947.0631330058781,31.164771795927702,194.41262660117562,64.10102890985452,67.00041658237154,1.000000038914923,0.9999921683268399,0.0,0.0,2049,0.05602717651692841
mean_diameter_m,989.7015106671683,0.4799138842484777,869.9467905707527,471.91276926199197,989.7015106671683,28.478133343800966,202.94030213343368,61.79179236364664,64.3178880620059,1.0000000102996367,0.999993706344768,0.0,0.0,2049,0.05668956439542823
mean_diameter_m,832.9845218912496,0.5958276975451976,653.1352308726357,516.9889591696738,832.9845218912496,38.36336344151775,171.59690437824992,73.58703762625089,77.88432681295521,0.9999999687892709,0.9999913300752494,0.0,0.0,2049,0.054358047077331315
mean_diameter_m,79.50046727249651,0.5412046129737961,54.28584329607735,58.080732727635436,79.50046727249651,46.9342810543173,20.900093454499302,644.489173072967,776.9332246008854,1.0000003508015736,0.9999036131349014,0.0,0.0,2049,0.06303501651732507
mean_diameter_m,369.1850283613021,0.48506037392265045,290.87970248371914,227.34683602178953,369.1850283613021,38.010603689161805,78.83700567226042,195.21842511477251,223.9557945834098,1.0000000018731978,0.9999806038125724,0.0,0.0,2049,0.0644869813410311
mean_diameter_m,717.9560617871819,0.7344326068469752,462.3190735935237,549.2922544953512,717.9560617871819,49.91391521320318,148.59121235743638,89.29120841410221,95.86289953405027,1.0000000118684493,0.9999955110542359,0.0,0.0,2049,0.05030536470793741
mean_diameter_m,992.1058910461728,0.4784857699505404,873.0711973328716,471.1908142528529,992.1058910461728,28.35544628641835,203.42117820923457,61.68092568050365,64.18973617458764,1.000000006253085,0.9999951849941948,0.0,0.0,2049,0.05670565325310381
mean_diameter_m,996.4737630741954,0.4185958147412477,904.9703152215985,417.1195141239117,996.4737630741953,24.74595237760308,204.29475261483907,62.2902060288682,64.82901876831613,1.0000000237365065,0.9999931880688802,0.0,0.0,2049,0.05948354636351808
mean_diameter_m,998.3882709196096,0.5072278918732837,865.0346165839734,498.4919774893733,998.3882709196096,29.95348150752661,204.6776541839219,61.27608444743767,63.736730583054786,0.9999999833027053,0.9999945840333576,0.0,0.0,2049,0.05529967641034346
mean_diameter_m,828.9907979951467,0.4826611821605986,709.5559381726966,428.6678361674625,828.9907979951467,31.13765857811583,170.79815959902936,73.94088471397947,78.33841507163639,1.000000051965697,0.9999908285997732,0.0,0.0,2049,0.05942202898395889
mean_diameter_m,990.53835634092,0.5313278911044402,844.4428239287863,517.7668901134451,990.5383563409201,31.51438457653313,203.10767126818402,61.69955867914168,64.22322873532849,0.9999999905952723,0.9999939063130656,0.0,0.0,2049,0.054425338463474006
mean_diameter_m,996.6246590015494,0.53956313940334,846.1572532520255,526.5725151381736,996.6246590015493,31.894436537754213,204.32493180030986,61.43530728469095,63.91839815443895,1.000000005840965,0.9999926587931232,0.0,0.0,2049,0.0539650357936773
mean_diameter_m,996.8330539501051,0.48042129261002464,876.9028247321987,474.0438517945189,996.8330539501051,28.39515952142823,204.366610790021,61.4382237978198,63.90961129096474,1.0000000083157814,0.9999956334742612,0.0,0.0,2049,0.056520755299227544
mean_diameter_m,973.6916949395296,0.5151296814791053,836.0223629891275,499.14138816200125,973.6916949395296,30.8390222798658,199.73833898790593,62.54400250697185,65.20399432631596,0.9999999919494592,0.9999953254671803,0.0,0.0,2049,0.05544027458570794
mean_diameter_m,989.4577274399044,0.6586971562458628,767.9474182718094,623.9257625392646,989.4577274399044,39.09244255265111,202.89154548798086,63.436021696571174,66.15506382277378,0.9999999905741555,0.9999960992912635,0.0,0.0,2049,0.04955400047581186
mean_diameter_m,774.9793510512745,0.5291642324494528,634.5812525542922,444.85911080080194,774.9793510512745,35.03152435971007,159.9958702102549,79.53763357304356,84.78160869918999,0.9999999674175768,0.9999923521253544,0.0,0.0,2049,0.05807487511307393
mean_diameter_m,999.6277382318267,0.5870368053738929,822.4096617214677,568.2411137445605,999.6277382318267,34.642400027831464,204.92554764636535,61.70397290708391,64.20885974626297,0.9999999921766357,0.9999968241955827,0.0,0.0,2049,0.05201632611010207
mean_diameter_m,988.1797379408708,0.5051079922280381,855.8017920576129,494.0672901416024,988.1797379408708,29.998488339866743,202.63594758817416,61.78030427372557,64.31930512120881,1.0000000045902517,0.999993318759681,0.0,0.0,2049,0.05559538045953648
mean_diameter_m,825.0006557367726,0.4865722394772083,703.7966571279348,430.4606223357125,825.0006557367726,31.451057115184053,170.00013114735452,74.30605933742272,78.77476637427847,1.0000000288899327,0.9999932020494948,0.0,0.0,2049,0.05929963585470976
mean_diameter_m,992.2988628233616,0.33116078738957966,934.6703398517958,333.239236828236,992.2988628233617,19.622742456237372,203.45977256467233,65.87516029245663,68.76209506823321,1.0000000059310703,0.9999906042010608,0.0,0.0,2049,0.06433894939354043
mean_diameter_m,380.362801087805,0.5118577322557726,291.6151169039073,244.20582311747114,380.362801087805,39.94365209955705,81.072560217561,185.07817867324025,211.38256522365623,1.0000001299342762,0.9999771243184268,0.0,0.0,2049,0.06315840106756329
mean_diameter_m,999.3629330215776,0.5145823906962982,862.218242445696,505.27811578510426,999.3629330215776,30.37120421253977,204.87258660431553,61.22978168576,63.68207017428399,0.9999999633623868,0.9999925218913226,0.0,0.0,2049,0.05496287728939081
mean_diameter_m,999.4002934072553,0.5341655676953222,851.8884600608827,522.577265174831,999.4002934072553,31.526364283605172,204.88005868145106,61.27614855078072,63.73102182874675,0.9999999983114692,0.999994324831981,0.0,0.0,2049,0.05413505457829399
mean_diameter_m,376.7435589701282,0.5010022172015596,292.16540786075643,237.85517374031693,376.7435589701283,39.14942630859367,80.34871179402566,188.5311518046982,215.71856673451975,1.0000002425446854,0.9999676942899745,0.0,0.0,2049,0.06368836212216122
mean_diameter_m,994.4800365207403,0.5448451751808843,841.1033124850154,530.5994353229445,994.4800365207403,32.24526228461136,203.89600730414807,61.56970319561272,64.07856934107922,1.0000000137878513,0.9999928971568668,0.0,0.0,2049,0.05378861446148084
mean_diameter_m,993.5832861906406,0.5094422317858152,859.0331643211558,499.2692351765474,993.5832861906406,30.165112352406748,203.7166572381281,61.50811245573816,64.00452515186329,0.9999999755038272,0.9999928996284038,0.0,0.0,2049,0.0552994957738178
mean_diameter_m,981.4778990480279,0.5360513632165169,832.753492681745,519.4424768403964,981.4778990480279,31.954470886516543,201.29557980960558,62.185635236032894,64.79219309542488,0.9999999748990419,0.9999924323861964,0.0,0.0,2049,0.05440018985737338
mean_diameter_m,16.174930177773376,0.5252739448420011,11.132862928622812,11.734041472073455,16.174930177773376,46.505978248912186,8.234986035554675,1173.2674801374674,1286.5329834577535,0.9999991355053219,0.9995626486042115,0.0,0.0,2049,0.05777777528479673
mean_diameter_m,373.5410507153597,0.5072278918732837,287.471890267058,238.5221769056695,373.5410507153597,39.683290925714445,79.70821014307194,189.37364483936912,216.71003992259864,1.0000002496272298,0.999967857423947,0.0,0.0,2049,0.06342641992789544
mean_diameter_m,742.0295938391295,0.4843196062117121,625.4256675434352,399.3127252053356,742.0295938391295,32.556827930111155,153.40591876782588,84.51137877051352,90.56038741644448,0.999999999898569,0.9999925617324126,0.0,0.0,2049,0.060609961598756215
mean_diameter_m,314.9318253699956,0.531605068904087,232.20474254485924,212.75105680243527,314.9318253699956,42.49659468186076,67.98636507399911,222.10630169043253,257.40757526054887,1.0000001206683036,0.9999651649960661,0.0,0.0,2049,0.06275402802571971
mean_diameter_m,998.73817117455,0.4899173222114534,874.1443685961115,483.0626847654353,998.73817117455,28.92556733354801,204.74763423490998,61.29931755607443,63.75019152171001,1.0000000369019668,0.9999923404987269,0.0,0.0,2049,0.056054457866122495
mean_diameter_m,999.9876948686053,0.539247459181143,849.7367097560991,527.1839470066458,999.9876948686053,31.815819592168978,204.99753897372108,61.27135453499997,63.72430368478764,1.0000000071025619,0.9999929154946833,0.0,0.0,2049,0.05391310953752584
mean_diameter_m,999.4002934072553,0.5341655676953222,851.8884600608827,522.577265174831,999.4002934072553,31.526364283605172,204.88005868145106,61.27614855078072,63.73102182874675,0.9999999983114692,0.999994324831981,0.0,0.0,2049,0.05413505457829399
mean_diameter_m,133.0915858922956,0.5134492530839077,96.16006369865131,92.01419664811304,133.0915858922956,43.73786000191697,31.61831717845912,472.32685606499854,571.72101887412,1.0000000004997731,0.999995232890524,0.0,0.0,2049,0.06448964677450715
mean_diameter_m,997.9754645522025,0.5069675895267299,864.7504522949783,498.15829121255695,997.9754645522024,29.94502851514645,204.59509291044048,61.29602187303668,63.75981626990123,0.9999999841229967,0.9999946136044281,0.0,0.0,2049,0.05531925766118323
mean_diameter_m,483.91707771829834,0.5300723438966588,372.03258303874577,309.4632373399728,483.91707771829834,39.754278828208115,101.78341554365967,139.74617933273822,155.9777394489703,0.9999999137201264,0.9999829463670349,0.0,0.0,2049,0.06141179775995363
mean_diameter_m,998.73817117455,0.4899173222114534,874.1443685961115,483.0626847654353,998.73817117455,28.92556733354801,204.74763423490998,61.29931755607443,63.75019152171001,1.0000000369019668,0.9999923404987269,0.0,0.0,2049,0.056054457866122495
mean_diameter_m,996.9665963973459,0.530009520123345,851.6524302969634,518.2957961448119,996.9665963973459,31.323718226304678,204.39331927946918,61.377527902632465,63.84956843479588,0.9999999961670667,0.9999958392729202,0.0,0.0,2049,0.0543560304807375
mean_diameter_m,461.0763084759028,0.5006892077038068,363.8884028797124,283.1547147539981,461.0763084759028,37.887774604780525,97.21526169518056,150.35943727580977,168.83038784115607,1.0000001377539347,0.9999762139300151,0.0,0.0,2049,0.06298257839172472
mean_diameter_m,340.1591217666512,0.5036452883960069,260.9867383245781,218.16083640231494,340.1591217666512,39.8925119188175,73.03182435333024,209.69591015464357,241.8623567475987,1.0000000789696255,0.9999738507025455,0.0,0.0,2049,0.06384921909491585
mean_diameter_m,998.4923955879133,0.48021431024755123,878.6819945769946,474.2415170069827,998.4923955879133,28.356587134191404,204.69847911758265,61.36007041336939,63.819164201718095,1.00000000849547,0.9999959038487309,0.0,0.0,2049,0.056495976508430995
mean_diameter_m,998.0992288683108,0.49281366394132375,872.0522153035133,485.51725453556367,998.0992288683107,29.10698301472434,204.61984577366212,61.31893898339583,63.77303670616362,1.000000034913621,0.9999922190378883,0.0,0.0,2049,0.055938523140936676
mean_diameter_m,996.542202587158,0.5180633400507471,857.5446793440954,507.6548871683371,996.542202587158,30.624960639592516,204.30844051743162,61.36894399146468,63.84228159009929,0.9999999637470859,0.9999925525594094,0.0,0.0,2049,0.0548698665746972
mean_diameter_m,475.3304505248873,0.506451309742238,373.9974611331894,293.3682604886234,475.3304505248873,38.111078456902355,100.06609010497746,144.59568518038853,161.9461138199362,1.0000000137167642,0.9999887399918248,0.0,0.0,2049,0.06258337048748833
mean_diameter_m,993.5832861906406,0.5119039098248981,857.7602405049622,501.45300518220233,993.5832861906406,30.310873323899216,203.7166572381281,61.508217524417645,64.00425200292042,0.999999967293819,0.9999924636106348,0.0,0.0,2049,0.05519296220599372
mean_diameter_m,999.7119136599439,0.5379040376563407,850.18561319844,525.9356742264397,999.7119136599439,31.741464103987024,204.94238273198877,61.27796670161216,63.73167440892568,1.0000000032812801,0.9999931666905294,0.0,0.0,2049,0.05397394708290801
mean_diameter_m,344.77541928087226,0.5119321027170437,262.2467516711466,223.82299028078688,344.77541928087226,40.48017371376852,73.95508385617445,205.4290237865474,236.7249831322027,1.000000008539193,0.9999986535056662,0.0,0.0,2049,0.06343335603899268
mean_diameter_m,998.3882709196096,0.5028639368852671,867.2679849006292,494.59618061227445,998.3882709196096,29.695775558923362,204.6776541839219,61.280692978249974,63.738151322479276,0.9999999953686848,0.9999956274590935,0.0,0.0,2049,0.0554897671844206
mean_diameter_m,996.8303996686277,0.5157494890326247,859.045854557397,505.67881651426495,996.8303996686277,30.483267440665614,204.36607993372553,61.35227603862597,63.82345275224282,0.9999999617589743,0.9999923771686114,0.0,0.0,2049,0.0549631687653881
mean_diameter_m,475.3421525605156,0.5144575360707533,370.9020591873069,297.2908079498591,475.3421525605156,38.71337919467552,100.06843051210312,143.89805348192758,161.1330948169701,0.9999999866112158,0.9999938562477709,0.0,0.0,2049,0.06221207332320622
mean_diameter_m,999.145357742417,0.514445194760893,862.0692794939727,505.1019731212355,999.145357742417,30.366808474555583,204.8290715484834,61.24005461666915,63.693970696449696,0.9999999634225888,0.9999925242175809,0.0,0.0,2049,0.054973096916144104
mean_diameter_m,996.8012752306565,0.4976914840624825,868.2866671287362,489.5825221430338,996.8012752306565,29.416431755027695,204.3602550461313,61.36689443102446,63.831684867300986,1.0000000181493154,0.9999934222353364,0.0,0.0,2049,0.05574891469141652
mean_diameter_m,340.55505569991135,0.5147960344887772,257.9157109846915,222.38981988848053,340.55505569991135,40.76980965643663,73.11101113998227,207.62610177193156,239.4424824441594,1.000000014695517,0.9999921858224303,0.0,0.0,2049,0.06333374861401853
mean_diameter_m,126.40261404086255,0.5315959404035032,88.77635264062182,89.97988690919331,126.40261404086253,45.38575656056881,30.280522808172506,483.032775996876,585.66541188651,1.0000004196431496,0.9999057053464219,0.0,0.0,2049,0.06366907177109048
mean_diameter_m,143.74659213971455,0.4967146856967636,106.55492629817688,96.48383508843095,143.74659213971455,42.16035261456586,33.74931842794291,452.92689562228907,548.0723740654361,0.9999998611876894,0.9999367248779958,0.0,0.0,2049,0.06523637183167515
mean_diameter_m,999.1038603780792,0.5349542466845628,851.1631928197725,523.1918797260058,999.1038603780793,31.578156403099708,204.82077207561585,61.29370038182694,63.75098220356879,0.9999999986583346,0.9999939716682892,0.0,0.0,2049,0.05410803346877632
mean_diameter_m,997.8611099867323,0.5241688441387472,855.6653024703977,513.3845390856607,997.8611099867323,30.963035598507414,204.57222199734647,61.3169804533174,63.7810432118459,0.9999999879209898,0.9999940836444341,0.0,0.0,2049,0.05458440810410935
mean_diameter_m,187.81677286566895,0.5100909655942949,138.14155476848106,127.24799022311132,187.81677286566895,42.649473790445946,42.56335457313379,362.9494382953765,435.21104019641285,1.0000000030559528,0.9999602561261832,0.0,0.0,2049,0.06448793529489667
mean_diameter_m,997.5206195550761,0.5532339870554737,839.5544938030265,538.6980957574352,997.5206195550761,32.686161244434224,204.50412391101523,61.4762088213918,63.967048321750624,1.0000000094438666,0.9999953323539421,0.0,0.0,2049,0.05338893121094105
mean_diameter_m,998.3899372916285,0.5072044766612609,865.0483335958497,498.4715111500608,998.3899372916284,29.952070818240877,204.67798745832567,61.27602040762152,63.73665972087608,0.9999999833898405,0.9999945958983851,0.0,0.0,2049,0.055300659414648436
mean_diameter_m,432.94161627863235,0.5116320374133383,335.7972607163788,273.2739336294826,432.94161627863235,39.13891421876178,91.58832325572646,160.42872742712677,181.23013183927958,1.0000000152981092,0.9999927611196667,0.0,0.0,2049,0.0627263364943683
mean_diameter_m,730.8351607130475,0.5318850445839314,591.7246141630764,428.9312452223834,730.8351607130475,35.93772598237648,151.1670321426095,85.25259256091243,91.40136992166917,0.9999999811434959,0.9999939598010211,0.0,0.0,2049,0.058553443984639325
mean_diameter_m,996.542202587158,0.5474966651857123,841.7354493898775,533.4583346220069,996.5422025871579,32.36489155935678,204.3084405174316,61.484832589857724,63.97948956103149,1.0000000157776825,0.9999933152490188,0.0,0.0,2049,0.05364073534352485
mean_diameter_m,999.3140845999217,0.4889775349095357,875.1945158730629,482.3517379107226,999.3140845999217,28.860768142666522,204.86281691998434,61.27585525064462,63.722946858424294,1.0000000351269984,0.9999925546080661,0.0,0.0,2049,0.05608464200998271
mean_diameter_m,230.6841085633307,0.5350297684525539,165.73327570061073,160.4607094250923,230.6841085633307,44.07395751299961,51.13682171266614,297.78406811875465,353.2248619712831,1.0000000575771462,0.9999776923174941,0.0,0.0,2049,0.06314277459670303
mean_diameter_m,999.0919061584466,0.5071428997612805,865.7906594622827,498.5891805276002,999.0919061584466,29.936663102005078,204.81838123168933,61.24257092397821,63.69798958510086,0.9999999839934111,0.9999947963886766,0.0,0.0,2049,0.05528924297375689
mean_diameter_m,999.0515720005626,0.5390658783962038,848.8862932062859,526.7789903966243,999.0515720005626,31.82179666945455,204.81031440011253,61.31533631613787,63.77614481048869,1.000000006004887,0.9999928751098084,0.0,0.0,2049,0.053938726400642976
mean_diameter_m,999.5292191417614,0.4828544038295056,878.4372685007386,476.87170730407195,999.5292191417614,28.49592887521969,204.90584382835226,61.295544732991075,63.744951582695805,1.0000000114517482,0.9999950282863515,0.0,0.0,2049,0.056355176533684416
mean_diameter_m,996.8303996686277,0.5075538925987932,863.2902929857914,498.3981498160106,996.8303996686277,29.99886839957912,204.36607993372553,61.35069839582714,63.822940242671024,0.9999999817489746,0.9999940847203308,0.0,0.0,2049,0.05531672616022482
mean_diameter_m,999.1803773094217,0.5212395006648398,858.5480776538421,511.13268801465875,999.1803773094217,30.767260924397277,204.83607546188435,61.24732064575241,63.70109946824094,0.9999999727597202,0.9999929487078892,0.0,0.0,2049,0.05468248935297215
mean_diameter_m,998.5149968284999,0.514445194760893,861.4309127055608,504.9445331189195,998.5149968284999,30.37753159581536,204.70299936569998,61.27016748846556,63.72878697694492,0.9999999630919906,0.999992487297045,0.0,0.0,2049,0.05498564901279846
mean_diameter_m,445.3769633522805,0.5022145216188241,349.8337467764005,275.63923723099344,445.3769633522805,38.23510334536328,94.0753926704561,156.3261453679873,176.26063175373162,1.0000000392147648,0.9999885585862951,0.0,0.0,2049,0.06305294465075219
mean_diameter_m,999.5094295823862,0.506094788019437,866.751308074637,497.7562352949613,999.5094295823862,29.867804697108383,204.90188591647726,61.22352863934483,63.67531568162869,0.9999999878983206,0.9999954794123856,0.0,0.0,2049,0.05532636990823376
mean_diameter_m,999.5346124215214,0.5192948657803402,859.9292001695034,509.50094418409,999.5346124215214,30.646390952205202,204.9069224843043,61.2270065674967,63.67800196664104,0.9999999652249657,0.999992565286822,0.0,0.0,2049,0.05475813005938926
mean_diameter_m,999.5910200855528,0.4948028378535517,872.5645493071607,487.66106542153574,999.5910200855527,29.200061138392634,204.91820401711055,61.241468245396455,63.68352498809715,1.0000000274829595,0.9999923534453186,0.0,0.0,2049,0.055819945374330895
mean_diameter_m,999.0884972674746,0.47727085619428433,880.7194861243167,471.7107292961441,999.0884972674746,28.17336912919456,204.81769945349492,61.350613615168186,63.80724909839505,1.0000000107247886,0.9999939431100292,0.0,0.0,2049,0.05661743588235239
mean_diameter_m,964.4139337742927,0.4899173222114534,839.5613000390401,474.5851442415392,964.4139337742927,29.478500681310006,197.88278675485853,63.10346815476526,65.84369649734937,1.000000009720131,0.9999936430007115,0.0,0.0,2049,0.0567360121534146
mean_diameter_m,997.3269151240175,0.4926759083606862,871.3398284746476,485.2091084723791,997.3269151240175,29.111424054691035,204.46538302480351,61.35641776012194,63.81638323180646,1.0000000357130596,0.9999922278262197,0.0,0.0,2049,0.05596035657661036
mean_diameter_m,485.80141654376666,0.5037520883787945,384.10624443487836,297.43135225134523,485.8014165437667,37.75228674331668,102.16028330875335,141.18822518985183,157.8404705984141,1.000000012306903,0.999991790252291,0.0,0.0,2049,0.06261069302601499
mean_diameter_m,999.6331690116965,0.5169375499089586,861.2636031515661,507.436181676818,999.6331690116965,30.505587928519,204.9266338023393,61.21910437692682,63.669310373249466,0.9999999620337898,0.999992403849506,0.0,0.0,2049,0.05485669330324606
mean_diameter_m,998.926058514905,0.5257971835446149,855.8809851992166,515.0932047256513,998.926058514905,31.040709800252813,204.785211702981,61.27003614243965,63.72646361600517,0.9999999920002728,0.9999946050428015,0.0,0.0,2049,0.054494733293900165
mean_diameter_m,999.3551576421975,0.5033994306302628,867.9736855517338,495.3104201365053,999.3551576421975,29.711303374341576,204.8710315284395,61.23384902447745,63.683269800308416,0.9999999930272291,0.9999956728506297,0.0,0.0,2049,0.05544688035549354
mean_diameter_m,999.7766452463264,0.5117055193111564,864.1308565562008,502.82323248577677,999.7766452463264,30.194406242941003,204.9553290492653,61.20883718789434,63.65831895336632,0.9999999695807829,0.9999931248606817,0.0,0.0,2049,0.05507825709104071
mean_diameter_m,998.3199514389942,0.48925650019855493,874.0499769415376,482.36849321825883,998.3199514389943,28.89331661013111,204.66399028779887,61.3219671473112,63.776307448067755,1.000000036672076,0.9999924004960059,0.0,0.0,2049,0.05609251278684725
mean_diameter_m,993.5832861906406,0.5368509852187048,844.5484436920524,523.398197221508,993.5832861906406,31.78804047880938,203.7166572381281,61.57129603253611,64.07674851560678,0.9999999956628463,0.9999928234083593,0.0,0.0,2049,0.05413598281118859
mean_diameter_m,995.0218534248813,0.5058147147509399,862.3534872346211,496.4020062886272,995.0218534248813,29.926294713692457,204.00437068497627,61.439682967747004,63.92600630454132,0.9999999893791869,0.999994466686591,0.0,0.0,2049,0.05542853034706701
mean_diameter_m,999.8150367462365,0.5318291750058516,853.5640238324314,520.6328504069512,999.8150367462366,31.38117524056426,204.96300734924733,61.24705986317397,63.698314648595286,0.9999999976831433,0.9999955044613613,0.0,0.0,2049,0.05422431407510875
mean_diameter_m,997.461098847964,0.5072278918732837,864.0961222693116,498.2635198307484,997.461098847964,29.96902775475379,204.4922197695928,61.32052874158269,63.78811473652575,0.9999999830382527,0.999994369029541,0.0,0.0,2049,0.0553182596608443
mean_diameter_m,620.7154596509567,0.5108817755651233,500.6921946389281,366.87192326117344,620.7154596509567,36.23133179019998,129.14309193019136,104.61516720142164,114.10940953203533,0.9999999520274298,0.9999855420803205,0.0,0.0,2049,0.06087446806412208
mean_diameter_m,999.1803773094217,0.49168969018614767,873.7081450650669,484.7633480855977,999.1803773094217,29.02302103447188,204.83607546188435,61.27143827373261,63.718033755072796,1.0000000359997934,0.9999922135610447,0.0,0.0,2049,0.05596645434305109
mean_diameter_m,999.6417170450856,0.5080018379918451,865.9058517857858,499.49035856558805,999.6417170450856,29.97812887147547,204.92834340901712,61.21590883883398,63.667037234961924,0.9999999813310658,0.9999945011625276,0.0,0.0,2049,0.05524095523887966
mean_diameter_m,50.211209133357954,0.539247459181143,34.104466748823526,36.85174175547473,50.211209133357954,47.21726444961866,15.04224182667159,814.4976761619616,962.2765175779447,0.9999999018890628,0.9997433634687884,0.0,0.0,2049,0.06247571961373779
mean_diameter_m,999.4205536033055,0.49602415312195147,871.7778628053859,488.71750622134596,999.4205536033055,29.27493187383449,204.8841107206611,61.245977682163755,63.68884892408957,1.0000000227686319,0.9999925735643886,0.0,0.0,2049,0.055769415147408095
mean_diameter_m,999.0726169273016,0.48647354357281974,876.1914895204876,480.036006551421,999.0726169273015,28.71686059907149,204.8145233854603,61.298612694488824,63.74895050441301,1.0000000272109992,0.9999932133908536,0.0,0.0,2049,0.05620170976097087
mean_diameter_m,999.7034547640803,0.5368620137459581,850.7409782718859,525.0207475483538,999.7034547640803,31.680124972485345,204.94069095281606,61.27347049510904,63.726893965851644,1.000000001252303,0.9999934359936671,0.0,0.0,2049,0.05401723586625111
mean_diameter_m,999.0350065956134,0.5285282294831445,854.5385289280482,517.5276291957605,999.0350065956134,31.20003436048821,204.80700131912266,61.27289174902091,63.72919370109559,0.9999999960032969,0.9999960468259311,0.0,0.0,2049,0.05437773142741465
mean_diameter_m,576.0754190174285,0.5341545384237578,450.2289539246419,359.3838858992269,576.0754190174285,38.59773294431258,120.21508380348571,113.59024229876503,124.72160453373489,1.0000000550491897,0.9999844846960687,0.0,0.0,2049,0.060294596944805025
mean_diameter_m,999.6596145738918,0.49251372924983394,873.7813268215482,485.61871659564014,999.6596145738918,29.063855346477464,204.93192291477834,61.24574323068738,63.68833519016029,1.0000000341600603,0.9999922060336938,0.0,0.0,2049,0.05592003930296223
mean_diameter_m,999.9668664010072,0.5057408149376772,867.3959533297276,497.5520013496708,999.9668664010072,29.839262395801796,204.99337328020144,61.20213112697827,63.649324640773315,0.9999999889623382,0.9999958215100335,0.0,0.0,2049,0.05533254808177202
mean_diameter_m,999.5347528569177,0.5050657485612507,867.3040536613803,496.84343677991495,999.5347528569179,29.806651651515875,204.90695057138356,61.223303127142536,63.67347539733203,0.9999999906077978,0.9999961163378793,0.0,0.0,2049,0.055370620616467706
mean_diameter_m,757.4283175294248,0.49374368978171695,635.553847692442,412.0302936420906,757.4283175294248,32.95538797052528,156.48566350588496,82.19728416770815,87.89982104790172,1.0000000169604806,0.9999926958375908,0.0,0.0,2049,0.05995299494144988
mean_diameter_m,999.784405006221,0.5245488822267688,857.4124622010502,514.2107798908695,999.784405006221,30.95212490780055,204.9568810012442,61.22578509360196,63.67556159737329,0.9999999881512953,0.999993911717719,0.0,0.0,2049,0.05453049048937954
mean_diameter_m,995.8660675234817,0.508756387148893,861.6956357976578,499.2292616543566,995.8660675234817,30.086151162505285,204.17321350469632,61.396796874048604,63.87604093270258,0.9999999771863999,0.999993438223447,0.0,0.0,2049,0.05528381032883495
mean_diameter_m,999.1381240579487,0.5143021747560937,862.1363680404713,504.97314170955866,999.1381240579487,30.35848928282556,204.82762481158974,61.2403027500342,63.694282024529286,0.9999999636239887,0.9999925407749164,0.0,0.0,2049,0.05497937708326239
mean_diameter_m,118.47411879577976,0.5227360349109098,84.14108420897739,83.40500448159158,118.47411879577976,44.74828424369002,28.694823759155952,508.68011768666787,616.2515755878923,1.0000000161513392,0.9999751305823532,0.0,0.0,2049,0.06406869063062227
mean_diameter_m,999.9486443495622,0.5225698054974907,858.6251580111643,512.5037847341523,999.9486443495622,30.832506274665235,204.98972886991243,61.21340149474261,63.66162468318758,0.9999999794268586,0.9999932163168246,0.0,0.0,2049,0.05461091199777649
mean_diameter_m,895.2848745357999,0.5229291149158045,753.9427459005614,482.80984090685706,895.2848745358,32.63468541100225,184.05697490716,67.7333835036149,71.19212965045912,1.0000000133607414,0.999994029912908,0.0,0.0,2049,0.05650379143169605
mean_diameter_m,999.8119640219128,0.5055477349327826,867.3379969423625,497.34169588057364,999.8119640219128,29.83046086045023,204.96239280438255,61.20965819538681,63.65798342127686,0.9999999894407197,0.9999958953535427,0.0,0.0,2049,0.05534406421611876
mean_diameter_m,902.5441095738034,0.5075298433680844,769.0881823754244,472.32323408534097,902.5441095738036,31.55550205122008,185.50882191476072,67.18377543397123,70.54826178159263,1.0000000027047729,0.9999927826958697,0.0,0.0,2049,0.057067738973603975
mean_diameter_m,949.9587430754502,0.5212395006648398,809.0272300258196,497.89211142800696,949.9587430754502,31.609002192487065,194.99174861509005,63.9311274753571,66.80299278906139,1.000000008278008,0.9999922982446312,0.0,0.0,2049,0.055618818375781226
mean_diameter_m,641.5241563585723,0.5207537553135422,514.9981454520729,382.531244962426,641.5241563585723,36.60429263490188,133.30483127171448,100.12759063095226,108.78973172158969,1.0000000037432861,0.9999971935929376,0.0,0.0,2049,0.06017616078898759
mean_diameter_m,999.7823120454743,0.5050110194993991,867.5827374938046,496.85497389253356,999.7823120454743,29.799286632977886,204.95646240909485,61.21160803805171,63.65947914985291,0.9999999905977894,0.9999962278360175,0.0,0.0,2049,0.055368015308978225
mean_diameter_m,999.3629330215776,0.5134558137399645,862.8040372068828,504.27717108450815,999.3629330215776,30.30471243314628,204.87258660431553,61.22909602505452,63.681467645231834,0.999999965224663,0.9999926833457263,0.0,0.0,2049,0.05501123269190977
mean_diameter_m,999.5346124215214,0.5064706103759553,866.5840584572237,498.0978930455821,999.5346124215214,29.889562470561874,204.9069224843043,61.22202545805993,63.67409749581769,0.9999999866856389,0.9999952712788847,0.0,0.0,2049,0.05530953435200369
mean_diameter_m,999.7737395764516,0.4948028378535517,872.7495049421111,487.704656498154,999.7737395764516,29.197070712146786,204.9547479152903,61.23281352797797,63.673513736924036,1.0000000272655423,0.99999234357832,0.0,0.0,2049,0.05581622378931059
mean_diameter_m,999.5025636798791,0.48728634695672574,876.2242435937862,480.8705124471119,999.5025636798791,28.75791213247029,204.90051273597584,61.27441426345332,63.72106742491562,1.000000030082335,0.9999930211653143,0.0,0.0,2049,0.056156445718010164
mean_diameter_m,999.7758568065672,0.5054087070250916,867.3726327739887,497.2086883472821,999.775856806567,29.822860976470146,204.9551713613134,61.21150649523664,63.6599692551294,0.9999999897716569,0.9999959714938547,0.0,0.0,2049,0.05535083901679776
mean_diameter_m,929.2625153427483,0.49251372924983394,803.1560478835913,467.40687325834426,929.2625153427483,30.197809346877317,190.85250306854965,65.30322176209911,68.38247920830287,0.9999999973564486,0.9999940738319864,0.0,0.0,2049,0.05727606961396867
mean_diameter_m,999.7766452463264,0.509089510275296,865.482403820736,500.4933057061595,999.7766452463263,30.04004238212062,204.95532904926526,61.20903909837923,63.65894176476461,0.9999999776307642,0.999994040334492,0.0,0.0,2049,0.05519116340710417
mean_diameter_m,999.5347528569177,0.493642108190366,873.0899866324916,486.6041485754261,999.5347528569177,29.132481070562573,204.90695057138356,61.247816226141325,63.69077784739256,1.0000000314483144,0.9999922410035313,0.0,0.0,2049,0.05587250976987346
mean_diameter_m,999.87268818148,0.49401192661835813,873.246630411656,487.0171609357804,999.87268818148,29.148784128451734,204.97453763629602,61.23061109013884,63.67089079130284,1.000000029919492,0.9999922589487368,0.0,0.0,2049,0.05584922804539046
mean_diameter_m,999.7413246237276,0.5273285894230219,855.8932446058277,516.6521750641473,999.7413246237276,31.116898886089327,204.9482649247455,61.235425538889785,63.686142591672244,0.9999999946803437,0.9999951998961099,0.0,0.0,2049,0.05441425668570194
mean_diameter_m,999.6331690116965,0.5067608810896058,866.5348992356817,498.38112022324236,999.6331690116965,29.905040985193143,204.9266338023393,61.21712179555084,63.66860566689208,0.9999999857475099,0.9999951362724957,0.0,0.0,2049,0.055294947512237964
mean_diameter_m,89.63191204151224,0.5071826861591725,64.65321863976477,62.07931197859847,89.63191204151224,43.83649670806567,22.926382408302448,615.4198600471293,742.7879394088723,0.9999998719318356,0.999852213081463,0.0,0.0,2049,0.06468061106091873
mean_diameter_m,999.9419640973458,0.5094422317858152,865.4679742270483,500.84839737208586,999.9419640973458,30.058069699318278,204.98839281946917,61.20109565929286,63.64970390834309,0.9999999766030302,0.999993926990828,0.0,0.0,2049,0.05517259680033262
mean_diameter_m,721.9107672128886,0.4913774861903672,603.1319630982124,396.7202930367918,721.9107672128886,33.335598517714054,149.3821534425777,87.27098840446683,93.78814193695511,1.0000000021843531,0.9999914308112687,0.0,0.0,2049,0.060545771947560195
mean_diameter_m,403.11203865741106,0.5180243669901143,308.4369287259859,259.5495650326064,403.11203865741106,40.080599157666185,85.62240773148221,172.97302773990054,196.49241506641133,1.0000000688115482,0.9999743038031944,0.0,0.0,2049,0.06268735099001216
mean_diameter_m,999.8119640219128,0.4929380380284536,873.7232275251376,486.03671166323574,999.8119640219129,29.08641031096703,204.96239280438257,61.237055810289334,63.67829879725988,1.0000000330481411,0.9999922096315256,0.0,0.0,2049,0.055898089283814165
mean_diameter_m,999.2185300865515,0.5075538925987932,865.7076759534325,498.9868642195255,999.2185300865514,29.95879863793376,204.84370601731027,61.23627651670103,63.69065528241005,0.9999999825947213,0.9999946203449295,0.0,0.0,2049,0.055268870173865704
mean_diameter_m,883.8135773995689,0.5363335856743381,735.5659744728171,489.96850592020587,883.8135773995689,33.668016262272836,181.76271547991377,68.67028646235616,72.25512842313096,1.0000000449478188,0.9999917115921748,0.0,0.0,2049,0.056104969040533824
mean_diameter_m,999.6417170450856,0.5194291843320582,859.9672082811069,509.64690044975856,999.6417170450854,30.652477733282925,204.9283434090171,61.22211825183388,63.672324585828974,0.999999965539868,0.9999925777617598,0.0,0.0,2049,0.05475029030382624
mean_diameter_m,999.7167914584813,0.5204291191985216,859.5179361292569,510.55125168404334,999.7167914584813,30.710193423641286,204.94335829169626,61.22023391001668,63.66994868892038,0.9999999687647624,0.9999927325205861,0.0,0.0,2049,0.0547062869693583
mean_diameter_m,999.7684889965667,0.4922465062685887,874.0251453000299,485.404034772827,999.7684889965667,29.046313506831197,204.95369779931335,61.24153771583379,63.68345691396864,1.0000000345580857,0.9999922117965288,0.0,0.0,2049,0.055929688137613995
mean_diameter_m,238.63779735241008,0.5004646159189792,179.79648122829585,156.91151539365424,238.63779735241008,41.11176893429589,52.727559470482014,297.20517002127946,352.3160236832358,0.9999999256816827,0.9999433116090951,0.0,0.0,2049,0.06467089945371318
mean_diameter_m,999.7737395764516,0.5198509963493574,859.8794691363703,510.0537509953599,999.7737395764517,30.67509953264347,204.95474791529034,61.21652420537151,63.665774379226185,0.99999996671552,0.999992631250536,0.0,0.0,2049,0.054729730608516595
mean_diameter_m,999.9251109976146,0.48728634695672574,876.6518511762932,480.96960343952094,999.9251109976145,28.75110161387168,204.98502219952292,61.25443004907619,63.697949448754756,1.0000000293827347,0.9999930949509849,0.0,0.0,2049,0.05614777332459452
mean_diameter_m,986.2381057953567,0.5086452610549528,852.0246612125519,496.7087456532743,986.2381057953567,30.24109969380794,202.24762115907134,61.87692008467846,64.43021750464776,0.9999999902082901,0.9999923478595818,0.0,0.0,2049,0.05547916405414408
mean_diameter_m,999.6237493432773,0.5198509963493574,859.7275099671855,510.0159300029109,999.6237493432773,30.677678585637306,204.92474986865545,61.22366523139266,63.67402995439979,0.999999966784349,0.999992640149156,0.0,0.0,2049,0.054732703053632634
mean_diameter_m,999.6441948385882,0.5117851775669903,863.9554508977562,502.86130805475983,999.6441948385882,30.201348800159302,204.92883896771764,61.21514236706424,63.66559772842233,0.9999999692337944,0.999993085225904,0.0,0.0,2049,0.05507747547350019
mean_diameter_m,999.5347528569177,0.5227289987540024,858.1217591564099,512.539528847335,999.5347528569177,30.849055233680524,204.90695057138356,61.233457663733695,63.68478140744911,0.9999999806318431,0.9999933138399,0.0,0.0,2049,0.05461234852383584
mean_diameter_m,999.6779042283765,0.48556349280615624,877.2536374813532,479.3557840771024,999.6779042283764,28.65341940036157,204.93558084567528,61.27435237908157,63.72077338258812,1.0000000210336268,0.9999936936377687,0.0,0.0,2049,0.05623013716724594
mean_diameter_m,746.3929718412695,0.5094422317858152,617.4954328643979,419.28732249574625,746.3929718412695,34.1770078373417,154.2785943682539,83.40708167862745,89.27910889297809,1.0000000509452416,0.9999906295894487,0.0,0.0,2049,0.05937296719536789
mean_diameter_m,950.8415629748263,0.5067608810896058,817.4440927314953,485.6797639790987,950.8415629748263,30.716423670272835,195.16831259496524,63.868932291004796,66.7363775061584,1.0000000137230525,0.9999948709237341,0.0,0.0,2049,0.05623825823251981
mean_diameter_m,137.20496968034018,0.5143021747560937,99.1123038834628,94.8786325992064,137.20496968034018,43.74977150798896,32.44099393606804,461.7240253387267,558.4556486779752,1.0000000040853831,0.9999647456690341,0.0,0.0,2049,0.06444641311969401
mean_diameter_m,999.8441746154326,0.5057408149376772,867.2717049733219,497.5220228945478,999.8441746154326,29.841314936702346,204.96883492308652,61.20794855990405,63.65624472989218,0.9999999889629168,0.9999957857918441,0.0,0.0,2049,0.05533501916985633
mean_diameter_m,658.7766400771316,0.5225698054974907,529.8435438737604,391.47475081620405,658.7766400771316,36.45883140542455,136.7553280154263,96.87683471189645,104.98701202179562,1.0000000780279974,0.9999873742548576,0.0,0.0,2049,0.05988762418796136
mean_diameter_m,999.8872103316153,0.5086594413200949,865.8159727617083,500.1371158946681,999.8872103316153,30.012804837138386,204.97744206632305,61.203953637098806,63.653119005793855,0.9999999792400222,0.9999942505735561,0.0,0.0,2049,0.05520755051536345
mean_diameter_m,999.9635647020211,0.5129887147009663,863.6549440289764,504.01117883027047,999.9635647020211,30.266952453487765,204.99271294040423,61.20033647068486,63.64828480735176,0.9999999667182264,0.9999928319998441,0.0,0.0,2049,0.055019311099303136
mean_diameter_m,999.727719721962,0.519756040486702,859.8827200579576,509.95805839912146,999.7277197219619,30.670287597707496,204.94554394439237,61.21855626040576,63.66814235782813,0.9999999664421682,0.9999926195398525,0.0,0.0,2049,0.05473468075470976
mean_diameter_m,999.1803773094217,0.5116630605813082,863.5489537569977,502.63767354367013,999.1803773094217,30.20199134985225,204.83607546188435,61.237187817791735,63.691111379240326,0.999999969081284,0.9999930569241977,0.0,0.0,2049,0.05509200866413918
mean_diameter_m,331.81678254967824,0.5176479474488677,249.94168645553992,218.24649035753367,331.81678254967824,41.12712485889786,71.36335650993564,212.81540716801274,245.80509107711612,1.0000001109726957,0.9999762047249107,0.0,0.0,2049,0.0632682551697805
mean_diameter_m,899.4488228726451,0.5050110194993991,767.3237641407046,469.27862294369135,899.4488228726451,31.44905428389697,184.889764574529,67.42730251504302,70.83015600389776,0.9999999965421907,0.9999926660294411,0.0,0.0,2049,0.05723466328641148
mean_diameter_m,999.9247345741092,0.4983894251663473,871.0949716892592,490.9613275104174,999.9247345741092,29.406216939427907,204.98494691482182,61.2160093229482,63.654376949269945,1.0000000110028577,0.9999931468120218,0.0,0.0,2049,0.055654904810863055
mean_diameter_m,999.9439064925762,0.49984921263880133,870.3753509365354,492.2748872466855,999.9439064925763,29.492031036368402,204.98878129851525,61.21190864653973,63.65098609021419,1.000000003804216,0.9999936844829573,0.0,0.0,2049,0.05559037107634265
mean_diameter_m,907.1762537643204,0.5198509963493574,767.273102830776,484.0048977709835,907.1762537643204,32.244211063849356,186.43525075286408,66.8271931942931,70.13570663234421,1.0000000443259647,0.999991672751181,0.0,0.0,2049,0.056437989834721286
mean_diameter_m,999.833694314975,0.5120181373474754,864.0267083377265,503.11555687198165,999.833694314975,30.211886815277012,204.966738862995,61.20619103945022,63.65520984768034,0.9999999688589737,0.9999930478244259,0.0,0.0,2049,0.05506365497125458
mean_diameter_m,184.80276647509663,0.506181293368552,136.54147528071454,124.53308004307577,184.80276647509663,42.36647727769316,41.960553295019324,369.08972060505727,443.1707730909719,0.9999999397311422,0.9999338586379128,0.0,0.0,2049,0.06467836754008202
mean_diameter_m,175.1640849539234,0.5116612588061243,128.1756848924052,119.38781537538975,175.1640849539234,42.96700035044716,40.03281699078468,383.7350714028316,461.6947924356266,1.000000030386482,0.9999204833909286,0.0,0.0,2049,0.06446685198635009
mean_diameter_m,999.7766452463264,0.5195062042658312,860.0634751286323,509.7491139076744,999.7766452463263,30.654704288605465,204.95532904926526,61.21581908060058,63.66502722666186,0.9999999657002407,0.9999925813421947,0.0,0.0,2049,0.05474433803790664
mean_diameter_m,999.5347528569177,0.5195062042658312,859.8184132023667,509.68815807992223,999.5347528569177,30.65886076310519,204.90695057138356,61.22733730123241,63.67834284037677,0.9999999657921332,0.9999925939024689,0.0,0.0,2049,0.05474913334318723
mean_diameter_m,999.9659867777714,0.5246038810424897,857.5673395346133,514.3055831662409,999.9659867777714,30.952219235343883,204.9931973555543,61.21727416289285,63.66571082553057,0.9999999882468296,0.9999939037850566,0.0,0.0,2049,0.054524589454806635
mean_diameter_m,774.3050547522178,0.5129887147009663,642.1438264328791,432.66571852756664,774.3050547522179,33.97142749617053,159.86101095044359,79.75877479029937,85.04479924834935,0.9999999996800939,0.9999900148014564,0.0,0.0,2049,0.05882164248178532
mean_diameter_m,999.8260749781787,0.5129887147009663,863.5156750565744,503.97704227262085,999.8260749781787,30.269285507703042,204.96521499563573,61.20686191461152,63.655831867948066,0.9999999665852342,0.9999928175373334,0.0,0.0,2049,0.05502205807619431
mean_diameter_m,322.0172934619135,0.5162829013591974,242.41796744017242,211.96383264772228,322.0172934619135,41.16558660852887,69.4034586923827,219.66971430830088,254.3889002939664,1.0000002938658268,0.9999615404067163,0.0,0.0,2049,0.06340262739497578
mean_diameter_m,999.6404817929758,0.5096945280427352,865.0324798120903,500.99890390043595,999.6404817929757,30.078038469432254,204.92809635859516,61.21534068538401,63.66614379168239,0.9999999754409565,0.9999937698375387,0.0,0.0,2049,0.05516773898152115
mean_diameter_m,999.7443490226806,0.5258358811433603,856.689562905652,515.3365465511895,999.7443490226806,31.028763721733426,204.94886980453612,61.23103657774724,63.681377809027595,0.999999991857536,0.9999944638899626,0.0,0.0,2049,0.05447700812664344
mean_diameter_m,999.9135222204222,0.5265048538567614,856.5057475912139,515.9699179821113,999.9135222204222,31.065292508229017,204.98270444408445,61.2248261969293,63.674062297900015,0.999999993263238,0.9999947454698841,0.0,0.0,2049,0.05444551355563548
mean_diameter_m,269.24158820945087,0.5287195702364712,197.02135984621057,183.50372362951526,269.24158820945087,42.965500843975185,58.848317641890176,259.4363378520207,304.1847685315484,1.0000002479187418,0.9999602886432435,0.0,0.0,2049,0.06319685987247496
mean_diameter_m,999.9613444872846,0.519756040486702,860.1194203926143,510.01693416227965,999.9613444872846,30.666271003794378,204.9922688974569,61.20744270009413,63.65529410091639,0.9999999663457463,0.9999926065467504,0.0,0.0,2049,0.054730049290624486
mean_diameter_m,1.0541090373753832,0.5248120991635998,0.7230286941237496,0.7670563018124305,1.0541090373753832,46.692428549321605,5.210821807475076,1470.7150897574363,1484.451750332274,1.0000000011136083,0.9999941121087279,3.1461513527752416e-06,0.7040897752094701,2049,0.005990823001029652
mean_diameter_m,999.7895600115787,0.5192790790053496,860.1957714725236,509.5511741218306,999.7895600115787,30.641080391368614,204.95791200231574,61.21484295418054,63.66394321582954,0.9999999651021447,0.9999925513452455,0.0,0.0,2049,0.05475374652740617
mean_diameter_m,442.5785938079451,0.5063448705265682,345.92668262601103,276.0625688940482,442.5785938079451,38.59119031691318,93.51571876158901,157.01994562210763,177.1124858312874,1.0000000300770504,0.9999901206130645,0.0,0.0,2049,0.06288610951464088
mean_diameter_m,106.94130875402897,0.4983894251663473,78.42919050740186,72.70010725149048,106.94130875402897,42.82904312635891,26.388261750805793,555.2205467268082,671.8050729963952,0.9999994010607365,0.9998611087421898,0.0,0.0,2049,0.0651591333474774
mean_diameter_m,999.741832145737,0.5069023167571735,866.5723295193676,498.533979437201,999.741832145737,29.91156551101468,204.9483664291474,61.21185944777665,63.662500754976726,0.9999999853375099,0.9999950873640224,0.0,0.0,2049,0.05528662304851564
mean_diameter_m,999.3329490943395,0.5141927081639779,862.3906312987508,504.92449157644535,999.3329490943395,30.348714628401794,204.8665898188679,61.23094597036407,63.683482829542186,0.999999963914168,0.9999925679596523,0.0,0.0,2049,0.054980191410481424
mean_diameter_m,126.18405153381798,0.5130276348287505,91.06902035987623,87.34327903268618,126.18405153381798,43.803679836710735,30.236810306763594,490.7078549679954,594.4804506480367,1.000000000501521,0.9999424737637085,0.0,0.0,2049,0.06451255047544709
mean_diameter_m,999.851210526243,0.5054087070250916,867.4489397676291,497.22709106283594,999.851210526243,29.821601232088003,204.9702421052486,61.20793194076684,63.655717150227986,0.9999999897538973,0.9999959940327087,0.0,0.0,2049,0.055349321027976316
mean_diameter_m,282.6511804238693,0.5170506202040946,210.65476179169545,188.4575844307964,282.6511804238693,41.816696568219214,61.530236084773854,249.8978025400442,292.1850613061764,1.000000113057483,0.9999687009046001,0.0,0.0,2049,0.06364110322469269
mean_diameter_m,778.7298865190107,0.5292149924635828,638.1072048725518,446.3624438140495,778.7298865190107,34.9731780216587,160.74597730380214,79.08792907931507,84.26621573226664,0.999999952037095,0.9999910904272034,0.0,0.0,2049,0.058019695550166006
mean_diameter_m,999.9802680884216,0.4975622884887641,871.5690667898017,490.23249421202746,999.9802680884216,29.35649979180088,204.9960536176843,61.215379057438,63.65358588896794,1.0000000149355357,0.9999928868209714,0.0,0.0,2049,0.05569018901985162
mean_diameter_m,999.9659867777714,0.5204072082168826,859.7819384667444,510.59474439011774,999.9659867777715,30.704610816780395,204.9931973555543,61.20833846920751,63.656200057684174,0.9999999685363681,0.9999927109480564,0.0,0.0,2049,0.054702281466362405
mean_diameter_m,883.1520399000112,0.5129887147009663,747.2071964605116,470.7854406597272,883.1520399000112,32.21339272679166,181.63040798000225,68.70762580028793,72.31017271866344,0.9999999998711913,0.9999944225305768,0.0,0.0,2049,0.05715017297738087
mean_diameter_m,999.8527887797659,0.5129887147009663,863.5427341570238,503.9836758420721,999.8527887797659,30.268832211302325,204.97055775595317,61.20559364502305,63.65436505865647,0.9999999666107586,0.9999928203322848,0.0,0.0,2049,0.05502152439538837
mean_diameter_m,999.7666109765149,0.5203368819340741,859.6169074576251,510.4821728880011,999.7666109765149,30.703893111061365,204.95332219530297,61.21769882271188,63.66703590315292,0.9999999683861036,0.9999927122644925,0.0,0.0,2049,0.05470921907869385
mean_diameter_m,999.9650452943335,0.5057408149376772,867.3941090897979,497.55155645100155,999.9650452943334,29.839292862154586,204.99300905886668,61.202217434027865,63.64942732004167,0.9999999889623803,0.9999958209788039,0.0,0.0,2049,0.055332584763619394
mean_diameter_m,596.8371651944112,0.5199481570909775,475.09801034296544,361.2429685481178,596.8371651944112,37.24771109301827,124.36743303888224,109.39547354206377,119.68282782583981,0.9999999974955848,0.9999924643878717,0.0,0.0,2049,0.06072216898154747
mean_diameter_m,999.9698315849605,0.5253039634466878,857.2002400491132,514.9246668589466,999.9698315849605,30.993458074709693,204.9939663169921,61.21887793418703,63.66742725479614,0.9999999904074073,0.9999941883228523,0.0,0.0,2049,0.054494984358304605
mean_diameter_m,999.9221613980685,0.5198003544303524,860.0564458412845,510.0463104678268,999.9221613980685,30.669559317681987,204.9844322796137,61.20937920727772,63.65752416668971,0.9999999664951109,0.999992615158893,0.0,0.0,2049,0.05472894183075039
mean_diameter_m,901.5242759603304,0.5140470360756912,764.7232141232336,477.43525836162223,901.5242759603303,31.97753347200675,185.30485519206607,67.25237755305855,70.63183659906022,1.0000000288848747,0.9999915987065651,0.0,0.0,2049,0.056792856765190636
mean_diameter_m,999.6812042241525,0.5331222590556027,852.7342964276996,521.7343478965206,999.6812042241525,31.459835122038307,204.93624084483048,61.25845656354383,63.710993007076155,0.9999999980010922,0.9999948320949752,0.0,0.0,2049,0.05417300938175598
mean_diameter_m,999.9509923015344,0.5192790790053496,860.3593274212218,509.59181186919204,999.9509923015344,30.638307489750517,204.99019846030689,61.20716565021486,63.6550673882064,0.9999999650552103,0.9999925441693722,0.0,0.0,2049,0.05475054433879039
mean_diameter_m,150.74938671364418,0.5260383153926648,107.44185881429357,105.74320105363394,150.74938671364418,44.54347710409731,35.149877342728836,426.4504138195226,515.3988847307891,1.0000006852286376,0.9998973657430522,0.0,0.0,2049,0.06388903347147783
mean_diameter_m,999.6468597064818,0.4983894251663473,870.81365311423,490.8945158288896,999.6468597064818,29.41079782127337,204.92937194129635,61.22917353643798,63.669601425402774,1.0000000114710437,0.9999931898652039,0.0,0.0,2049,0.055660544403989924
mean_diameter_m,889.2968440144301,0.5065510661819583,756.5447750977154,467.4279410201885,889.2968440144301,31.709667641785064,182.85936880288602,68.22348094353377,71.7593916083022,0.99999998281765,0.9999914304621316,0.0,0.0,2049,0.05733772783856596
mean_diameter_m,999.8781579496588,0.5198509963493574,859.9852619355777,510.08007214397094,999.8781579496588,30.673304002850017,204.97563158993177,61.21155637312875,63.6600311681265,0.9999999666696318,0.9999926251970419,0.0,0.0,2049,0.05472766086849337
mean_diameter_m,665.8293509977076,0.5206699868013723,537.1963014517188,393.38131419352203,665.8293509977076,36.21479469057475,138.16587019954153,95.66939905692283,103.53941667367913,1.0000000777946558,0.9999874784969178,0.0,0.0,2049,0.059890011146326395
mean_diameter_m,948.324085693263,0.503224037118416,816.7398707778416,481.927956221423,948.324085693263,30.543281194798272,194.6648171386526,64.02882240630524,66.9207020399035,1.0000000085485308,0.9999958504602444,0.0,0.0,2049,0.05644242353891901
mean_diameter_m,999.9799970225388,0.5067882712469503,866.8720711946636,498.49052812252194,999.9799970225388,29.90084334078889,204.99599940450776,61.20064631521973,63.64914828273581,0.9999999859269247,0.9999952122756477,0.0,0.0,2049,0.055286782219083154
mean_diameter_m,999.7781123313614,0.5113214380331237,864.3311691385863,502.48174489466254,999.7781123313614,30.171717796863735,204.95562246627227,61.20871618254966,63.65823864001076,0.9999999706034983,0.9999932359972165,0.0,0.0,2049,0.055094775270937514
mean_diameter_m,305.1194641602664,0.513899233415066,229.4802466995495,201.08879576983392,305.1194641602664,41.22741386812812,66.02389283205328,232.37154696151217,270.5369800582743,1.0000000995317593,0.9999720754649217,0.0,0.0,2049,0.06363214425376769
mean_diameter_m,961.123115399972,0.5269104042912859,817.195529998134,505.9141317528268,961.1231153999719,31.761060744291818,197.2246230799944,63.27766999243997,66.05127282791632,0.9999999648783122,0.9999923135729205,0.0,0.0,2049,0.055168492190525914
mean_diameter_m,445.69491596750095,0.5129887147009663,346.12225063269494,280.79057273390725,445.69491596750095,39.05058200938809,94.1389831935002,155.09546901908467,174.64554026560936,1.0000000143748748,0.9999816561583017,0.0,0.0,2049,0.0625507694336101
mean_diameter_m,999.9734180802855,0.5137300466205821,863.2799126872984,504.6727942120317,999.9734180802855,30.310524483169477,204.9946836160571,61.20022231441037,63.648032901239226,0.9999999652059313,0.9999926894933703,0.0,0.0,2049,0.05498727147720402
mean_diameter_m,89.1305401832899,0.5226045682690599,62.82987134934148,63.21914630545285,89.1305401832899,45.17694498190668,22.826108036657978,610.5493454940432,738.2569849795019,1.0000010836875632,0.9998149927477074,0.0,0.0,2049,0.06397166973354233
mean_diameter_m,999.9842163147329,0.509655525190551,865.400739399475,501.04889294901386,999.9842163147329,30.06994208693926,204.99684326294658,61.199041561492926,63.64729760174194,0.9999999759362057,0.9999938495074515,0.0,0.0,2049,0.05516253208023112
mean_diameter_m,999.9486443495622,0.5036849578276498,868.4288972782416,495.7101387995048,999.9486443495621,29.718268180249996,204.98972886991243,61.20530408648051,63.64975286628146,0.9999999918758884,0.9999956750917036,0.0,0.0,2049,0.055422444327286755
mean_diameter_m,999.8872103316153,0.5187702164695205,860.5616210922196,509.1248664992419,999.8872103316153,30.609378294075245,204.97744206632305,61.20942256529775,63.657775279785554,0.9999999639606905,0.9999924920619471,0.0,0.0,2049,0.05477347394463508
mean_diameter_m,999.4950739414396,0.5183780806583614,860.3698852512309,508.6787428092387,999.4950739414396,30.59296440599794,204.89901478828793,61.22752035052573,63.678773163632314,0.999999963330303,0.9999924689601652,0.0,0.0,2049,0.054797964848375263
mean_diameter_m,999.8749137233071,0.5105269252346214,864.8400776980079,501.7982493995914,999.8749137233071,30.123201013698445,204.97498274466142,61.20410453178645,63.65302635010157,0.9999999730254698,0.9999935071206176,0.0,0.0,2049,0.055127098404705144
mean_diameter_m,965.676976641699,0.519736367202712,825.5577588454496,500.98543893603426,965.676976641699,31.25125252881849,198.1353953283398,62.9979183499739,65.73261183492025,0.9999999839014964,0.9999933944426916,0.0,0.0,2049,0.05539256167194011
mean_diameter_m,999.9509923015344,0.5240779424898914,857.8305632007582,513.8372425617796,999.9509923015343,30.921448215008223,204.99019846030686,61.21670249836582,63.66515308798837,0.9999999863555158,0.9999937078502508,0.0,0.0,2049,0.054547090434545115
mean_diameter_m,760.3619909411666,0.5074484122570949,631.671566839158,423.25097627173625,760.3619909411666,33.82402751461804,157.0723981882333,81.58630865256802,87.19114599758022,1.000000018135273,0.9999945682690234,0.0,0.0,2049,0.059272980474564245
mean_diameter_m,999.9247345741092,0.5127839712248038,863.7218565351784,503.8194412252541,999.9247345741092,30.255530995395837,204.98494691482182,61.20209924066962,63.6503562034725,0.9999999671363257,0.9999928725226436,0.0,0.0,2049,0.05502888819962728
mean_diameter_m,999.741832145737,0.5052677361206765,867.4103550622631,497.0744480184771,999.741832145737,29.815111294540785,204.9483664291474,61.21326191410914,63.66184132602968,0.9999999900948877,0.9999960503378911,0.0,0.0,2049,0.055357657930269595
mean_diameter_m,544.3110325227561,0.512446253265557,431.7449546305335,331.4676368472003,544.3110325227561,37.51487168968457,113.86220650455122,122.71491761302094,135.58751287436246,0.9999998709739966,0.9999823575942465,0.0,0.0,2049,0.06162957024441809
mean_diameter_m,141.86093852430486,0.5162564933078971,102.30902241456542,98.27201947437813,141.86093852430486,43.84698970632391,33.37218770486097,449.84657180653414,543.501477553958,1.000000043385709,0.9999295682676689,0.0,0.0,2049,0.06435076226492446
mean_diameter_m,843.7042168407233,0.5094310334418749,710.5563828245763,454.91365372131054,843.7042168407233,32.62825576171093,173.74084336814468,72.22726888297728,76.35913855446093,0.9999999718539385,0.9999926064074708,0.0,0.0,2049,0.05794926776295725
mean_diameter_m,999.8923990954866,0.5067882712469503,866.7833579451591,498.46907643126866,999.8923990954866,29.90231183809333,204.97847981909732,61.20480010961186,63.65408899906071,0.9999999858596271,0.9999951891818836,0.0,0.0,2049,0.05528854457017535
mean_diameter_m,734.4820265899496,0.5129875916972914,604.5549269939195,417.1057271616586,734.4820265899496,34.60328881268642,151.89640531798992,84.99633312579897,91.11502328223874,1.0000000614986164,0.9999894405402239,0.0,0.0,2049,0.05936986050975377
mean_diameter_m,999.9186463301396,0.4975622884887641,871.5066805888622,490.2177118053588,999.9186463301396,29.357514021284466,204.98372926602792,61.21829513020534,63.65695854047827,1.0000000150333932,0.9999928947808936,0.0,0.0,2049,0.055691441086598924
mean_diameter_m,999.8749137233071,0.5105269252346214,864.8400776980079,501.7982493995914,999.8749137233071,30.123201013698445,204.97498274466142,61.20410453178645,63.65302635010157,0.9999999730254698,0.9999935071206176,0.0,0.0,2049,0.055127098404705144
mean_diameter_m,999.9631962278825,0.4982588725660649,871.199909071899,490.853452919909,999.9631962278823,29.397880087416635,204.99263924557647,61.21449516376731,63.65261620100053,1.0000000115771592,0.9999930985801455,0.0,0.0,2049,0.055659867919265985
mean_diameter_m,873.706783480538,0.5129887147009663,737.9571900443284,467.74216098379094,873.706783480538,32.367901789141015,179.7413566961076,69.49826323223407,73.21321220886252,0.9999999976580427,0.9999950455112152,0.0,0.0,2049,0.05730620368394063
mean_diameter_m,999.7666109765149,0.5033990276417915,868.390492927545,495.4101615999834,999.7666109765149,29.70442894510038,204.95332219530297,61.214309921815754,63.65999542655022,0.999999992362357,0.999995551240358,0.0,0.0,2049,0.05543859472640191
mean_diameter_m,999.930089032538,0.5184853661581408,860.7543735703092,508.88318043751843,999.930089032538,30.591835657380415,204.98601780650762,61.20697139156114,63.65499507622655,0.9999999634531073,0.999992466086725,0.0,0.0,2049,0.05478475733905018
mean_diameter_m,23.050007741758066,0.5076513017799451,16.342639980127455,16.25487543400584,23.050007741758066,44.84573898134744,9.610001548351613,1085.6996456697325,1216.2970679405564,0.999999926861045,0.9999578231298661,0.0,0.0,2049,0.06124866765624139
mean_diameter_m,999.9900272332237,0.495940282403099,872.3965509814313,488.7783878217267,999.9900272332237,29.260640270459138,204.99800544664475,61.21923489160264,63.65791135591624,1.000000022381409,0.9999925070269642,0.0,0.0,2049,0.05576153441746865
mean_diameter_m,999.8995706104413,0.4978891740545126,871.32229983392,490.50647408477,999.8995706104413,29.3771153177258,204.97991412208825,61.218392298891615,63.657095904255044,1.0000000134863052,0.999992992721606,0.0,0.0,2049,0.055677432371640634
mean_diameter_m,999.9918750149295,0.5180002039505256,861.0711081471941,508.4685799634403,999.9918750149294,30.56215125702079,204.99837500298588,61.20336699216078,63.65091777858825,0.9999999627898957,0.9999924330699144,0.0,0.0,2049,0.054804209940514256
mean_diameter_m,473.31093542178957,0.5116630605813082,370.2434239329231,294.8610666471164,473.31093542178957,38.533740586995116,99.66218708435791,144.85394679573616,162.27136873328485,0.999999978711283,0.9999888342200587,0.0,0.0,2049,0.062360372613384035
mean_diameter_m,999.9685591445989,0.5060331154511614,867.2478649680503,497.81347911249196,999.9685591445989,29.856480111195705,204.99371182891977,61.20178890845393,63.64936321902456,0.9999999882079647,0.9999956447767956,0.0,0.0,2049,0.055319808763310926
mean_diameter_m,999.7823120454743,0.5084852294643651,865.7994485643712,499.95598440725263,999.7823120454744,30.004290037996245,204.95646240909488,61.20900217894847,63.658982679490904,0.9999999797467118,0.9999943066846815,0.0,0.0,2049,0.05521719698143657
mean_diameter_m,999.9273369285229,0.5105756796039856,864.8679795250023,501.8546175231507,999.9273369285229,30.12519233979848,204.98546738570457,61.20161558960315,63.65014060689338,0.9999999729353417,0.9999934990281929,0.0,0.0,2049,0.055123944571361966
mean_diameter_m,394.2653874708119,0.5118900436398268,303.17891793809133,252.04709773254189,394.2653874708119,39.738363660423836,83.85307749416238,177.98987455673634,202.8218331031779,1.0000000208152928,0.9999911418350873,0.0,0.0,2049,0.06304348091217953
mean_diameter_m,999.8781579496588,0.509022892154293,865.6195500325126,500.4589147435715,999.8781579496589,30.034402213525485,204.97563158993177,61.204246665064424,63.65340763442887,0.9999999779659009,0.9999940893117067,0.0,0.0,2049,0.055192007825217645
mean_diameter_m,999.9900272332237,0.495940282403099,872.3965509814313,488.7783878217267,999.9900272332237,29.260640270459138,204.99800544664475,61.21923489160264,63.65791135591624,1.000000022381409,0.9999925070269642,0.0,0.0,2049,0.05576153441746865
mean_diameter_m,999.851210526243,0.5169153236765431,861.4961032788499,507.4710900397683,999.851210526243,30.500548247721937,204.9702421052486,61.20870998037148,63.65729480342247,0.9999999620778754,0.9999924057335697,0.0,0.0,2049,0.05485330685360441
mean_diameter_m,999.826895536653,0.508241160619602,865.9702416065953,499.7492988392041,999.826895536653,29.98913870832085,204.9653791073306,61.207001113259025,63.656701228048675,0.9999999806542949,0.9999944295536791,0.0,0.0,2049,0.055226869639709464
mean_diameter_m,775.3245685348006,0.5139068129216029,642.6525158204576,433.73486196443946,775.3245685348006,34.01594526959385,160.0649137069601,79.62414399473792,84.89000833861475,0.9999999904115366,0.99998995720179,0.0,0.0,2049,0.05876501710602074
mean_diameter_m,999.9744596204022,0.502934879007385,868.8376710195232,495.04547398242715,999.9744596204021,29.673582773693344,204.9948919240804,61.20510138217717,63.64823924226286,0.9999999925947988,0.9999952140338212,0.0,0.0,2049,0.055454660850899694
mean_diameter_m,999.4771527576444,0.50994532642037,864.7376274956187,501.18201731284836,999.4771527576444,30.095593325137273,204.89543055152888,61.2230556807208,63.67502870253247,0.9999999744522736,0.9999936459216762,0.0,0.0,2049,0.0551601764641177
mean_diameter_m,625.0428572376887,0.5092562468187007,505.35197361802796,367.82870489429956,625.0428572376887,36.04961346290371,130.00857144753775,103.78544516390461,113.14372122566593,0.9999999523676492,0.9999858149490277,0.0,0.0,2049,0.060900581148389824
mean_diameter_m,999.9635647020211,0.5096294221463751,865.393290279358,501.02054236432275,999.9635647020211,30.068750143937077,204.99271294040423,61.20002619210624,63.64844026641898,0.9999999759999745,0.9999938559340527,0.0,0.0,2049,0.0551640741213307
mean_diameter_m,999.5842948268895,0.5102377079581104,864.695156715715,501.4688907768406,999.5842948268895,30.11104077473409,204.9168589653779,61.21792502332677,63.66905222595133,0.9999999736177464,0.9999935591899303,0.0,0.0,2049,0.055145403330102864
mean_diameter_m,999.5648985105316,0.5107443333239982,864.4137203318061,501.9152382987545,999.5648985105316,30.141266297528787,204.91297970210633,61.21881809710605,63.670008809383376,0.9999999720347857,0.999993383952084,0.0,0.0,2049,0.055123926905272916
mean_diameter_m,133.16916521716058,0.5119512172794759,96.42275850246665,91.8513919731781,133.16916521716058,43.60911040732548,31.633833043432116,472.7098735766158,572.2441142299501,0.9999999988404124,0.9999819907430975,0.0,0.0,2049,0.06455768573657183
mean_diameter_m,999.9903401439822,0.5100598349037975,865.19826065735,501.410660174645,999.9903401439822,30.093693246368712,204.99806802879644,61.19867731908304,63.64681825411978,0.9999999746221724,0.9999936950135685,0.0,0.0,2049,0.05514494633525164
mean_diameter_m,999.9419640973458,0.5149230030014329,862.6274282576462,505.7250750956067,999.9419640973458,30.381445722989437,204.98839281946917,61.202498947516396,63.65046608379261,0.9999999632793226,0.9999925186053944,0.0,0.0,2049,0.0549367352568713
mean_diameter_m,999.9819338062118,0.5180002039505256,861.0610362834788,508.4660851357078,999.9819338062119,30.56232160195859,204.99638676124238,61.20383923043946,63.651463864702905,0.9999999627895882,0.9999924332063701,0.0,0.0,2049,0.05480440746271392
mean_diameter_m,999.1803773094217,0.5103941425964627,864.2052945211395,501.5083601714222,999.1803773094218,30.127090789396632,204.83607546188438,61.237125724046436,63.691231559585056,0.9999999727367221,0.9999934379463198,0.0,0.0,2049,0.055146736878287535
mean_diameter_m,999.941750766117,0.5079002894848593,866.2619428708493,499.4734740292307,999.941750766117,29.967095727503402,204.9883501532234,61.201734324381384,63.6506563736079,0.9999999819784406,0.9999946200089174,0.0,0.0,2049,0.055239327914457736
mean_diameter_m,999.9495821387494,0.5072934425734011,866.5818346782416,498.93395417144353,999.9495821387494,29.93115917350626,204.98991642774988,61.20173490976605,63.6507387750253,0.99999998414066,0.9999949310780117,0.0,0.0,2049,0.0552654763850874
mean_diameter_m,999.9635036676192,0.5105756796039856,864.9046117060692,501.86354850376847,999.9635036676192,30.12458150526554,204.99270073352383,61.19990052968051,63.648157144953906,0.9999999729764472,0.9999935050283674,0.0,0.0,2049,0.05512321996673595
mean_diameter_m,999.9978263953999,0.5113105162023657,864.5593649857395,502.5263746421467,999.9978263953999,30.167357220308645,204.99956527907997,61.198290912782895,63.646183976718305,0.9999999708828442,0.9999932715276434,0.0,0.0,2049,0.05509084798306055
mean_diameter_m,999.9978590731621,0.5108038908364779,864.8214460174204,502.07527788096274,999.9978590731622,30.13746573512964,204.99957181463245,61.198266297647315,63.646232772004964,0.9999999723306039,0.9999934332844541,0.0,0.0,2049,0.05511268777296884
mean_diameter_m,999.9973569817004,0.5120181373474754,864.1924842673549,503.1561031193042,999.9973569817004,30.20911486940197,204.99947139634008,61.198426084568794,63.64623017623393,0.9999999690407062,0.9999930690054603,0.0,0.0,2049,0.05506038140174294
mean_diameter_m,33.230866896970156,0.5110203578822676,23.50010843088166,23.49543399175575,33.230866896970156,44.99430104178363,11.646173379394032,971.1374778782658,1115.102198196187,1.0000014695880644,0.9995017243298712,0.0,0.0,2049,0.06270778869897062
mean_diameter_m,999.9799970225388,0.510307417719034,865.0599224701116,501.62867240739035,999.9799970225387,30.108475311229245,204.99599940450773,61.199137502755576,63.64731460661194,0.9999999738245254,0.9999936023532507,0.0,0.0,2049,0.05513446558633394
mean_diameter_m,894.4589435190297,0.5140394167348222,757.7696809615161,475.2282738397001,894.4589435190297,32.09350189052654,183.89178870380596,67.79867005889962,71.27063468068235,1.0000000149417818,0.9999918264655991,0.0,0.0,2049,0.056913344316272756
mean_diameter_m,999.8802243668897,0.502934879007385,868.7422491145893,495.02259310389724,999.8802243668897,29.67515052310367,204.97604487337793,61.20956666468223,63.65355772478624,0.999999992757145,0.9999952401313545,0.0,0.0,2049,0.055456564638370946
mean_diameter_m,999.9937803808544,0.5119543505894757,864.2219089289359,503.09845251960235,999.9937803808544,30.205412015870564,204.99875607617088,61.198581667856885,63.64642013432972,0.9999999691963177,0.9999930856650141,0.0,0.0,2049,0.05506319873645321
mean_diameter_m,306.5947205573097,0.5093914053202978,231.93680749400804,200.5134409537233,306.5947205573097,40.843990045659346,66.31894411146195,232.0929726153865,270.0915889506256,1.0000000529275652,0.999976205928901,0.0,0.0,2049,0.06382830424970315
mean_diameter_m,999.9635647020211,0.5096881115282752,865.3630088768219,501.07284260796513,999.9635647020211,30.072212888205307,204.99271294040423,61.20001325559828,63.648416937807355,0.9999999758051559,0.9999938327350512,0.0,0.0,2049,0.055161538377603854
mean_diameter_m,999.98563294318,0.5058847485006204,867.3412029603455,497.685145187269,999.98563294318,29.84744058694416,204.997126588636,61.201110461827966,63.648330294958555,0.9999999886019794,0.9999957390468223,0.0,0.0,2049,0.055325913121728874
mean_diameter_m,731.5840653334728,0.5110053711768096,602.8078093033092,414.5334602813097,731.5840653334728,34.51517618000927,151.31681306669458,85.43970515822738,91.64536202992018,1.0000000585366682,0.9999900099542874,0.0,0.0,2049,0.059500192401113906
mean_diameter_m,397.28660095065743,0.5132210916334385,305.2448268178445,254.2877090932062,397.2866009506575,39.79637765176762,84.4573201901315,176.34279920890938,200.79801584286608,1.0000000665177124,0.9999840411609863,0.0,0.0,2049,0.06295713106780385
mean_diameter_m,917.9078029955285,0.5109526470442589,782.5131857439326,479.8206424664945,917.9078029955284,31.51575074578524,188.58156059910567,66.04738640917083,69.24855804448269,1.0000000054784237,0.9999966563657395,0.0,0.0,2049,0.056646989859665965
mean_diameter_m,999.978327274549,0.5055295678644806,867.5157739256166,497.36609957760834,999.978327274549,29.82660693099071,204.99566545490978,61.201787929022785,63.64859292423456,0.9999999894567426,0.9999959560049613,0.0,0.0,2049,0.05534150300209137
mean_diameter_m,759.9663729577285,0.5117181898043491,629.1871861739555,426.23042216742994,759.9663729577285,34.11490016738558,156.99327459154568,81.57932525413162,87.18090595327509,1.000000009617997,0.99999620623249,0.0,0.0,2049,0.05908117282196835
mean_diameter_m,999.9970056077442,0.519649735650217,860.2113781617994,509.9317563217971,999.9970056077443,30.65938587656535,204.99940112154886,61.20557262328285,63.65315301437795,0.9999999660220813,0.9999925896796433,0.0,0.0,2049,0.05473386292749074
mean_diameter_m,87.7698184742228,0.5143029702787233,62.62400331981375,61.496140067470726,87.7698184742228,44.479375193103735,22.553963694844562,619.8967879172071,748.4837792030847,1.0000003013724168,0.9998161137809116,0.0,0.0,2049,0.06434151294388131
mean_diameter_m,619.2307456438127,0.5067351026440134,501.22266446001277,363.6241974651821,619.2307456438127,35.95992316614712,128.84614912876253,105.09024862831632,114.66279747373976,0.9999999288012346,0.9999856558050446,0.0,0.0,2049,0.061084599379992985
mean_diameter_m,999.9865646261427,0.5094543506428858,865.5068966668779,500.8701840346109,999.9865646261427,30.058033108596376,204.99731292522853,61.19897861759543,63.64725334940563,0.9999999766113016,0.9999939307464916,0.0,0.0,2049,0.05517117829397494
mean_diameter_m,128.36445276817193,0.5100598349037975,93.083971107569,88.39008460974284,128.36445276817193,43.51835605993808,30.672890553634385,486.0034190416569,588.7684120688687,0.9999999750111526,0.9999338890201442,0.0,0.0,2049,0.06464691072189406
mean_diameter_m,999.9986275223346,0.5137607783270102,863.2894782348556,504.7063817860278,999.9986275223346,30.31190924664191,204.9997255044669,61.199043089576264,63.646664031905566,0.9999999651696672,0.9999926863796296,0.0,0.0,2049,0.05498544894177964
mean_diameter_m,999.8977189829977,0.5039851658901284,868.2240402655775,495.9661927312372,999.8977189829977,29.7368299563802,204.97954379659956,61.20733084787777,63.652679599750634,0.9999999918076384,0.9999958809941588,0.0,0.0,2049,0.05541038005041025
mean_diameter_m,999.832429437198,0.511634805803046,864.223974901547,502.77411245972075,999.832429437198,30.189289551914403,204.9664858874396,61.206177549625394,63.655254329501254,0.999999969825627,0.9999931523693701,0.0,0.0,2049,0.0550801868469068
mean_diameter_m,999.998558425216,0.5035553724926687,868.5455832193395,495.6063828510358,999.998558425216,29.709790990061414,204.9997116850432,61.20310770789638,63.64691780389952,0.9999999918639761,0.99999557983993,0.0,0.0,2049,0.05542708963114405
mean_diameter_m,63.51056970824192,0.5190800268999978,44.709599899578,45.107029845525304,63.51056970824192,45.25352665763424,17.702113941648385,737.4451029851494,880.6277669278115,1.000000921714902,0.9997822607140306,0.0,0.0,2049,0.06380326582458141
mean_diameter_m,963.3287021356341,0.502934879007385,831.9065674502386,485.7300190347377,963.328702135634,30.279616889493497,197.6657404271268,63.129622795104495,65.8804733254511,1.0000000340614754,0.9999927267303604,0.0,0.0,2049,0.05617324050180737
mean_diameter_m,78.2504888548824,0.510612341006983,56.00372538196629,54.65090803792175,78.2504888548824,44.29956061931894,20.65009777097648,663.952668483683,798.5596179682719,1.0000000533733142,0.9998551253944387,0.0,0.0,2049,0.06442347100445873
mean_diameter_m,305.52479489099204,0.5108038908364779,230.67660845507814,200.33397765942084,305.52479489099204,40.973089188923375,66.10495897819841,232.63962988051114,270.79393646078245,1.0000000571027363,0.9999761865172617,0.0,0.0,2049,0.06377105578519154
mean_diameter_m,999.9635647020211,0.5148915517316361,862.6656890663528,505.70252089469346,999.9635647020211,30.379222131715657,204.99271294040423,61.20144934168132,63.64925783091528,0.9999999633336936,0.9999925233456833,0.0,0.0,2049,0.05493765223726579
mean_diameter_m,441.669435039238,0.5130856752065932,342.6653158393478,278.66175045850787,441.669435039238,39.118644857813614,93.33388700784761,156.69532456390576,176.6470305223763,1.0000000162003455,0.9999866131706546,0.0,0.0,2049,0.06258214842529444
mean_diameter_m,909.462690991973,0.5155438481603498,771.77948144337,481.12245668786227,909.462690991973,31.939152994211934,186.8925381983946,66.65693585187815,69.9430483157807,1.0000000263334434,0.9999923752228346,0.0,0.0,2049,0.056589670482160924
mean_diameter_m,999.9943806062092,0.5105742342083993,864.9366332702384,501.869885200478,999.9943806062091,30.1239747278556,204.99887612124184,61.19843666148988,63.646464388845416,0.9999999730162481,0.9999935106608562,0.0,0.0,2049,0.05512266366844024
mean_diameter_m,999.9967767842652,0.509655525190551,865.4134612563062,501.05198797659654,999.9967767842652,30.069730327274645,204.99935535685304,61.19844630636898,63.64660905267205,0.9999999759502454,0.9999938518906669,0.0,0.0,2049,0.05516228015427796
mean_diameter_m,999.9419640973458,0.5115878266758844,864.3592451176902,502.75941258462217,999.9419640973458,30.184663916931786,204.98839281946917,61.200973263446016,63.64924317647138,0.9999999700729405,0.9999931810722139,0.0,0.0,2049,0.05508001863862474
mean_diameter_m,999.9356410262465,0.5108305759928828,864.7446295319094,502.0836702087525,999.9356410262465,30.14009151882725,204.9871282052493,61.20121656014405,63.64964069513421,0.9999999721802556,0.9999934144789412,0.0,0.0,2049,0.05511278318258701
mean_diameter_m,656.0221356091494,0.519649735650217,528.7168146782245,388.3601064549514,656.0221356091494,36.298521482238804,136.20442712182987,97.45383300731274,105.68660879924373,1.0000000524307247,0.9999879492370684,0.0,0.0,2049,0.0600552659105198
mean_diameter_m,208.86082193871522,0.5100765909622533,154.38365707783964,140.67170777447654,208.86082193871525,42.33923842102445,46.77216438774305,331.7380306798793,395.6945612380019,1.0000000350725642,0.9999460064668471,0.0,0.0,2049,0.0643916514155705
mean_diameter_m,999.9998906595015,0.5108401230893235,864.8047707672193,502.10804591967275,999.9998906595015,30.139569109955577,204.9999781319003,61.19817002744479,63.646115953526746,0.9999999722259667,0.9999934215744162,0.0,0.0,2049,0.05511108453599805
mean_diameter_m,999.9865646261427,0.5097610439556399,865.3486696579095,501.14350175781084,999.9865646261427,30.076128150354915,204.99731292522853,61.19890797306253,63.64712801478139,0.9999999755899456,0.9999938084695162,0.0,0.0,2049,0.055157926330557015
mean_diameter_m,279.9945883083409,0.5141515507460003,209.30881655927928,185.97523704114823,279.9945883083409,41.621755891735184,60.99891766166818,252.78770719703186,295.9519005905515,1.0000002041966036,0.999958815811061,0.0,0.0,2049,0.06379103510729876
mean_diameter_m,999.9978263953999,0.5114890675199053,864.4669546584338,502.68532612271224,999.9978263953998,30.177891760881725,204.99956527907995,61.19831054066725,63.64617913189305,0.9999999703990698,0.9999932178657415,0.0,0.0,2049,0.05508315487588572
mean_diameter_m,999.9778408616646,0.5153250490918672,862.4543196236708,506.0911269493151,999.9778408616646,30.404555637765867,204.99556817233292,61.20111989749421,63.64880168508865,0.999999962841334,0.999992480831606,0.0,0.0,2049,0.05491879876829151
mean_diameter_m,999.832429437198,0.5097277651091949,865.2097301354587,501.0758523748836,999.8324294371979,30.076763580184252,204.96648588743957,61.20622291481722,63.65559399427423,0.9999999755307383,0.9999937926494159,0.0,0.0,2049,0.05516245481192928
mean_diameter_m,36.695909594884654,0.5130419424235368,25.892906344136858,26.002830269986088,36.695909594884654,45.12136194628687,12.33918191897693,937.0176988323071,1083.5050524577334,1.0000021520785143,0.9995830969875206,0.0,0.0,2049,0.0629313049774459
mean_diameter_m,999.7781123313614,0.5164985402162879,861.639787150135,507.0829824562547,999.7781123313614,30.477204824117695,204.95562246627227,61.21172633630631,63.660857571780994,0.9999999620504731,0.999992409445217,0.0,0.0,2049,0.05487257052757422
mean_diameter_m,999.9934751702526,0.502934879007385,868.8569263037543,495.0500903919432,999.9934751702526,29.673266414596192,204.9986950340505,61.20420063682811,63.64716638314776,0.9999999925619583,0.9999952087842633,0.0,0.0,2049,0.05545427665338689
mean_diameter_m,918.45617702348,0.5119543505894757,782.5384729043304,480.82771086652707,918.45617702348,31.56848309284549,188.691235404696,66.00772553214256,69.2028293910031,1.0000000060473886,0.9999967332175368,0.0,0.0,2049,0.05659268181898277
mean_diameter_m,999.9998622851183,0.5108401230893235,864.804742026993,502.1080389098363,999.9998622851183,30.1395695894388,204.99997245702366,61.198171372649355,63.646117509259405,0.9999999722259308,0.9999934215698831,0.0,0.0,2049,0.055111085104364986
mean_diameter_m,999.8562750517449,0.5111217065512995,864.5136777314293,502.3232741727472,999.8562750517449,30.15861069668375,204.97125501034898,61.20499071570874,63.65396105914312,0.9999999712480528,0.9999933086583686,0.0,0.0,2049,0.05510181964066851
mean_diameter_m,46.338934073391954,0.5058847485006204,33.13498776783908,32.39397161021353,46.338934073391954,44.352114100731576,14.267786814678391,858.939879605285,1007.3013802771219,1.0000000381663712,0.9999849995093202,0.0,0.0,2049,0.06387189091975284
mean_diameter_m,999.9734180802855,0.5158329475227333,862.1850293913666,506.54102692731385,999.9734180802855,30.43459748551697,204.9946836160571,61.2017820215098,63.64947796417417,0.9999999624058836,0.9999924425721473,0.0,0.0,2049,0.05489714721627253
mean_diameter_m,889.4789963322014,0.5129315387350267,753.446899963958,472.7479813292085,889.4789963322013,32.106091460747294,182.89579926644026,68.19463462365114,71.72379809560165,1.0000000040859713,0.9999924468196331,0.0,0.0,2049,0.05704696262640794
mean_diameter_m,999.9967767842652,0.5099346101329992,865.2694298750241,501.3006755457948,999.9967767842652,30.086196368635978,204.99935535685304,61.1983918872553,63.64650614909691,0.999999975033843,0.9999937434358821,0.0,0.0,2049,0.05515022477669156
mean_diameter_m,873.7149501775928,0.5069998811972523,741.0339518577279,462.8676877445132,873.7149501775929,31.989894214077566,179.74299003551857,69.51542197804753,73.23572171333892,0.9999999949722037,0.9999960175698919,0.0,0.0,2049,0.05757715030386412
mean_diameter_m,999.8668627316531,0.5158329475227333,862.0770836976702,506.5144074477631,999.8668627316531,30.436415656731146,204.9733725463306,61.206842866651684,63.65532969079206,0.9999999623549327,0.9999924386754764,0.0,0.0,2049,0.05489926939132434
mean_diameter_m,310.15297637122967,0.519649735650217,231.88539799509326,205.97094685559355,310.15297637122967,41.61291044450714,67.03059527424594,227.56751152286407,264.43458512744826,1.0000002937531534,0.9999604613806441,0.0,0.0,2049,0.06333369147643174
mean_diameter_m,227.87330258164695,0.5107313893389579,169.03985118801873,152.81286182713583,227.87330258164695,42.11373745290876,50.57466051632939,307.08989120887236,364.792448954956,1.0000001471212516,0.9999393389814739,0.0,0.0,2049,0.0642625890155655
mean_diameter_m,999.9961124531136,0.5035674849514679,868.5369247065922,495.61662133402626,999.9961124531136,29.71054637037762,204.9992224906227,61.203207688696644,63.64705737691449,0.9999999918604503,0.999995588038206,0.0,0.0,2049,0.05542661058132023
mean_diameter_m,999.9865646261427,0.500637977474412,870.0184050116025,492.9919922005446,999.9865646261426,29.537863173328734,204.99731292522853,61.20833946911291,63.64813697313066,0.9999999999305826,0.9999940176728741,0.0,0.0,2049,0.05555491063274449
mean_diameter_m,540.5758209877374,0.5104316766853,429.3029867326698,328.51356717641886,540.5758209877374,37.424135973128,113.11516419754749,123.85955604997636,136.93240866194378,0.9999998711326451,0.999981906479462,0.0,0.0,2049,0.06176144938428708
mean_diameter_m,512.2659714637934,0.5082993167414153,405.34364741119543,313.2298724948381,512.2659714637934,37.69510614639295,107.4531942927587,132.24824326002386,147.0361206210454,0.9999999368221831,0.99998516140328,0.0,0.0,2049,0.0621442105994957
mean_diameter_m,999.9466072632267,0.5031823705655868,868.683273592944,495.2601211051462,999.9466072632267,29.68864858497758,204.98932145264536,61.20607212500203,63.64981632573587,0.999999992294755,0.999995368079916,0.0,0.0,2049,0.055444417145678486
mean_diameter_m,999.832429437198,0.5094852194307943,865.3348636156658,500.8597216442411,999.832429437198,30.062452040719478,204.9664858874396,61.20627843739486,63.6556927772118,0.999999976340266,0.9999938884113608,0.0,0.0,2049,0.05517293585928404
mean_diameter_m,999.8095186354444,0.5102351730555268,864.9245704778458,501.5222437118347,999.8095186354443,30.107090137202167,204.96190372708887,61.207230695703885,63.656685243324155,0.9999999738625156,0.9999935988343512,0.0,0.0,2049,0.055141000506284996
mean_diameter_m,999.9970238395299,0.5047621960786616,867.9274583753133,496.6849853640495,999.9970238395299,29.781019262755358,204.999404767906,61.201700842105296,63.64729765021664,0.9999999908710689,0.9999963655550372,0.0,0.0,2049,0.05537452013863026
mean_diameter_m,999.960978397671,0.5092244139063261,865.5995528788317,500.6589381744763,999.9609783976709,30.04489773540253,204.99219567953418,61.2002558280802,63.64876313448795,0.9999999773626205,0.9999940206998036,0.0,0.0,2049,0.0551816313201314
mean_diameter_m,61.77156795332667,0.5108169521374702,44.01428581266126,43.34131114553204,61.77156795332667,44.55861047596174,17.354313590665335,751.6212120844825,895.6329450941289,1.0000000658931798,0.9999016983251049,0.0,0.0,2049,0.06414791203289116
mean_diameter_m,999.9136548227359,0.5116158247576346,864.3160747943283,502.7773264110927,999.9136548227359,30.18679495540358,204.9827309645472,61.20232033041244,63.65079664656458,0.9999999699671744,0.9999931690541383,0.0,0.0,2049,0.0550793791634852
mean_diameter_m,999.985482987538,0.5127917633503817,863.7793488729455,503.84144593954346,999.985482987538,30.254960289376687,204.9970965975076,61.1992200471716,63.64702500247073,0.9999999671800301,0.9999928775048843,0.0,0.0,2049,0.0550273390800646
mean_diameter_m,999.9978005584402,0.5058847485006204,867.3535252846859,497.6881185018843,999.9978005584402,29.847236968149982,204.99956011168803,61.20053387438426,63.647644333503166,0.9999999886029822,0.9999957425525561,0.0,0.0,2049,0.05532566806218707
mean_diameter_m,519.6138503404287,0.5114730109948451,410.4697031801527,318.6113247152442,519.6138503404287,37.81902738552797,108.92277006808574,129.8009519187683,144.08524097728292,0.999999989076902,0.999995861714025,0.0,0.0,2049,0.061924200927638576
mean_diameter_m,795.3605202932405,0.5106780678474997,663.3662060107912,438.7979420689924,795.3605202932405,33.48350620415354,164.0721040586481,77.28923911137939,82.21401441809822,0.9999999923781763,0.9999966313858055,0.0,0.0,2049,0.05862488515205754
mean_diameter_m,999.9783573538641,0.5096210425123647,865.412596205785,501.01671978537325,999.9783573538641,30.068006361420668,204.99567147077283,61.19932697896176,63.64763266183907,0.9999999760442807,0.9999938620788241,0.0,0.0,2049,0.05516413949371139
mean_diameter_m,124.28319660533185,0.5115878266758844,89.83969076282258,85.87865230707794,124.28319660533187,43.70865868193854,29.856639321066375,496.5245521944665,601.6937937625984,0.9999999823066792,0.9999199749385049,0.0,0.0,2049,0.0645781705620409
mean_diameter_m,999.9979952407192,0.5150430885370223,862.6216444369263,505.8457166314553,999.9979952407192,30.387576379735552,204.99959904814384,61.19993275672803,63.64747799190288,0.9999999631675306,0.9999925090319275,0.0,0.0,2049,0.054930473274962956
mean_diameter_m,999.9926582981586,0.5120017999523282,864.1961894701375,503.1404006393364,999.9926582981585,30.208230542581862,204.9985316596317,61.19864524605548,63.64648619881686,0.9999999690761993,0.999993072758277,0.0,0.0,2049,0.05506117863566054
mean_diameter_m,33.592858557578154,0.5118302895229037,23.728723505279373,23.77872635107806,33.592858557578154,45.06030529903476,11.718571711515631,967.1882051953199,1111.4735782678715,1.0000014482649136,0.9995052527002689,0.0,0.0,2049,0.06270585187694641
mean_diameter_m,999.9978005584402,0.510802847257792,864.8219262882145,502.07433407102167,999.9978005584401,30.137405152648796,204.99956011168803,61.19826907412322,63.64623614079729,0.9999999723336286,0.9999934336227477,0.0,0.0,2049,0.05511273395154412
mean_diameter_m,621.5822165665635,0.5142404516539345,499.94631444077635,369.3482565667349,621.5822165665635,36.456093176965915,129.3164433133127,104.3083920232865,113.75197450861327,0.9999999794765309,0.9999855736933534,0.0,0.0,2049,0.060708523151370535
mean_diameter_m,999.9903401439822,0.5132465191503971,863.5482324638346,504.2470927926746,999.990340143982,30.28170863520695,204.9980680287964,61.19917747393203,63.646902974425046,0.9999999661895129,0.9999927814508746,0.0,0.0,2049,0.05500769835517059
mean_diameter_m,999.9827321842429,0.5103519181180072,865.0397050227965,501.6689878801921,999.9827321842429,30.11105468866537,204.99654643684858,61.19900367887901,63.647153317625424,0.9999999736884263,0.9999935868598466,0.0,0.0,2049,0.05513249014100143
mean_diameter_m,999.9056000766,0.5106533868763657,864.8058009265234,501.91845527772733,999.9056000766,30.13014443037361,204.98112001532,61.2026436805788,63.651317896441064,0.9999999726751577,0.9999934689145213,0.0,0.0,2049,0.055121027605678816
mean_diameter_m,131.78467676170027,0.5111407287701818,95.49756183435952,90.81528898196878,131.78467676170024,43.560389074988585,31.35693535234005,476.5808227224574,577.0718408481792,0.9999999952773645,0.9999649966702521,0.0,0.0,2049,0.06459570164349974
mean_diameter_m,999.9932907682801,0.5125097919254676,863.9335171633121,503.592553065872,999.9932907682801,30.238191469693,204.998658153656,61.19875262486479,63.646529773970514,0.9999999678411633,0.9999929439019163,0.0,0.0,2049,0.05503930810947525
mean_diameter_m,999.9970238395299,0.5126451258671441,863.8671096171099,503.7138717662017,999.9970238395299,30.24611289635457,204.999404767906,61.19862029999006,63.6463550521637,0.9999999675283642,0.9999929123409962,0.0,0.0,2049,0.055033413299440836
mean_diameter_m,556.8141472715463,0.5116441777936727,443.1338451058901,337.1563286124232,556.8141472715463,37.26552342817787,116.36282945430926,119.44120553691302,131.68171283904024,0.9999999750608859,0.9999911186453206,0.0,0.0,2049,0.06153725755124584
mean_diameter_m,999.9997462848582,0.5119543505894757,864.227951984654,503.0999300121114,999.9997462848582,30.205310981524374,204.99994925697166,61.19829875089313,63.646092952069075,0.9999999692031032,0.9999930864514809,0.0,0.0,2049,0.05506307938262765
mean_diameter_m,999.9557426783688,0.5100471064431487,865.169790316791,501.39078695030673,999.9557426783688,30.09352599401439,204.99114853567374,61.200319101523576,63.64871915981543,0.9999999746240358,0.9999936935633401,0.0,0.0,2049,0.05514618953349105
mean_diameter_m,619.857085647693,0.5129027000844747,498.9966591598231,367.72971157493765,619.8570856476931,36.38792093356243,128.97141712953862,104.71569720522345,114.22636844255122,0.9999999687736024,0.9999856566077029,0.0,0.0,2049,0.06079031987369373
mean_diameter_m,999.9968922073294,0.5130551328516512,863.654229759944,504.0785215044132,999.9968922073294,30.270305582829437,204.9993784414659,61.19878292924658,63.64647738694837,0.9999999666056061,0.9999928214263447,0.0,0.0,2049,0.05501579076749788
mean_diameter_m,707.9679861428937,0.5110666570055377,580.7125725571849,404.9587355240541,707.9679861428937,34.8899132648286,146.59359722857874,88.9394455206713,95.69804750839441,1.0000000522938175,0.9999897104973136,0.0,0.0,2049,0.059806958841674314
mean_diameter_m,999.9963931579084,0.5112630135016163,864.5824936399765,502.4837291098152,999.9963931579084,30.16457879707484,204.9992786315817,61.19835465575156,63.64626499496192,0.9999999710123061,0.999993285883694,0.0,0.0,2049,0.0550929237585265
mean_diameter_m,568.7051659158328,0.5082332884705549,455.16193722733607,340.95920084199736,568.7051659158328,36.8366708606015,118.74103318316656,116.59857591806252,128.23673331668147,0.9999999712766691,0.9999907524310321,0.0,0.0,2049,0.06157067186218221
mean_diameter_m,999.9986297711994,0.5112350315918461,864.5992374633222,502.45936962317467,999.9986297711994,30.162890036563635,204.99972595423986,61.19824632482639,63.64614400664287,0.9999999710926234,0.9999932948579382,0.0,0.0,2049,0.05509408490143667
mean_diameter_m,921.620927418765,0.5150430885370223,784.071625316341,484.37260474764236,921.620927418765,31.70635248217437,189.32418548375298,65.7841631760331,68.94586225226406,1.000000008245486,0.9999963837010512,0.0,0.0,2049,0.056399726171211854
mean_diameter_m,300.52759103285354,0.5108712877993252,226.63034597103717,197.3715259531072,300.52759103285354,41.05248551688736,65.10551820657071,236.47948569836362,275.5015483176584,1.000000013790942,0.9999892186562463,0.0,0.0,2049,0.06380267468787425
mean_diameter_m,999.941750766117,0.5111927853658128,864.5634824304065,502.4076927884521,999.941750766117,30.161359328626798,204.9883501532234,61.20094041656031,63.64926614978543,0.9999999711447727,0.9999932994185161,0.0,0.0,2049,0.0550970445086955
mean_diameter_m,999.9978590731621,0.5129474223627783,863.7111134434622,503.982966641892,999.997859073162,30.263934246988978,204.9995718146324,61.19869294737613,63.646390529049306,0.999999966843262,0.9999928445294389,0.0,0.0,2049,0.05502040054078147
mean_diameter_m,999.9959612903435,0.5123074321456118,864.0411419125323,503.4131778961348,999.9959612903435,30.22620694053109,204.99919225806872,61.198565462865986,63.646345598364846,0.9999999683278562,0.9999929939147858,0.0,0.0,2049,0.055047959733249545
mean_diameter_m,999.8583168843777,0.5099711091767531,865.110349852403,501.2990488930868,999.8583168843777,30.09068553785285,204.97166337687554,61.20495045950615,63.65408719574235,0.9999999747616359,0.9999937044996225,0.0,0.0,2049,0.055151424397405426
mean_diameter_m,726.811281152108,0.5099069423456395,598.8702487835642,411.8362095929406,726.811281152108,34.515857924190406,150.3622562304216,86.14494776101837,92.48242219008003,1.000000032116178,0.9999919456373183,0.0,0.0,2049,0.05961448216741564
mean_diameter_m,999.9975953997402,0.5117625347430032,864.3251293876942,502.9286843223481,999.9975953997401,30.19403025722264,204.99951907994802,61.19836315770323,63.64619747824607,0.9999999696864545,0.9999931390184876,0.0,0.0,2049,0.055071381038295925
mean_diameter_m,999.9972122994466,0.5100612576732824,865.2044866010896,501.4136226430324,999.9972122994465,30.093661238710695,204.99944245988928,61.198351409743715,63.646441064129675,0.9999999746253996,0.9999936957148067,0.0,0.0,2049,0.05514474712895533
mean_diameter_m,192.69751607157104,0.5125097919254676,141.4342362344895,130.87661945863363,192.69751607157104,42.779728368857306,43.53950321431421,354.5338453846623,424.3805062302435,1.0000000021783246,0.9999972177619171,0.0,0.0,2049,0.06435682271295315
mean_diameter_m,157.78566256680472,0.5114347678647512,115.01422110704546,108.01872177907504,157.78566256680472,43.20348858846457,36.55713251336094,416.7924199337789,502.8533991009259,0.9999999854668865,0.9999065280892189,0.0,0.0,2049,0.0645339030151074
mean_diameter_m,977.6923418629733,0.510775195964685,842.3105858027382,496.3821032049335,977.6923418629734,30.511272830510315,200.53846837259468,62.32471803046555,64.94572152158774,0.9999999996411143,0.9999927643621797,0.0,0.0,2049,0.05555279290887601
mean_diameter_m,595.7648085303484,0.5125500378079854,477.4569453995366,356.3293032757012,595.7648085303484,36.73422558010429,124.15296170606969,109.95251009469595,120.37974483880919,0.9999999842708466,0.9999906279366253,0.0,0.0,2049,0.0610768790701961
mean_diameter_m,1000.0,0.38814635113760404,921.181094831613,389.13415491939384,1000.0,22.900634717118642,205.0,62.937854640245895,65.5226683626269,1.000000000588726,0.9999992580850705,0.0,0.0,8193,0.015245550970714878
mean_diameter_m,1000.0,0.6218536488623958,801.8865561307837,597.4763184400798,1000.0000000000001,36.68936528288136,205.00000000000003,62.19039522137148,64.75639055259501,1.000000000524496,0.9999994917268675,0.0,0.0,8193,0.012675613174855565
mean_diameter_m,1000.0,0.7662927022752082,704.4946317659633,709.7093164197155,1000.0,45.21126943423729,205.0,65.75965785971495,68.69680904254834,0.999999999539992,0.9999995797653736,0.0,0.0,8193,0.011463573793513412
mean_diameter_m,1000.0,0.5266667422210765,856.5073572221456,516.134814776465,1000.0,31.073337791043517,205.0,61.22125774065488,63.67677053255106,0.9999999998707046,0.9999993756841423,0.0,0.0,8193,0.013609250347720987
mean_diameter_m,1000.0,0.5215559112222896,859.2118226512798,511.6200189752798,1000.0,30.77179876211509,205.0,61.2088904990664,63.66056363300124,0.9999999991210612,0.9999994117992512,0.0,0.0,8193,0.013663213807355435
mean_diameter_m,1000.0,0.5084765782615283,866.0243730135682,500.0017853432687,1000.0,30.00011811743017,205.0,61.19859236926774,63.64741904294095,0.9999999997102567,0.999999368332681,0.0,0.0,8193,0.01380330008576656
mean_diameter_m,1000.0,0.5106295326691781,864.9137454652481,501.9205244909557,1000.0,30.12714242748151,205.0,61.19812180808161,63.64669167843178,1.0000000002152936,0.9999995685074782,0.0,0.0,8193,0.013780041364269047
mean_diameter_m,1000.0,0.5107400869230495,864.8565999190548,502.01898527491164,1000.0,30.13366512845992,205.0,61.198121375406615,63.64668107524661,1.000000000233287,0.999999585585037,0.0,0.0,8193,0.013778849172995634
mean_diameter_m,1000.0,0.5107054447876784,864.8745076611093,501.9881333238405,1000.0,30.131621242473035,205.0,61.19812126336221,63.646684118205165,1.0000000002276073,0.9999995801626975,0.0,0.0,8193,0.013779222723210853
mean_diameter_m,1000.0,0.5107055915024945,864.874431821365,501.98826398798525,1000.0,30.131629898647184,205.0,61.19812126336016,63.64668410477984,1.0000000002276317,0.9999995801855247,0.0,0.0,8193,0.013779221141124481
mean_diameter_m,1000.0,0.5107056324108159,864.8744106750538,501.9883004209146,1000.0,30.131632312238143,205.0,61.198121263360264,63.64668410103739,1.0000000002276372,0.9999995801918917,0.0,0.0,8193,0.013779220699993244
mean_diameter_m,1000.0,0.5107055505941731,864.8744529676746,501.9882275550549,1000.0,30.131627485056214,205.0,61.198121263360484,63.64668410852276,1.0000000002276268,0.9999995801791599,0.0,0.0,8193,0.013779221582255743
mean_diameter_m,999.9998906595015,0.5108401230893235,864.8047707672193,502.10804591967275,999.9998906595015,30.139569109955577,204.9999781319003,61.19812815239669,63.64667974616346,1.0000000002499565,0.9999996016153971,0.0,0.0,8193,0.013777771133999512
mean_diameter_m,950.0001148075235,0.5108401230893235,814.49961847762,488.9689045676825,950.0001148075235,30.9776751865407,195.0000229615047,63.918785635473014,66.797124193803,0.999999999560545,0.9999995973025629,0.0,0.0,8193,0.0140183470741963
mean_diameter_m,999.9998906595015,0.5363821292437897,851.30086954877,524.6776256183629,999.9998906595015,31.64654756545335,204.9999781319003,61.25713976896782,63.71775520717732,0.9999999998595062,0.9999996299357091,0.0,0.0,8193,0.01350783953438848
mean_diameter_m,1000.0,0.5363821292437897,851.3009803963449,524.6776541613164,1000.0,31.64654562538359,205.0,61.25713454537969,63.717749021893574,0.9999999998594946,0.999999629928892,0.0,0.0,8193,0.013507839003019146
mean_diameter_m,1000.0,0.5108401230893235,864.8048815174941,502.1080729320263,1000.0,30.139567262270084,205.0,61.198122967165546,63.646673746855015,1.000000000249964,0.9999996016071779,0.0,0.0,8193,0.01377777058644989
mean_diameter_m,1000.0,0.49806912001209036,871.3330668290324,490.69204869277513,999.9999999999999,29.386078080713336,204.99999999999997,61.21323853064227,63.66152880993299,1.0000000006340317,0.9999994891667006,0.0,0.0,8193,0.01391686778910046
mean_diameter_m,999.9998906595015,0.48529811693485725,877.7104506993201,479.19113728470745,999.9998906595015,28.63259065445779,204.9999781319003,61.260464269735465,63.70845312821215,0.9999999991785371,0.9999993684908063,0.0,0.0,8193,0.014058859699388054
mean_diameter_m,999.9999726648754,0.5236111261665566,858.1271067172902,513.4372542451162,999.9999726648754,30.893056917296253,204.99999453297508,61.21330954338627,63.6652254435943,0.9999999994717214,0.9999996104958038,0.0,0.0,8193,0.013641462000945709
mean_diameter_m,999.9999179946261,0.49806912001209036,871.3329838037881,490.69202900072287,999.999917994626,29.386079431833352,204.9999835989252,61.21324240894049,63.66153329972872,1.0000000006340268,0.999999489171883,0.0,0.0,8193,0.013916868205472775
mean_diameter_m,999.9999316621886,0.5044546215507069,868.0876713647009,496.4107756173237,999.9999316621886,29.76282381186009,204.99998633243771,61.2017861258519,63.648226483406354,0.9999999993578587,0.9999995503635638,0.0,0.0,8193,0.013846964437860624
mean_diameter_m,999.9999589973129,0.5172256246279401,861.4845900749463,507.7836340982539,999.999958997313,30.516312554591558,204.9999917994626,61.20205102949663,63.65353407917897,1.0000000002567018,0.9999996131078572,0.0,0.0,8193,0.013709274356523407
mean_diameter_m,999.9999384959697,0.5076473723200152,866.4509315182607,499.26211578997396,999.9999384959697,29.95119599970822,204.99998769919392,61.19900634334281,63.647996133200536,0.9999999994068332,0.9999993588803922,0.0,0.0,8193,0.013812279699459935
mean_diameter_m,999.9999521635318,0.5140328738586317,863.1493730299255,504.94857576302985,999.9999521635318,30.327940371073954,204.99999043270637,61.199152542273126,63.6474369550415,1.0000000010476167,0.9999993638640394,0.0,0.0,8193,0.013743436286499421
mean_diameter_m,999.9999419128602,0.5092437477046694,865.6290484118033,500.68576409900027,999.9999419128602,30.04538209309097,204.99998838257204,61.19832644370079,63.647049056519904,0.9999999999580884,0.9999994106841342,0.0,0.0,8193,0.013795003394827443
mean_diameter_m,999.9999487466413,0.5124364984739775,863.9782669371991,503.5289979271097,999.9999487466414,30.233754278773823,204.99998974932828,61.198405611558904,63.64679172312968,1.000000000650457,0.9999994305337045,0.0,0.0,8193,0.013760581891813584
mean_diameter_m,999.9999436213054,0.5100419353969965,865.2172295333966,501.39708112549664,999.9999436213054,30.092475139647018,204.99998872426107,61.19816568431092,63.64679478119256,1.000000000120389,0.999999488849592,0.0,0.0,8193,0.013786381669029629
mean_diameter_m,999.9999470381961,0.5116383107816505,864.3918385172898,502.81869851974926,999.9999470381961,30.18666123248844,204.99998940763922,61.198205640033095,63.646668443070894,1.0000000004117449,0.9999995153817709,0.0,0.0,8193,0.013769170942956089
mean_diameter_m,999.9999444755281,0.51044102924316,865.0111008845519,501.75261264646633,999.9999444755281,30.116021662891214,204.99998889510562,61.198130489080334,63.64671879889496,1.000000000185192,0.999999540917432,0.0,0.0,8193,0.013782074901595182
mean_diameter_m,999.9999461839734,0.5112392169354869,864.598405341648,502.46342140361725,999.9999461839734,30.163114709311916,204.99998923679468,61.198150605558745,63.64665756094526,1.000000000322792,0.9999995707644453,0.0,0.0,8193,0.01377346954173759
mean_diameter_m,999.9999449026394,0.5106405761662418,864.9079817729462,501.9303466326089,999.9999449026394,30.127794924504844,204.9999889805279,61.198124274121454,63.64669352528617,1.0000000002170721,0.9999995701875437,0.0,0.0,8193,0.013779922540350806
mean_diameter_m,1000.0,0.5106405761662419,864.9080375803118,501.9303602383243,1000.0,30.127793993808275,205.0,61.19812166137184,63.64669050242626,1.0000000002170775,0.9999995701836781,0.0,0.0,8193,0.013779922264375837
mean_diameter_m,1000.0,0.5105408027047011,864.9596019173714,501.8414959436319,1000.0,30.121907359577374,205.0,61.19812382077892,63.64670206861776,1.0000000002010787,0.9999995552793615,0.0,0.0,8193,0.013780998358732977
mean_diameter_m,1000.0,0.5108401230893236,864.804881517494,502.1080729320263,999.9999999999999,30.13956726227009,204.99999999999997,61.198122967165574,63.64667374685503,1.0000000002499643,0.9999996016071782,0.0,0.0,8193,0.01377777058644989
mean_diameter_m,1000.0,0.5107902363585531,864.8306739566157,502.0636467458543,1000.0,30.136623945154643,205.0,61.19812193790895,63.6466771220327,1.000000000241593,0.99999959354956,0.0,0.0,8193,0.013778308442098363
mean_diameter_m,1000.0,0.5105906894354716,864.9338208900941,501.88592875320046,1000.0,30.124850676692823,205.0,61.198122506627264,63.6466960208454,1.000000000209052,0.9999995626641954,0.0,0.0,8193,0.013780460290266383
mean_diameter_m,1000.0,0.5106530478489346,864.9015913962328,501.94146790264705,1000.0,30.128529823087145,205.0,61.19812152331028,63.64668920551824,1.0000000002190916,0.9999995720845832,0.0,0.0,8193,0.013779787764554977
mean_diameter_m,1000.0,0.5107055915024945,864.874431821365,501.98826398798525,1000.0,30.131629898647184,205.0,61.19812126336016,63.64668410477984,1.0000000002276317,0.9999995801855247,0.0,0.0,8193,0.013779221141124481
mean_diameter_m,950.0,0.5107055915024945,814.5691175263395,488.85289481843154,950.0,30.969519012965563,195.0,63.918802833331114,66.79718495516755,0.9999999995481592,0.9999996165579801,0.0,0.0,8193,0.014019831497027313
mean_diameter_m,1000.0,0.5362408710776193,851.3772908890151,524.5538185529502,1000.0,31.638211393579542,205.0,61.25649831584133,63.716857389241966,0.9999999998872645,0.9999996086561933,0.0,0.0,8193,0.013509302659645393
mean_diameter_m,1000.0,0.5362408710776194,851.3772908890151,524.5538185529502,1000.0,31.638211393579542,205.0,61.25649831584133,63.716857389241966,0.9999999998872645,0.9999996086561933,0.0,0.0,8193,0.013509302659645393
mean_diameter_m,1000.0,0.5298570511838382,854.8071310250383,518.9458244833877,1000.0,31.261566019846455,205.0,61.23125362987248,63.68746138111207,1.0000000004512437,0.9999996293227342,0.0,0.0,8193,0.013575781494274054
mean_diameter_m,1000.0,0.5043217716087133,868.1556421685245,496.29203194385127,1000.0,29.75498452491409,205.0,61.20194099367191,63.64840908591613,0.9999999993471703,0.9999995309997389,0.0,0.0,8193,0.013848411155250585
mean_diameter_m,1000.0,0.4851703119273695,877.7736184064349,479.07564624981114,999.9999999999999,28.625048403714807,204.99999999999997,61.26110044871673,63.709166783204125,0.9999999991932218,0.9999993603586852,0.0,0.0,8193,0.014060295098081117
mean_diameter_m,1000.0,0.5186853663697211,860.7203782373261,509.0780200391628,1000.0,30.602436615813545,205.0,61.2039754473868,63.65547675050447,0.9999999998098857,0.9999994359696618,0.0,0.0,8193,0.013693712233519518
mean_diameter_m,1000.0,0.4963419967414866,872.20438182487,489.14161172966703,1000.0,29.284177807747714,205.0,61.21769698775654,63.663972435192534,1.0000000010699093,0.9999993521978081,0.0,0.0,8193,0.013935898790699015
mean_diameter_m,1000.0,0.5130995239626625,863.634334746772,504.1187715672771,1000.0,30.27287191379709,205.0,61.1986577772696,63.64699271253282,1.0000000009086207,0.9999993862204551,0.0,0.0,8193,0.013753455274131637
mean_diameter_m,1000.0,0.5194833438564436,860.3017718076992,509.78511298833894,1000.0,30.649517287530166,205.0,61.205191861466034,63.65672163065713,0.9999999994913974,0.9999993863402022,0.0,0.0,8193,0.013685220266499442
mean_diameter_m,1000.0,0.5081121646706459,866.2119391061514,499.6767720736687,1000.0,29.978617715568113,205.0,61.198757813164406,63.647643288285146,0.9999999995525275,0.9999993595196095,0.0,0.0,8193,0.013807244787844522
mean_diameter_m,1000.0,0.5156929507945109,862.2849740131672,506.423363986212,999.9999999999999,30.425884096876146,204.99999999999997,61.20042622580125,63.65053357273482,1.0000000007315184,0.9999994389169771,0.0,0.0,8193,0.013725652060364515
mean_diameter_m,1000.0,0.5100073612016122,865.2351371188391,501.36629074454487,999.9999999999999,30.09043431089512,204.99999999999997,61.19816747272945,63.64679986469873,1.0000000001145128,0.9999994847425626,0.0,0.0,8193,0.01378675461725082
mean_diameter_m,1000.0,0.5076134287414443,866.4684440907049,499.2318453334413,1000.0,29.949192295745217,205.0,61.199022982096054,63.64802013366655,0.9999999993991412,0.9999993593006573,0.0,0.0,8193,0.013812647211155039
mean_diameter_m,1000.0,0.5117280001573579,864.3454495890225,502.8985422277048,1000.0,30.191952009284115,205.0,61.198219657184076,63.646672636738636,1.0000000004347513,0.9999995041292329,0.0,0.0,8193,0.013768205017874065
mean_diameter_m,1000.0,0.5089849525467489,865.7625056742501,500.4550766738651,1000.0,30.030112200258188,205.0,61.198401835874414,63.64715759784933,0.9999999998875592,0.9999993927966693,0.0,0.0,8193,0.013797800857210458
mean_diameter_m,1000.0,0.5110422382547056,864.7003605756282,502.2880512418929,1000.0,30.151492057027635,205.0,61.19813192879557,63.64666166388979,1.0000000002853338,0.999999601297486,0.0,0.0,8193,0.013775591909553764
mean_diameter_m,1000.0,0.5117404685555881,864.3389926718926,502.909639743501,1000.0,30.192687644779696,205.0,61.19822207443771,63.64667375844343,1.0000000004380263,0.9999995025990573,0.0,0.0,8193,0.013768070785022816
mean_diameter_m,1000.0,0.5104406380401061,865.011359249645,501.7522778912733,1000.0,30.115997644366264,205.0,61.19812787571359,63.64671581054749,1.0000000001851357,0.9999995408585457,0.0,0.0,8193,0.013782078843694562
mean_diameter_m,1000.0,0.510103991287895,865.1852447454767,501.4523828587414,1000.0,30.096135485985798,205.0,61.1981555698618,63.646777652460045,1.000000000130802,0.9999994963752438,0.0,0.0,8193,0.013785711540239796
mean_diameter_m,1000.0,0.510807676513003,864.8216573068718,502.07917807154246,1000.0,30.13765291426718,205.0,61.19812224447773,63.646675877719204,1.0000000002445055,0.9999995963511753,0.0,0.0,8193,0.013778120405585393
mean_diameter_m,1000.0,0.5110726299753914,864.6846406960693,502.31511239888994,1000.0,30.153285168548095,205.0,61.19813394082315,63.64666003809003,1.000000000290897,0.9999995964492313,0.0,0.0,8193,0.013775264365913425
mean_diameter_m,1000.0,0.5105986360239274,864.9297139517487,501.8930064499269,1000.0000000000001,30.125319525411722,205.00000000000003,61.198122340590146,63.64669510636014,1.0000000002103266,0.9999995638529801,0.0,0.0,8193,0.013780374583857547
mean_diameter_m,1000.0,0.5109146319915701,864.7663546727987,502.17442370745977,1000.0,30.143963287502636,205.0,61.198125376545406,63.64666970012787,1.0000000002627063,0.9999996138920333,0.0,0.0,8193,0.013776967345164277
mean_diameter_m,1000.0,0.5106776350158381,864.8888827170005,501.9633657474801,999.9999999999999,30.129980465934448,204.99999999999997,61.198121336941846,63.64668674561688,1.0000000002230782,0.9999995758567386,0.0,0.0,8193,0.013779522614098639
conservative_mean_m,600.8171679533389,0.31140190675325313,555.9980139258065,227.70041242393322,600.8171679533389,22.270796329955935,125.16343359066778,131.31111144645436,145.81981643368584,0.9999999150505474,0.9999802628079516,0.0,0.0,2049,0.07104572651515367
conservative_mean_m,474.80258691236963,0.583053273210554,342.20831771243644,329.13669474414803,474.80258691236963,43.884546410648404,99.96051738247392,139.6328560981407,155.76805612661806,1.0000000763974497,0.9999805005969244,0.0,0.0,2049,0.059099193748513745
conservative_mean_m,961.0531400124727,0.9511098263980797,518.7324763188207,809.0363131157819,961.0531400124727,57.33309171986558,197.21062800249453,75.70458855264278,79.80724478536168,0.9999999864566345,0.999993129440395,0.0,0.0,2049,0.040931954572547384
conservative_mean_m,208.0981886387853,0.2931272535322037,189.60504689215364,85.76002744733523,208.0981886387853,24.337657165152724,46.61963772775706,441.8680154322592,531.0383219284076,0.9999995477696018,0.999862147714546,0.0,0.0,2049,0.07446332843331023
conservative_mean_m,266.3913064346396,0.13482040793368688,261.52612642001867,50.67951601677431,266.3913064346396,10.967060973118276,58.27826128692792,549.2836694705525,649.117899558965,0.9999975139930012,0.9997445692797327,0.0,0.0,2049,0.08188952574503985
conservative_mean_m,59.9241363285866,0.8688057023284954,14.667380049306082,58.10137758449665,59.9241363285866,75.8320054668518,16.98482726571732,670.4738788982858,810.6719398611186,1.0000000182892588,0.999977926895037,0.0,0.0,2049,0.047963905348498016
conservative_mean_m,901.9786670874417,0.8392657547819552,552.8750218543057,712.6673319932935,901.9786670874419,52.19630712669857,185.39573341748837,74.89729619160678,79.06497929922573,0.999999991527047,0.9999945706443968,0.0,0.0,2049,0.04473322861424813
conservative_mean_m,763.0497496913856,0.05412291414367487,761.5414841185515,47.95298187391722,763.0497496913856,3.6030614966365184,157.6099499382771,279.76282396668233,315.0835279433687,1.0000009310497322,0.9998790358286067,0.0,0.0,2049,0.08529800019323751
conservative_mean_m,31.28403261612823,0.44051423281485547,24.377086746163336,19.607354194204856,31.28403261612823,38.810952285129744,11.256806523225645,1025.803209556942,1163.1909075946223,0.9999979896368171,0.9995812896060908,0.0,0.0,2049,0.06594026697145798
conservative_mean_m,449.7122676003789,0.7345017705096818,252.60545874350746,372.06398084638204,449.7122676003789,55.82623420967432,94.94245352007577,144.68097865118074,161.74422725384107,1.0000000276280079,0.9999894690077187,0.0,0.0,2049,0.05280715167948327
conservative_mean_m,546.2976483289326,0.18592423988981988,530.979925592792,128.4579276930588,546.2976483289326,13.600037150001524,114.25952966578652,205.43081103497272,234.94540959430216,1.0000001176939322,0.9999731984046504,0.0,0.0,2049,0.07825093286518499
conservative_mean_m,695.1287926714143,0.6199822457094838,511.93707581948746,470.2387359652653,695.1287926714143,42.568963736063516,144.02575853428286,90.2200079072834,97.11501231938901,0.9999999837719598,0.9999946982373324,0.0,0.0,2049,0.05515176377417441
conservative_mean_m,883.2609174560102,0.04791974119244358,882.0431844188406,46.364524428748915,883.2609174560102,3.0089784413134786,181.65218349120204,249.32061458125173,279.04437977005375,1.000000852782263,0.9998678151820658,0.0,0.0,2049,0.0855019340433772
conservative_mean_m,195.12198299809074,0.5069232796709213,144.36860470004302,131.26421532950224,195.12198299809074,42.278040891182194,44.02439659961815,352.52866083985987,421.9710126816823,0.9999999972288054,0.9999803619534074,0.0,0.0,2049,0.06460015578672387
conservative_mean_m,568.3147783288241,0.7864610981788196,309.42862810748676,476.6923655508437,568.3147783288242,57.011753918974065,118.66295566576484,115.21190308716045,126.24661030574775,0.9999999551193302,0.9999889557367272,0.0,0.0,2049,0.049725525929338044
conservative_mean_m,848.3545927042921,0.37443096288344674,775.4515146097209,344.0646210408087,848.3545927042921,23.92666270901427,174.67091854085842,75.27703786534038,79.8311983750766,0.9999999965860052,0.9999895748524025,0.0,0.0,2049,0.06457304650678271
conservative_mean_m,372.56864050524666,0.9069132664747244,121.42779435364207,352.2253293650775,372.56864050524666,70.978641496708,79.51372810104934,177.0179423189457,201.12033797919355,1.0000000005252982,0.9999965499613871,0.0,0.0,2049,0.046380341884626655
conservative_mean_m,125.53737293608344,0.6927739679887406,64.34869769898766,107.79089529332984,125.53737293608344,59.1637651993356,30.10747458721669,442.6052485741978,536.4285250706928,1.0000001521522597,0.9999469842095976,0.0,0.0,2049,0.056446584343952284
conservative_mean_m,303.6786953728998,0.20457692776955444,291.2922699967882,85.84616161194833,303.6786953728999,16.420666911047054,65.73573907457998,387.34678055236077,460.54938103082935,1.0000012321645702,0.9998717094823184,0.0,0.0,2049,0.07836807356006519
conservative_mean_m,711.7767004119078,0.473922693103536,601.6454638679286,380.32723680589555,711.7767004119078,32.298827184231456,147.35534008238156,89.3548833752624,96.19617736720281,0.9999999898207589,0.9999959254362873,0.0,0.0,2049,0.061509050418464106
conservative_mean_m,901.9786670874417,0.8619895811138433,535.129957094497,726.0863894199367,901.9786670874417,53.609566051603885,185.39573341748834,75.8752588225838,80.15661527716755,1.0000000037786023,0.9999966611427196,0.0,0.0,2049,0.044030275275196304
conservative_mean_m,702.2885205599648,0.784389925852147,415.9048211464223,565.8907543488112,702.2885205599648,53.685749348745986,145.45770411199297,93.00319892175568,100.07925933582908,1.0000000085631515,0.9999925657177067,0.0,0.0,2049,0.0485924702915231
conservative_mean_m,439.2307244670484,0.9511098263980797,131.4753689597477,419.091704371187,439.2307244670484,72.5825745397867,92.84614489340967,154.9410312580296,173.90216870054195,1.000000007326242,0.9999899299850437,0.0,0.0,2049,0.04432358917066216
conservative_mean_m,733.9927118517795,0.6936469634295969,502.4524164046878,535.0578195864626,733.9927118517795,46.800018232676216,151.7985423703559,86.16337363851046,92.27886222296051,0.9999999894995835,0.9999938505647891,0.0,0.0,2049,0.0517021583423975
conservative_mean_m,37.05826167608393,0.5047259343269466,26.484020371951388,25.92125427889582,37.05826167608393,44.38473974579423,12.411652335216786,937.5994443767045,1083.4182067072193,1.0000005443996551,0.9997890120597689,0.0,0.0,2049,0.06335866047080534
conservative_mean_m,59.9241363285866,0.39498111197437286,49.39976430758016,33.91998527538833,59.9241363285866,34.47515337695022,16.98482726571732,831.2035272794745,977.1545408291828,0.9999989434154772,0.9996576673618381,0.0,0.0,2049,0.06952498787027263
conservative_mean_m,536.7875570826751,0.6040153137717788,383.8239114531706,375.26002509669854,536.7875570826751,44.35362388184237,112.35751141653502,121.0455891911081,133.42165819621488,0.9999999958856685,0.999995669941842,0.0,0.0,2049,0.05757188160587154
conservative_mean_m,681.5335797935625,0.05412291414367487,680.0832069382406,44.43930722712121,681.5335797935625,3.7386161785395164,141.3067159587125,329.17805743869604,372.95906979183025,1.0000009107852021,0.9998663900720854,0.0,0.0,2049,0.08543210432967067
conservative_mean_m,605.5602799741363,0.3975461415797505,532.8059055923836,287.78658698458185,605.5602799741363,28.374990406397828,126.11205599482726,116.22229312103934,127.92760286597532,0.999999979006457,0.999988063994059,0.0,0.0,2049,0.06653671177514613
conservative_mean_m,507.85174472535675,0.7345017705096818,294.43328827835376,413.7903253752856,507.8517447253567,54.56617518656608,106.57034894507134,127.90516247810095,141.47637127759683,0.9999999326206966,0.9999851468774515,0.0,0.0,2049,0.05231963465107662
conservative_mean_m,98.74004161962068,0.7479365295365233,42.58674007724283,89.08403554306341,98.74004161962068,64.4498072799351,24.748008323924136,511.5288877897811,622.055415409972,1.0000000019397477,0.9999861478173542,0.0,0.0,2049,0.05391832691144619
conservative_mean_m,365.8309775481801,0.7263432769489607,199.30384253119723,306.77399251917814,365.83097754818004,56.989165850705135,78.16619550963601,177.39866592011592,201.83398494235772,1.0000000647165068,0.9999780582371746,0.0,0.0,2049,0.05379929974438285
conservative_mean_m,165.01439520846003,0.7932641616117957,64.8836772345121,151.72296811801928,165.01439520846003,66.84623370095733,38.002879041692005,350.6000987688471,421.3426645617168,0.9999997962392212,0.9999590301637631,0.0,0.0,2049,0.0520263147006807
conservative_mean_m,195.12198299809074,0.5537939294125291,135.0840230181229,140.80090544576214,195.12198299809074,46.18711219613068,44.02439659961815,339.57994702650427,405.9718676341136,0.999999983567517,0.9999560384717117,0.0,0.0,2049,0.062476169105176955
conservative_mean_m,959.9875810227566,0.14232572010882982,949.232955640556,143.29323655992232,959.9875810227566,8.584376311702835,196.99751620455132,104.13724914790521,111.76451734165931,1.0000001654949382,0.9999714482553903,0.0,0.0,2049,0.07781575622038835
conservative_mean_m,636.0145618344744,0.5707378062200779,485.6937888584275,410.62886689788826,636.0145618344743,40.21278386252589,132.20291236689485,100.08361970360862,108.7047546289159,0.9999999750157481,0.9999920179020101,0.0,0.0,2049,0.057977701522631084
conservative_mean_m,820.2327891439497,0.9069132664747244,425.4296074188636,701.2784593285999,820.2327891439497,58.756963632129505,169.04655782878996,85.10557905433508,90.69861533025315,0.9999999902136517,0.9999952454461536,0.0,0.0,2049,0.04336037620046524
conservative_mean_m,385.90200818709843,0.40366741594119593,329.26205127506734,201.26316481902572,385.90200818709843,31.435579127223182,82.18040163741969,202.18437611169415,232.63491566028657,1.0000002915887989,0.9999603431049497,0.0,0.0,2049,0.06820161281388164
conservative_mean_m,115.93020819607432,0.5188003001238639,82.7592228658419,81.18327538986738,115.93020819607432,44.449243735149246,28.186041639214864,517.8278781311016,627.5658208914813,1.0000000665414348,0.9999221926024549,0.0,0.0,2049,0.06424511326666103
conservative_mean_m,507.85174472535675,0.94579561794723,171.5014200586575,478.0174238858379,507.85174472535675,70.2632062326864,106.57034894507134,135.64570708677368,150.4601610708792,1.0000000260898838,0.9999896453065241,0.0,0.0,2049,0.04415068318244857
conservative_mean_m,698.4758244294204,0.6217966022332224,513.898947435463,473.0500492940274,698.4758244294204,42.629933876909234,144.69516488588408,89.74636582451923,96.5465740597112,0.9999999907224204,0.9999962884460796,0.0,0.0,2049,0.0550354167164109
conservative_mean_m,58.94327563230422,0.844654282052533,16.496269865898,56.58783281569682,58.94327563230422,73.74774093789527,16.788655126460846,678.3932149912033,819.4235853705172,0.9999998901090584,0.9999077412249865,0.0,0.0,2049,0.04898795519165617
conservative_mean_m,275.54230695700437,0.9511098263980797,61.434981179170144,268.60622854041014,275.54230695700437,77.11703764026117,60.10846139140087,231.9666561230669,270.1441209752161,0.9999999111146034,0.9999804855100922,0.0,0.0,2049,0.04506943818738517
conservative_mean_m,886.8625842435107,0.4221048533504922,793.9856703707637,395.110109434025,886.8625842435108,26.456258762239607,182.37251684870216,69.61371219954312,73.33609557467803,0.9999999581314423,0.9999910383178773,0.0,0.0,2049,0.06142920949441195
conservative_mean_m,911.8706411996377,0.18403090117820825,893.9217282107345,180.03335833831454,911.8706411996376,11.386887982664684,187.37412823992753,94.2236826820918,100.87101715333073,0.9999998880650607,0.9999791554881713,0.0,0.0,2049,0.07534530494172759
conservative_mean_m,438.05691867694657,0.16857866641453428,427.0509290180158,97.57749753703786,438.05691867694657,12.870648043025382,92.61138373538931,293.0630394916958,342.56031754382553,1.0000000691350788,0.9999407839992659,0.0,0.0,2049,0.07968036705501642
conservative_mean_m,874.7196332127994,0.10910845109129935,868.4193856229055,104.79602760729857,874.7196332127994,6.88086467641223,179.9439266425599,140.79480360407914,154.43668371862654,0.9999999013088204,0.9999710445852926,0.0,0.0,2049,0.08104849681915614
conservative_mean_m,644.9358365609947,0.5211868085496542,517.8936837621942,384.3544790943049,644.9358365609947,36.580934654703654,133.98716731219895,99.46647618277738,108.02213042775857,1.0000000056803648,0.9999952665692535,0.0,0.0,2049,0.0601160540542018
conservative_mean_m,605.5602799741363,0.4096513945849868,528.4056874993773,295.788238611113,605.5602799741363,29.23900693671974,126.11205599482726,114.91976047047213,126.39272551124643,0.9999999586012338,0.999989926047131,0.0,0.0,2049,0.0659292655534948
conservative_mean_m,879.7605249261176,0.8925384335779036,490.1209429565992,730.5888327189323,879.7605249261176,56.144021932767124,180.9521049852235,79.05483366535147,83.75304508875203,0.9999999961081161,0.9999978181188266,0.0,0.0,2049,0.04330336634311258
conservative_mean_m,674.0455121234789,0.11365816362847148,667.6855745361629,92.37600321575455,674.0455121234789,7.877012229934973,139.8091024246958,207.2424840070222,234.72158716190964,0.9999994895286001,0.9999415482265784,0.0,0.0,2049,0.08179837861837372
conservative_mean_m,884.3494362005122,0.6199822457094838,688.1574666572088,555.4396694440326,884.3494362005122,38.90839986132636,181.86988724010243,69.51581855864623,73.18189974512242,0.9999999996718165,0.9999945678636111,0.0,0.0,2049,0.05262838622603294
conservative_mean_m,883.2609174560102,0.3273922553860491,827.0143979214208,310.15646686132925,883.2609174560102,20.55762852210397,181.65218349120204,74.57308321513011,78.89679228064385,0.9999999942169224,0.999990424182377,0.0,0.0,2049,0.0666250465261408
conservative_mean_m,803.4361868441557,0.20594886376621258,781.3959257116378,186.89599677876922,803.4361868441557,13.451420532952625,165.68723736883115,105.97972233318315,115.0761706504141,0.9999999640553124,0.9999880404677445,0.0,0.0,2049,0.07512719136293142
conservative_mean_m,776.0193793039199,0.4761401128481043,661.6238761018853,405.53658728548555,776.0193793039199,31.505851760502456,160.20387586078397,80.14574594579963,85.50810583631991,1.0000000011771923,0.9999947222288401,0.0,0.0,2049,0.06052416860576941
conservative_mean_m,667.6099971007607,0.472746616977875,560.8172870008653,362.19756877961885,667.6099971007607,32.85594334585711,138.52199942015213,96.99340359622418,105.17130252389977,0.9999999537439263,0.9999894472077556,0.0,0.0,2049,0.06212188151491975
conservative_mean_m,820.2327891439497,0.775173984226536,524.7985155472131,630.3715939557434,820.2327891439497,50.22185834464347,169.04655782878996,79.32237211478913,84.25107125211129,1.0000000151739663,0.9999918664392711,0.0,0.0,2049,0.047717782537445845
conservative_mean_m,941.6605416856504,0.7071739590325197,687.8430384017694,643.114710055628,941.6605416856504,43.075235422276116,193.33210833713008,67.45393386367716,70.71122407512561,1.000000007278894,0.9999939725072744,0.0,0.0,2049,0.048579617278057076
conservative_mean_m,869.0403834019226,0.20457692776955444,846.9762304592365,194.58276650418665,869.0403834019226,12.938515491242349,178.80807668038452,94.61394100683137,101.6422298587575,0.9999999617649398,0.9999809067397816,0.0,0.0,2049,0.07447630856849632
conservative_mean_m,888.72460327915,0.9284855427164018,469.1171904815627,754.8248022345103,888.72460327915,58.139400550092454,182.74492065583,80.07435084241042,84.86827040167753,1.0000000023509468,0.9999974548230703,0.0,0.0,2049,0.042153159685843156
conservative_mean_m,679.0543095044658,0.7071739590325197,446.37165471278234,511.7295194979076,679.0543095044658,48.902445237853094,140.81086190089314,93.9211490607381,101.2996541866753,0.999999941658041,0.9999894876245972,0.0,0.0,2049,0.05177551149022103
conservative_mean_m,973.5682202075226,0.784389925852147,664.445592505218,711.5807290802871,973.5682202075226,46.96187297114166,199.71364404150452,67.886715016674,71.10645709038138,1.0000000203208836,0.9999933400009168,0.0,0.0,2049,0.04563293617817373
conservative_mean_m,961.0531400124727,0.5212365431885851,820.1307093433065,501.0077419759882,961.0531400124727,31.42024370786919,197.21062800249453,63.26716080635332,66.04129444085265,0.9999999831358486,0.9999924061132465,0.0,0.0,2049,0.05541414914635657
conservative_mean_m,717.4646667763442,0.3774580202643658,646.7150097514689,310.669026835068,717.4646667763442,25.65870365273173,148.49293335526883,93.88899773191955,101.54169707650499,0.9999999618311137,0.9999905568057653,0.0,0.0,2049,0.06627458014174244
conservative_mean_m,958.2064519793998,0.18403090117820825,940.2470571612195,184.64852047773482,958.2064519793998,11.110525448326047,196.64129039587996,88.85182362017282,94.51360809819954,0.9999999488181519,0.9999800030256956,0.0,0.0,2049,0.07471845956960141
conservative_mean_m,438.05691867694657,0.4252500263848248,369.58896230363763,235.15497643907375,438.0569186769466,32.46699915413765,92.61138373538932,170.287237536784,193.33619074613281,1.000000015267928,0.9999871325707159,0.0,0.0,2049,0.06675406022430597
conservative_mean_m,836.4757371414466,0.27203923623564785,797.8235759987693,251.33483723284877,836.4757371414468,17.485760801263243,172.29514742828934,86.23636773392882,92.30481753652239,0.9999999071947787,0.9999851552954075,0.0,0.0,2049,0.07062127530164106
conservative_mean_m,914.361814840642,0.5211868085496542,773.670939281217,487.3302844584891,914.361814840642,32.20655866860572,187.87236296812839,66.30329123717299,69.53646764959288,1.0000000407506833,0.9999921422751312,0.0,0.0,2049,0.05625508959089305
conservative_mean_m,914.8952022467093,0.2210644021392214,889.0287508254982,216.01183138824035,914.8952022467093,13.656799888245128,187.97904044934188,84.68545697696224,90.09712180029356,1.0000000398365638,0.9999890052109054,0.0,0.0,2049,0.07275769017053722
conservative_mean_m,903.1239894767873,0.9664781831546563,450.5723402386828,782.6988607250587,903.1239894767873,60.07247192435441,185.62479789535746,80.86256411665448,85.69690940721144,0.9999999980688818,0.9999959127833727,0.0,0.0,2049,0.04094791568714007
conservative_mean_m,886.2337926212526,0.959194080463599,441.2580991083972,768.5711581597981,886.2337926212526,60.13866690262754,182.24675852425054,81.87135726058905,86.87123220896534,0.9999999976108089,0.999997769697699,0.0,0.0,2049,0.041278806055177954
conservative_mean_m,607.2527280565947,0.8214086842379489,316.5063720695827,518.246651867166,607.2527280565947,58.58652940221213,126.45054561131894,109.04511193676564,118.87841084635217,1.000000038602095,0.9999912391321346,0.0,0.0,2049,0.04806306993051719
conservative_mean_m,913.2695996315233,0.6825539435124394,676.5308191453881,613.4879072627209,913.2695996315232,42.202194598334955,187.65391992630464,68.71865504140202,72.19986275475702,0.9999999951410141,0.9999978347125478,0.0,0.0,2049,0.0498465962749336
conservative_mean_m,971.2621205306755,0.20594886376621258,948.8014906636803,207.66761445185102,971.2621205306755,12.345846415291971,199.2524241061351,82.24793578168635,87.02681676837955,1.0000000784226015,0.999982429225919,0.0,0.0,2049,0.07293164024654089
conservative_mean_m,405.1918896259723,0.17666900024260745,393.7332428767401,95.67967847161732,405.1918896259723,13.658491700948575,86.03837792519445,312.122473002074,366.2723634338612,1.0000000649265042,0.999959800976982,0.0,0.0,2049,0.07938919360218165
conservative_mean_m,964.5111877721033,0.765071604999665,669.6157547377348,694.1877068520929,964.5111877721033,46.03219919795578,197.90223755442065,67.78535363065448,71.01712812321466,1.000000002007308,0.9999960061724293,0.0,0.0,2049,0.04635448052416998
conservative_mean_m,968.138174825705,0.5496484456342138,811.8977756493896,527.3647006108968,968.1381748257049,33.005564941067135,198.627634965141,62.991996764150684,65.71321424288419,0.999999999300496,0.9999939888069983,0.0,0.0,2049,0.0540819163421837
conservative_mean_m,899.6077107763056,0.6199822457094838,703.0068635923933,561.3157605396193,899.6077107763056,38.60561232770135,184.9215421552611,68.34983782968325,71.8379527358858,0.9999999926473778,0.9999971796239597,0.0,0.0,2049,0.05239863705212227
conservative_mean_m,910.9710929948772,0.8715302081170919,536.0848237936086,736.5333624286525,910.9710929948772,53.95104956713536,187.19421859897543,75.60976579800766,79.83862111443219,1.0000000037938888,0.999998147118076,0.0,0.0,2049,0.0436535069470617
conservative_mean_m,546.7030569083825,0.7229798591430681,329.95827427910683,435.9033948797873,546.7030569083825,52.875999514044445,114.3406113816765,118.38642858257678,130.1613199186903,0.9999999919540395,0.9999958060439116,0.0,0.0,2049,0.05244469434768229
conservative_mean_m,753.5467467204328,0.8988322597676179,375.6183853200221,653.2560968735978,753.5467467204328,60.10135327783272,155.70934934408655,91.7440518784047,98.43625216891026,1.000000007797478,0.9999943912657947,0.0,0.0,2049,0.04414920507629342
conservative_mean_m,639.6606854334624,0.29167585123979745,599.079547534067,224.2085819400865,639.6606854334624,20.51861880546551,132.93213708669248,124.05422426953051,137.1057430499193,1.0000000731189536,0.9999803265692304,0.0,0.0,2049,0.0717434741882691
conservative_mean_m,941.6605416856504,0.9019477465283667,540.931773382188,770.790109117465,941.6605416856503,54.93925649277792,193.33210833713005,74.73465735725969,78.76813768741104,1.000000003025535,0.9999943834527363,0.0,0.0,2049,0.042471679624813755
conservative_mean_m,944.0296458696596,0.8392657547819552,593.3721326123609,734.2353059611432,944.0296458696596,51.05659562006817,193.80592917393193,71.85372745151915,75.57492332607555,1.000000001880456,0.9999961044365602,0.0,0.0,2049,0.04429388827312958
conservative_mean_m,898.0050730146513,0.8842136865879388,513.7326014425448,736.5405116998824,898.0050730146513,55.10445715413173,184.60101460293026,77.18866643458797,81.62859939224788,0.999999997725855,0.9999984700260467,0.0,0.0,2049,0.04339186742180634
conservative_mean_m,981.6391315872443,0.19734914474006082,961.0236111283455,200.1224712949387,981.6391315872442,11.76310165011241,201.32782631744882,83.35187606411249,88.18571674320184,1.0000000519625765,0.9999815439143369,0.0,0.0,2049,0.07338309305313662
conservative_mean_m,908.7230545499738,0.8356416254384682,562.0885738774922,714.0266276456373,908.7230545499738,51.78984128710125,186.74461090999475,74.23430214595064,78.30938531329629,0.9999999892686116,0.9999944203730371,0.0,0.0,2049,0.04477671119576653
conservative_mean_m,979.3938738115547,0.7244013881622213,713.5752658476844,670.837312639965,979.3938738115547,43.23179379586153,200.87877476231094,65.64202404940194,68.614415043968,0.9999999819911952,0.9999930656584423,0.0,0.0,2049,0.0474707397315345
conservative_mean_m,934.4914701968931,0.3110324255852067,883.484097231311,304.5162685475545,934.4914701968931,19.017872611957994,191.89829403937864,71.12273577686891,74.8168644225569,1.0000000039059556,0.9999886645944639,0.0,0.0,2049,0.06669002232659521
conservative_mean_m,6.171170735599787,0.8048146768067501,1.9595484561722034,5.851796142710062,6.171170735599787,71.4862220032825,6.234234147119958,1314.6827620151128,1389.680309610877,0.999998277537545,0.9994859674828995,0.0,0.0,2049,0.031090593289376762
conservative_mean_m,935.6646351863753,0.6424516780816953,724.4906098068947,592.0993715923762,935.6646351863753,39.25785825113392,192.13292703727507,66.26755500136825,69.42524792687102,1.0000000029276328,0.9999964748657384,0.0,0.0,2049,0.05098826601382734
conservative_mean_m,960.0880730550442,0.35919156351080006,892.2753006133108,354.4205072198472,960.0880730550442,21.663461669965784,197.01761461100884,66.29959575511532,69.37313633365046,1.0000000225813008,0.9999926524494369,0.0,0.0,2049,0.06340211080931633
conservative_mean_m,962.8429650426178,0.49248977324398197,836.7003903193763,476.44415430505927,962.8429650426178,29.658579997522033,197.56859300852358,63.184322612996105,65.93624125255748,1.0000000224603645,0.9999924976984985,0.0,0.0,2049,0.05664999453043609
conservative_mean_m,946.3303820912273,0.7519562824034051,661.0628124074408,677.1537123289606,946.3303820912272,45.68889915011809,194.26607641824543,68.50524955054748,71.85908622475645,0.9999999955887174,0.9999968838452143,0.0,0.0,2049,0.047011765422846706
conservative_mean_m,776.0193793039199,0.5242610955377397,638.0769344736856,441.6603930033856,776.0193793039199,34.689982872919394,160.20387586078397,79.44636228337566,84.6800088071544,0.9999999518915909,0.9999910549885738,0.0,0.0,2049,0.058282348690943175
conservative_mean_m,936.9556946148327,0.765071604999665,642.3589692023477,682.1003799709109,936.9556946148327,46.718687789368225,192.39113892296655,69.56046096900853,73.04986493555543,0.9999999976053793,0.9999960134981734,0.0,0.0,2049,0.04670193419664034
conservative_mean_m,947.366448068946,0.23923552996167785,917.0749752329111,237.6482205452555,947.366448068946,14.52790065581862,194.4732896137892,78.16495433926083,82.58951906502996,0.9999999513899331,0.9999875206888335,0.0,0.0,2049,0.0710226463976575
conservative_mean_m,894.2778027190973,0.41830992500023834,802.9545163536264,393.696371717356,894.2778027190973,26.1191602488223,183.85556054381945,69.07776705972708,72.69619912066517,0.9999999861633934,0.9999944894291196,0.0,0.0,2049,0.061492156663268314
conservative_mean_m,468.2848919816821,0.26842949885015055,439.3255491241617,162.12279896747856,468.2848919816821,20.2554005351394,98.65697839633643,200.89623309267503,230.35354499477182,0.9999999747382775,0.9999716421384293,0.0,0.0,2049,0.07433378613823866
conservative_mean_m,997.3377837324933,0.5253136856482982,854.528774032868,514.259884893159,997.3377837324932,31.039748925674747,204.46755674649864,61.345142882884105,63.81335454632939,0.9999999913899076,0.9999946961392225,0.0,0.0,2049,0.05454631814997003
conservative_mean_m,992.8545030739185,0.4198299299408771,900.7881652011038,417.54131018114464,992.8545030739186,24.86908392310232,203.57090061478374,62.44131705347075,65.00521868445915,1.0000000402257667,0.9999916843154317,0.0,0.0,2049,0.05949897060047482
conservative_mean_m,700.2802746149814,0.784389925852147,414.2407989852508,564.6211326818142,700.2802746149814,53.73393629268782,145.05605492299628,93.27218759601797,100.39140103840127,1.000000008551511,0.999992301842131,0.0,0.0,2049,0.04861174668881243
conservative_mean_m,898.6849970489579,0.7071739590325197,645.8508150635548,624.9091522794553,898.6849970489579,44.05587182273635,184.7369994097916,70.44891357922214,74.157746480104,0.9999999675191444,0.9999924731037424,0.0,0.0,2049,0.04916465344393053
conservative_mean_m,926.2144052840594,0.3584273109601791,858.6994909758815,347.1430666936412,926.2144052840594,22.011812544550445,190.24288105681188,68.75825300797625,72.2348544538044,1.0000000320963518,0.9999895517713733,0.0,0.0,2049,0.06410207375412562
conservative_mean_m,996.1329332354212,0.5060789715901013,863.3419113628496,496.91202919686464,996.1329332354212,29.923356107357897,204.22658664708425,61.38547705791703,63.86333603392737,0.9999999876477973,0.9999946065918206,0.0,0.0,2049,0.05539480528858753
conservative_mean_m,978.6416110878827,0.6908973059778185,735.7888448210753,645.2551268990849,978.6416110878827,41.24936739346766,200.72832221757653,64.78007960130424,67.6676340820301,1.000000003151386,0.9999952334877158,0.0,0.0,2049,0.048604462251853206
conservative_mean_m,982.3338149783881,0.8356416254384682,634.18876673035,750.189530854058,982.3338149783881,49.78977766641775,201.4667629956776,69.23562131562608,72.57901873649062,1.0000000028284108,0.999998273521985,0.0,0.0,2049,0.0439841412538894
conservative_mean_m,281.8410897594817,0.7244013881622213,146.8282234595448,240.57404821078728,281.8410897594817,58.60326263730468,61.36821795189634,226.69744649403012,263.45512962833425,0.9999998310679663,0.999968178496084,0.0,0.0,2049,0.05445593718419398
conservative_mean_m,999.7083801862761,0.7428476743788555,721.1247742759787,692.3842180033329,999.7083801862761,43.83517847308661,204.94167603725523,65.05241723972152,67.91351740616966,0.9999999982937363,0.999995088498051,0.0,0.0,2049,0.04659139229759213
conservative_mean_m,985.2440823237882,0.8925384335779036,591.6378341345957,787.8264878604732,985.2440823237882,53.094374077234846,202.04881646475764,71.389656585083,74.9470641460224,1.0000000215058973,0.9999932380090754,0.0,0.0,2049,0.042328646459195804
conservative_mean_m,994.4997823834872,0.49467913177868783,867.476563725644,486.327285423666,994.4997823834872,29.275991326707636,203.89995647669744,61.48683160227865,63.9690696901589,1.0000000306213503,0.999992802736795,0.0,0.0,2049,0.055928673187423346
conservative_mean_m,976.4817386882424,0.449967787936425,870.8485711291756,441.74580038058787,976.4817386882424,26.896813518184867,200.2963477376485,62.77194345931445,65.43913745727765,0.9999999668233839,0.999992564759592,0.0,0.0,2049,0.0583590450973349
conservative_mean_m,962.8429650426178,0.4874912345257022,839.1919738194593,472.0417422316163,962.8429650426178,29.3575594109009,197.56859300852358,63.20510205773284,65.9606351522255,1.0000000049469555,0.999994248898127,0.0,0.0,2049,0.05687636448905014
conservative_mean_m,525.2237295403057,0.4581566850878917,436.4503921978938,292.1831980496704,525.2237295403057,33.800464738005644,110.04474590806115,132.57433772492334,147.40251835351248,1.0000000122621364,0.9999833013925458,0.0,0.0,2049,0.06438310445539196
conservative_mean_m,463.50880569956394,0.5242610955377397,356.9646047955469,295.6631256754807,463.50880569956394,39.63393813155159,97.70176113991279,147.3088278633542,165.2425674322249,0.9999999057294164,0.9999831492602741,0.0,0.0,2049,0.061869344416619045
conservative_mean_m,564.6562252050823,0.5204318692670465,446.2639713599084,345.95537360898936,564.6562252050823,37.7837684896506,117.93124504101645,116.97774051162286,128.69026829456095,0.9999999920704792,0.9999929975992095,0.0,0.0,2049,0.0610475426115178
conservative_mean_m,991.7084002892786,0.44961046091845464,886.3511174596647,444.8227150026444,991.7084002892786,26.650168625886838,203.34168005785574,61.982870724548064,64.51322536579762,0.9999999756064499,0.9999930965315418,0.0,0.0,2049,0.05806233147722963
conservative_mean_m,891.4602264788241,0.38589598520032053,813.5643212398097,364.43714217857126,891.4602264788242,24.13005254417293,183.29204529576484,70.43213342815835,74.23206557770128,1.0000000211072013,0.9999937815969473,0.0,0.0,2049,0.06323366990901733
conservative_mean_m,996.4436891544383,0.3792217199044685,921.1342973727857,380.0153047697569,996.4436891544383,22.41866742609897,204.28873783088767,63.41396761737398,66.05113309375447,0.9999999793056583,0.9999927012783885,0.0,0.0,2049,0.061538116644554365
conservative_mean_m,968.138174825705,0.44701476778782223,863.8218710327687,437.15363509902795,968.138174825705,26.842566489591512,198.627634965141,63.27919142916069,66.02203973125125,0.9999999810918103,0.9999916947457965,0.0,0.0,2049,0.05866980162971011
conservative_mean_m,992.8407692988231,0.3110492021325464,941.9433299521567,313.80815212565994,992.840769298823,18.425479812691087,203.5681538597646,67.16717789613563,70.17382929443492,0.9999999519138999,0.9999891242029848,0.0,0.0,2049,0.06553270591492881
conservative_mean_m,973.5682202075226,0.49638683299527575,845.5123428698924,482.6426809273179,973.5682202075227,29.718963269889674,199.71364404150455,62.56671699788854,65.22616179319753,1.0000000238231408,0.999993413744031,0.0,0.0,2049,0.05626770606929398
conservative_mean_m,822.3972075131026,0.38144282598624246,747.2330093976618,343.4821634260837,822.3972075131026,24.6869219167036,169.47944150262052,77.90681711010464,82.88044389581437,0.9999999985503413,0.9999941598001669,0.0,0.0,2049,0.06460444793445048
conservative_mean_m,926.2144052840594,0.439251107312019,825.4436849548283,420.1378910832704,926.2144052840594,26.975380330916128,190.24288105681188,66.10340087164369,69.27780515164982,1.0000000457340221,0.9999910390072796,0.0,0.0,2049,0.05986032430550736
conservative_mean_m,996.1329332354212,0.6613185250014502,773.0197751311085,628.2684521225417,996.1329332354212,39.1023354751026,204.22658664708425,63.14231028697897,65.8114339109521,0.9999999913009325,0.9999955614485876,0.0,0.0,2049,0.04935491785040891
conservative_mean_m,995.897468703935,0.2899711850034581,951.6281064636167,293.6251269210054,995.897468703935,17.147625257296415,204.179493740787,68.69176355260348,71.83640377829849,1.000000017959807,0.9999883522979589,0.0,0.0,2049,0.0667791103102915
conservative_mean_m,980.3712778006654,0.4768682474833874,862.0249702654703,466.9483836307013,980.3712778006654,28.443863451621592,201.07425556013308,62.29284350702508,64.89509240235006,1.0000000047245894,0.9999927103293281,0.0,0.0,2049,0.057017134948622934
conservative_mean_m,887.3643139228207,0.7219018232971406,624.8819457521175,630.0301417366995,887.3643139228205,45.23505092524112,182.47286278456411,71.74556218011243,75.6249050755081,0.9999999995109691,0.9999935024695564,0.0,0.0,2049,0.048791631894754606
conservative_mean_m,665.4014416051451,0.5740676338610557,510.2023620360509,427.1447392430811,665.4014416051451,39.93628910857595,138.08028832102903,94.87429093194687,102.59507196824109,0.9999999507670714,0.999988044226512,0.0,0.0,2049,0.05748736407800711
conservative_mean_m,985.2440823237882,0.3673898415765727,914.434190430586,366.76424733826275,985.2440823237882,21.854894923289617,202.04881646475764,64.44876787328351,67.2343725762722,0.999999993147087,0.9999936805309344,0.0,0.0,2049,0.06242558262381476
conservative_mean_m,255.96088912869547,0.7781811802277543,114.06430930009635,229.1403720592342,255.96088912869547,63.53623237972471,56.192177825739094,244.83369173685398,286.19269832641055,0.9999998843947011,0.9999734149705052,0.0,0.0,2049,0.05230908138317504
conservative_mean_m,47.948027129254,0.4612728620066634,36.50361846442174,31.0885693558196,47.948027129254,40.41961508655184,14.5896054258508,870.1923299612857,1018.2638275579733,0.9999999237335687,0.9999543668150346,0.0,0.0,2049,0.06604925647687103
conservative_mean_m,971.3056171215654,0.7860453969148462,660.9483699085392,711.745638670972,971.3056171215654,47.119293624173196,199.2611234243131,68.08179260804131,71.3276960225045,1.0000000185861686,0.9999932614593701,0.0,0.0,2049,0.04560954895576348
conservative_mean_m,471.9265476291895,0.7519562824034051,259.366177755117,394.2636835848652,471.9265476291895,56.6611005412198,99.3853095258379,137.98828048891596,153.57226319787395,0.9999999276027856,0.999985993225479,0.0,0.0,2049,0.051907529877240344
conservative_mean_m,910.9125744533949,0.419233771812488,819.050352440748,398.64550475829776,910.9125744533949,25.952961619431562,187.182514890679,67.69263504226011,71.11071894814627,0.9999999712826827,0.9999911288947829,0.0,0.0,2049,0.06114636530625869
conservative_mean_m,822.7178395181108,0.6206288631050513,628.752231501889,530.598977423386,822.7178395181108,40.160751829237604,169.54356790362218,74.9163662523406,79.38526832849138,1.000000004683448,0.9999970348837462,0.0,0.0,2049,0.05348756697155485
conservative_mean_m,991.7084002892786,0.634840071337084,785.4091631379097,605.4898823789945,991.7084002892786,37.629451318909204,203.34168005785574,62.84080488159801,65.48845888422132,1.0000000320039664,0.9999929481879485,0.0,0.0,2049,0.05036973395219166
conservative_mean_m,899.6077107763056,0.5412398942949704,748.4113236186862,499.1738414295275,899.6077107763055,33.7024127384912,184.92154215526108,67.45245696446736,70.86113687943616,1.0000000080088214,0.9999936360857646,0.0,0.0,2049,0.05563161677344456
conservative_mean_m,998.181657652688,0.3115977973052989,947.1340927744268,315.124787946984,998.181657652688,18.403007062749168,204.6363315305376,66.8428500412647,69.79986202638,0.9999999556451256,0.9999890786645012,0.0,0.0,2049,0.06538474051016151
conservative_mean_m,997.6060850884589,0.41578729995951236,907.3175936020522,414.72000837396644,997.6060850884589,24.564363805940083,204.52121701769178,62.298089895357265,64.83509676640914,1.0000000153045856,0.9999948520358976,0.0,0.0,2049,0.05960095605377872
conservative_mean_m,904.2524850179307,0.5592215587376215,743.0775582813261,515.2749742028672,904.2524850179307,34.738740605405745,185.85049700358613,67.21910338360689,70.58271007695637,0.9999999569252148,0.9999919977385117,0.0,0.0,2049,0.05478881609970591
conservative_mean_m,715.9561985992159,0.4043319161094689,635.0364176607061,330.63881586604,715.9561985992159,27.50424353492542,148.19123971984317,92.11449335521876,99.47305955903398,0.9999999601038907,0.9999869340721506,0.0,0.0,2049,0.06490218273532226
conservative_mean_m,941.6605416856504,0.6476500539717922,727.1357803833256,598.3294516017446,941.6605416856503,39.44952750275396,193.33210833713005,65.98920174369808,69.10128263521555,1.0000000084590233,0.9999954801039976,0.0,0.0,2049,0.050703069249125696
conservative_mean_m,963.7575293491602,0.7159510373753856,703.7637894487701,658.4414203540848,963.7575293491602,43.09439657958411,197.75150586983204,66.31978936604172,69.40194192633963,1.0000000285526134,0.9999933991644607,0.0,0.0,2049,0.04797154556615787
conservative_mean_m,637.9346517074573,0.5548564986591449,495.33622660799796,401.9983115124552,637.9346517074573,39.061628606403545,132.58693034149147,99.98258392935949,108.6150450856277,0.9999999855112702,0.9999933358582724,0.0,0.0,2049,0.05866501435844327
conservative_mean_m,998.9127330672397,0.5363072629445644,850.2393523825956,524.3278477669169,998.9127330672399,31.661414116369404,204.78254661344798,61.308859389668264,63.767955178509176,0.9999999999502549,0.9999934985892031,0.0,0.0,2049,0.05405557850618583
conservative_mean_m,985.731199732591,0.37340964690650646,912.6139709553647,372.56105290721683,985.731199732591,22.20700635312644,202.1462399465182,64.18241211880198,66.93736135690736,0.9999999601480652,0.9999908967012198,0.0,0.0,2049,0.062084810672620505
conservative_mean_m,956.8824036260646,0.8065796842245638,631.1598955800605,719.2086766582853,956.8824036260646,48.730605465120576,196.37648072521293,69.72799823890129,73.18499746863642,0.9999999720659621,0.9999932768104777,0.0,0.0,2049,0.04514752001295879
conservative_mean_m,429.10260413873755,0.6090639341043332,294.4996360755787,312.0881433665781,429.10260413873755,46.66087248806946,90.82052082774752,154.57770130280517,173.98191193425097,0.9999999929377221,0.9999963106423334,0.0,0.0,2049,0.05835591821487148
conservative_mean_m,813.8617908588,0.3673898415765727,744.2151972941201,329.4157779104805,813.8617908588,23.875863533576464,167.77235817176,79.8110827282731,85.0727235832533,0.9999999835078365,0.9999938274862011,0.0,0.0,2049,0.06548770259336663
conservative_mean_m,388.56833014837946,0.81909421659027,172.0226907201914,348.4157589313167,388.56833014837946,63.72314685524028,82.71366602967589,167.658512246167,189.6514896301069,0.9999999351671548,0.9999811353687237,0.0,0.0,2049,0.04979301682451869
conservative_mean_m,976.4817386882424,0.6886030859953228,735.1544499776672,642.7009574208262,976.4817386882424,41.16123262289975,200.2963477376485,64.84452739783013,67.74423188420893,1.0000000015482375,0.9999947136853423,0.0,0.0,2049,0.04871535853498494
conservative_mean_m,946.0819234949954,0.7951694652118799,629.1039810356635,706.6110578027136,946.0819234949954,48.320958490671025,194.2163846989991,70.01360724533592,73.5281081670308,1.0000000214283764,0.9999929520397239,0.0,0.0,2049,0.045628793822429285
conservative_mean_m,946.3303820912273,0.6886030859953228,705.0309544920967,631.2468180330824,946.3303820912274,41.83955595123562,194.2660764182455,66.65511156020304,69.81901126525452,0.9999999958492731,0.9999962677691543,0.0,0.0,2049,0.04915927584987853
conservative_mean_m,969.9928589005372,0.797063607231726,651.3878017354932,718.7350541529466,969.9928589005372,47.81406158968341,198.99857178010743,68.55209153246415,71.85109867931683,0.9999999796115696,0.9999931113103848,0.0,0.0,2049,0.04528526768906413
conservative_mean_m,988.4119342713911,0.765071604999665,693.6240535182557,704.1617883633113,988.4119342713911,45.431937623231256,202.68238685427823,66.3682107830034,69.39278446744764,1.000000007881742,0.9999955327291113,0.0,0.0,2049,0.04604494190798414
conservative_mean_m,291.5022155393665,0.5725838198944595,201.90346828026142,210.25824873417153,291.5022155393665,46.16126289827282,63.3004431078733,233.25164659527272,271.5701310930042,0.9999999781992738,0.999982236564734,0.0,0.0,2049,0.06106485161477644
conservative_mean_m,918.3043695673832,0.5412398942949704,766.8476714803825,505.20051851880004,918.3043695673831,33.376958238238785,188.66087391347662,66.08717699658143,69.27977017818364,0.9999999822873189,0.9999942720824857,0.0,0.0,2049,0.05531617429856168
conservative_mean_m,961.3858222976619,0.3792217199044685,885.9052629899417,373.40937899532446,961.3858222976619,22.85544015005786,197.27716445953237,65.3778321738805,68.34244145248086,0.9999999741758162,0.9999911926474926,0.0,0.0,2049,0.062274712701057534
conservative_mean_m,979.5136406608631,0.29584158123495885,933.3812975429198,297.0628311280189,979.5136406608631,17.654464893397776,200.90272813217263,69.13993979344824,72.40537794335326,1.000000012292566,0.999989295984615,0.0,0.0,2049,0.06674862173209153
conservative_mean_m,929.7825298362632,0.4514555621113959,823.4287018928204,431.8109837507913,929.782529836263,27.672788013072292,190.9565059672526,65.65044859303048,68.77147210647608,1.000000030506069,0.9999926323496255,0.0,0.0,2049,0.0591969116955571
conservative_mean_m,973.5682202075226,0.46016014220583296,863.1725307925701,450.2979696636361,973.5682202075227,27.55005059655262,199.71364404150455,62.808278395089346,65.48484823837055,0.9999999774691035,0.9999930346995742,0.0,0.0,2049,0.05793222534923443
conservative_mean_m,226.14721921626426,0.7804061724379986,97.75292723174087,203.9287374963986,226.14721921626426,64.38934179347926,50.22944384325285,272.2369842413816,321.29070508048494,0.999999998314153,0.9999980946995344,0.0,0.0,2049,0.05236395961242854
conservative_mean_m,969.4246512641012,0.439251107312019,868.6418030444751,430.40164089158344,969.4246512641012,26.357866010784008,198.88493025282023,63.32545506786001,66.07189806011269,1.0000000115283625,0.9999953329063547,0.0,0.0,2049,0.05902169026995913
conservative_mean_m,973.5909289932348,0.5060789715901013,840.6038473430858,491.186796290283,973.5909289932348,30.298860239092704,199.71818579864697,62.548507657392065,65.20385390845966,1.000000029258667,0.9999922773566619,0.0,0.0,2049,0.055837664750630685
conservative_mean_m,974.6892414211736,0.29346501174699635,929.2746951756508,294.05383562943734,974.6892414211736,17.55912678623288,199.93784828423472,69.65155433527576,73.00336873136698,1.0000000271992973,0.9999921632794764,0.0,0.0,2049,0.06699434454604582
conservative_mean_m,984.4026804314562,0.5737229676336414,814.7119836705497,552.5332758343463,984.4026804314562,34.14490884824592,201.88053608629124,62.322343201062935,64.9313023535411,1.0000000168521013,0.9999938090384312,0.0,0.0,2049,0.052812007659017425
conservative_mean_m,508.02176140555605,0.34452856979184154,458.17617344385707,219.45547190705523,508.02176140555605,25.59331062956421,106.6043522811112,156.80415998044228,176.65003613231002,0.9999998215924079,0.9999745310424487,0.0,0.0,2049,0.07014537647245818
conservative_mean_m,68.1595192460722,0.3165062025266029,60.430241054407546,31.52627523133493,68.1595192460722,27.550913966782208,18.63190384921444,847.3022211616253,990.9793806950073,1.0000029326996516,0.9995234947752983,0.0,0.0,2049,0.07335271219070817
conservative_mean_m,936.9221803202142,0.25967686895867303,901.2677557643534,256.0070397381092,936.9221803202142,15.857311122414854,192.38443606404286,76.17707742363069,80.44201278543719,0.9999999415142208,0.9999862353929319,0.0,0.0,2049,0.06985197384404251
conservative_mean_m,900.1967871513662,0.6302309659238581,697.2858650388116,569.3388077539755,900.1967871513662,39.23187954798083,185.03935743027324,68.4932716200467,71.99628481972519,0.9999999851894865,0.9999946431009225,0.0,0.0,2049,0.05199136689148966
conservative_mean_m,995.3828813010622,0.5030095574298521,864.1528979235552,493.9907381697819,995.3828813010622,29.754331138051857,204.07657626021245,61.425420242396015,63.909882856712116,0.9999999992013271,0.999996140019269,0.0,0.0,2049,0.05554381046226537
conservative_mean_m,983.7250957557792,0.27568842950643424,943.6350772248169,277.9710507420345,983.7250957557792,16.413641316658406,201.74501915115584,70.77371981679856,74.18839688752198,1.000000061964029,0.9999870950690095,0.0,0.0,2049,0.06794423538573133
conservative_mean_m,234.96079252556825,0.7490601389852042,111.70737044328212,206.70761334041492,234.96079252556828,61.61265987509919,51.99215850511366,264.9657624586575,312.06040319438625,1.000000167565647,0.9999635730173076,0.0,0.0,2049,0.053663915085549685
conservative_mean_m,975.3256673841297,0.4586735283009178,865.6379076986036,449.367522428448,975.3256673841297,27.43460221565518,200.06513347682593,62.728011758158495,65.39183658088102,0.9999999644113341,0.9999921645289553,0.0,0.0,2049,0.05796722719150698
conservative_mean_m,578.8200904259822,0.661957586566476,388.96735995054837,428.64564616223834,578.8200904259822,47.778351300475755,120.76401808519645,110.86782246375364,121.24768508657097,0.9999999966479141,0.9999987943918971,0.0,0.0,2049,0.05465935380222434
conservative_mean_m,935.4805035561346,0.44961046091845464,829.9567488846847,431.61970241684264,935.4805035561346,27.476724383245006,192.09610071122694,65.28507683294634,68.34278550381347,1.0000000381206333,0.9999912499939146,0.0,0.0,2049,0.059179409848707364
conservative_mean_m,918.3043695673832,0.4732028931383972,801.7544850100012,447.7417346338142,918.3043695673832,29.18128055410202,188.66087391347665,66.2068923734354,69.41907800840347,0.9999999741851987,0.9999936132617334,0.0,0.0,2049,0.058369658155936706
conservative_mean_m,994.4098753392616,0.3792217199044685,919.0854889162929,379.64834285921046,994.4098753392616,22.444141999877875,203.88197506785232,63.51553124643064,66.17512701175889,0.9999999699205258,0.9999917727229652,0.0,0.0,2049,0.06158238429346245
conservative_mean_m,991.7730825832884,0.7280859560972873,723.5051026073241,678.3466767353723,991.7730825832884,43.15494560383397,203.3546165166577,65.05326464876639,67.93410690937377,0.9999999680605618,0.9999931741284489,0.0,0.0,2049,0.04717563256023151
conservative_mean_m,981.3705336179123,0.5363072629445644,832.5069165391538,519.6348315576779,981.3705336179123,31.971618465062907,201.27410672358246,62.19249135354163,64.79998461659005,0.9999999756471276,0.9999924464137073,0.0,0.0,2049,0.05439150092494844
conservative_mean_m,997.6841612329974,0.5222900806668532,856.4789143622633,511.6811065771615,997.6841612329974,30.855110588329914,204.5368322465995,61.321226997499735,63.78630965415638,0.9999999801267037,0.999993417833683,0.0,0.0,2049,0.054667444450310576
conservative_mean_m,62.56445058604061,0.6630090543960404,33.32129968793013,52.95282300539098,62.56445058604061,57.819274636643016,17.512890117208123,690.0678111792058,831.0612890913512,0.9999999438701411,0.999844197624135,0.0,0.0,2049,0.05719416051793181
conservative_mean_m,220.1698257801117,0.556935675708907,152.8119460283786,158.50319029932692,220.1698257801117,46.04732446232283,49.03396515602234,305.3722415012305,362.5691245025399,0.9999998042671417,0.999948800462844,0.0,0.0,2049,0.062210064854984655
conservative_mean_m,95.7009912083754,0.3380535444035884,83.57241360410619,46.62972659848814,95.7009912083754,29.159593174687654,24.14019824167508,698.6737729127043,833.9539405047491,1.0000008105415197,0.9998175521566033,0.0,0.0,2049,0.07252562014712095
conservative_mean_m,662.2450160549294,0.4867271504200425,549.6269374979953,369.430224624581,662.2450160549294,33.90691177631555,137.44900321098586,97.40409496996834,105.64036202326938,0.9999999080960587,0.9999866893530898,0.0,0.0,2049,0.061520355858786166
conservative_mean_m,985.6409675178345,0.4768682474833874,867.334943955325,468.2074453097751,985.6409675178345,28.361198738124756,202.1281935035669,62.01775893832851,64.57813640458484,1.00000000466824,0.9999939867076248,0.0,0.0,2049,0.05691101757253783
conservative_mean_m,979.3938738115547,0.46374726097079233,867.338696368943,454.9021277600557,979.3938738115547,27.67612857637873,200.87877476231094,62.454503231040526,65.07837505954237,0.999999984819043,0.9999929749144936,0.0,0.0,2049,0.057645885220758655
conservative_mean_m,209.74784546401128,0.5182438340713637,153.3900665967411,143.05819146851428,209.74784546401128,43.00392374504612,46.94956909280226,328.24820019239627,391.82281312810704,1.0000003574039693,0.9999321394750043,0.0,0.0,2049,0.06401575851269808
conservative_mean_m,988.7214779518032,0.5126665133315755,852.451688680574,500.89547754879544,988.7214779518032,30.438238438898342,202.74429559036065,61.75092938649508,64.2842394888284,0.9999999697911135,0.999992318436342,0.0,0.0,2049,0.055255853340669125
conservative_mean_m,908.9369536958447,0.7174306386617567,648.7593492388427,636.6142415694733,908.9369536958447,44.458645557320686,186.78739073916896,69.99405765159271,73.6249223121178,1.0000000109794942,0.9999926155082367,0.0,0.0,2049,0.04866778212266407
conservative_mean_m,187.79277523846793,0.5423552598077126,131.98170246476477,133.5925022082753,187.79277523846793,45.347514531099655,42.55855504769359,353.6106729707383,423.6659980176825,1.0000004629498653,0.9999245715497639,0.0,0.0,2049,0.06302504810921622
conservative_mean_m,56.07545445651931,0.49248977324398197,40.98406241601556,38.272225182046995,56.07545445651931,43.04032916124056,16.215090891303863,796.5199610562337,943.5693332563393,0.9999992713763717,0.9997074825468227,0.0,0.0,2049,0.06485640643363895
conservative_mean_m,501.85377051845165,0.6886030859953228,313.9263634985507,391.544946697263,501.85377051845165,51.27864171916301,105.37075410369033,129.22345624091287,143.09549843920348,0.9999999988301789,0.9999976985727259,0.0,0.0,2049,0.05427494674631394
conservative_mean_m,271.17157508287585,0.5150508655760377,202.06987350920832,180.8363607046446,271.17157508287585,41.825996000082135,59.23431501657517,260.49925335340265,305.8439661373113,1.000000356259257,0.9999498540464854,0.0,0.0,2049,0.06380724907620852
conservative_mean_m,956.8394524666248,0.5423552598077126,804.577659825405,517.8769420494651,956.8394524666247,32.767888503295005,196.36789049332495,63.59845636806711,66.41694759874858,0.9999999894333088,0.9999944567456515,0.0,0.0,2049,0.05459115539067344
conservative_mean_m,999.5794050347233,0.44961046091845464,894.2988031100474,446.5295485469111,999.5794050347233,26.53327226233863,204.91588100694466,61.60099701394361,64.07104101325683,0.9999999614413143,0.9999918149158105,0.0,0.0,2049,0.05789659363084322
conservative_mean_m,999.108029754834,0.456582953493348,890.5925282582822,452.8375025669881,999.108029754834,26.951864254253362,204.82160595096678,61.53712104501453,64.0015242174671,0.9999999926543133,0.9999944303889347,0.0,0.0,2049,0.05757584326231045
conservative_mean_m,969.336965059555,0.6211385943964681,771.3477292160619,587.0577760868975,969.336965059555,37.27405835619447,198.86739301191102,63.81017129091617,66.61447619123994,1.000000001287104,0.9999937024969324,0.0,0.0,2049,0.05124728445737482
conservative_mean_m,997.6060850884589,0.5137413759245416,860.8767087216999,504.09244527766435,997.6060850884589,30.351408187800644,204.52121701769178,61.31332807758294,63.77879383355409,0.9999999636920873,0.9999925093790922,0.0,0.0,2049,0.055033959096550296
conservative_mean_m,998.9127330672397,0.579252012046731,826.2136676836587,561.4246375218844,998.9127330672397,34.196698606051626,204.78254661344795,61.64819829316499,64.14978992116393,0.9999999781543805,0.9999940475310916,0.0,0.0,2049,0.05233058552958603
conservative_mean_m,997.2982223892924,0.3881542750914362,918.4540616974432,388.64621564131,997.2982223892924,22.935777570056057,204.4596444778585,63.06859341082456,65.67338557837422,0.9999999724421971,0.9999908532082616,0.0,0.0,2049,0.06104088191990758
conservative_mean_m,983.1842255350967,0.7061301071106709,730.0350290547568,658.5590920290056,983.1842255350966,42.05338056909147,201.63684510701933,64.92120072211199,67.8109860956072,1.0000000116767263,0.999995590534148,0.0,0.0,2049,0.04802224075092623
conservative_mean_m,994.6581078319612,0.5273711267261947,850.7230021620414,515.3786230222016,994.6581078319612,31.208004694577287,203.93162156639224,61.48148759807695,63.97040710570391,0.9999999945477115,0.999996501834127,0.0,0.0,2049,0.05451193065994011
conservative_mean_m,674.0249378922252,0.5608291216472697,524.7895077882575,422.9723270096714,674.0249378922252,38.86828375665407,139.80498757844504,93.56747814171956,101.08746616891645,0.9999999357362124,0.9999891002040918,0.0,0.0,2049,0.05797078338515417
conservative_mean_m,104.47984581571393,0.4827707560069291,78.22546516900391,69.25904114820182,104.47984581571393,41.52094500717565,25.895969163142787,570.9723720694843,691.3266798763033,0.9999999489253338,0.99996861341275,0.0,0.0,2049,0.06586674075695355
conservative_mean_m,997.5888222710237,0.6149403107674587,803.6704762027589,591.0137257290381,997.5888222710237,36.330506982436354,204.51776445420472,62.19770192889604,64.76757613777667,1.000000003987345,0.9999955492994765,0.0,0.0,2049,0.05099899372792534
conservative_mean_m,999.3667744999234,0.46374726097079233,887.4874568293286,459.4561610697926,999.3667744999233,27.370801454353476,204.87335489998466,61.448743944503214,63.9026104382108,0.9999999973953564,0.9999931251436178,0.0,0.0,2049,0.057234615499214075
conservative_mean_m,143.66562866819936,0.6432914298130692,83.21656086800999,117.11027648302148,143.66562866819936,54.60304949724495,33.73312573363987,410.0502059834799,495.7996508026859,0.9999999053931183,0.9999613647033834,0.0,0.0,2049,0.058635536175973044
conservative_mean_m,990.0939284940562,0.5126665133315755,853.8379612210118,501.2451727635283,990.0939284940563,30.41504454093528,203.01878569881126,61.68182531158909,64.20451571848493,0.999999968134678,0.9999923103130288,0.0,0.0,2049,0.055228882604587796
conservative_mean_m,658.0654778847278,0.7298459786999465,414.705959892584,510.94925385328196,658.0654778847277,50.93589450610118,136.61309557694554,97.64843853058181,105.62515318505268,1.0000000114591832,0.9999910695020646,0.0,0.0,2049,0.05110147516780169
conservative_mean_m,995.3828813010622,0.532188233954977,848.8819569473058,519.7946744210803,995.3828813010622,31.480326182628605,204.07657626021245,61.46269919134058,63.94701729448721,0.9999999952176375,0.9999944274823326,0.0,0.0,2049,0.05429561060732658
conservative_mean_m,962.8429650426178,0.6627069853219115,738.5587412324833,617.7358343832334,962.8429650426178,39.909352857464135,197.56859300852358,65.01716255267007,67.97176033778,0.9999999822513493,0.9999935397715544,0.0,0.0,2049,0.04982976158134465
conservative_mean_m,999.0005724626963,0.7360184417695648,725.2562244999043,687.0266025453012,999.0005724626963,43.44941737001869,204.80011449253925,64.88956047878399,67.7356018199064,0.9999999859413535,0.9999939009388662,0.0,0.0,2049,0.04681843576346238
conservative_mean_m,997.8401032174327,0.5288200130985022,853.1723859672891,517.4763293251776,997.8401032174327,31.238150751813723,204.56802064348653,61.33127305707373,63.79659384743192,0.9999999960164809,0.9999965438938792,0.0,0.0,2049,0.05438887374020731
conservative_mean_m,956.8394524666248,0.5304851100146312,810.9966978438201,507.76578644395687,956.8394524666248,32.050720672978386,196.36789049332498,63.541831964603205,66.35308910921854,0.9999999731342096,0.9999936190744463,0.0,0.0,2049,0.05509430842794038
conservative_mean_m,999.5794050347233,0.5310887308755727,853.7219667919543,519.9209462855374,999.5794050347233,31.34162373134202,204.91588100694466,61.255582578239725,63.708426163983894,0.9999999973949285,0.9999958560330359,0.0,0.0,2049,0.054259843560950545
conservative_mean_m,825.0006557367726,0.6969455704458161,582.8627257824422,583.8639609186085,825.0006557367726,45.04916878492127,170.00013114735452,76.35942939679968,80.96522778403781,1.000000010012712,0.999995742921542,0.0,0.0,2049,0.0504879885866286
conservative_mean_m,985.7258526025455,0.3855875428865359,907.8265633683185,384.06560290122803,985.7258526025455,22.931304624431956,202.1451705205091,63.74395895730552,66.45150719361212,0.9999999850985065,0.9999937675024055,0.0,0.0,2049,0.061427092384552795
conservative_mean_m,380.362801087805,0.5513844309149292,278.0521128554858,259.54360517639674,380.362801087805,43.02818242974739,81.072560217561,180.3837381861892,205.57872215160998,0.9999998793549579,0.999975998170397,0.0,0.0,2049,0.06135185824935362
conservative_mean_m,393.3914447438308,0.421055724599755,331.05209043051417,212.51198135452307,393.3914447438308,32.697587549579396,83.67828894876615,193.79510295092112,222.21209300340536,1.0000000417542092,0.9999862107838595,0.0,0.0,2049,0.06731296649025721
conservative_mean_m,200.88558497967915,0.421055724599755,164.46184271057376,115.35736016774302,200.88558497967915,35.04671260679938,45.17711699593583,375.65407315300433,450.74518656881776,1.0000004864068917,0.9999041807446365,0.0,0.0,2049,0.06851429864134165
conservative_mean_m,122.67944973927985,0.7061301071106709,60.6666510009855,106.62928699310109,122.67944973927986,60.36232118143172,29.53588994785597,447.616943923046,543.606186738311,1.0000000985426738,0.9999651074101156,0.0,0.0,2049,0.05585304701527248
conservative_mean_m,967.5573059156497,0.5273711267261947,823.404786078369,508.1059913974499,967.5573059156497,31.677873579559886,198.51146118312994,62.91031917405406,65.62917210679528,0.9999999608559307,0.9999922740289462,0.0,0.0,2049,0.0550291073308073
conservative_mean_m,999.100685460626,0.5277471372604856,855.0212848778212,516.8566359192579,999.100685460626,31.15277874128075,204.8201370921252,61.26730424891663,63.72290292580284,0.9999999952412554,0.9999955755864582,0.0,0.0,2049,0.05440924411995063
conservative_mean_m,959.3036839721497,0.5253136856482982,816.2211801234669,504.0302998832442,959.3036839721497,31.696027444206347,196.86073679442993,63.37936530225626,66.16860780064178,0.9999999702067952,0.9999922420928709,0.0,0.0,2049,0.0552707405870491
conservative_mean_m,995.2296593962296,0.5170749677773988,856.7336506769211,506.44795067186374,995.2296593962296,30.588953687403684,204.04593187924593,61.43146048655937,63.914688603219986,0.99999996286544,0.9999924914888808,0.0,0.0,2049,0.0549380523213683
conservative_mean_m,572.8743360888191,0.3898996608457289,504.8228336873887,270.8115793998482,572.8743360888191,28.211278003058318,119.57486721776381,126.16657783824698,139.7423342462258,1.0000001002692,0.9999828794498948,0.0,0.0,2049,0.06725814500853408
conservative_mean_m,996.7699292747907,0.7428476743788555,718.1350916877448,691.2541370531576,996.7699292747907,43.90734333452429,204.35398585495813,65.21172439144503,68.09639095589493,0.9999999973277901,0.9999950250866558,0.0,0.0,2049,0.046632133532941725
conservative_mean_m,990.0939284940562,0.5602840159895671,828.0960553287557,542.7180763432774,990.0939284940562,33.240055394207474,203.01878569881123,61.900834908331845,64.4527216229558,1.0000000236286688,0.9999937790717119,0.0,0.0,2049,0.05324390414255169
conservative_mean_m,998.9048514445599,0.5245803484135119,856.5046434012559,514.0142975361344,998.9048514445599,30.969241179266778,204.780970288912,61.2678757022134,63.72421149724761,0.999999988700225,0.9999940717197969,0.0,0.0,2049,0.05454648730713546
conservative_mean_m,459.78171948159644,0.5375971133376336,348.57039541986387,299.82980006379154,459.78171948159644,40.70113000639784,96.95634389631928,147.60109379268388,165.55132064642342,0.9999999597483293,0.999985683962771,0.0,0.0,2049,0.06129196280247752
conservative_mean_m,213.87050048153776,0.5342733301598585,153.1422007812951,149.29185281215095,213.87050048153776,44.27059546428905,47.77410009630755,318.5725609635795,378.93123110416315,1.0000002476282597,0.9999541858336074,0.0,0.0,2049,0.06326747576508446
conservative_mean_m,999.3932837515345,0.6070674428506653,810.2740840144886,585.0152514098726,999.3932837515345,35.829161747494105,204.8786567503069,61.98679998629673,64.53122199682454,1.0000000011532297,0.999993240593643,0.0,0.0,2049,0.05126061182072561
conservative_mean_m,995.3385487837642,0.5985511430598071,811.260262481214,576.6763504894936,995.338548783764,35.40674228285072,204.0677097567528,62.06642641816535,64.63008018613448,0.9999999755935357,0.9999929529760108,0.0,0.0,2049,0.05165328838279791
conservative_mean_m,488.41568308044845,0.5476210745788518,368.6252024943872,320.4143248434955,488.41568308044845,40.99763834827283,102.68313661608968,137.12139067011316,152.88235502733565,1.0000000109411902,0.9999799936105277,0.0,0.0,2049,0.060567203478399036
conservative_mean_m,998.9127330672397,0.5209179599164214,858.4462282550686,510.7805022497524,998.9127330672397,30.752891838559613,204.78254661344795,61.25950187904303,63.71524473130802,0.9999999714311041,0.9999928991311126,0.0,0.0,2049,0.05470143192363282
conservative_mean_m,555.7279308494676,0.7504555495747696,321.2612398916358,453.45865177491044,555.7279308494676,54.6836240620265,116.14558616989352,116.89965739550513,128.31322623517,1.0000000017874926,0.9999897762949544,0.0,0.0,2049,0.051254978858901144
conservative_mean_m,999.3563815160421,0.5167185163362006,861.0976811622171,507.17251579111604,999.3563815160421,30.49739259765395,204.87127630320842,61.232038528602025,63.68430549702703,0.9999999619384793,0.9999924009539188,0.0,0.0,2049,0.054871555158088
conservative_mean_m,864.7851684084635,0.48932638115839105,741.1586374487191,445.57520311885946,864.7851684084636,31.013752831883604,177.95703368169274,70.40616379612798,74.25971057819737,0.999999973681948,0.999992691429351,0.0,0.0,2049,0.058537033681001806
conservative_mean_m,54.12848042271918,0.5318986345095411,37.2499372106791,39.272567660813294,54.12848042271918,46.514080226313375,15.825696084543836,790.3799901510575,937.4063680679901,1.0000017155203211,0.9996942925039897,0.0,0.0,2049,0.06296018758410457
conservative_mean_m,997.1472396916124,0.5451945109736762,843.6131268254696,531.6197041799296,997.1472396916123,32.21790094806841,204.42944793832245,61.44115280503567,63.93001086448021,1.0000000190929856,0.9999928018950236,0.0,0.0,2049,0.05372332436622928
conservative_mean_m,996.8475915409085,0.5224068103676816,855.5702729262514,511.5707466673692,996.8475915409085,30.876450266481175,204.3695183081817,61.3618757036984,63.83325884709446,0.9999999815508792,0.9999935761177545,0.0,0.0,2049,0.054678960723674945
conservative_mean_m,999.2372911425326,0.5090450914569624,864.9590959065163,500.32082349073636,999.2372911425326,30.046502076649972,204.84745822850653,61.23468385960411,63.688606335189704,0.9999999772790586,0.9999939509544251,0.0,0.0,2049,0.05520390119428718
conservative_mean_m,999.9249370872743,0.5144546149598991,862.8540086909009,505.3046996565855,999.9249370872742,30.354099688929544,204.98498741745485,61.20296739820826,63.651087764759694,0.9999999639225553,0.9999925743477838,0.0,0.0,2049,0.05495715191803426
conservative_mean_m,867.611299904332,0.5208163793075639,727.9465190016712,472.06274285844063,867.611299904332,32.96282287796786,178.5222599808664,70.01071525957676,73.80859846913073,1.0000000074791149,0.9999913740944143,0.0,0.0,2049,0.05705393230683411
conservative_mean_m,999.820652321218,0.5488083010193648,844.3359228315902,535.4793985058182,999.820652321218,32.38294561815151,204.9641304642436,61.33452800663333,63.80533572363914,1.0000000199088759,0.9999933516046758,0.0,0.0,2049,0.05352466174382245
conservative_mean_m,403.8368465233471,0.46374726097079233,327.24349323495267,236.6345172313348,403.8368465233471,35.87123755528597,85.76736930466942,180.14770099684657,205.49820138321937,0.999999872142444,0.9999728170800883,0.0,0.0,2049,0.0652067433466151
conservative_mean_m,999.4782245715422,0.5145169464294834,862.369078526459,505.24874447553873,999.4782245715422,30.365379728727905,204.89564491430843,61.22424598727089,63.675681091658554,0.9999999635246708,0.9999925366788703,0.0,0.0,2049,0.05496338621843607
conservative_mean_m,475.3421525605156,0.5140630266390105,371.05604736306077,297.0985892194147,475.3421525605156,38.683692015159046,100.06843051210312,143.93142267388512,161.17746464541978,0.9999999857722615,0.9999935871232679,0.0,0.0,2049,0.06223032805504152
conservative_mean_m,999.0264531802184,0.5457153820086934,845.232009340049,532.575538811942,999.0264531802184,32.21477927230482,204.80529063604368,61.35328615174164,63.826652719823656,1.000000022731256,0.9999927868221938,0.0,0.0,2049,0.0536659971652219
conservative_mean_m,999.6864009872952,0.5144878987948869,862.5950589620892,505.274840629455,999.6864009872952,30.360122930075782,204.93728019745905,61.21432283728758,63.66421258986041,0.9999999637037565,0.999992553783482,0.0,0.0,2049,0.05496048183847583
conservative_mean_m,340.55505569991135,0.5079926427967526,259.9955997532749,219.95461820954014,340.5550556999113,40.23100794523566,73.11101113998225,208.7194214165187,240.6573028266661,1.0000000504177389,0.9999806479234945,0.0,0.0,2049,0.06364621717615321
conservative_mean_m,999.2314202269715,0.508666807065009,865.1480616626493,499.9822622555438,999.2314202269715,30.024272516679364,204.8462840453943,61.23510046740549,63.6891420250838,0.9999999786050349,0.9999941089947726,0.0,0.0,2049,0.05522039009065973
conservative_mean_m,999.4864926685959,0.5270002986462856,855.8096442587039,516.2974935255468,999.4864926685959,31.101968842724833,204.89729853371918,61.24662196450409,63.699152726712,0.9999999942011998,0.9999950838748248,0.0,0.0,2049,0.05443306552206517
conservative_mean_m,956.8394524666248,0.548230550013387,801.3537700770856,522.8516739763504,956.8394524666248,33.122860361505246,196.36789049332498,63.635572805824125,66.4638360426999,0.9999999849194254,0.9999927718823785,0.0,0.0,2049,0.054345244937069236
conservative_mean_m,999.9939602424661,0.5424684120792853,847.9898384751476,530.0010890218094,999.9939602424661,32.00574469426993,204.99879204849321,61.28801570822527,63.746788618441435,1.0000000201149468,0.9999925906591274,0.0,0.0,2049,0.05378041364860871
conservative_mean_m,998.9847619842843,0.5411505341092283,847.6851964521982,528.5833542522838,998.9847619842843,31.94605233244079,204.79695239685685,61.32932786356683,63.79448734579255,1.0000000142866303,0.9999926257506393,0.0,0.0,2049,0.05385406576049585
conservative_mean_m,999.8554601735972,0.5310887308755727,854.0017540518256,519.9922550532467,999.8554601735971,31.33677437573818,204.97109203471942,61.24239557909196,63.69320227065058,0.9999999974895625,0.9999959214094228,0.0,0.0,2049,0.05425444487289301
conservative_mean_m,994.9138990963088,0.5137413759245416,858.152287918939,503.41664389897807,994.9138990963088,30.39710353260996,203.98277981926176,61.44381507324547,63.92956113485893,0.9999999632553103,0.999992380085206,0.0,0.0,2049,0.0550873881480772
conservative_mean_m,628.2111320246729,0.47863377772244475,521.8131517740086,349.80031594524974,628.2111320246729,33.83614089170166,130.64222640493458,104.50219775549367,113.98214748813739,0.9999999618231741,0.999986050458774,0.0,0.0,2049,0.06230700021627632
conservative_mean_m,999.9856124903177,0.49446680824075506,873.1327057651707,487.4530780606764,999.9856124903179,29.173777019695315,204.99712249806356,61.22382822006931,63.66308900331448,1.0000000282346733,0.9999922956230688,0.0,0.0,2049,0.05582677947930212
conservative_mean_m,998.5757728234339,0.5140396352119152,861.7034315431115,504.59961369064143,998.575772823434,30.352550712305547,204.7151545646868,61.26699234686898,63.725184473160496,0.9999999636950752,0.9999925361848326,0.0,0.0,2049,0.05500184798894507
conservative_mean_m,344.2104302649997,0.5179934669690386,259.90508137178074,225.67713437640117,344.2104302649997,40.967977261671656,73.84208605299993,204.8435542877458,236.1027037694424,1.0000000238148004,0.9999892543193832,0.0,0.0,2049,0.06315950613086674
conservative_mean_m,230.6841085633307,0.5167185163362006,169.8997867508544,156.04236734192656,230.6841085633307,42.56553799062391,51.13682171266614,302.19316840178664,358.34147399578933,1.0000001086765467,0.9999563646098415,0.0,0.0,2049,0.06397444531086911
conservative_mean_m,998.9065722272362,0.512722442551355,862.7225816178319,503.51175478376877,998.9065722272362,30.26916605767367,204.78131444544724,61.25053141101706,63.7063710662532,0.999999966354286,0.9999927775873196,0.0,0.0,2049,0.055051866375257184
conservative_mean_m,462.99541143184905,0.5439767471665722,348.7228524546059,304.5605410798817,462.99541143184905,41.132658134069075,97.5990822863698,145.96978218275603,163.46999437776847,0.9999999954717671,0.9999942803244485,0.0,0.0,2049,0.06097131492859512
conservative_mean_m,999.2006360400078,0.49422536297107705,872.4593245968576,487.0489071815591,999.2006360400077,29.172363351323582,204.84012720800155,61.261787151240355,63.706970302000855,1.000000029957942,0.9999923032137391,0.0,0.0,2049,0.05585346602534421
conservative_mean_m,386.46765834571767,0.5017601977860944,300.06030426292057,243.5591606835306,386.46765834571767,39.06626261890008,82.29353166914353,183.27266356504452,209.0980160302372,1.000000101624395,0.9999773939159635,0.0,0.0,2049,0.06357508141178339
conservative_mean_m,47.92028387074765,0.4934982944951357,34.907295571605374,32.8303871760541,47.92028387074765,43.243801505089884,14.58405677414953,853.1173824947855,1001.4368789760784,0.9999999806150098,0.9996795700231887,0.0,0.0,2049,0.06452581471592717
conservative_mean_m,999.929747666423,0.5217177316712917,859.0553732377413,511.74541129315605,999.929747666423,30.782558589110295,204.9859495332846,61.212540887586556,63.660794028532365,0.9999999745945234,0.9999929910848034,0.0,0.0,2049,0.054647384218479846
conservative_mean_m,999.6864009872952,0.5123475839893956,863.7067721512685,503.37214072589273,999.6864009872952,30.23382215457459,204.93728019745905,61.213271234395165,63.66334607459842,0.9999999679062099,0.9999929465807559,0.0,0.0,2049,0.05505242105447207
conservative_mean_m,275.24095103847674,0.49248977324398197,211.04457427941958,176.68550816573412,275.24095103847674,39.935908677759954,60.04819020769535,261.83178079003017,307.22793194160977,0.999999939091188,0.9999609273665109,0.0,0.0,2049,0.06481415710301956
conservative_mean_m,253.3747683691839,0.508666807065009,189.5636826733362,168.12014590006845,253.37476836918393,41.56916171061105,55.67495367383678,279.2202680433308,329.1531335717786,1.0000000098540582,0.9999832824682481,0.0,0.0,2049,0.06420962923372152
conservative_mean_m,246.29945093259448,0.48283741811504016,189.89481977151388,156.85463637917042,246.29945093259448,39.556978253112945,54.259890186518895,293.4255094737994,347.1748284613154,0.999999503691644,0.9999379563582541,0.0,0.0,2049,0.06543422854771752
conservative_mean_m,964.4139337742927,0.5117222028957727,828.4746901339049,493.684032013935,964.4139337742927,30.790508158831212,197.88278675485853,63.061986599392114,65.80877263692979,1.0000000095763517,0.9999963987837603,0.0,0.0,2049,0.055765169485433745
conservative_mean_m,998.6364482264773,0.4940518284927712,871.9754152866245,486.7582879233927,998.6364482264773,29.171337488279892,204.72728964529546,61.28918426773086,63.738657902387985,1.0000000310736668,0.9999923096699352,0.0,0.0,2049,0.05587264094572066
conservative_mean_m,485.80141654376666,0.5131924273425008,380.4044180645536,302.15144387028596,485.8014165437666,38.45976645751284,102.16028330875332,140.3971193891745,156.79244863189663,0.9999999518044946,0.9999871145167977,0.0,0.0,2049,0.06217232305219712
conservative_mean_m,999.278746718134,0.515439091348723,861.6867302792791,506.01777884099045,999.278746718134,30.4232027044572,204.8557493436268,61.23447205011354,63.68734547183235,0.9999999623799004,0.9999924410622288,0.0,0.0,2049,0.05492783886956969
conservative_mean_m,999.2971253239801,0.5250761852188817,856.6393497732531,514.5520081593585,999.2971253239801,30.991701996026006,204.85942506479603,61.25037131867451,63.70388133620638,0.9999999900246305,0.9999942108261806,0.0,0.0,2049,0.054517837364964794
conservative_mean_m,971.227902920494,0.4954124892020534,843.6505960842094,481.1832407078395,971.227902920494,29.698638800658852,199.2455805840988,62.69862226311761,65.37794317023507,1.0000000233219892,0.9999932423486837,0.0,0.0,2049,0.0563567707383404
conservative_mean_m,999.4740015004711,0.50967431502626,864.8743095677045,500.9398250540181,999.4740015004711,30.079652086544193,204.89480030009423,61.2232554092212,63.675299514211,0.9999999753441704,0.9999937468446014,0.0,0.0,2049,0.05517194909842867
conservative_mean_m,999.918438931622,0.5046435586501654,867.9085502113073,496.5597979957283,999.918438931622,29.77533147947163,204.9836877863244,61.2055581643048,63.6516910822883,0.9999999911043859,0.9999963100797531,0.0,0.0,2049,0.05538127132713763
conservative_mean_m,999.2372911425326,0.503233202017541,867.9391547690124,495.1331009220842,999.2372911425326,29.70345398318732,204.84745822850653,61.23967977027773,63.68993305895222,0.9999999934027735,0.9999956043095855,0.0,0.0,2049,0.055456515624001564
conservative_mean_m,999.679440984815,0.5270879476870834,855.9585513400758,516.4241891270304,999.679440984815,31.10377785920399,204.935888196963,61.237666979450026,63.68878403180734,0.9999999943212223,0.9999950873696872,0.0,0.0,2049,0.05442558874517991
conservative_mean_m,999.6744708971823,0.5240831785377641,857.5475917998167,513.7715207773748,999.6744708971823,30.92655077331139,204.93489417943647,61.229886943038366,63.680394254101095,0.9999999865396685,0.9999937517941289,0.0,0.0,2049,0.054552323268104906
conservative_mean_m,972.0208378278671,0.5488083010193648,816.2633411072323,527.7676260780372,972.0208378278671,32.885310395589904,199.40416756557343,62.769537056737775,65.4582887234941,1.0000000001304938,0.9999950786096803,0.0,0.0,2049,0.05404562170633836
conservative_mean_m,992.6452860298722,0.5112700192715648,857.1401955399416,500.654920146679,992.6452860298722,30.289167303709196,203.52905720597442,61.55433452974182,64.05760521458302,0.9999999696812987,0.9999924754184337,0.0,0.0,2049,0.05523892748255594
conservative_mean_m,999.4782245715422,0.5170501469640804,861.0477928102337,507.49721170594324,999.4782245715421,30.514882279996343,204.89564491430843,61.22661070994673,63.67796955157925,0.9999999620409533,0.9999924041228967,0.0,0.0,2049,0.054854963456365514
conservative_mean_m,999.9203229514109,0.5141573094440335,863.0039990374461,505.03935479983096,999.9203229514109,30.336636401336246,204.98406459028217,61.202992284303185,63.65116608920707,0.9999999643966236,0.9999926160926569,0.0,0.0,2049,0.054969995522563264
conservative_mean_m,50.211209133357954,0.5217177316712917,35.0793525510519,35.92498499975773,50.211209133357954,45.68233690296078,15.04224182667159,822.4892299473968,970.9494557662384,1.0000021075938204,0.9996962871236514,0.0,0.0,2049,0.0632943861512638
conservative_mean_m,999.6558124262267,0.4875039686130354,876.2715111300557,481.10288099260845,999.6558124262267,28.768284371252587,204.93116248524535,61.26616268869466,63.711550479605876,1.0000000306636352,0.9999929796155069,0.0,0.0,2049,0.05614355374980224
conservative_mean_m,999.5600521642633,0.4892342511484865,875.3158391166671,482.6411500008156,999.5600521642633,28.87194029668269,204.91201043285267,61.263115240409746,63.70824048398693,1.00000003526271,0.9999925307708557,0.0,0.0,2049,0.05606813768470028
conservative_mean_m,65.95811085979938,0.49352244674754175,48.24594029483947,44.975567069914405,65.95811085979938,42.990788022155286,18.191622171959875,735.922907189684,879.0757056250567,0.9999993847345247,0.9997825706123354,0.0,0.0,2049,0.06503467029034432
conservative_mean_m,354.1551806684221,0.5241694916981836,266.04460754844735,233.76517873429165,354.1551806684221,41.30477412726467,75.83103613368442,197.94252798719467,227.35880068055764,1.0000001275140968,0.9999682387717563,0.0,0.0,2049,0.06280038711151864
conservative_mean_m,969.1728365299364,0.5117222028957727,833.252061289873,494.9616039892998,969.1728365299364,30.710813954380196,198.83456730598726,62.792116680397356,65.49316605739399,1.000000009321756,0.9999948360980188,0.0,0.0,2049,0.05567488467783969
conservative_mean_m,479.63841916096095,0.5120249027914406,375.54904806553293,298.3553680299681,479.63841916096095,38.46542525024249,100.92768383219219,142.6030802328147,159.5420703314855,0.9999999949494714,0.999997096686031,0.0,0.0,2049,0.062284504834381
conservative_mean_m,999.918438931622,0.5046435586501654,867.9085502113073,496.5597979957283,999.918438931622,29.77533147947163,204.9836877863244,61.2055581643048,63.6516910822883,0.9999999911043859,0.9999963100797531,0.0,0.0,2049,0.05538127132713763
conservative_mean_m,999.278746718134,0.4847730989566679,877.2396881099568,478.5483708543061,999.278746718134,28.613177585416242,204.8557493436268,61.29722262428213,63.74713341950139,1.000000017856936,0.9999939490984279,0.0,0.0,2049,0.05627387749284496
conservative_mean_m,999.384987634587,0.5176166115182393,860.6570829139008,507.9761206390694,999.384987634587,30.549909623439955,204.8769975269174,61.23174433506822,63.68380032120494,0.9999999623898046,0.9999924217117617,0.0,0.0,2049,0.0548326291047102
conservative_mean_m,999.8923349205945,0.5144546149598991,862.8209828128117,505.29657929862543,999.8923349205945,30.35465449641338,204.9784669841189,61.20451517661767,63.652877770400636,0.9999999638987072,0.9999925720802647,0.0,0.0,2049,0.05495780223231968
conservative_mean_m,999.5254850872002,0.5115172773292629,863.9739395655416,502.59350084377405,999.5254850872002,30.187547925823004,204.90509701744003,61.22074131024729,63.672114030414555,0.9999999698040752,0.9999931432483199,0.0,0.0,2049,0.05509139029145531
conservative_mean_m,934.050906969987,0.53218269635656,787.3537149023647,502.5188796860284,934.050906969987,32.54755670391097,191.8101813939974,64.97507150105686,68.01199738498008,0.9999999864024048,0.9999930724315852,0.0,0.0,2049,0.05543142886515799
conservative_mean_m,999.8321830341974,0.5090450914569624,865.5615457607903,500.46738628118453,999.8321830341976,30.03648619958571,204.96643660683952,61.206419349094105,63.65591771214032,0.9999999778412272,0.9999940704369555,0.0,0.0,2049,0.05519197022411191
conservative_mean_m,999.8231695748418,0.5167185163362006,861.5705318152251,507.28945300125565,999.8231695748418,30.489414921473813,204.96463391496837,61.209822424575194,63.65861659930486,0.9999999620506858,0.999992406612913,0.0,0.0,2049,0.05486227282153196
conservative_mean_m,682.8950115137553,0.5163913678435391,554.9220544450595,398.0039073185668,682.8950115137552,35.64903237910465,141.57900230275104,92.8468338531379,100.27484511778219,1.000000006725478,0.9999967337669231,0.0,0.0,2049,0.05987790890386707
conservative_mean_m,999.504899464695,0.5173909349626202,860.8966157125234,507.8061255131272,999.504899464695,30.534538185886948,204.900979892939,61.225748367718865,63.67691030293615,0.9999999622200659,0.9999924119698012,0.0,0.0,2049,0.054839880472218244
conservative_mean_m,917.1772244161609,0.509768181096587,782.4007870757093,478.60533780040873,917.1772244161609,31.454699822831774,188.43544488323218,66.10058870977706,69.30979970262601,1.0000000048723403,0.9999962997867676,0.0,0.0,2049,0.05671274075393147
conservative_mean_m,824.5542233316255,0.5145169464294834,689.4482914741606,452.2728386686305,824.5542233316255,33.26457026033839,169.9108446663251,74.10032423591029,78.52910861970769,0.9999999514482754,0.9999912221110006,0.0,0.0,2049,0.05801374756731035
conservative_mean_m,999.9203229514109,0.49717070676253894,871.7059861409679,489.86664101289506,999.9203229514109,29.334382072209458,204.98406459028217,61.21920923941741,63.657985043345164,1.0000000168952257,0.9999927885099511,0.0,0.0,2049,0.05570866239395172
conservative_mean_m,352.65991108657335,0.5031167094940339,271.46331908433154,225.11481354923808,352.65991108657335,39.667702351795626,75.53198221731466,201.99188787075758,232.41213154211465,1.0000000102210254,0.9999929907685214,0.0,0.0,2049,0.06377898752338025
conservative_mean_m,999.020373269567,0.5137432735568742,862.3077388656417,504.44729130018067,999.020373269567,30.32749868080251,204.8040746539134,61.2455770734679,63.70047437546948,0.9999999644486135,0.9999926084778243,0.0,0.0,2049,0.05500571666686808
conservative_mean_m,999.648198260162,0.5407963184162776,848.5505943695763,528.4490600614471,999.648198260162,31.91327593905088,204.9296396520324,61.29558057132171,63.75428804446511,1.0000000129672233,0.9999926825903012,0.0,0.0,2049,0.05385583871230274
conservative_mean_m,8.818878523644287,0.508666807065009,6.220323777104158,6.251415081626487,8.818878523644287,45.14283468075751,6.763775704728857,1301.3835574335014,1378.5414327217302,0.9999962682091459,0.9988945880832117,0.0,0.0,2049,0.04978970916921321
conservative_mean_m,999.8651908744357,0.5235061273074921,858.046038461086,513.3102334881006,999.8651908744358,30.889196008081242,204.97303817488717,61.219444868584496,63.66843422106023,0.9999999840597948,0.99999351978789,0.0,0.0,2049,0.05457294707146961
conservative_mean_m,333.97865071304545,0.5095877801791017,254.13062573045994,216.70109413187396,333.97865071304545,40.45473786702662,71.79573014260909,212.71570987787416,245.62127046531361,1.000000150618004,0.999970080749857,0.0,0.0,2049,0.06362194399074883
conservative_mean_m,796.1651635158479,0.5233449432565104,657.7037713935571,448.6699418179342,796.1651635158479,34.300882723394665,164.23303270316958,77.10370239753287,81.9913873508872,0.9999999749577226,0.9999930020172001,0.0,0.0,2049,0.05803524887733886
conservative_mean_m,999.918438931622,0.5193214497406965,860.3041097332396,509.62115663652537,999.918438931622,30.641366654495265,204.9836877863244,61.20877992869996,63.65692543372906,0.9999999651693446,0.9999925507410249,0.0,0.0,2049,0.05474938705466859
conservative_mean_m,346.89356738767174,0.5014882450255248,267.1955766865437,221.22764495896644,346.89356738767174,39.623447205302824,74.37871347753435,205.79595101641678,237.00436137535905,1.0000000214165499,0.999985400111431,0.0,0.0,2049,0.06389794848548591
conservative_mean_m,999.2807216345061,0.4964621009654438,871.4157637857166,489.07722013618195,999.2807216345061,29.303075130821526,204.85614432690122,61.251408606735254,63.69516609452121,1.0000000210333018,0.9999926850329484,0.0,0.0,2049,0.05575291855195293
conservative_mean_m,999.8524276182897,0.49476209382517206,872.8496224035326,487.68679875940626,999.8524276182897,29.19337873418151,204.97048552365794,61.22921391817209,63.66934625831853,1.0000000273219658,0.9999923344703049,0.0,0.0,2049,0.05581642373125702
conservative_mean_m,999.6638036672266,0.5387803421630003,849.661829498174,526.6901326740831,999.6638036672266,31.79403178177599,204.93276073344532,61.284535677857875,63.739477116939845,1.0000000055040361,0.9999929752453195,0.0,0.0,2049,0.05393866597447348
conservative_mean_m,971.3735616848992,0.5051758517853835,838.8376849554109,489.81418378713107,971.3735616848991,30.281514497241375,199.2747123369798,62.671505755149475,65.3454623680779,1.000000033891742,0.9999923000956816,0.0,0.0,2049,0.05592015747976864
conservative_mean_m,999.8321830341974,0.48696199378434357,876.7184097438912,480.6549950297732,999.8321830341974,28.733460849534183,204.9664366068395,61.26032689277616,63.70472849202412,1.0000000281577703,0.9999931870483239,0.0,0.0,2049,0.056164214363280784
conservative_mean_m,999.7035060824735,0.5124986762781402,863.6457552821212,503.5107838534986,999.7035060824735,30.24244820825533,204.9407012164947,61.21250468529629,63.66243576821297,0.9999999675691909,0.9999929127230196,0.0,0.0,2049,0.05504557871092013
conservative_mean_m,243.17021905431352,0.526569675738549,177.30019966730194,166.42233814262343,243.17021905431352,43.18735305717845,53.63404381086271,285.78623525064256,338.0007109961098,1.000000133876844,0.9999652414897906,0.0,0.0,2049,0.06345502623354722
conservative_mean_m,999.9144392862695,0.49860480736875346,870.9756327380088,491.1520467938619,999.9144392862695,29.419094828597828,204.9828878572539,61.21599893522807,63.65438046398366,1.0000000099631592,0.9999932207003595,0.0,0.0,2049,0.05564564007169636
conservative_mean_m,999.5905008220489,0.4913187548465834,874.3083915708876,484.5265790051171,999.5905008220489,28.994461546500215,204.91810016440976,61.25337098202038,63.69710926566544,1.000000035984077,0.999992250641202,0.0,0.0,2049,0.055974582694160224
conservative_mean_m,999.9910065588917,0.5106133460498352,864.9130020813259,501.90388724270076,999.9910065588916,30.12633932450837,204.99820131177833,61.198594989814,63.64664162512345,0.9999999728935471,0.9999934966254252,0.0,0.0,2049,0.05512104392985862
conservative_mean_m,999.9872937225985,0.5141573094440335,863.0718403154443,505.0560226956594,999.9872937225983,30.33549736748103,204.99745874451966,61.199813930814855,63.6474902208965,0.9999999644496442,0.9999926212643053,0.0,0.0,2049,0.054968659112688695
conservative_mean_m,988.1113269901889,0.524917673334806,845.4079024395709,511.5168355186728,988.1113269901889,31.176173448927255,202.62226539803777,61.801318558987184,64.33993236524805,0.9999999918194413,0.9999964916627253,0.0,0.0,2049,0.05474282715545391
conservative_mean_m,814.9994923528192,0.5005919461317048,687.2526543557843,438.07300945879075,814.9994923528192,32.514513543233186,167.99989847056383,75.20867981212925,79.80448355727675,0.9999999961514295,0.999990888896105,0.0,0.0,2049,0.05879820772879893
conservative_mean_m,238.63779735241008,0.4985705729343049,180.2219209756044,156.4226886518479,238.63779735241008,40.95617859871428,52.727559470482014,297.71050875408145,353.01079377526696,0.9999998619704698,0.9999409808131957,0.0,0.0,2049,0.06475747428111835
conservative_mean_m,999.2314202269715,0.5342646983153269,851.6639389321612,522.6202888248472,999.2314202269715,31.53519882851485,204.8462840453943,61.284655646844705,63.74080442480502,0.9999999982736053,0.9999942559049231,0.0,0.0,2049,0.05413421914997366
conservative_mean_m,187.9214166027591,0.5235061273074921,135.7032894959528,129.99644625129326,187.9214166027591,43.76955931513629,42.58428332055182,358.7177701527883,429.80484860346434,1.0000000466604402,0.9999671340304875,0.0,0.0,2049,0.06387813405624468
conservative_mean_m,986.2381057953567,0.48531654880404057,863.797951957564,475.9398066108057,986.2381057953567,28.85410965001045,202.24762115907134,61.937432178005366,64.48764374646343,1.0000000363007355,0.9999920507105289,0.0,0.0,2049,0.05651443942591599
conservative_mean_m,682.3860499957415,0.49310338621028793,565.3971463369224,382.0690881802076,682.3860499957415,34.04899776037973,141.4772099991483,93.57977191898647,101.13067046161774,0.9999999935294726,0.9999936440117582,0.0,0.0,2049,0.06097142681126346
conservative_mean_m,999.918438931622,0.4831207248742797,878.7002456433728,477.2030624605506,999.918438931622,28.505426218481624,204.9836877863244,61.27568502222696,63.72201274791201,1.0000000118213195,0.9999949938054775,0.0,0.0,2049,0.05633513962606445
conservative_mean_m,999.278746718134,0.5189213723528697,859.8659477305893,509.10565266547593,999.278746718134,30.628740356996943,204.8557493436268,61.23862874504711,63.691510209775316,0.999999964414216,0.9999925308781421,0.0,0.0,2049,0.0547791058220019
conservative_mean_m,22.43612384504877,0.5096994651068708,15.85486453623334,15.874599954898278,22.43612384504877,45.03563741363872,9.487224769009753,1092.5606511806673,1221.5521429411097,0.9999996526124961,0.9996485773483886,0.0,0.0,2049,0.06099164027209121
conservative_mean_m,999.9910065588917,0.49533278929280217,872.7031348295797,488.2327842917659,999.9910065588917,29.224781929874855,204.99820131177836,61.22094303731704,63.65983205859126,1.0000000249264636,0.9999924044008072,0.0,0.0,2049,0.05578835818642513
conservative_mean_m,999.7539872050916,0.522064324417563,858.694580152186,512.0074735291854,999.7539872050916,30.80604354564327,204.95079744101832,61.221613171209476,63.67121259053587,0.9999999767550349,0.9999930980524319,0.0,0.0,2049,0.054636169747090464
conservative_mean_m,999.918438931622,0.5041373340945567,868.1672917051335,496.1072848979599,999.9184389316221,29.745462864906113,204.98368778632442,61.20615868406436,63.65154333268681,0.9999999916666034,0.999995973189051,0.0,0.0,2049,0.055403328261845436
conservative_mean_m,8.144591636743485,0.5090450914569624,5.740345668566672,5.777785435154179,8.144591636743485,45.18623968047512,6.628918327348697,1314.065406901663,1387.723016116511,1.0000018270632023,0.999354704949864,0.0,0.0,2049,0.0479504344332199
conservative_mean_m,999.9831318302429,0.518359693456091,860.8739640436734,508.7851039257667,999.983131830243,30.583511154987363,204.9966263660486,61.20427364254906,63.65189913078911,0.9999999632554819,0.9999924553939823,0.0,0.0,2049,0.05478905923998978
conservative_mean_m,107.43347650157813,0.49953691044405485,78.67333300188555,73.16049854661712,107.43347650157813,42.920598762386945,26.486695300315624,553.0555689020546,669.1503471359533,0.999999341783755,0.999855259786696,0.0,0.0,2049,0.06510794553708273
conservative_mean_m,999.6985608378095,0.5004374177081004,869.8286041672898,492.7427441511155,999.6985608378094,29.530797519457494,204.93971216756188,61.22236702458941,63.66449000375836,1.000000001488106,0.9999939882459348,0.0,0.0,2049,0.05556953625896981
conservative_mean_m,180.3135712021114,0.5118078966986149,132.07990328671204,122.75130592963845,180.3135712021114,42.90351150565118,41.06271424042228,374.773649644538,450.26262242389305,1.0000000238065938,0.9999367916026031,0.0,0.0,2049,0.06444052393028576
conservative_mean_m,999.8913693560296,0.5044650301090561,867.9724148780281,496.3936316306649,999.8913693560296,29.765249524968702,204.97827387120591,61.207047292104924,63.65316109868522,0.9999999913621291,0.9999961982636743,0.0,0.0,2049,0.055389593987581455
conservative_mean_m,999.5332349044724,0.5067929711647194,866.4172294594098,498.3852648047286,999.5332349044722,29.908609809329242,204.90664698089444,61.22184124623024,63.67405977286677,0.9999999855566208,0.999995092723904,0.0,0.0,2049,0.05529556378383781
conservative_mean_m,999.9515697055692,0.5165880036530341,861.7687855531061,507.2057787554836,999.9515697055692,30.479519814468798,204.99031394111384,61.20357959186319,63.65142117827845,0.9999999620956446,0.999992410859629,0.0,0.0,2049,0.054865295285278635
conservative_mean_m,974.4343788905,0.5020501859967474,843.5124967706131,487.86168793575195,974.4343788905,30.04376804314701,199.8868757781,62.50712621726975,65.15692640723016,1.0000000373011497,0.9999922313941251,0.0,0.0,2049,0.05599911720463976
conservative_mean_m,933.6245510320825,0.5145538406663401,796.2457396744758,487.49105052308863,933.6245510320825,31.476507463325362,191.7249102064165,64.96650652101043,68.00560803791589,1.0000000303716963,0.999993044365169,0.0,0.0,2049,0.05620785434684852
conservative_mean_m,97.45977917388365,0.5123217250905514,69.91066478150275,67.90366342422563,97.45977917388365,44.16565584700868,24.49195583477673,582.5528032230401,705.2505307795444,1.0000000592790879,0.9998260730858424,0.0,0.0,2049,0.06448959915674028
conservative_mean_m,125.8518799512749,0.500990617016884,92.37007549413268,85.47786169809312,125.85187995127488,42.78070379471085,30.170375990254975,496.5583597328284,602.0770877731447,0.999999396173815,0.9998740164266582,0.0,0.0,2049,0.06506056909005939
conservative_mean_m,986.2381057953567,0.5039994323073945,854.4093069258257,492.5955111055553,986.2381057953567,29.964885638409328,202.24762115907134,61.880379484083974,64.43482808942017,1.0000000131878832,0.999993335090325,0.0,0.0,2049,0.05568231661158181
conservative_mean_m,132.26932675615257,0.5120506680063566,95.73665946132643,91.26700847355453,132.26932675615257,43.63081087932891,31.45386535123051,474.97500140508384,575.0516142021489,0.9999999986477547,0.9999762978847888,0.0,0.0,2049,0.06455393747548732
conservative_mean_m,508.01625182191594,0.507881965148753,401.80198552352664,310.8627937604306,508.01625182191594,37.72810324575894,106.60325036438319,133.59482907088827,148.62801754898794,0.999999928301518,0.9999816614837562,0.0,0.0,2049,0.06220521936105506
conservative_mean_m,388.7707085419998,0.5104171027489782,299.09422521464484,248.36527185478218,388.7707085419998,39.70594874367394,82.75414170839996,180.92727662435743,206.35695596117418,1.0000000197517884,0.999991279908049,0.0,0.0,2049,0.06315651843511964
conservative_mean_m,928.0526121555533,0.514433720934951,790.7702869404641,485.7612625774537,928.0526121555533,31.561936622582515,190.61052243111067,65.34063284687937,68.43825427200937,1.0000000145834211,0.9999944671335702,0.0,0.0,2049,0.056312797435314525
conservative_mean_m,999.9414771622089,0.5269294141458987,856.3084092573789,516.3514946085056,999.9414771622089,31.08985551779261,204.9882954324418,61.22471006828977,63.67384073597728,0.9999999940339421,0.9999949500305527,0.0,0.0,2049,0.05442710452138734
conservative_mean_m,653.7274945079887,0.5064123065685537,532.8113388741299,378.77660202664254,653.7274945079887,35.409093989240795,135.74549890159773,98.27620872282168,106.64416505668471,0.9999999926865776,0.9999882150479967,0.0,0.0,2049,0.06069703276946459
conservative_mean_m,988.8672023704037,0.4946900099668474,861.7810560929219,484.96572588507456,988.8672023704038,29.36855453346999,202.77344047408076,61.766466779759526,64.30215147698455,1.0000000240343785,0.9999938219652863,0.0,0.0,2049,0.05604139913011688
conservative_mean_m,693.9740093578611,0.4950939898998215,575.2532779415712,388.1798447649001,693.9740093578611,34.01140389680211,143.79480187157222,91.5696212573356,98.80823087473041,0.99999998418941,0.9999878438224595,0.0,0.0,2049,0.06073201851122355
conservative_mean_m,832.7671981600444,0.5158997215655661,696.6658829623325,456.24319594668407,832.7671981600445,33.220599776604075,171.5534396320089,73.26458163547142,77.55628177022562,0.9999999845900979,0.9999936649430083,0.0,0.0,2049,0.05782515282516976
conservative_mean_m,999.9348003190527,0.5240831785377641,857.8113845767481,513.8377500530942,999.9348003190527,30.922037857800557,204.98696006381053,61.21748579327811,63.66605758082119,0.9999999863852217,0.9999937121954274,0.0,0.0,2049,0.05454718870625039
conservative_mean_m,999.9144392862695,0.48690851870115026,876.8281219150115,480.6259777749935,999.9144392862695,28.72898069337573,204.9828878572539,61.256690983719096,63.700515111395035,1.0000000277703451,0.9999932211028558,0.0,0.0,2049,0.05616492182831934
conservative_mean_m,139.35569829466817,0.5222230732745448,99.58060991436751,97.48698772798939,139.35569829466817,44.39131950706507,32.871139658933636,453.5986674645468,548.7810123485107,1.0000002184032402,0.9999106385652496,0.0,0.0,2049,0.06408374931110916
conservative_mean_m,645.3150298517024,0.5326868932845911,512.7708962853084,391.78756447246394,645.3150298517024,37.38198644540197,134.0630059703405,99.08550235684207,107.57760369202671,1.0000000112469931,0.9999954637682864,0.0,0.0,2049,0.059583585981238404
conservative_mean_m,999.5285050057172,0.5114529997551495,864.0102714499318,502.5370465428188,999.5285050057172,30.18370345494496,204.90570100114343,61.220589304279116,63.671948200134544,0.9999999699791976,0.9999931619280875,0.0,0.0,2049,0.055094099670275606
conservative_mean_m,999.9515697055692,0.5122023079141526,864.0506662161566,503.3086408636829,999.9515697055692,30.220756739778327,204.99031394111384,61.20064260448051,63.64876437708752,0.9999999685350325,0.999993015041311,0.0,0.0,2049,0.05505337083592351
conservative_mean_m,999.9205957771666,0.5146195536567595,862.7637715462045,505.4501680351214,999.9205957771666,30.363905383885854,204.98411915543332,61.20328846828603,63.65143115728232,0.9999999636749013,0.9999925527460034,0.0,0.0,2049,0.0549501668031041
conservative_mean_m,999.5600521642633,0.4945399687657433,872.6652057772123,487.4174150647886,999.5600521642633,29.185054846444668,204.91201043285267,61.24374565941755,63.686134135053834,1.0000000284779027,0.9999923222842289,0.0,0.0,2049,0.05583221211427385
conservative_mean_m,286.52600297543677,0.4934936488200343,219.95328913722457,183.6238028655231,286.52600297543677,39.85617246678518,62.305200595087356,251.5805633115691,294.6927898364206,0.9999998770300907,0.9999508659530837,0.0,0.0,2049,0.06469461564917525
conservative_mean_m,695.2918950792049,0.5235061273074921,562.9152955102467,408.1141867706191,695.2918950792049,35.94215173605014,144.05837901584098,90.67722354407383,97.72941060219819,1.0000000602650352,0.9999894878708091,0.0,0.0,2049,0.059394934749994084
conservative_mean_m,999.4417804314909,0.5039994323073945,867.7550872758546,495.86790678460164,999.4417804314909,29.74527237047109,204.8883560862982,61.22895010655206,63.67845831386805,0.9999999923983933,0.9999960311216685,0.0,0.0,2049,0.05541895468837578
conservative_mean_m,998.9127330672397,0.5178674656670298,860.0474415803601,508.0797639297788,998.9127330672397,30.572802982109458,204.78254661344795,61.25461135180554,63.71018700340946,0.9999999626806185,0.9999924441726398,0.0,0.0,2049,0.05483129695137436
conservative_mean_m,999.8935510908037,0.5080361068642978,866.1432619034059,499.5827893075437,999.8935510908036,29.975919221598737,204.97871021816073,61.203945143028825,63.653194865520824,0.9999999814480307,0.9999945425253305,0.0,0.0,2049,0.05523441226296148
conservative_mean_m,999.278746718134,0.5165348916858441,861.114963024032,506.9901715996916,999.2787467181341,30.487881065760007,204.85574934362683,61.23553873580755,63.68838558239905,0.9999999619123742,0.9999924007951726,0.0,0.0,2049,0.05488094796286661
conservative_mean_m,999.4168366341436,0.498028945456109,870.7629943906198,490.5158722688592,999.4168366341436,29.393314269526968,204.8833673268287,61.24093919687326,63.68318138419828,1.0000000135756892,0.9999931062568308,0.0,0.0,2049,0.05568107796978701
conservative_mean_m,999.9910065588917,0.507599011382787,866.4667473370605,499.2167755172096,999.9910065588917,29.948492682387375,204.99820131177836,61.199576488480716,63.64820135596675,0.999999983097383,0.999994782845189,0.0,0.0,2049,0.05525139458131305
conservative_mean_m,193.77584986046259,0.5195205057670597,140.91155441989056,133.01508869340634,193.77584986046259,43.348795526364384,43.75516997209252,350.8024600291751,419.7750045924021,1.0000000526339508,0.9999611531585378,0.0,0.0,2049,0.06403347919730554
conservative_mean_m,999.4581287273888,0.5041373340945567,867.7011942778673,495.99514970210794,999.4581287273888,29.753138536000744,204.89162574547777,61.22800169967718,63.67756428857392,0.9999999922232629,0.9999961170147539,0.0,0.0,2049,0.0554126119931372
conservative_mean_m,999.8321830341974,0.4864328332302002,876.9802131202499,480.1771548360979,999.8321830341974,28.70223743937144,204.9664366068395,61.26283177512682,63.70755525075019,1.0000000255797068,0.9999933779977714,0.0,0.0,2049,0.056187940925945604
conservative_mean_m,999.2860467552755,0.5088067946641546,865.1312645005228,500.1204839071412,999.2860467552755,30.031616141032035,204.8572093510551,61.23244697881189,63.686053728360534,0.999999978156028,0.9999940603143997,0.0,0.0,2049,0.05521323526106322
conservative_mean_m,770.943826983771,0.5098527463574708,640.5152004167271,429.06253903073684,770.943826983771,33.81698253458636,159.1887653967542,80.21042840681764,85.56384407825452,1.000000027064009,0.9999903041046971,0.0,0.0,2049,0.0590135807941001
conservative_mean_m,411.8052219613361,0.49860480736875346,322.5001952988259,256.08038750916563,411.8052219613361,38.451234944956965,87.36104439226722,171.26391172433992,194.54136510757178,1.0000001561000493,0.9999756632858849,0.0,0.0,2049,0.06351160617401799
conservative_mean_m,624.1797590729983,0.5342594107313346,492.97525657008384,382.85214906813076,624.1797590729983,37.83346179987954,129.83595181459967,103.12276744649051,112.2725830193447,1.0000000947044225,0.9999862090350617,0.0,0.0,2049,0.059756894358526255
conservative_mean_m,999.8436050114005,0.5144546149598991,862.771620132469,505.2844406630666,999.8436050114005,30.355483746572304,204.96872100228012,61.20682950093388,63.655553849682214,0.9999999638634538,0.9999925687114054,0.0,0.0,2049,0.05495877418243598
conservative_mean_m,999.9890048253855,0.5008849674133311,869.8954608713142,493.2138450278425,999.9890048253855,29.552395257655036,204.9978009650771,61.20776390591935,63.64788208069732,0.999999998799985,0.9999941312508431,0.0,0.0,2049,0.05554403709400159
conservative_mean_m,999.9422882790864,0.5198253848043348,860.0636909825839,510.07355091420874,999.9422882790864,30.670690086502372,204.98845765581729,61.20846393307224,63.65646105949448,0.9999999665632985,0.9999926177277378,0.0,0.0,2049,0.05472747849628809
conservative_mean_m,999.934694697532,0.5291637065649161,855.1112350243914,518.3185983494192,999.9346946975319,31.22180181772745,204.9869389395064,61.23195495824992,63.681738621610194,0.9999999966081498,0.9999962032339699,0.0,0.0,2049,0.05433344532493602
conservative_mean_m,999.9875607355084,0.5139024412236274,863.2046335093747,504.82955768625345,999.9875607355085,30.320455496215747,204.9975121471017,61.19964807178599,63.647340481258766,0.9999999648977232,0.9999926615342397,0.0,0.0,2049,0.05497958957278525
conservative_mean_m,0.19650855038247528,0.5161538092941689,0.13666711930093725,0.14120095210516542,0.1965085503824753,45.93478331077004,5.039301710076495,1493.3462965314181,1494.7709926098196,1.0000000116939254,0.999936508065079,6.065833284752473e-07,0.22386099055466638,2049,0.0017991717917387189
conservative_mean_m,999.9146658601849,0.520302805050389,859.7848289589734,510.48936021652196,999.9146658601849,30.69933420377659,204.98293317203698,61.21059469935532,63.65882940208301,0.9999999681781118,0.9999926961385993,0.0,0.0,2049,0.05470773380221545
conservative_mean_m,999.9662892560993,0.5039994323073945,868.2861900661503,495.9956368649044,999.9662892560993,29.736528534131235,204.99325785121988,61.204063638259484,63.64881226657269,0.9999999917033892,0.9999958692671846,0.0,0.0,2049,0.05540837432430319
conservative_mean_m,999.8486111593036,0.524143215192135,857.6922769822969,513.8688580193502,999.8486111593036,30.92707448825189,204.96972223186071,61.221733953835354,63.670956801790176,0.9999999866641612,0.9999937473160353,0.0,0.0,2049,0.05454635306254104
conservative_mean_m,999.918438931622,0.5061053182013782,867.160092067469,497.8657040216674,999.918438931622,29.86157923679378,204.9836877863244,61.204102973038495,63.652225567754805,0.999999987996792,0.9999955876203929,0.0,0.0,2049,0.05531768040391181
conservative_mean_m,999.4654371358326,0.49174470727218966,873.9691589308538,484.88046905068995,999.4654371358328,29.021632573243135,204.89308742716656,61.257711453775585,63.70215190463972,1.0000000356510779,0.9999922204036737,0.0,0.0,2049,0.05595818617851966
conservative_mean_m,961.123115399972,0.5320853640635688,814.4290809876984,510.35567499311776,961.123115399972,32.07299653135948,197.2246230799944,63.29614391049621,66.07048561634531,0.9999999721044572,0.9999933879215589,0.0,0.0,2049,0.054947381780654385
conservative_mean_m,999.5854294902742,0.5106133460498352,864.5022221832968,501.80368540834553,999.5854294902742,30.133189424448403,204.91708589805484,61.21784519079357,63.66890356702247,0.9999999724512487,0.9999934303653445,0.0,0.0,2049,0.05512916729671136
conservative_mean_m,999.992423895161,0.5175015676032182,861.3326342008636,508.02651614686476,999.992423895161,30.532722182356146,204.9984847790322,61.20269849074575,63.65023666470749,0.9999999623484026,0.9999924135503964,0.0,0.0,2049,0.05482546926666531
conservative_mean_m,89.1305401832899,0.5215155966956363,62.933655558089775,63.11583154376381,89.1305401832899,45.082808015170315,22.826108036657978,611.0306941411437,738.8569677093972,1.0000010574029448,0.9998126492766541,0.0,0.0,2049,0.06402144251687825
conservative_mean_m,999.9952767170921,0.517060523494758,861.5661632315512,507.63599146529964,999.9952767170921,30.50665167421806,204.99905534341843,61.20203264249506,63.64954692437159,0.9999999621454148,0.9999924071753663,0.0,0.0,2049,0.05484423994847965
conservative_mean_m,999.9831318302429,0.5000895137738185,870.2932233205723,492.4997151139373,999.9831318302429,29.505560359101,204.9966263660486,61.20956659439224,63.648624809398044,1.0000000025597116,0.999993777236353,0.0,0.0,2049,0.05557903153558938
conservative_mean_m,999.9348003190527,0.5021210805294772,869.212064236039,494.3075887295557,999.9348003190527,29.626226708235034,204.98696006381053,61.20821145351377,63.65055216344602,0.9999999944488269,0.9999947674950546,0.0,0.0,2049,0.055491026083905146
conservative_mean_m,999.9675310971716,0.5093286483200166,865.5524453669738,500.7534598660548,999.9675310971716,30.050937298803472,204.99350621943432,61.19991474314926,63.64835393853187,0.9999999770150823,0.999993978597732,0.0,0.0,2049,0.05517699353872992
conservative_mean_m,999.939909120101,0.512454134066652,863.9083059418078,503.52980127880375,999.939909120101,30.235812551091097,204.9879818240202,61.20126743240263,63.64944687776208,0.999999967916378,0.9999929509873372,0.0,0.0,2049,0.05504276940126933
conservative_mean_m,999.4942964801426,0.50700535094902,866.2687547939825,498.56523461230046,999.4942964801426,29.921796449551003,204.89885929602852,61.22353300073434,63.67598832569826,0.9999999847726417,0.9999949686383129,0.0,0.0,2049,0.05528712794086938
conservative_mean_m,999.9872937225985,0.4948068440427862,872.9636711494176,487.75917875523146,999.9872937225985,29.193811775431758,204.9974587445197,61.22269784672497,63.6618135456298,1.0000000269872156,0.9999923331651429,0.0,0.0,2049,0.05581169546099735
conservative_mean_m,999.9136762952105,0.523850508142267,857.913069755966,513.6268341744791,999.9136762952104,30.90867584813782,204.98273525904207,61.21793804347122,63.66662569667646,0.9999999854797293,0.9999936317963736,0.0,0.0,2049,0.05455743478767811
conservative_mean_m,982.5843196580099,0.5076207288959799,848.8670030318021,494.8704440574325,982.5843196580098,30.241227293783197,201.51686393160196,62.06629439675549,64.64862725623206,1.0000000053678393,0.9999922472750357,0.0,0.0,2049,0.05559544783157452
conservative_mean_m,112.26627681256946,0.5105227261141485,81.03784990680757,77.69545541303043,112.26627681256946,43.79372005945767,27.453255362513893,532.5875067395924,645.7996527700046,0.9999998650367904,0.9998577959161814,0.0,0.0,2049,0.0646167539637559
conservative_mean_m,999.9622852010707,0.5074208480226068,866.5292328691517,499.05075934993533,999.9622852010707,29.93846308532431,204.99245704021413,61.20104920883326,63.64992866733871,0.9999999837013691,0.999994867585807,0.0,0.0,2049,0.05525969605544395
conservative_mean_m,999.9437030280571,0.5168716666531973,861.6126201129767,507.45551734857963,999.9437030280571,30.496390887844658,204.98874060561144,61.204265877306156,63.652163528141486,0.9999999620951474,0.9999924069294277,0.0,0.0,2049,0.054853331924135565
conservative_mean_m,999.9778444050484,0.5076077517983119,866.4489238406769,499.2213453732723,999.9778444050484,29.949229381047715,204.99556888100966,61.20019464790221,63.64891516681648,0.9999999830533617,0.9999947751920685,0.0,0.0,2049,0.05525128029826354
conservative_mean_m,928.9194921921087,0.524143215192135,786.5378584557634,494.2161674715494,928.9194921921087,32.14294463942196,190.78389843842174,65.29342117734915,68.38020303290654,1.0000000185239073,0.9999945848773717,0.0,0.0,2049,0.05587068885464476
conservative_mean_m,999.554041242635,0.5046435586501654,867.5395600008252,496.47093892599366,999.5540412426349,29.781414008358173,204.91080824852696,61.22284719406005,63.67228295865878,0.9999999914013754,0.9999963982526944,0.0,0.0,2049,0.055388617216550834
conservative_mean_m,999.9849004282707,0.49917129565539264,870.7603024463099,491.6770248528494,999.9849004282707,29.451355774017415,204.99698008565414,61.2113985469363,63.64916600810183,1.0000000070456532,0.9999934112373329,0.0,0.0,2049,0.05561930912968439
conservative_mean_m,696.6168256779983,0.511730561238513,569.846218882902,400.68727037747334,696.6168256779983,35.11296306853748,144.32336513559966,90.71019220690958,97.7862079039923,1.0000000687144353,0.9999882838085234,0.0,0.0,2049,0.0599213413727806
conservative_mean_m,999.8944322614325,0.5248202030960479,857.380240371892,514.4783757236538,999.8944322614325,30.966224702702217,204.9788864522865,61.22122396682202,63.6702351485514,0.9999999889906507,0.9999940012321704,0.0,0.0,2049,0.05451687194258052
conservative_mean_m,999.992423895161,0.511843787441868,864.2778081536727,502.9997198615548,999.992423895161,30.198911734910695,204.9984847790322,61.19862348050289,63.64648582943849,0.9999999694737208,0.9999931156906754,0.0,0.0,2049,0.05506798587336113
conservative_mean_m,999.9741834214658,0.5052081402714789,867.6761542971456,497.0779202233221,999.9741834214658,29.807711724713325,204.99483668429315,61.20230500416655,63.6487145738714,0.9999999901290862,0.999996159150833,0.0,0.0,2049,0.055355569281877404
conservative_mean_m,349.29877160278926,0.5159460833440006,264.6973489997448,227.91433758262076,349.29877160278926,40.72968405215096,74.85975432055785,202.03736585463423,232.6498567493926,1.0000000718185478,0.9999812050393582,0.0,0.0,2049,0.0632146332557534
conservative_mean_m,999.8958495977017,0.5260506444880807,856.7290853326117,515.5647237620668,999.8958495977017,31.038800378567306,204.97916991954034,61.224402557182216,63.67366487036892,0.9999999923135827,0.9999945335407195,0.0,0.0,2049,0.0544649810226052
conservative_mean_m,243.3531993438005,0.5093212162778556,181.49885535530612,162.10781947696776,243.3531993438005,41.77000654648409,53.6706398687601,289.67724350619307,342.42403457913224,1.0000000154905615,0.9999762644715519,0.0,0.0,2049,0.06423929995909759
conservative_mean_m,999.8958495977017,0.5093286483200166,865.4798448100898,500.7358068584796,999.8958495977017,30.05214499390031,204.97916991954034,61.203312699839124,63.65228443966326,0.9999999769373507,0.999993964439117,0.0,0.0,2049,0.05517843164051362
conservative_mean_m,33.872352993521986,0.5194467521314924,23.64567781482466,24.253210467797178,33.872352993521986,45.726680549902895,11.774470598704397,961.0017332655393,1105.6320756280081,0.9999990236672528,0.9995050970964875,0.0,0.0,2049,0.06236743284146445
conservative_mean_m,999.9872362967809,0.5021229403499791,869.2642127444573,494.32196107216697,999.9872362967809,29.62546548649736,204.9974472593562,61.205724731611994,63.64759337292282,0.999999994345512,0.9999947551429351,0.0,0.0,2049,0.05548988443594558
conservative_mean_m,999.999107205108,0.5078768304057868,866.332098183447,499.4666255798073,999.999107205108,29.964747993277552,204.9998214410216,61.19902996785961,63.64753164058954,0.9999999821194026,0.999994645078985,0.0,0.0,2049,0.05523919173720565
conservative_mean_m,870.4372755063148,0.5122023079141526,735.1656573052138,466.0391688579932,870.4372755063148,32.37159206107349,179.08745510126295,69.78094976792195,73.53617703950017,0.9999999947429785,0.9999939501709105,0.0,0.0,2049,0.057395204629013444
conservative_mean_m,999.9621225533991,0.5146195536567595,862.8058386357818,505.4605141428007,999.9621225533991,30.36319846754982,204.99242451067983,61.201317083271334,63.64915147398692,0.9999999637043362,0.9999925554825762,0.0,0.0,2049,0.05494933858082456
conservative_mean_m,999.9785237164392,0.5139868145444015,863.1516143650216,504.90230590993167,999.9785237164392,30.325587208332536,204.99570474328783,61.20012624748119,63.64787961904012,0.9999999647384827,0.999992647085893,0.0,0.0,2049,0.05497614920518408
conservative_mean_m,999.9939264467494,0.5110636949218634,864.6831104648414,502.3056553605917,999.9939264467494,30.15286067887196,204.99878528934988,61.19845855128891,63.646415655577734,0.9999999715703214,0.999993347975143,0.0,0.0,2049,0.055101564271984024
conservative_mean_m,999.9885183159099,0.5168716666531973,861.6580223614202,507.466737100921,999.9885183159099,30.495624645734658,204.997703663182,61.20213737320303,63.64970209582519,0.9999999621074624,0.9999924074872877,0.0,0.0,2049,0.05485244036560375
conservative_mean_m,827.5438002975407,0.5262618842693685,686.2714818021387,462.4502077802459,827.5438002975407,33.974414215124746,170.50876005950812,73.75199796878205,78.1235283518606,0.9999999692728376,0.9999907429503536,0.0,0.0,2049,0.0574375088233661
conservative_mean_m,861.4821159101857,0.5131374748592967,725.9460504042416,463.84670736739406,861.4821159101857,32.57673849520399,177.29642318203713,70.56588635691932,74.45888937035012,0.9999999723858564,0.9999913293526115,0.0,0.0,2049,0.05749813987062976
conservative_mean_m,999.970459584935,0.5137190204958251,863.2826458970304,504.66225669801054,999.970459584935,30.30992420739122,204.994091916987,61.20035668797405,63.64819011500508,0.9999999652243052,0.9999926911510664,0.0,0.0,2049,0.05498780388172495
conservative_mean_m,999.9750412571228,0.49917129565539264,870.7503203199466,491.67465137008526,999.9750412571228,29.45151857203609,204.99500825142457,61.211865159441295,63.64972176732367,1.0000000070641697,0.9999934129507361,0.0,0.0,2049,0.05561950912609328
conservative_mean_m,999.9907721245222,0.5140745474410051,863.1184038680252,504.9833316442343,999.9907721245222,30.330555222945105,204.99815442490444,61.19959781992607,63.6472539813756,0.9999999645944116,0.9999926342284585,0.0,0.0,2049,0.05497214032891727
conservative_mean_m,236.67034796706866,0.5084251451424248,176.44702687183894,157.73173528159103,236.67034796706866,41.794565140448654,52.33406959341373,297.3668789356428,352.33604802263403,1.0000000500192558,0.9999531507188126,0.0,0.0,2049,0.06431865268927862
conservative_mean_m,999.9918489617478,0.5130466885731593,863.6535042659565,504.06975961573863,999.9918489617478,30.269892960549065,204.99836979234956,61.19901861980021,63.64675133460017,0.9999999666190741,0.9999928226783954,0.0,0.0,2049,0.055016254421646094
conservative_mean_m,999.9958495296795,0.5113603015966914,864.5315987993839,502.57020778590385,999.9958495296795,30.170328002111862,204.9991699059359,61.19838951803378,63.64629034831412,0.9999999707441902,0.9999932561001303,0.0,0.0,2049,0.05508874227357405
conservative_mean_m,999.9919823404648,0.5015447913760324,869.563158828214,493.8055057954608,999.9919823404649,29.591275711742142,204.99839646809298,61.2064535444195,63.64746578439682,0.9999999961654427,0.999994452152367,0.0,0.0,2049,0.055515081697417326
conservative_mean_m,999.9831318302429,0.5117192510500064,864.3328941930382,502.88657961901026,999.9831318302429,30.191721347708018,204.9966263660486,61.1990415116596,63.64698872540249,0.9999999697803068,0.9999931492309001,0.0,0.0,2049,0.05507353439433941
conservative_mean_m,999.9926465781384,0.5021210805294772,869.2706377860967,494.3216073502172,999.9926465781384,29.62526589165926,204.99852931562768,61.20547146558473,63.647288508502555,0.9999999943405206,0.9999947527666504,0.0,0.0,2049,0.05548985635530425
conservative_mean_m,999.992937392834,0.5194992393350644,860.286271568232,509.79741641830503,999.992937392834,30.65057649079916,204.9985874785668,61.205521800658204,63.6531238238885,0.9999999656070617,0.9999925697305551,0.0,0.0,2049,0.054740344954790784
conservative_mean_m,482.05517807377385,0.5090183584920808,378.80945166698785,298.12848578338463,482.0551780737738,38.20325436688467,101.41103561475475,142.02190805789567,158.84087638934136,0.9999999935663163,0.9999947981354779,0.0,0.0,2049,0.06240122243407679
conservative_mean_m,999.9872362967809,0.5027459289254796,868.9469147378752,494.8795127341621,999.9872362967809,29.662222075489513,204.9974472593562,61.20477055157362,63.64752314748224,0.9999999928992728,0.9999951012658117,0.0,0.0,2049,0.05546265570549218
conservative_mean_m,709.7840906725575,0.5087217518172528,583.5340110208506,404.08107274875806,709.7840906725575,34.70152423703107,146.95681813451148,88.70933312588545,95.43445867110486,1.0000000320671312,0.9999908054006652,0.0,0.0,2049,0.05989232901913215
conservative_mean_m,999.9011322559613,0.5194608933687201,860.213385717719,509.7403312656478,999.9011322559613,30.649891587299884,204.98022645119227,61.209824592627285,63.65810590861693,0.9999999655347288,0.9999925691692334,0.0,0.0,2049,0.05474379713608164
conservative_mean_m,999.9952188525392,0.5094047241850879,865.5412568249866,500.82808473742807,999.9952188525392,30.054959293841012,204.99904377050785,61.19858161373809,63.64680113202978,0.9999999767881491,0.9999939527186317,0.0,0.0,2049,0.055173149592352456
conservative_mean_m,999.9875607355084,0.5012657864467149,869.7005186446845,493.55458613502805,999.9875607355084,29.57488766456249,204.99751214710167,61.207146589166285,63.64780868119663,0.9999999972173688,0.999994314225134,0.0,0.0,2049,0.05552738568140815
conservative_mean_m,999.9991935865962,0.511843787441868,864.2846653632055,503.00139601382267,999.9991935865961,30.19879711298288,204.99983871731922,61.19830245269457,63.646114572268225,0.9999999694815185,0.9999931166016824,0.0,0.0,2049,0.055067850422429426
conservative_mean_m,999.9390633492344,0.5195423955649661,860.2090305939504,509.82208082463484,999.9390633492345,30.65404860472706,204.9878126698469,61.208152320499984,63.6561565754515,0.999999965742215,0.9999925780560642,0.0,0.0,2049,0.05473957764341044
conservative_mean_m,842.4147045770267,0.5039994323073945,712.0539093890767,450.15748867627616,842.4147045770267,32.30090218484345,173.48294091540532,72.38315139631523,76.53990673605624,0.9999999555724095,0.9999916602144523,0.0,0.0,2049,0.0582181317326769
conservative_mean_m,796.7931046337897,0.524143215192135,657.8928580336897,449.50666173063195,796.7931046337897,34.342923579748266,164.35862092675794,77.02858103652355,81.90224334162141,0.9999999769103869,0.9999930851588406,0.0,0.0,2049,0.05798996912435892
conservative_mean_m,532.7287862059829,0.5107511638683795,422.2640655565926,324.7968882118755,532.7287862059829,37.566748649185634,111.54575724119658,126.03522915982123,139.49516730763878,0.9999999088396275,0.9999848559798269,0.0,0.0,2049,0.061826353700920864
conservative_mean_m,999.9948816264042,0.5054402635368921,867.5782734595588,497.2903605540099,999.9948816264042,29.821061126936613,204.99897632528084,61.20109062749164,63.647626386180505,0.9999999896489133,0.9999960171753386,0.0,0.0,2049,0.05534505363590812
conservative_mean_m,999.9907721245222,0.5185339211314252,860.7904090687256,508.94146617218576,999.9907721245222,30.593659631926872,204.99815442490444,61.20415724202961,63.65173178398946,0.9999999635266348,0.9999924683795758,0.0,0.0,2049,0.0547814836122051
conservative_mean_m,999.9960027506542,0.5207616427643478,859.6259356650017,510.9160951167583,999.996002750654,30.725005782291976,204.9992005501308,61.207551171405385,63.6552183952852,0.9999999699274358,0.9999927747644677,0.0,0.0,2049,0.054686634741404366
conservative_mean_m,884.5506563580614,0.5058694510817788,752.2304706500986,465.380685771346,884.5506563580614,31.74373987406847,181.91013127161227,68.61112694784336,72.20272843013383,0.9999999823358481,0.9999918532585806,0.0,0.0,2049,0.05744844657730703
conservative_mean_m,46.39594143752066,0.5032176093389336,33.30830631150073,32.29767967723204,46.39594143752066,44.117457647147425,14.279188287504132,859.802831547567,1008.1535491374749,1.0000000787322505,0.9999087853259003,0.0,0.0,2049,0.06400024065197783
conservative_mean_m,41.48799828554769,0.5085980254785645,29.509662170656068,29.162198825111904,41.48799828554769,44.66068997704385,13.297599657109538,896.7933108650941,1044.317827069404,1.0000004350786487,0.9998125517535705,0.0,0.0,2049,0.0634838424493251
conservative_mean_m,999.9831318302429,0.5178181238019571,861.1575712241544,508.3049296124684,999.9831318302429,30.551558243201384,204.9966263660486,61.2035424523346,63.65115439674469,0.9999999626011978,0.9999924245178643,0.0,0.0,2049,0.05481214872370742
conservative_mean_m,999.9960818754195,0.5072227065370931,866.6652687275225,498.8822263296639,999.9960818754196,29.926205427043207,204.9992163750839,61.199580112977856,63.64825583074739,0.9999999844351654,0.9999949802096608,0.0,0.0,2049,0.055267609210449646
conservative_mean_m,999.9987384606166,0.5104325517584112,865.0142594250767,501.744763713694,999.9987384606166,30.115541854800068,204.99974769212332,61.19823839622172,63.64625629659018,0.999999973456176,0.9999935609265804,0.0,0.0,2049,0.05512868959575828
conservative_mean_m,759.9663729577285,0.5045777681419144,632.7066986310064,420.98826769160473,759.9663729577286,33.63886711438792,156.9932745915457,81.67976285761169,87.30000816956777,1.0000000206602673,0.9999939982143164,0.0,0.0,2049,0.05941161993658894
conservative_mean_m,637.3285004207575,0.5078665298880901,517.1556258307095,372.47506778336003,637.3285004207575,35.762862203292975,132.46570008415148,101.36785042566665,110.23001349056307,0.9999999957084703,0.9999930391857504,0.0,0.0,2049,0.06082302267772781
conservative_mean_m,293.33629846796936,0.5175158808010442,219.035692063537,195.11419630856437,293.33629846796936,41.69424139414679,63.66725969359387,240.91831911211744,281.1125795549652,1.000000009063594,0.9999956934084094,0.0,0.0,2049,0.06354806787085786
conservative_mean_m,999.9515697055692,0.5030582970539719,868.7515697856168,495.1503324765707,999.9515697055692,29.681245449880496,204.99031394111384,61.20601035957708,63.64953191034971,0.9999999924491731,0.99999529289966,0.0,0.0,2049,0.05544973388774896
conservative_mean_m,772.9735694029752,0.5091558289253756,642.788980534925,429.3139474771904,772.9735694029752,33.73866481472979,159.59471388059504,79.96692304265211,85.28526846193537,1.0000000289133146,0.9999898700900784,0.0,0.0,2049,0.05901705289883767
conservative_mean_m,999.9875607355084,0.518060319721324,861.0352591876913,508.52080002821646,999.9875607355084,30.56577203849157,204.99751214710167,61.203652449544144,63.651236705293265,0.9999999628588425,0.9999924363663388,0.0,0.0,2049,0.05480173243332882
conservative_mean_m,616.9677589265187,0.5096112912089694,497.8763338490179,364.3739449355184,616.9677589265187,36.19876745389722,128.39355178530374,105.44904497778298,115.0805986276902,0.9999999555057639,0.9999862513909317,0.0,0.0,2049,0.06097627102026712
conservative_mean_m,440.9476517586498,0.5168716666531973,340.64586925715287,279.9914701370493,440.9476517586498,39.41825390708803,93.18953035172996,156.61012880299944,176.5061324374546,0.9999999810358376,0.9999851470937754,0.0,0.0,2049,0.06241374252011846
conservative_mean_m,875.8415107568943,0.4955357129622124,748.9022767326519,454.1406520777121,875.8415107568943,31.232975643293116,180.16830215137887,69.39024661256303,73.09701931966161,0.9999999526235198,0.9999914512575003,0.0,0.0,2049,0.058066552147377506
conservative_mean_m,999.9868526003615,0.5117114225072843,864.340717015219,502.8805328139022,999.9868526003614,30.191196477125523,204.99737052007228,61.198863736954316,63.646784355528844,0.999999969804696,0.999993151958655,0.0,0.0,2049,0.05507379707441464
conservative_mean_m,999.9996487125759,0.5132550231253248,863.5532461279287,504.2569667611863,999.9996487125759,30.282052328670968,204.99992974251518,61.19873977854034,63.64639537606597,0.9999999661804614,0.9999927806786666,0.0,0.0,2049,0.05500714706600494
conservative_mean_m,526.1293854919454,0.5054402635368921,418.65985582101405,318.6472271997041,526.1293854919454,37.27521452814535,110.22587709838908,128.29541997557172,142.26231384787877,0.9999999817450412,0.9999932403486032,0.0,0.0,2049,0.06213988646651316
conservative_mean_m,517.533261121392,0.5175158808010442,406.16027881508097,320.74055602589243,517.533261121392,38.297784161228535,108.5066522242784,130.01241463662765,144.3107295685937,0.9999999888486583,0.9999954313842936,0.0,0.0,2049,0.06166476956481496
conservative_mean_m,1000.0,0.38814635113760404,921.181094831613,389.13415491939384,1000.0,22.900634717118642,205.0,62.937854640245895,65.5226683626269,1.000000000588726,0.9999992580850705,0.0,0.0,8193,0.015245550970714878
conservative_mean_m,1000.0,0.6218536488623958,801.8865561307837,597.4763184400798,1000.0000000000001,36.68936528288136,205.00000000000003,62.19039522137148,64.75639055259501,1.000000000524496,0.9999994917268675,0.0,0.0,8193,0.012675613174855565
conservative_mean_m,1000.0,0.7662927022752082,704.4946317659633,709.7093164197155,1000.0,45.21126943423729,205.0,65.75965785971495,68.69680904254834,0.999999999539992,0.9999995797653736,0.0,0.0,8193,0.011463573793513412
conservative_mean_m,1000.0,0.5252859702106404,857.2403533857447,514.9164752919482,1000.0,30.991872242427785,205.0,61.217461856929475,63.67097082920434,0.9999999995992781,0.9999994232872775,0.0,0.0,8193,0.013623787139740521
conservative_mean_m,1000.0,0.5204851963190785,859.7753933487273,510.672373437257,1000.0,30.708626582825634,205.0,61.20688274727064,63.65846933855391,0.999999999191587,0.999999370929158,0.0,0.0,8193,0.013674573713964674
conservative_mean_m,1000.0,0.5076023889823975,866.4741193664829,499.22199517657265,1000.0,29.948540949961455,205.0,61.199029388963766,63.64802909055251,0.9999999993967182,0.999999359450928,0.0,0.0,8193,0.01381276684492406
conservative_mean_m,1000.0,0.46197424268708015,888.9653489342027,457.97446260058143,1000.0,27.25648031853773,205.0,61.43657631707872,63.895049036552955,1.0000000011594588,0.9999993023461637,0.0,0.0,8193,0.014326008629027609
conservative_mean_m,1000.0,0.5100489338328773,865.2136732470537,501.4033302904364,1000.0,30.092887096139766,205.0,61.19816213567345,63.64679006439928,1.0000000001215796,0.9999994896850878,0.0,0.0,8193,0.013786305840347918
conservative_mean_m,1000.0,0.510832484159787,864.8088311450598,502.101270236907,1000.0,30.13911656542744,205.0,61.198122779189454,63.64667422839457,1.000000000248675,0.999999600364637,0.0,0.0,8193,0.01377785294309487
conservative_mean_m,1000.0,0.5111065130165949,864.6671139598991,502.3452816900531,1000.0,30.15528426797911,205.0,61.19813638869649,63.64665845668623,1.000000000297183,0.9999995911033548,0.0,0.0,8193,0.013774899213528318
conservative_mean_m,1000.0,0.5113066107032036,864.5635876393486,502.52343520295483,1000.0,30.167090031489018,205.0,61.198155243804976,63.64665408514483,1.0000000003364642,0.9999995608079586,0.0,0.0,8193,0.013772743190990294
conservative_mean_m,1000.0,0.511351603504379,864.5403042586133,502.56349082720317,1000.0,30.169744606758368,205.0,61.198160519134966,63.646654271670144,1.0000000003458678,0.999999554296,0.0,0.0,8193,0.013772258494454756
conservative_mean_m,1000.0,0.5113095619224483,864.5620604660974,502.52606261030496,1000.0,30.16726415342445,205.0,61.198155578181414,63.646654084225354,1.0000000003370777,0.9999995603774439,0.0,0.0,8193,0.013772711397162043
conservative_mean_m,1000.0,0.5113095210051685,864.5620816396975,502.52602618255804,1000.0,30.16726173930495,205.0,61.1981555735341,63.64665408422539,1.000000000337067,0.9999995603834082,0.0,0.0,8193,0.013772711837967643
conservative_mean_m,1000.0,0.511309602839728,864.5620392924958,502.52609903805114,1000.0000000000001,30.167266567543958,205.00000000000003,61.19815558282856,63.64665408422553,1.0000000003370824,0.9999995603714776,0.0,0.0,8193,0.013772710956356474
conservative_mean_m,999.9991935865962,0.511843787441868,864.2846653632055,503.00139601382267,999.9991935865961,30.19879711298288,204.99983871731922,61.198281478780515,63.64672857044644,1.0000000004656822,0.9999994902005915,0.0,0.0,8193,0.013766962605607357
conservative_mean_m,950.000846734074,0.511843787441868,813.9804796909757,489.8340407500348,950.000846734074,31.03852584535324,195.0001693468148,63.9187790240278,66.7971522439729,0.999999999651547,0.9999994779459871,0.0,0.0,8193,0.01400728239982059
conservative_mean_m,999.9991935865962,0.5374359768139614,850.7302849137033,525.6009603344461,999.9991935865962,31.70873696863203,204.99983871731925,61.26201650171288,63.72370643481817,0.9999999995510083,0.9999995175426685,0.0,0.0,8193,0.013496933375736897
conservative_mean_m,1000.0,0.5374359768139614,850.7311024710483,525.6011713156608,1000.0,31.708722632023722,205.0,61.26197796933278,63.72366190307038,0.9999999995509822,0.9999995175785948,0.0,0.0,8193,0.013496929461858001
conservative_mean_m,1000.0,0.511843787441868,864.2854822026943,503.0015956770476,999.9999999999999,30.198783459070214,204.99999999999997,61.1982432258632,63.646684327286295,1.0000000004657155,0.9999994902437825,0.0,0.0,8193,0.013766958571815039
conservative_mean_m,1000.0,0.49904769275582117,870.838164129951,491.5698240278553,1000.0,29.443813872593456,205.0,61.210967407450426,63.658930557758815,1.0000000004052465,0.9999995674556011,0.0,0.0,8193,0.01390610849885166
conservative_mean_m,999.9991935865962,0.4862515980697746,877.2388323876822,480.05251600729963,999.9991935865962,28.688857257333737,204.99983871731925,61.25582059143495,63.70324567632839,0.9999999992573407,0.9999994607031943,0.0,0.0,8193,0.014048159866669975
conservative_mean_m,999.9993951899471,0.4990476927558213,870.8375517768287,491.56967847457713,999.9993951899471,29.443823857017435,204.99987903798942,61.21099601726538,63.65896366612886,1.0000000004053218,0.9999995674092153,0.0,0.0,8193,0.013906111566542832
conservative_mean_m,999.9997983966491,0.5246398821279147,857.5825360990558,514.345983333447,999.9997983966491,30.95375654436244,204.99995967932983,61.215810245795566,63.66828266832546,0.9999999995397251,0.9999994786030371,0.0,0.0,8193,0.013630600880745646
conservative_mean_m,999.9994959916226,0.5054457400988446,867.5801419598909,497.29637969761524,999.9994959916226,29.82130709285648,204.9998991983245,61.20073542747568,63.64758260511057,0.9999999993597585,0.9999995183892283,0.0,0.0,8193,0.013836180611107078
conservative_mean_m,999.9996975949737,0.5182418347848914,860.952490276389,508.68477928568217,999.9996975949737,30.576273436528993,204.99993951899472,61.203363869614265,63.65485811473278,0.9999999999926866,0.9999994779353221,0.0,0.0,8193,0.013698438335700761
conservative_mean_m,999.9995463924604,0.5086447637703563,865.9373062652467,500.1516514050663,999.9995463924604,30.01004869477531,204.99990927849208,61.19854539736997,63.64735122505694,0.999999999775296,0.9999993748677349,0.0,0.0,8193,0.013801482560469607
conservative_mean_m,999.9996471941358,0.5150428111133797,862.6234624427723,505.8458820941801,999.9996471941358,30.387531866611567,204.99992943882717,61.199882451694066,63.64898005933664,1.0000000009142447,0.9999993920981263,0.0,0.0,8193,0.013732613056293638
conservative_mean_m,999.9995715928792,0.5102442756061121,865.1123635043192,501.57725396783337,999.9995715928791,30.104419491734546,204.9999143185758,61.19816174000136,63.64677245034776,1.0000000001537168,0.9999995141909185,0.0,0.0,8193,0.013784199667482467
conservative_mean_m,999.999621993717,0.5134432992776239,863.4554393454871,504.4243731742834,999.999621993717,30.29316107765268,204.99992439874342,61.19883820129087,63.647154808225544,1.000000000996029,0.9999993725480916,0.0,0.0,8193,0.013749765119588201
conservative_mean_m,999.9995841930886,0.51104403152399,864.6990118735548,502.2895452338702,999.9995841930886,30.151604889214124,204.9999168386177,61.19815176236398,63.646684370858836,1.0000000002856297,0.9999996009794592,0.0,0.0,8193,0.013775574664123266
conservative_mean_m,1000.0,0.5110440315239901,864.6994330446435,502.28964800428855,1000.0,30.15159785991543,205.0,61.19813204269457,63.64666156251503,1.00000000028566,0.9999996010100158,0.0,0.0,8193,0.013775572582340611
conservative_mean_m,1000.0,0.5106441535650512,864.9061885604283,501.9335463882373,1000.0,30.12800506033803,205.0,61.19812161877345,63.646690127036,1.000000000217657,0.9999995707280787,0.0,0.0,8193,0.013779883683944895
conservative_mean_m,1000.0,0.5118437874418681,864.2854822026943,503.0015956770477,1000.0,30.198783459070214,205.0,61.19824322586322,63.64668432728628,1.0000000004657161,0.9999994902437825,0.0,0.0,8193,0.013766958571815039
conservative_mean_m,1000.0,0.5110440315239901,864.6994330446435,502.28964800428855,1000.0,30.15159785991543,205.0,61.19813204269457,63.64666156251503,1.00000000028566,0.9999996010100158,0.0,0.0,8193,0.013775572582340611
conservative_mean_m,1000.0,0.5102442756061122,865.1127974260029,501.577359666239,1000.0,30.10441226076062,205.0,61.19814142732347,63.64674894807029,1.0000000001537592,0.9999995141650939,0.0,0.0,8193,0.01378419752070645
conservative_mean_m,1000.0,0.5114439094829291,864.4925309137051,502.6456644540135,1000.0,30.175190659492817,205.0,61.198172531532556,63.64665599769569,1.0000000003659002,0.999999541280885,0.0,0.0,8193,0.013771264212695656
conservative_mean_m,1000.0,0.5114439094829291,864.4925309137051,502.6456644540135,1000.0,30.175190659492817,205.0,61.198172531532556,63.64665599769569,1.0000000003659002,0.999999541280885,0.0,0.0,8193,0.013771264212695656
conservative_mean_m,1000.0,0.511843787441868,864.2854822026943,503.0015956770476,999.9999999999999,30.198783459070214,204.99999999999997,61.1982432258632,63.646684327286295,1.0000000004657155,0.9999994902437825,0.0,0.0,8193,0.013766958571815039
conservative_mean_m,1000.0,0.5112439705034596,864.5960003038765,502.4676668787149,1000.0,30.16339425970412,205.0,61.198148532435056,63.646654540333245,1.0000000003237446,0.999999570057502,0.0,0.0,8193,0.013773418056222975
conservative_mean_m,1000.0,0.5112439705034595,864.5960003038765,502.4676668787148,1000.0,30.163394259704113,205.0,61.19814853243493,63.64665454033323,1.0000000003237428,0.999999570057502,0.0,0.0,8193,0.013773418056222975
conservative_mean_m,1000.0,0.5111440010137247,864.6477212557097,502.37866010342094,1000.0,30.157496059809763,205.0,61.19813934846594,63.64665699098005,1.0000000003042548,0.999999585261589,0.0,0.0,8193,0.013774495233933037
conservative_mean_m,1000.0,0.5110440315239899,864.6994330446436,502.2896480042883,1000.0,30.151597859915412,205.0,61.198132042694624,63.646661562515035,1.0000000002856604,0.9999996010100158,0.0,0.0,8193,0.013775572582340611
conservative_mean_m,1000.0,0.5113439399931943,864.5442701896923,502.55666832922674,1000.0,30.169292459598466,205.0,61.19815959374275,63.646654209571984,1.0000000003442462,0.9999995553973844,0.0,0.0,8193,0.013772341049160485
conservative_mean_m,1000.0,0.5113095619224483,864.5620604660974,502.52606261030496,1000.0,30.16726415342445,205.0,61.198155578181414,63.646654084225354,1.0000000003370777,0.9999995603774439,0.0,0.0,8193,0.013772711397162043
conservative_mean_m,950.0,0.5113095619224483,814.2564618796345,489.37349160662484,950.0,31.006144171795327,195.0,63.918785640421376,66.79697494564606,0.9999999996039262,0.999999536111028,0.0,0.0,8193,0.01401317194542638
conservative_mean_m,1000.0,0.5368750400185707,851.0345590402525,525.1096831321653,1000.0,31.675627361095675,205.0,61.259379189030966,63.720869979686654,0.9999999997313076,0.9999995874001233,0.0,0.0,8193,0.01350273415001225
conservative_mean_m,1000.0,0.5368750400185706,851.0345590402525,525.1096831321652,1000.0,31.675627361095668,205.0,61.25937918903102,63.720869979686654,0.999999999731308,0.9999995874001233,0.0,0.0,8193,0.01350273415001225
conservative_mean_m,1000.0,0.5304836704945399,854.4720993389021,519.4972872415884,1000.0,31.298536559177858,205.0,61.233425336974285,63.68977609164091,1.0000000005376726,0.9999995564385956,0.0,0.0,8193,0.013569227144960961
conservative_mean_m,1000.0,0.5049181923984174,867.8506753032815,496.8251255478513,1000.0,29.790173351506635,205.0,61.20125805140641,63.64759977697384,0.9999999993726014,0.9999995968002072,0.0,0.0,8193,0.013841917075624627
conservative_mean_m,1000.0,0.4857440838263256,877.490408962568,479.59418488833364,1000.0,28.658900945753214,205.0,61.25824839910714,63.705966782541985,0.9999999991733115,0.9999994046822244,0.0,0.0,8193,0.014053850802843368
conservative_mean_m,1000.0,0.5192987738274863,860.3986459905594,509.6215948893962,999.9999999999999,30.638627655821697,204.99999999999997,61.20490020120984,63.656422081670065,0.9999999995614741,0.9999993948667784,0.0,0.0,8193,0.01368718349102275
conservative_mean_m,1000.0,0.4969289804933792,871.9085642164491,489.6687203058923,1000.0,29.318809849109375,205.0,61.216115080125405,63.66315712522326,1.0000000009769754,0.9999993793632561,0.0,0.0,8193,0.013929424920658417
conservative_mean_m,1000.0,0.5137063254939596,863.3191673569012,504.6583153720812,1000.0,30.308673204143613,205.0,61.198959425284706,63.64725896641583,1.0000000010332677,0.9999993663778091,0.0,0.0,8193,0.013746939764825635
conservative_mean_m,1000.0,0.5200976950179903,859.9790970831543,510.3292589887852,1000.0,30.68576400606143,205.0,61.20620710691081,63.65776899424732,0.9999999992876178,0.9999993707180981,0.0,0.0,8193,0.013678689657827167
conservative_mean_m,1000.0,0.5087130680533106,865.9025848980069,500.2126682391701,1000.0000000000001,30.014071015145326,205.00000000000003,61.19849762633099,63.64729043906092,0.9999999997998613,0.9999993779519032,0.0,0.0,8193,0.013800741355734851
conservative_mean_m,1000.0,0.5163028193630971,861.9667657369766,506.9647865137539,1000.0,30.461866342422727,205.0,61.201023047479076,63.652087679999795,1.0000000005276586,0.999999503143517,0.0,0.0,8193,0.013719130369578999
conservative_mean_m,1000.0,0.5106105058807573,864.9235792906171,501.903578376472,999.9999999999999,30.12601984696468,204.99999999999997,61.198122114737764,63.646693765404024,1.0000000002122338,0.9999995656350357,0.0,0.0,8193,0.013780246565800557
conservative_mean_m,1000.0,0.5082137423092459,866.1596686818921,499.76737423412806,1000.0,29.984610796245512,205.0,61.19870962984799,63.64757581865713,0.9999999995950806,0.999999361242696,0.0,0.0,8193,0.013806145000893623
conservative_mean_m,1000.0,0.5123331796977811,864.031885380908,503.43708747480423,1000.0000000000001,30.22765760216909,205.00000000000003,61.1983705689778,63.646765341676655,1.000000000614452,0.9999994395764273,0.0,0.0,8193,0.01376169280455863
conservative_mean_m,1000.0,0.5095868881054243,865.4521374632042,500.99161446113163,1000.0,30.06562639822004,205.0,61.198239813840004,63.646919834468335,1.0000000000360678,0.999999440033554,0.0,0.0,8193,0.01379129529313728
conservative_mean_m,1000.0,0.5116466067996919,864.3875966638144,502.8260959156307,1000.0,30.187149801181825,205.0,61.19820459348631,63.64666612277862,1.0000000004138265,0.9999995143254345,0.0,0.0,8193,0.013769081351339071
conservative_mean_m,1000.0,0.5123456628413827,864.0254139049428,503.44819408395193,1000.0000000000001,30.228394107641588,205.00000000000003,61.19837440313357,63.64676806971257,1.000000000618706,0.999999438453485,0.0,0.0,8193,0.0137615585416587
conservative_mean_m,1000.0,0.5110442951209136,864.6992967044063,502.2898827160519,1000.0,30.15161341213391,205.0,61.19813205948799,63.646661547671286,1.0000000002857101,0.9999996009677752,0.0,0.0,8193,0.013775569741392142
conservative_mean_m,1000.0,0.51070725024367,864.8735743843899,501.98974126128235,1000.0,30.131727764376535,205.0,61.198121263619875,63.64668395331295,1.0000000002279026,0.9999995804436921,0.0,0.0,8193,0.013779203254259872
conservative_mean_m,1000.0,0.5114117676606864,864.5091669344724,502.6170513286079,1000.0,30.173294291980497,205.0,61.1981681672031,63.64665519173534,1.000000000358805,0.9999995457602999,0.0,0.0,8193,0.013771610414586473
conservative_mean_m,1000.0,0.5116770344622211,864.3718413348723,502.8531792753849,1000.0,30.18894503327105,205.0,61.19821007945327,63.646668393791686,1.0000000004215384,0.9999995104716617,0.0,0.0,8193,0.01376875373424663
conservative_mean_m,1000.0,0.5112024799562405,864.6174672713596,502.43072685620996,1000.0,30.1609463174182,205.0,61.198144492853245,63.64665530003963,1.000000000315538,0.9999995763016337,0.0,0.0,8193,0.013773865098831804
conservative_mean_m,1000.0,0.5115188496268943,864.4537395844205,502.71237513961285,1000.0,30.179612127986765,205.0,61.19818346014797,63.64665872706433,1.0000000003829546,0.9999995310550078,0.0,0.0,8193,0.013770457095456769
conservative_mean_m,1000.0,0.5112815723739039,864.5765439518234,502.5011439273753,1000.0,30.16561277006033,205.0,61.19815247274359,63.64665416725347,1.0000000003313279,0.9999995644795338,0.0,0.0,8193,0.013773012937806922
conservative_mean_m,1000.0,0.5111793666356657,864.6294252843113,502.410148118568,999.9999999999999,30.15958263150428,204.99999999999997,61.19814238277715,63.64665588164729,1.0000000003110405,0.9999995798207253,0.0,0.0,8193,0.013774114147562525
conservative_mean_m,1000.0,0.5113536674044312,864.5392361638867,502.56532822426504,1000.0,30.16986637686145,205.0,61.19816077024178,63.64665429052251,1.000000000346304,0.9999995539999296,0.0,0.0,8193,0.013772236261388971
