case_id,seed,mode,error_mode,variant,completed,stop_reason,grid,active,side,stations_total,stations_visited,discovered_channels,cleared_channels,discovery_certificate,virtual_time_s,runtime_s,fallback_channels,no_signal_localization,safe_clears,optimistic_clears,active_queries,fallback_attempts,source_count,directional_count,cleared,clear_ratio,time_per_source_s,distance_m,measures,switches,clear_failures
SELF-Q4-mixed-fixed_hash-0,0,mixed,fixed_hash,square_optical,True,all_sources_cleared_with_certificate,square,False,905.0,81,81,"[2, 5, 6, 7, 8, 9, 13, 14, 16, 20]","[2, 5, 6, 7, 8, 9, 13, 14, 16, 20]",full_mesh,18139.51968052462,0.027273875000000003,10,0,0,0,0,474,10,4,10,1.0,1813.951968052462,56587.59840262311,910,830,464
SELF-Q4-mixed-fixed_hash-1,1,mixed,fixed_hash,square_optical,True,all_sources_cleared_with_certificate,square,False,905.0,81,81,"[3, 4, 5, 7, 8, 9, 11, 13, 14, 15, 19]","[3, 4, 5, 7, 8, 9, 11, 13, 14, 15, 19]",full_mesh,20003.59638803244,0.033777,11,0,0,0,0,866,11,4,11,1.0,1818.5087625484039,61847.98194016227,849,769,855
SELF-Q4-mixed-fixed_hash-2,2,mixed,fixed_hash,square_optical,True,all_sources_cleared_with_certificate,square,False,905.0,81,81,"[2, 3, 4, 5, 6, 10, 11, 12, 13, 15, 17, 19]","[2, 3, 4, 5, 6, 10, 11, 12, 13, 15, 17, 19]",full_mesh,17508.304768209768,0.024871167000000013,12,0,0,0,0,491,12,10,12,1.0,1459.025397350814,57991.52384104887,749,668,479
SELF-Q4-mixed-fixed_hash-3,3,mixed,fixed_hash,square_optical,True,all_sources_cleared_with_certificate,square,False,905.0,81,81,"[1, 2, 5, 8, 10, 11, 12, 13, 14, 15, 18, 19, 20]","[1, 2, 5, 8, 10, 11, 12, 13, 14, 15, 18, 19, 20]",full_mesh,18557.070703781603,0.02873895799999998,13,0,0,0,0,667,13,5,13,1.0,1427.4669772139694,61150.353518908065,730,650,654
SELF-Q4-mixed-fixed_hash-4,4,mixed,fixed_hash,square_optical,True,all_sources_cleared_with_certificate,square,False,905.0,81,81,"[1, 2, 3, 4, 5, 7, 8, 9, 10, 12, 13, 14, 16, 17]","[1, 2, 3, 4, 5, 7, 8, 9, 10, 12, 13, 14, 16, 17]",full_mesh,19636.12478755439,0.032928665999999995,14,0,0,0,0,899,14,9,14,1.0,1402.5803419681706,66270.62393777202,623,542,885
SELF-Q4-mixed-fixed_hash-5,5,mixed,fixed_hash,square_optical,True,all_sources_cleared_with_certificate,square,False,905.0,81,81,"[1, 2, 3, 4, 8, 9, 11, 12, 13, 14, 16, 17, 18, 19, 20]","[1, 2, 3, 4, 8, 9, 11, 12, 13, 14, 16, 17, 18, 19, 20]",full_mesh,18897.089442474055,0.032374791999999986,15,0,0,0,0,670,15,14,15,1.0,1259.8059628316037,60800.447212370316,796,717,655
SELF-Q4-mixed-fixed_hash-6,6,mixed,fixed_hash,square_optical,True,all_sources_cleared_with_certificate,square,False,905.0,81,65,"[1, 2, 3, 4, 6, 8, 9, 10, 11, 12, 14, 15, 16, 18, 19, 20]","[1, 2, 3, 4, 6, 8, 9, 10, 11, 12, 14, 15, 16, 18, 19, 20]",count_upper_bound,18391.205493214806,0.03826233300000001,16,0,0,0,0,1069,16,12,16,1.0,1149.4503433259254,59071.02746607409,567,503,1053
SELF-Q4-mixed-fixed_hash-7,7,mixed,fixed_hash,square_optical,True,all_sources_cleared_with_certificate,square,False,905.0,81,81,"[2, 3, 5, 6, 9, 10, 11, 13, 14, 17]","[2, 3, 5, 6, 9, 10, 11, 13, 14, 17]",full_mesh,17762.54432992771,0.025376833000000043,10,0,0,0,0,490,10,1,10,1.0,1776.254432992771,54437.72164963857,911,830,480
SELF-Q4-mixed-fixed_hash-8,8,mixed,fixed_hash,square_optical,True,all_sources_cleared_with_certificate,square,False,905.0,81,81,"[1, 2, 3, 4, 5, 7, 8, 9, 12, 13, 19]","[1, 2, 3, 4, 5, 7, 8, 9, 12, 13, 19]",full_mesh,18993.522256892018,0.028521958000000014,11,0,0,0,0,622,11,4,11,1.0,1726.683841535638,58812.611284460145,904,823,611
SELF-Q4-mixed-fixed_hash-9,9,mixed,fixed_hash,square_optical,True,all_sources_cleared_with_certificate,square,False,905.0,81,81,"[1, 2, 5, 6, 8, 9, 11, 12, 14, 15, 16, 18]","[1, 2, 5, 6, 8, 9, 11, 12, 14, 15, 16, 18]",full_mesh,17960.700621034255,0.027824542000000008,12,0,0,0,0,614,12,6,12,1.0,1496.7250517528546,57808.503105171316,769,688,602
SELF-Q4-mixed-fixed_hash-10,10,mixed,fixed_hash,square_optical,True,all_sources_cleared_with_certificate,square,False,905.0,81,81,"[1, 2, 3, 4, 5, 8, 11, 13, 14, 16, 17, 18, 19]","[1, 2, 3, 4, 5, 8, 11, 13, 14, 16, 17, 18, 19]",full_mesh,19150.077101361232,0.030671000000000004,13,0,0,0,0,748,13,6,13,1.0,1473.082853950864,62565.38550680623,741,662,735
SELF-Q4-mixed-fixed_hash-11,11,mixed,fixed_hash,square_optical,True,all_sources_cleared_with_certificate,square,False,905.0,81,81,"[2, 3, 4, 7, 8, 9, 10, 11, 13, 15, 17, 18, 19, 20]","[2, 3, 4, 7, 8, 9, 10, 11, 13, 15, 17, 18, 19, 20]",full_mesh,20064.55600165629,0.036566040999999994,14,0,0,0,0,1033,14,5,14,1.0,1433.1825715468779,67262.78000828152,594,515,1019
SELF-Q4-mixed-fixed_hash-12,12,mixed,fixed_hash,square_optical,True,all_sources_cleared_with_certificate,square,False,905.0,81,81,"[1, 4, 5, 6, 7, 8, 9, 11, 12, 13, 14, 16, 17, 18, 20]","[1, 4, 5, 6, 7, 8, 9, 11, 12, 13, 14, 16, 17, 18, 20]",full_mesh,19982.958483757997,0.03619587499999999,15,0,0,0,0,1024,15,3,15,1.0,1332.197232250533,68099.79241879006,557,476,1009
SELF-Q4-mixed-fixed_hash-13,13,mixed,fixed_hash,square_optical,True,all_sources_cleared_with_certificate,square,False,905.0,81,57,"[1, 2, 3, 4, 5, 6, 8, 9, 10, 11, 12, 13, 14, 15, 18, 19]","[1, 2, 3, 4, 5, 6, 8, 9, 10, 11, 12, 13, 14, 15, 18, 19]",count_upper_bound,16073.623999906515,0.03356620800000004,16,0,0,0,0,911,16,7,16,1.0,1004.6014999941572,53898.11999953262,431,374,895
SELF-Q4-mixed-fixed_hash-14,14,mixed,fixed_hash,square_optical,True,all_sources_cleared_with_certificate,square,False,905.0,81,81,"[2, 4, 5, 8, 9, 11, 12, 17, 18, 19]","[2, 4, 5, 8, 9, 11, 12, 17, 18, 19]",full_mesh,17813.082092639692,0.025469959000000042,10,0,0,0,0,484,10,5,10,1.0,1781.3082092639693,54295.410463198496,927,847,474
SELF-Q4-mixed-fixed_hash-15,15,mixed,fixed_hash,square_optical,True,all_sources_cleared_with_certificate,square,False,905.0,81,81,"[1, 2, 3, 4, 6, 7, 11, 13, 15, 17, 19]","[1, 2, 3, 4, 6, 7, 11, 13, 15, 17, 19]",full_mesh,18864.17997992235,0.02812079100000009,11,0,0,0,0,655,11,6,11,1.0,1714.9254527202138,59470.89989961182,844,763,644
SELF-Q4-mixed-fixed_hash-16,16,mixed,fixed_hash,square_optical,True,all_sources_cleared_with_certificate,square,False,905.0,81,81,"[1, 4, 5, 7, 8, 10, 11, 12, 14, 15, 16, 19]","[1, 4, 5, 7, 8, 10, 11, 12, 14, 15, 16, 19]",full_mesh,20239.105822015204,0.03258216700000005,12,0,0,0,0,799,12,11,12,1.0,1686.5921518346004,63630.52911007611,862,782,787
SELF-Q4-mixed-fixed_hash-17,17,mixed,fixed_hash,square_optical,True,all_sources_cleared_with_certificate,square,False,905.0,81,81,"[1, 2, 3, 5, 9, 10, 12, 13, 14, 17, 18, 19, 20]","[1, 2, 3, 5, 9, 10, 12, 13, 14, 17, 18, 19, 20]",full_mesh,20323.48760667606,0.03510766700000001,13,0,0,0,0,912,13,4,13,1.0,1563.345200513543,64957.438033380364,775,695,899
SELF-Q4-mixed-fixed_hash-18,18,mixed,fixed_hash,square_optical,True,all_sources_cleared_with_certificate,square,False,905.0,81,81,"[3, 4, 5, 6, 8, 10, 11, 12, 13, 14, 15, 16, 17, 19]","[3, 4, 5, 6, 8, 10, 11, 12, 13, 14, 15, 16, 17, 19]",full_mesh,19454.012797319734,0.03300841700000001,14,0,0,0,0,882,14,4,14,1.0,1389.5723426656953,63815.06398659874,683,602,868
SELF-Q4-mixed-fixed_hash-19,19,mixed,fixed_hash,square_optical,True,all_sources_cleared_with_certificate,square,False,905.0,81,81,"[2, 3, 4, 5, 6, 7, 9, 10, 11, 12, 16, 17, 18, 19, 20]","[2, 3, 4, 5, 6, 7, 9, 10, 11, 12, 16, 17, 18, 19, 20]",full_mesh,18396.38840910934,0.03155758399999997,15,0,0,0,0,714,15,6,15,1.0,1226.4258939406225,61741.94204554673,659,581,699
SELF-Q4-mixed-fixed_hash-20,20,mixed,fixed_hash,square_optical,True,all_sources_cleared_with_certificate,square,False,905.0,81,46,"[1, 2, 3, 4, 5, 6, 7, 8, 9, 11, 12, 14, 16, 18, 19, 20]","[1, 2, 3, 4, 5, 6, 7, 8, 9, 11, 12, 14, 16, 18, 19, 20]",count_upper_bound,16896.583085084454,0.036284874999999994,16,0,0,0,0,1034,16,4,16,1.0,1056.0364428177784,51447.91542542232,586,543,1018
SELF-Q4-mixed-fixed_hash-21,21,mixed,fixed_hash,square_optical,True,all_sources_cleared_with_certificate,square,False,905.0,81,81,"[4, 6, 8, 9, 10, 13, 14, 16, 18, 19]","[4, 6, 8, 9, 10, 13, 14, 16, 18, 19]",full_mesh,18656.521461744946,0.029005999999999976,10,0,0,0,0,644,10,3,10,1.0,1865.6521461744946,57012.60730872474,897,817,634
SELF-Q4-mixed-fixed_hash-22,22,mixed,fixed_hash,square_optical,True,all_sources_cleared_with_certificate,square,False,905.0,81,81,"[1, 2, 5, 6, 8, 11, 12, 14, 15, 16, 17]","[1, 2, 5, 6, 8, 11, 12, 14, 15, 16, 17]",full_mesh,19160.816078890548,0.030212832999999994,11,0,0,0,0,610,11,4,11,1.0,1741.8923708082316,59439.08039445276,917,836,599
SELF-Q4-mixed-fixed_hash-23,23,mixed,fixed_hash,square_optical,True,all_sources_cleared_with_certificate,square,False,905.0,81,81,"[1, 3, 4, 5, 6, 7, 8, 9, 10, 14, 19, 20]","[1, 3, 4, 5, 6, 7, 8, 9, 10, 14, 19, 20]",full_mesh,19261.342593870657,0.03151587499999997,12,0,0,0,0,741,12,1,12,1.0,1605.1118828225547,63091.71296935333,746,666,729
SELF-Q4-mixed-fixed_hash-24,24,mixed,fixed_hash,square_optical,True,all_sources_cleared_with_certificate,square,False,905.0,81,81,"[1, 2, 3, 4, 5, 6, 7, 11, 13, 14, 18, 19, 20]","[1, 2, 3, 4, 5, 6, 7, 11, 13, 14, 18, 19, 20]",full_mesh,19370.92045565274,0.03268470899999998,13,0,0,0,0,828,13,8,13,1.0,1490.07080428098,63704.60227826379,700,620,815
SELF-Q4-mixed-fixed_hash-25,25,mixed,fixed_hash,square_optical,True,all_sources_cleared_with_certificate,square,False,905.0,81,81,"[1, 2, 5, 7, 10, 12, 13, 14, 15, 16, 17, 18, 19, 20]","[1, 2, 5, 7, 10, 12, 13, 14, 15, 16, 17, 18, 19, 20]",full_mesh,18761.9584504382,0.03388341700000008,14,0,0,0,0,826,14,2,14,1.0,1340.1398893170142,62689.79225219105,633,553,812
SELF-Q4-mixed-fixed_hash-26,26,mixed,fixed_hash,square_optical,True,all_sources_cleared_with_certificate,square,False,905.0,81,81,"[1, 2, 3, 4, 5, 6, 7, 8, 9, 10, 11, 13, 14, 15, 20]","[1, 2, 3, 4, 5, 6, 7, 8, 9, 10, 11, 13, 14, 15, 20]",full_mesh,19374.7420733163,0.03609149999999994,15,0,0,0,0,932,15,4,15,1.0,1291.6494715544202,64903.71036658156,608,528,917
SELF-Q4-mixed-fixed_hash-27,27,mixed,fixed_hash,square_optical,True,all_sources_cleared_with_certificate,square,False,905.0,81,68,"[2, 3, 4, 5, 6, 7, 9, 10, 12, 13, 14, 15, 16, 17, 19, 20]","[2, 3, 4, 5, 6, 7, 9, 10, 12, 13, 14, 15, 16, 17, 19, 20]",count_upper_bound,18153.128741552042,0.0389952910000001,16,0,0,0,0,986,16,14,16,1.0,1134.5705463470026,58870.643707760275,576,509,970
SELF-Q4-mixed-fixed_hash-28,28,mixed,fixed_hash,square_optical,True,all_sources_cleared_with_certificate,square,False,905.0,81,81,"[3, 4, 5, 6, 7, 8, 11, 16, 18, 20]","[3, 4, 5, 6, 7, 8, 11, 16, 18, 20]",full_mesh,20016.182169269443,0.030048542000000067,10,0,0,0,0,662,10,4,10,1.0,2001.6182169269443,61200.910846347324,975,895,652
SELF-Q4-mixed-fixed_hash-29,29,mixed,fixed_hash,square_optical,True,all_sources_cleared_with_certificate,square,False,905.0,81,81,"[1, 3, 6, 7, 9, 10, 11, 12, 13, 18, 19]","[1, 3, 6, 7, 9, 10, 11, 12, 13, 18, 19]",full_mesh,21119.294655516198,0.035910291999999844,11,0,0,0,0,888,11,2,11,1.0,1919.9358777741998,65296.47327758109,909,829,877
SELF-Q4-mixed-fixed_hash-30,30,mixed,fixed_hash,square_optical,True,all_sources_cleared_with_certificate,square,False,905.0,81,81,"[1, 2, 3, 7, 8, 9, 10, 11, 14, 17, 18, 20]","[1, 2, 3, 7, 8, 9, 10, 11, 14, 17, 18, 20]",full_mesh,18574.759757163814,0.02850791599999991,12,0,0,0,0,534,12,1,12,1.0,1547.8966464303178,58358.79878581911,893,812,522
SELF-Q4-mixed-fixed_hash-31,31,mixed,fixed_hash,square_optical,True,all_sources_cleared_with_certificate,square,False,905.0,81,81,"[1, 2, 3, 4, 5, 9, 11, 13, 15, 16, 17, 18, 20]","[1, 2, 3, 4, 5, 9, 11, 13, 15, 16, 17, 18, 20]",full_mesh,17857.49055644234,0.02814304199999995,13,0,0,0,0,583,13,12,13,1.0,1373.6531197263337,59062.45278221175,725,645,570
SELF-Q4-mixed-fixed_hash-32,32,mixed,fixed_hash,square_optical,True,all_sources_cleared_with_certificate,square,False,905.0,81,81,"[1, 2, 3, 5, 6, 7, 8, 9, 10, 12, 14, 16, 17, 19]","[1, 2, 3, 5, 6, 7, 8, 9, 10, 12, 14, 16, 17, 19]",full_mesh,19397.716895592184,0.03600475000000003,14,0,0,0,0,912,14,1,14,1.0,1385.5512068280132,64433.584477961034,638,557,898
SELF-Q4-mixed-fixed_hash-33,33,mixed,fixed_hash,square_optical,True,all_sources_cleared_with_certificate,square,False,905.0,81,81,"[3, 5, 6, 8, 9, 10, 11, 13, 14, 15, 16, 17, 18, 19, 20]","[3, 5, 6, 8, 9, 10, 11, 13, 14, 15, 16, 17, 18, 19, 20]",full_mesh,18365.929523844632,0.03449620799999997,15,0,0,0,0,749,15,8,15,1.0,1224.395301589642,63324.64761922322,584,504,734
SELF-Q4-mixed-fixed_hash-34,34,mixed,fixed_hash,square_optical,True,all_sources_cleared_with_certificate,square,False,905.0,81,31,"[1, 2, 5, 6, 7, 8, 10, 11, 12, 13, 14, 15, 17, 18, 19, 20]","[1, 2, 5, 6, 7, 8, 10, 11, 12, 13, 14, 15, 17, 18, 19, 20]",count_upper_bound,13246.54655411518,0.04221699999999995,16,0,0,0,0,1124,16,2,16,1.0,827.9091596321988,41922.73277057597,248,218,1108
SELF-Q4-mixed-fixed_hash-35,35,mixed,fixed_hash,square_optical,True,all_sources_cleared_with_certificate,square,False,905.0,81,81,"[1, 5, 7, 10, 11, 15, 16, 18, 19, 20]","[1, 5, 7, 10, 11, 15, 16, 18, 19, 20]",full_mesh,20022.930032884455,0.03469925000000007,10,0,0,0,0,668,10,9,10,1.0,2002.2930032884456,60844.650164422324,985,905,658
SELF-Q4-mixed-fixed_hash-36,36,mixed,fixed_hash,square_optical,True,all_sources_cleared_with_certificate,square,False,905.0,81,81,"[1, 2, 3, 4, 5, 9, 10, 11, 16, 18, 20]","[1, 2, 3, 4, 5, 9, 10, 11, 16, 18, 20]",full_mesh,20571.10769153609,0.03815120800000016,11,0,0,0,0,856,11,7,11,1.0,1870.1006992305536,63335.53845768052,899,819,845
SELF-Q4-mixed-fixed_hash-37,37,mixed,fixed_hash,square_optical,True,all_sources_cleared_with_certificate,square,False,905.0,81,81,"[2, 3, 5, 8, 9, 11, 12, 13, 15, 17, 18, 20]","[2, 3, 5, 8, 9, 11, 12, 13, 15, 17, 18, 20]",full_mesh,18360.009676653714,0.03535616599999991,12,0,0,0,0,679,12,7,12,1.0,1530.0008063878095,59550.04838326863,745,664,667
SELF-Q4-mixed-fixed_hash-38,38,mixed,fixed_hash,square_optical,True,all_sources_cleared_with_certificate,square,False,905.0,81,81,"[1, 3, 4, 6, 8, 9, 10, 12, 13, 14, 16, 17, 20]","[1, 3, 4, 6, 8, 9, 10, 12, 13, 14, 16, 17, 20]",full_mesh,19652.11641113934,0.042009375000000126,13,0,0,0,0,888,13,5,13,1.0,1511.701262395334,63790.582055696745,714,634,875
SELF-Q4-mixed-fixed_hash-39,39,mixed,fixed_hash,square_optical,True,all_sources_cleared_with_certificate,square,False,905.0,81,81,"[1, 3, 4, 5, 6, 7, 9, 10, 12, 13, 14, 16, 17, 20]","[1, 3, 4, 5, 6, 7, 9, 10, 12, 13, 14, 16, 17, 20]",full_mesh,17187.95356948613,0.035744,14,0,0,0,0,617,14,1,14,1.0,1227.7109692490092,58944.76784743071,600,520,603
SELF-Q4-mixed-fixed_hash-40,40,mixed,fixed_hash,square_optical,True,all_sources_cleared_with_certificate,square,False,905.0,81,81,"[2, 3, 4, 5, 6, 8, 9, 11, 12, 13, 14, 15, 17, 19, 20]","[2, 3, 4, 5, 6, 8, 9, 11, 12, 13, 14, 15, 17, 19, 20]",full_mesh,19581.76274666045,0.04340045900000011,15,0,0,0,0,742,15,14,15,1.0,1305.4508497773634,63928.81373330232,770,690,727
SELF-Q4-mixed-fixed_hash-41,41,mixed,fixed_hash,square_optical,True,all_sources_cleared_with_certificate,square,False,905.0,81,56,"[1, 4, 5, 6, 7, 8, 9, 10, 11, 12, 13, 14, 16, 17, 18, 20]","[1, 4, 5, 6, 7, 8, 9, 10, 11, 12, 13, 14, 16, 17, 18, 20]",count_upper_bound,17152.75051077482,0.051472000000000184,16,0,0,0,0,1155,16,3,16,1.0,1072.0469069234261,57628.75255387418,364,310,1139
SELF-Q4-mixed-fixed_hash-42,42,mixed,fixed_hash,square_optical,True,all_sources_cleared_with_certificate,square,False,905.0,81,81,"[1, 2, 3, 4, 8, 9, 11, 12, 17, 18]","[1, 2, 3, 4, 8, 9, 11, 12, 17, 18]",full_mesh,17934.37961273391,0.03500229200000016,10,0,0,0,0,473,10,2,10,1.0,1793.4379612733908,56391.89806366958,883,802,463
SELF-Q4-mixed-fixed_hash-43,43,mixed,fixed_hash,square_optical,True,all_sources_cleared_with_certificate,square,False,905.0,81,81,"[2, 5, 8, 10, 11, 12, 13, 15, 16, 19, 20]","[2, 5, 8, 10, 11, 12, 13, 15, 16, 19, 20]",full_mesh,17103.990357795312,0.03301212499999995,11,0,0,0,0,307,11,8,11,1.0,1554.9082143450285,53274.951788976585,931,851,296
SELF-Q4-mixed-fixed_hash-44,44,mixed,fixed_hash,square_optical,True,all_sources_cleared_with_certificate,square,False,905.0,81,81,"[1, 2, 4, 5, 6, 7, 12, 14, 17, 18, 19, 20]","[1, 2, 4, 5, 6, 7, 12, 14, 17, 18, 19, 20]",full_mesh,18201.918713177143,0.040300374999999944,12,0,0,0,0,600,12,2,12,1.0,1516.8265594314287,59389.59356588578,763,685,588
SELF-Q4-mixed-fixed_hash-45,45,mixed,fixed_hash,square_optical,True,all_sources_cleared_with_certificate,square,False,905.0,81,81,"[1, 2, 3, 5, 6, 8, 9, 12, 13, 14, 15, 16, 20]","[1, 2, 3, 5, 6, 8, 9, 12, 13, 14, 15, 16, 20]",full_mesh,19966.222272912364,0.05068979200000001,13,0,0,0,0,903,13,2,13,1.0,1535.8632517624897,63516.1113645619,768,688,890
SELF-Q4-mixed-fixed_hash-46,46,mixed,fixed_hash,square_optical,True,all_sources_cleared_with_certificate,square,False,905.0,81,81,"[1, 2, 3, 5, 6, 7, 8, 9, 10, 11, 12, 13, 18, 19]","[1, 2, 3, 5, 6, 7, 8, 9, 10, 11, 12, 13, 18, 19]",full_mesh,17657.714053261494,0.03962429099999998,14,0,0,0,0,575,14,1,14,1.0,1261.2652895186782,59318.5702663075,687,606,561
SELF-Q4-mixed-fixed_hash-47,47,mixed,fixed_hash,square_optical,True,all_sources_cleared_with_certificate,square,False,905.0,81,81,"[1, 3, 5, 7, 8, 9, 10, 11, 12, 13, 14, 15, 16, 18, 20]","[1, 3, 5, 7, 8, 9, 10, 11, 12, 13, 14, 15, 16, 18, 20]",full_mesh,19172.88051643635,0.04843179100000006,15,0,0,0,0,864,15,5,15,1.0,1278.19203442909,63889.402582181836,642,563,849
SELF-Q4-mixed-fixed_hash-48,48,mixed,fixed_hash,square_optical,True,all_sources_cleared_with_certificate,square,False,905.0,81,66,"[2, 3, 4, 5, 6, 7, 8, 10, 11, 12, 13, 15, 16, 17, 18, 20]","[2, 3, 4, 5, 6, 7, 8, 10, 11, 12, 13, 15, 16, 17, 18, 20]",count_upper_bound,17815.591736489874,0.052308750000000126,16,0,0,0,0,1049,16,14,16,1.0,1113.4744835306171,59892.95868244943,454,388,1033
SELF-Q4-mixed-fixed_hash-49,49,mixed,fixed_hash,square_optical,True,all_sources_cleared_with_certificate,square,False,905.0,81,81,"[1, 3, 4, 9, 11, 12, 13, 14, 16, 18]","[1, 3, 4, 9, 11, 12, 13, 14, 16, 18]",full_mesh,18243.667487851042,0.036136583,10,0,0,0,0,492,10,1,10,1.0,1824.3667487851042,57563.337439255265,886,805,482
SELF-Q4-mixed-fixed_hash-50,50,mixed,fixed_hash,square_optical,True,all_sources_cleared_with_certificate,square,False,905.0,81,81,"[2, 4, 6, 8, 9, 12, 13, 14, 16, 19, 20]","[2, 4, 6, 8, 9, 12, 13, 14, 16, 19, 20]",full_mesh,18537.729649356894,0.039442832999999844,11,0,0,0,0,511,11,9,11,1.0,1685.2481499415358,55553.64824678446,992,912,500
SELF-Q4-mixed-fixed_hash-51,51,mixed,fixed_hash,square_optical,True,all_sources_cleared_with_certificate,square,False,905.0,81,81,"[4, 5, 6, 7, 8, 9, 13, 14, 16, 17, 18, 20]","[4, 5, 6, 7, 8, 9, 13, 14, 16, 17, 18, 20]",full_mesh,20691.39394465082,0.05039691700000004,12,0,0,0,0,871,12,9,12,1.0,1724.2828287209015,64631.969723254144,868,788,859
SELF-Q4-mixed-fixed_hash-52,52,mixed,fixed_hash,square_optical,True,all_sources_cleared_with_certificate,square,False,905.0,81,81,"[1, 2, 3, 6, 7, 8, 9, 12, 13, 15, 16, 17, 18]","[1, 2, 3, 6, 7, 8, 9, 12, 13, 15, 16, 17, 18]",full_mesh,18929.747108357908,0.043886083999999936,13,0,0,0,0,741,13,11,13,1.0,1456.1343929506083,62358.73554178961,715,634,728
SELF-Q4-mixed-fixed_hash-53,53,mixed,fixed_hash,square_optical,True,all_sources_cleared_with_certificate,square,False,905.0,81,81,"[1, 3, 6, 7, 8, 9, 10, 11, 12, 15, 16, 17, 18, 20]","[1, 3, 6, 7, 8, 9, 10, 11, 12, 15, 16, 17, 18, 20]",full_mesh,21735.69033511489,0.05725200000000008,14,0,0,0,0,1033,14,12,14,1.0,1552.5493096510636,66713.45167557453,891,811,1019
SELF-Q4-mixed-fixed_hash-54,54,mixed,fixed_hash,square_optical,True,all_sources_cleared_with_certificate,square,False,905.0,81,81,"[2, 4, 5, 6, 7, 8, 10, 12, 13, 14, 15, 16, 17, 18, 19]","[2, 4, 5, 6, 7, 8, 10, 12, 13, 14, 15, 16, 17, 18, 19]",full_mesh,18979.484389064794,0.048702790999999745,15,0,0,0,0,889,15,1,15,1.0,1265.2989592709862,64082.42194532401,591,511,874
SELF-Q4-mixed-fixed_hash-55,55,mixed,fixed_hash,square_optical,True,all_sources_cleared_with_certificate,square,False,905.0,81,31,"[2, 3, 4, 5, 6, 7, 8, 9, 10, 12, 13, 16, 17, 18, 19, 20]","[2, 3, 4, 5, 6, 7, 8, 9, 10, 12, 13, 16, 17, 18, 19, 20]",count_upper_bound,12607.612334916681,0.048064040999999946,16,0,0,0,0,1023,16,6,16,1.0,787.9757709322926,40383.06167458345,243,215,1007
SELF-Q4-mixed-fixed_hash-56,56,mixed,fixed_hash,square_optical,True,all_sources_cleared_with_certificate,square,False,905.0,81,81,"[1, 4, 7, 9, 10, 12, 13, 16, 17, 18]","[1, 4, 7, 9, 10, 12, 13, 16, 17, 18]",full_mesh,20154.874600695468,0.04512091699999976,10,0,0,0,0,806,10,2,10,1.0,2015.4874600695468,62529.37300347738,882,801,796
SELF-Q4-mixed-fixed_hash-57,57,mixed,fixed_hash,square_optical,True,all_sources_cleared_with_certificate,square,False,905.0,81,81,"[1, 2, 5, 7, 8, 11, 12, 13, 16, 17, 18]","[1, 2, 5, 7, 8, 11, 12, 13, 16, 17, 18]",full_mesh,19915.364125593616,0.04560783399999968,11,0,0,0,0,794,11,3,11,1.0,1810.487647781238,63001.82062796816,832,751,783
SELF-Q4-mixed-fixed_hash-58,58,mixed,fixed_hash,square_optical,True,all_sources_cleared_with_certificate,square,False,905.0,81,81,"[2, 4, 5, 6, 7, 8, 11, 14, 17, 18, 19, 20]","[2, 4, 5, 6, 7, 8, 11, 14, 17, 18, 19, 20]",full_mesh,22022.12956521885,0.05279254100000008,12,0,0,0,0,986,12,10,12,1.0,1835.1774637682374,68335.64782609434,909,828,974
SELF-Q4-mixed-fixed_hash-59,59,mixed,fixed_hash,square_optical,True,all_sources_cleared_with_certificate,square,False,905.0,81,81,"[1, 3, 5, 8, 10, 11, 12, 13, 14, 15, 16, 17, 20]","[1, 3, 5, 8, 10, 11, 12, 13, 14, 15, 16, 17, 20]",full_mesh,19652.0197758943,0.04539045799999997,13,0,0,0,0,815,13,7,13,1.0,1511.6938289149462,65095.09887947162,707,627,802
SELF-Q4-mixed-fixed_hash-60,60,mixed,fixed_hash,square_optical,True,all_sources_cleared_with_certificate,square,False,905.0,81,81,"[1, 2, 3, 4, 5, 6, 8, 9, 10, 13, 14, 16, 17, 20]","[1, 2, 3, 4, 5, 6, 8, 9, 10, 13, 14, 16, 17, 20]",full_mesh,18387.13876830435,0.04459379200000013,14,0,0,0,0,763,14,1,14,1.0,1313.367054878882,61850.693841521825,630,550,749
SELF-Q4-mixed-fixed_hash-61,61,mixed,fixed_hash,square_optical,True,all_sources_cleared_with_certificate,square,False,905.0,81,81,"[1, 4, 5, 6, 7, 8, 9, 11, 12, 13, 14, 16, 18, 19, 20]","[1, 4, 5, 6, 7, 8, 9, 11, 12, 13, 14, 16, 18, 19, 20]",full_mesh,19393.607445127895,0.04985829200000014,15,0,0,0,0,933,15,8,15,1.0,1292.9071630085264,65583.03722563952,588,508,918
SELF-Q4-mixed-fixed_hash-62,62,mixed,fixed_hash,square_optical,True,all_sources_cleared_with_certificate,square,False,905.0,81,55,"[1, 2, 3, 5, 6, 8, 9, 10, 11, 12, 13, 14, 15, 18, 19, 20]","[1, 2, 3, 5, 6, 8, 9, 10, 11, 12, 13, 14, 15, 18, 19, 20]",count_upper_bound,17390.97743946518,0.054777292000000255,16,0,0,0,0,1112,16,14,16,1.0,1086.9360899665737,54399.88719732598,533,478,1096
SELF-Q4-mixed-fixed_hash-63,63,mixed,fixed_hash,square_optical,True,all_sources_cleared_with_certificate,square,False,905.0,81,81,"[2, 7, 9, 10, 11, 12, 14, 15, 16, 20]","[2, 7, 9, 10, 11, 12, 14, 15, 16, 20]",full_mesh,18125.95568768275,0.03861679200000001,10,0,0,0,0,572,10,2,10,1.0,1812.595568768275,56284.77843841379,869,788,562
SELF-Q4-mixed-fixed_hash-64,64,mixed,fixed_hash,square_optical,True,all_sources_cleared_with_certificate,square,False,905.0,81,81,"[1, 3, 4, 5, 7, 11, 12, 13, 16, 18, 19]","[1, 3, 4, 5, 7, 11, 12, 13, 16, 18, 19]",full_mesh,18679.377397817072,0.03997145900000021,11,0,0,0,0,610,11,2,11,1.0,1698.1252179833702,57901.886989085404,888,807,599
SELF-Q4-mixed-fixed_hash-65,65,mixed,fixed_hash,square_optical,True,all_sources_cleared_with_certificate,square,False,905.0,81,81,"[6, 7, 8, 9, 10, 13, 14, 15, 16, 17, 19, 20]","[6, 7, 8, 9, 10, 13, 14, 15, 16, 17, 19, 20]",full_mesh,20775.687244394438,0.05026262500000023,12,0,0,0,0,909,12,4,12,1.0,1731.307270366203,64803.43622197223,857,779,897
SELF-Q4-mixed-fixed_hash-66,66,mixed,fixed_hash,square_optical,True,all_sources_cleared_with_certificate,square,False,905.0,81,81,"[2, 3, 5, 8, 9, 10, 13, 14, 15, 16, 17, 19, 20]","[2, 3, 5, 8, 9, 10, 13, 14, 15, 16, 17, 19, 20]",full_mesh,20180.768724704434,0.045871167000000046,13,0,0,0,0,799,13,9,13,1.0,1552.366824977264,64798.84362352224,813,733,786
SELF-Q4-mixed-fixed_hash-67,67,mixed,fixed_hash,square_optical,True,all_sources_cleared_with_certificate,square,False,905.0,81,81,"[1, 3, 4, 5, 6, 7, 8, 10, 14, 15, 16, 17, 18, 19]","[1, 3, 4, 5, 6, 7, 8, 10, 14, 15, 16, 17, 18, 19]",full_mesh,17975.074333144792,0.03989662499999991,14,0,0,0,0,597,14,3,14,1.0,1283.9338809389137,61465.37166572398,657,578,583
SELF-Q4-mixed-fixed_hash-68,68,mixed,fixed_hash,square_optical,True,all_sources_cleared_with_certificate,square,False,905.0,81,81,"[2, 4, 5, 6, 8, 9, 11, 12, 13, 14, 15, 16, 17, 19, 20]","[2, 4, 5, 6, 8, 9, 11, 12, 13, 14, 15, 16, 17, 19, 20]",full_mesh,20491.326172140667,0.05186670799999993,15,0,0,0,0,1067,15,11,15,1.0,1366.0884114760445,70081.63086070339,554,474,1052
SELF-Q4-mixed-fixed_hash-69,69,mixed,fixed_hash,square_optical,True,all_sources_cleared_with_certificate,square,False,905.0,81,31,"[2, 3, 4, 5, 6, 7, 8, 9, 10, 11, 12, 13, 14, 16, 17, 18]","[2, 3, 4, 5, 6, 7, 8, 9, 10, 11, 12, 13, 14, 16, 17, 18]",count_upper_bound,11440.851677859895,0.044845041999999946,16,0,0,0,0,865,16,9,16,1.0,715.0532298662434,37354.2583892995,229,198,849
SELF-Q4-mixed-fixed_hash-70,70,mixed,fixed_hash,square_optical,True,all_sources_cleared_with_certificate,square,False,905.0,81,81,"[2, 3, 4, 5, 6, 10, 11, 12, 15, 18]","[2, 3, 4, 5, 6, 10, 11, 12, 15, 18]",full_mesh,19348.51392849585,0.04344866600000019,10,0,0,0,0,703,10,4,10,1.0,1934.851392849585,59412.56964247931,903,822,693
SELF-Q4-mixed-fixed_hash-71,71,mixed,fixed_hash,square_optical,True,all_sources_cleared_with_certificate,square,False,905.0,81,81,"[1, 2, 4, 5, 9, 11, 13, 14, 15, 16, 17]","[1, 2, 4, 5, 9, 11, 13, 14, 15, 16, 17]",full_mesh,20520.26937583109,0.0468131249999999,11,0,0,0,0,905,11,9,11,1.0,1865.4790341664627,64121.34687915553,840,759,894
SELF-Q4-mixed-fixed_hash-72,72,mixed,fixed_hash,square_optical,True,all_sources_cleared_with_certificate,square,False,905.0,81,81,"[3, 4, 6, 10, 11, 12, 15, 16, 17, 18, 19, 20]","[3, 4, 6, 10, 11, 12, 15, 16, 17, 18, 19, 20]",full_mesh,19445.98745092295,0.04078520799999996,12,0,0,0,0,669,12,7,12,1.0,1620.498954243579,62809.93725461483,822,743,657
SELF-Q4-mixed-fixed_hash-73,73,mixed,fixed_hash,square_optical,True,all_sources_cleared_with_certificate,square,False,905.0,81,81,"[2, 4, 5, 6, 7, 8, 9, 10, 15, 16, 17, 19, 20]","[2, 4, 5, 6, 7, 8, 9, 10, 15, 16, 17, 19, 20]",full_mesh,18226.11347097327,0.038369666999999996,13,0,0,0,0,532,13,8,13,1.0,1402.0087285364052,56660.56735486636,892,812,519
SELF-Q4-mixed-fixed_hash-74,74,mixed,fixed_hash,square_optical,True,all_sources_cleared_with_certificate,square,False,905.0,81,81,"[2, 3, 4, 5, 6, 8, 9, 11, 13, 14, 16, 17, 18, 20]","[2, 3, 4, 5, 6, 8, 9, 11, 13, 14, 16, 17, 18, 20]",full_mesh,18441.085522812868,0.04532387499999979,14,0,0,0,0,795,14,5,14,1.0,1317.2203944866335,61520.42761406439,634,554,781
SELF-Q4-mixed-fixed_hash-75,75,mixed,fixed_hash,square_optical,True,all_sources_cleared_with_certificate,square,False,905.0,81,81,"[2, 3, 6, 8, 9, 11, 12, 13, 14, 15, 16, 17, 18, 19, 20]","[2, 3, 6, 8, 9, 11, 12, 13, 14, 15, 16, 17, 18, 19, 20]",full_mesh,18166.020878374027,0.04268316599999977,15,0,0,0,0,799,15,2,15,1.0,1211.0680585582684,64560.10439187021,484,407,784
SELF-Q4-mixed-fixed_hash-76,76,mixed,fixed_hash,square_optical,True,all_sources_cleared_with_certificate,square,False,905.0,81,41,"[1, 3, 4, 5, 6, 7, 8, 10, 12, 13, 15, 16, 17, 18, 19, 20]","[1, 3, 4, 5, 6, 7, 8, 10, 12, 13, 15, 16, 17, 18, 19, 20]",count_upper_bound,14719.22249660848,0.04983437499999965,16,0,0,0,0,1004,16,4,16,1.0,919.95140603803,47796.11248304242,359,321,988
SELF-Q4-mixed-fixed_hash-77,77,mixed,fixed_hash,square_optical,True,all_sources_cleared_with_certificate,square,False,905.0,81,81,"[2, 5, 7, 8, 9, 11, 14, 17, 18, 20]","[2, 5, 7, 8, 9, 11, 14, 17, 18, 20]",full_mesh,19448.567151998875,0.039731583000000015,10,0,0,0,0,551,10,4,10,1.0,1944.8567151998875,57932.83575999443,1045,964,541
SELF-Q4-mixed-fixed_hash-78,78,mixed,fixed_hash,square_optical,True,all_sources_cleared_with_certificate,square,False,905.0,81,81,"[1, 3, 4, 7, 9, 10, 11, 13, 14, 15, 20]","[1, 3, 4, 7, 9, 10, 11, 13, 14, 15, 20]",full_mesh,19031.503344255223,0.039913499999999935,11,0,0,0,0,594,11,4,11,1.0,1730.1366676595658,57377.51672127612,972,892,583
SELF-Q4-mixed-fixed_hash-79,79,mixed,fixed_hash,square_optical,True,all_sources_cleared_with_certificate,square,False,905.0,81,81,"[2, 3, 4, 5, 6, 8, 12, 14, 15, 16, 17, 18]","[2, 3, 4, 5, 6, 8, 12, 14, 15, 16, 17, 18]",full_mesh,19672.494927177435,0.045613041999999826,12,0,0,0,0,762,12,1,12,1.0,1639.3745772647862,61957.47463588724,842,761,750
SELF-Q4-mixed-fixed_hash-80,80,mixed,fixed_hash,square_optical,True,all_sources_cleared_with_certificate,square,False,905.0,81,81,"[1, 4, 6, 7, 9, 12, 13, 14, 15, 17, 18, 19, 20]","[1, 4, 6, 7, 9, 12, 13, 14, 15, 17, 18, 19, 20]",full_mesh,20611.773606684998,0.04925962499999992,13,0,0,0,0,858,13,10,13,1.0,1585.5210466680767,65818.86803342504,821,743,845
SELF-Q4-mixed-fixed_hash-81,81,mixed,fixed_hash,square_optical,True,all_sources_cleared_with_certificate,square,False,905.0,81,81,"[1, 3, 6, 8, 10, 11, 12, 13, 14, 15, 16, 17, 19, 20]","[1, 3, 6, 8, 10, 11, 12, 13, 14, 15, 16, 17, 19, 20]",full_mesh,18217.182966367487,0.04340058300000038,14,0,0,0,0,783,14,12,14,1.0,1301.2273547405348,61240.91483183751,612,532,769
SELF-Q4-mixed-fixed_hash-82,82,mixed,fixed_hash,square_optical,True,all_sources_cleared_with_certificate,square,False,905.0,81,81,"[1, 3, 5, 6, 7, 8, 10, 11, 12, 13, 14, 16, 17, 18, 20]","[1, 3, 5, 6, 7, 8, 10, 11, 12, 13, 14, 16, 17, 18, 20]",full_mesh,19121.966856267423,0.04866204200000013,15,0,0,0,0,894,15,4,15,1.0,1274.7977904178283,64724.83428133721,591,510,879
SELF-Q4-mixed-fixed_hash-83,83,mixed,fixed_hash,square_optical,True,all_sources_cleared_with_certificate,square,False,905.0,81,46,"[1, 2, 3, 4, 5, 7, 11, 12, 13, 14, 15, 16, 17, 18, 19, 20]","[1, 2, 3, 4, 5, 7, 11, 12, 13, 14, 15, 16, 17, 18, 19, 20]",count_upper_bound,15986.004225846944,0.04980775000000026,16,0,0,0,0,1091,16,3,16,1.0,999.125264115434,53310.02112923478,344,299,1075
SELF-Q4-mixed-fixed_hash-84,84,mixed,fixed_hash,square_optical,True,all_sources_cleared_with_certificate,square,False,905.0,81,81,"[1, 2, 4, 8, 9, 10, 11, 13, 14, 16]","[1, 2, 4, 8, 9, 10, 11, 13, 14, 16]",full_mesh,17357.35843578049,0.030498958999999992,10,0,0,0,0,350,10,6,10,1.0,1735.735843578049,54241.79217890249,920,839,340
SELF-Q4-mixed-fixed_hash-85,85,mixed,fixed_hash,square_optical,True,all_sources_cleared_with_certificate,square,False,905.0,81,81,"[4, 6, 7, 8, 10, 11, 13, 14, 16, 19, 20]","[4, 6, 7, 8, 10, 11, 13, 14, 16, 19, 20]",full_mesh,19653.40817094899,0.04075595800000009,11,0,0,0,0,784,11,7,11,1.0,1786.673470086272,61112.04085474503,856,777,773
SELF-Q4-mixed-fixed_hash-86,86,mixed,fixed_hash,square_optical,True,all_sources_cleared_with_certificate,square,False,905.0,81,81,"[1, 2, 3, 5, 7, 9, 11, 12, 15, 18, 19, 20]","[1, 2, 3, 5, 7, 9, 11, 12, 15, 18, 19, 20]",full_mesh,19512.028656868333,0.040825083000000095,12,0,0,0,0,734,12,9,12,1.0,1626.002388072361,61750.14328434172,836,756,722
SELF-Q4-mixed-fixed_hash-87,87,mixed,fixed_hash,square_optical,True,all_sources_cleared_with_certificate,square,False,905.0,81,81,"[1, 2, 4, 5, 6, 7, 9, 11, 13, 14, 15, 16, 18]","[1, 2, 4, 5, 6, 7, 9, 11, 13, 14, 15, 16, 18]",full_mesh,17975.576900462747,0.03759404199999983,13,0,0,0,0,636,13,5,13,1.0,1382.7366846509806,59612.88450231378,700,619,623
SELF-Q4-mixed-fixed_hash-88,88,mixed,fixed_hash,square_optical,True,all_sources_cleared_with_certificate,square,False,905.0,81,81,"[1, 3, 4, 6, 7, 8, 9, 11, 12, 13, 14, 16, 17, 20]","[1, 3, 4, 6, 7, 8, 9, 11, 12, 13, 14, 16, 17, 20]",full_mesh,17431.652314970095,0.03636462500000004,14,0,0,0,0,571,14,12,14,1.0,1245.1180224978639,57498.26157485055,712,631,557
SELF-Q4-mixed-fixed_hash-89,89,mixed,fixed_hash,square_optical,True,all_sources_cleared_with_certificate,square,False,905.0,81,81,"[2, 3, 4, 5, 6, 7, 8, 9, 10, 12, 14, 16, 17, 18, 20]","[2, 3, 4, 5, 6, 7, 8, 9, 10, 12, 14, 16, 17, 18, 20]",full_mesh,21237.385801275796,0.05310312499999981,15,0,0,0,0,1233,15,8,15,1.0,1415.825720085053,70546.92900637911,580,499,1218
SELF-Q4-mixed-fixed_hash-90,90,mixed,fixed_hash,square_optical,True,all_sources_cleared_with_certificate,square,False,905.0,81,32,"[1, 2, 3, 5, 6, 7, 8, 9, 10, 11, 12, 13, 14, 16, 17, 18]","[1, 2, 3, 5, 6, 7, 8, 9, 10, 11, 12, 13, 14, 16, 17, 18]",count_upper_bound,11447.287788027543,0.03908020799999967,16,0,0,0,0,829,16,1,16,1.0,715.4554867517214,37781.43894013773,234,202,813
SELF-Q4-mixed-fixed_hash-91,91,mixed,fixed_hash,square_optical,True,all_sources_cleared_with_certificate,square,False,905.0,81,81,"[3, 6, 8, 12, 13, 14, 15, 16, 18, 19]","[3, 6, 8, 12, 13, 14, 15, 16, 18, 19]",full_mesh,19310.470880168148,0.03859933300000007,10,0,0,0,0,612,10,8,10,1.0,1931.0470880168148,57762.35440084078,997,917,602
SELF-Q4-mixed-fixed_hash-92,92,mixed,fixed_hash,square_optical,True,all_sources_cleared_with_certificate,square,False,905.0,81,81,"[2, 3, 4, 8, 9, 10, 14, 15, 17, 18, 19]","[2, 3, 4, 8, 9, 10, 14, 15, 17, 18, 19]",full_mesh,18955.331462942402,0.03700883300000024,11,0,0,0,0,637,11,6,11,1.0,1723.211951176582,59801.657314712014,857,777,626
SELF-Q4-mixed-fixed_hash-93,93,mixed,fixed_hash,square_optical,True,all_sources_cleared_with_certificate,square,False,905.0,81,81,"[1, 2, 3, 4, 6, 7, 12, 13, 14, 16, 19, 20]","[1, 2, 3, 4, 6, 7, 12, 13, 14, 16, 19, 20]",full_mesh,17993.173674552207,0.03773204200000002,12,0,0,0,0,587,12,10,12,1.0,1499.4311395460172,57195.86837276108,808,729,575
SELF-Q4-mixed-fixed_hash-94,94,mixed,fixed_hash,square_optical,True,all_sources_cleared_with_certificate,square,False,905.0,81,81,"[1, 4, 5, 6, 7, 8, 9, 10, 11, 14, 15, 18, 19]","[1, 4, 5, 6, 7, 8, 9, 10, 11, 14, 15, 18, 19]",full_mesh,19450.996413167384,0.037670375000000256,13,0,0,0,0,586,13,10,13,1.0,1496.230493320568,62334.98206583694,880,800,573
SELF-Q4-mixed-fixed_hash-95,95,mixed,fixed_hash,square_optical,True,all_sources_cleared_with_certificate,square,False,905.0,81,81,"[1, 2, 3, 4, 5, 10, 12, 13, 15, 16, 17, 18, 19, 20]","[1, 2, 3, 4, 5, 10, 12, 13, 15, 16, 17, 18, 19, 20]",full_mesh,18214.66918469154,0.0364217499999997,14,0,0,0,0,644,14,10,14,1.0,1301.0477989065384,58863.34592345772,760,682,630
SELF-Q4-mixed-fixed_hash-96,96,mixed,fixed_hash,square_optical,True,all_sources_cleared_with_certificate,square,False,905.0,81,81,"[1, 3, 4, 6, 7, 10, 11, 12, 13, 14, 15, 17, 18, 19, 20]","[1, 3, 4, 6, 7, 10, 11, 12, 13, 14, 15, 17, 18, 19, 20]",full_mesh,18156.241882318984,0.035992582999999634,15,0,0,0,0,638,15,6,15,1.0,1210.4161254879323,62146.20941159498,644,563,623
SELF-Q4-mixed-fixed_hash-97,97,mixed,fixed_hash,square_optical,True,all_sources_cleared_with_certificate,square,False,905.0,81,54,"[1, 2, 4, 5, 6, 7, 9, 10, 12, 13, 14, 16, 17, 18, 19, 20]","[1, 2, 4, 5, 6, 7, 9, 10, 12, 13, 14, 16, 17, 18, 19, 20]",count_upper_bound,16768.609283964994,0.045854750000000166,16,0,0,0,0,1074,16,11,16,1.0,1048.038080247812,53528.04641982505,477,424,1058
SELF-Q4-mixed-fixed_hash-98,98,mixed,fixed_hash,square_optical,True,all_sources_cleared_with_certificate,square,False,905.0,81,81,"[1, 2, 5, 8, 11, 12, 14, 17, 19, 20]","[1, 2, 5, 8, 11, 12, 14, 17, 19, 20]",full_mesh,20698.21599792536,0.04001354200000051,10,0,0,0,0,736,10,9,10,1.0,2069.821599792536,61401.07998962687,1045,965,726
SELF-Q4-mixed-fixed_hash-99,99,mixed,fixed_hash,square_optical,True,all_sources_cleared_with_certificate,square,False,905.0,81,81,"[2, 3, 4, 5, 6, 7, 8, 13, 18, 19, 20]","[2, 3, 4, 5, 6, 7, 8, 13, 18, 19, 20]",full_mesh,18438.98312257427,0.03372145799999959,11,0,0,0,0,510,11,9,11,1.0,1676.2711929612974,56874.91561287138,932,852,499
SELF-Q4-mixed-fixed_hash-100,100,mixed,fixed_hash,square_optical,True,all_sources_cleared_with_certificate,square,False,905.0,81,81,"[2, 5, 6, 7, 9, 11, 12, 13, 15, 17, 18, 19]","[2, 5, 6, 7, 9, 11, 12, 13, 15, 17, 18, 19]",full_mesh,18979.234768423874,0.038620958000000094,12,0,0,0,0,742,12,2,12,1.0,1581.6028973686562,61246.17384211943,760,680,730
SELF-Q4-mixed-fixed_hash-101,101,mixed,fixed_hash,square_optical,True,all_sources_cleared_with_certificate,square,False,905.0,81,81,"[1, 4, 5, 7, 8, 9, 10, 11, 12, 15, 17, 18, 19]","[1, 4, 5, 7, 8, 9, 10, 11, 12, 15, 17, 18, 19]",full_mesh,20351.563483865128,0.042203250000000025,13,0,0,0,0,884,13,12,13,1.0,1565.5048833742405,64802.81741932574,799,718,871
SELF-Q4-mixed-fixed_hash-102,102,mixed,fixed_hash,square_optical,True,all_sources_cleared_with_certificate,square,False,905.0,81,81,"[1, 3, 5, 6, 7, 9, 10, 12, 13, 14, 17, 18, 19, 20]","[1, 3, 5, 6, 7, 9, 10, 12, 13, 14, 17, 18, 19, 20]",full_mesh,19542.703140258564,0.04054045899999981,14,0,0,0,0,840,14,13,14,1.0,1395.907367161326,64358.51570129291,700,623,826
SELF-Q4-mixed-fixed_hash-103,103,mixed,fixed_hash,square_optical,True,all_sources_cleared_with_certificate,square,False,905.0,81,81,"[1, 2, 3, 4, 5, 6, 7, 8, 11, 12, 13, 15, 17, 18, 20]","[1, 2, 3, 4, 5, 6, 7, 8, 11, 12, 13, 15, 17, 18, 20]",full_mesh,20635.376502504292,0.048540874999999595,15,0,0,0,0,1159,15,1,15,1.0,1375.6917668336196,70086.88251252157,532,451,1144
SELF-Q4-mixed-fixed_hash-104,104,mixed,fixed_hash,square_optical,True,all_sources_cleared_with_certificate,square,False,905.0,81,35,"[1, 2, 3, 6, 7, 8, 9, 10, 11, 12, 13, 14, 15, 16, 17, 20]","[1, 2, 3, 6, 7, 8, 9, 10, 11, 12, 13, 14, 15, 16, 17, 20]",count_upper_bound,13511.640923763869,0.04356095800000048,16,0,0,0,0,983,16,6,16,1.0,844.4775577352418,41483.204618819414,378,344,967
SELF-Q4-mixed-fixed_hash-105,105,mixed,fixed_hash,square_optical,True,all_sources_cleared_with_certificate,square,False,905.0,81,81,"[1, 4, 5, 6, 9, 10, 12, 13, 16, 19]","[1, 4, 5, 6, 9, 10, 12, 13, 16, 19]",full_mesh,19341.842072337546,0.03599170800000007,10,0,0,0,0,651,10,3,10,1.0,1934.1842072337545,60189.210361687765,902,821,641
SELF-Q4-mixed-fixed_hash-106,106,mixed,fixed_hash,square_optical,True,all_sources_cleared_with_certificate,square,False,905.0,81,81,"[1, 2, 4, 5, 8, 13, 16, 17, 18, 19, 20]","[1, 2, 4, 5, 8, 13, 16, 17, 18, 19, 20]",full_mesh,17820.008418586032,0.03070774999999948,11,0,0,0,0,399,11,6,11,1.0,1620.000765326003,55710.04209293021,923,844,388
SELF-Q4-mixed-fixed_hash-107,107,mixed,fixed_hash,square_optical,True,all_sources_cleared_with_certificate,square,False,905.0,81,81,"[1, 2, 3, 5, 7, 8, 9, 10, 11, 14, 16, 19]","[1, 2, 3, 5, 7, 8, 9, 10, 11, 14, 16, 19]",full_mesh,17961.540529776434,0.0344416669999994,12,0,0,0,0,600,12,11,12,1.0,1496.7950441480361,58497.702648882194,753,673,588
SELF-Q4-mixed-fixed_hash-108,108,mixed,fixed_hash,square_optical,True,all_sources_cleared_with_certificate,square,False,905.0,81,81,"[2, 3, 4, 5, 6, 9, 10, 12, 13, 15, 18, 19, 20]","[2, 3, 4, 5, 6, 9, 10, 12, 13, 15, 18, 19, 20]",full_mesh,22011.773047245784,0.04926012499999999,13,0,0,0,0,1184,13,2,13,1.0,1693.2133113265988,70428.865236229,738,658,1171
SELF-Q4-mixed-fixed_hash-109,109,mixed,fixed_hash,square_optical,True,all_sources_cleared_with_certificate,square,False,905.0,81,81,"[2, 4, 5, 7, 8, 9, 10, 13, 15, 16, 17, 18, 19, 20]","[2, 4, 5, 7, 8, 9, 10, 13, 15, 16, 17, 18, 19, 20]",full_mesh,17558.25697519862,0.03702954199999997,14,0,0,0,0,737,14,4,14,1.0,1254.1612125141871,60076.28487599317,564,484,723
SELF-Q4-mixed-fixed_hash-110,110,mixed,fixed_hash,square_optical,True,all_sources_cleared_with_certificate,square,False,905.0,81,81,"[1, 2, 6, 7, 8, 9, 11, 12, 13, 14, 15, 16, 17, 18, 19]","[1, 2, 6, 7, 8, 9, 11, 12, 13, 14, 15, 16, 17, 18, 19]",full_mesh,18585.68484141743,0.042105208000000616,15,0,0,0,0,887,15,2,15,1.0,1239.0456560944954,63888.424207087235,533,452,872
SELF-Q4-mixed-fixed_hash-111,111,mixed,fixed_hash,square_optical,True,all_sources_cleared_with_certificate,square,False,905.0,81,33,"[2, 3, 4, 6, 7, 8, 10, 11, 13, 14, 15, 16, 17, 18, 19, 20]","[2, 3, 4, 6, 7, 8, 10, 11, 13, 14, 15, 16, 17, 18, 19, 20]",count_upper_bound,12425.518741124217,0.0369839169999997,16,0,0,0,0,800,16,7,16,1.0,776.5949213202636,40277.5937056211,328,298,784
SELF-Q4-mixed-fixed_hash-112,112,mixed,fixed_hash,square_optical,True,all_sources_cleared_with_certificate,square,False,905.0,81,81,"[3, 4, 6, 10, 11, 13, 14, 15, 16, 19]","[3, 4, 6, 10, 11, 13, 14, 15, 16, 19]",full_mesh,16780.696286842653,0.02821187500000022,10,0,0,0,0,381,10,9,10,1.0,1678.0696286842654,52363.48143421329,871,790,371
SELF-Q4-mixed-fixed_hash-113,113,mixed,fixed_hash,square_optical,True,all_sources_cleared_with_certificate,square,False,905.0,81,81,"[1, 2, 3, 4, 5, 7, 9, 12, 16, 18, 20]","[1, 2, 3, 4, 5, 7, 9, 12, 16, 18, 20]",full_mesh,18638.07353957378,0.035253832999999624,11,0,0,0,0,624,11,10,11,1.0,1694.3703217794346,58255.36769786892,862,783,613
SELF-Q4-mixed-fixed_hash-114,114,mixed,fixed_hash,square_optical,True,all_sources_cleared_with_certificate,square,False,905.0,81,81,"[1, 3, 4, 8, 9, 10, 11, 14, 15, 17, 19, 20]","[1, 3, 4, 8, 9, 10, 11, 14, 15, 17, 19, 20]",full_mesh,20229.111777383547,0.03968266699999923,12,0,0,0,0,801,12,5,12,1.0,1685.7593147819623,65200.5588869178,807,727,789
SELF-Q4-mixed-fixed_hash-115,115,mixed,fixed_hash,square_optical,True,all_sources_cleared_with_certificate,square,False,905.0,81,81,"[4, 5, 6, 7, 8, 9, 10, 11, 12, 13, 14, 16, 18]","[4, 5, 6, 7, 8, 9, 10, 11, 12, 13, 14, 16, 18]",full_mesh,19739.176148690745,0.038447332999999695,13,0,0,0,0,896,13,1,13,1.0,1518.3981652839034,65400.88074345377,671,590,883
SELF-Q4-mixed-fixed_hash-116,116,mixed,fixed_hash,square_optical,True,all_sources_cleared_with_certificate,square,False,905.0,81,81,"[1, 3, 4, 5, 7, 8, 9, 10, 12, 13, 15, 16, 18, 20]","[1, 3, 4, 5, 7, 8, 9, 10, 12, 13, 15, 16, 18, 20]",full_mesh,19469.602682365487,0.03981387500000011,14,0,0,0,0,883,14,10,14,1.0,1390.685905883249,64743.01341182751,654,574,869
SELF-Q4-mixed-fixed_hash-117,117,mixed,fixed_hash,square_optical,True,all_sources_cleared_with_certificate,square,False,905.0,81,81,"[2, 3, 4, 6, 7, 8, 9, 10, 13, 14, 16, 17, 18, 19, 20]","[2, 3, 4, 6, 7, 8, 9, 10, 13, 14, 16, 17, 18, 19, 20]",full_mesh,17969.110317201747,0.03671916699999933,15,0,0,0,0,778,15,1,15,1.0,1197.9406878134498,62220.55158600878,540,461,763
SELF-Q4-mixed-fixed_hash-118,118,mixed,fixed_hash,square_optical,True,all_sources_cleared_with_certificate,square,False,905.0,81,59,"[1, 2, 4, 5, 6, 7, 8, 10, 12, 13, 14, 15, 16, 17, 19, 20]","[1, 2, 4, 5, 6, 7, 8, 10, 12, 13, 14, 15, 16, 17, 19, 20]",count_upper_bound,18577.29749060098,0.046411875000000435,16,0,0,0,0,1177,16,14,16,1.0,1161.0810931625613,60756.487453005015,487,428,1161
SELF-Q4-mixed-fixed_hash-119,119,mixed,fixed_hash,square_optical,True,all_sources_cleared_with_certificate,square,False,905.0,81,81,"[2, 3, 4, 6, 7, 10, 11, 14, 16, 18]","[2, 3, 4, 6, 7, 10, 11, 14, 16, 18]",full_mesh,18648.800681843197,0.031226250000000455,10,0,0,0,0,511,10,5,10,1.0,1864.8800681843197,57834.00340921601,935,854,501
SELF-Q4-mixed-fixed_hash-120,120,mixed,fixed_hash,square_optical,True,all_sources_cleared_with_certificate,square,False,905.0,81,81,"[3, 4, 5, 6, 7, 8, 13, 14, 15, 17, 20]","[3, 4, 5, 6, 7, 8, 13, 14, 15, 17, 20]",full_mesh,20347.372478491663,0.037944750000000305,11,0,0,0,0,873,11,6,11,1.0,1849.761134408333,64096.8623924584,828,747,862
SELF-Q4-mixed-fixed_hash-121,121,mixed,fixed_hash,square_optical,True,all_sources_cleared_with_certificate,square,False,905.0,81,81,"[1, 3, 5, 6, 7, 11, 12, 13, 16, 17, 19, 20]","[1, 3, 5, 6, 7, 11, 12, 13, 16, 17, 19, 20]",full_mesh,19739.880928003768,0.037286416999999794,12,0,0,0,0,741,12,3,12,1.0,1644.9900773336474,63084.40464001892,826,746,729
SELF-Q4-mixed-fixed_hash-122,122,mixed,fixed_hash,square_optical,True,all_sources_cleared_with_certificate,square,False,905.0,81,81,"[2, 3, 4, 5, 7, 8, 10, 11, 12, 13, 17, 18, 20]","[2, 3, 4, 5, 7, 8, 10, 11, 12, 13, 17, 18, 20]",full_mesh,19597.531080595512,0.03682504200000025,13,0,0,0,0,739,13,8,13,1.0,1507.5023908150395,63557.65540297759,787,708,726
SELF-Q4-mixed-fixed_hash-123,123,mixed,fixed_hash,square_optical,True,all_sources_cleared_with_certificate,square,False,905.0,81,81,"[1, 2, 3, 6, 7, 9, 10, 11, 12, 14, 16, 17, 19, 20]","[1, 2, 3, 6, 7, 9, 10, 11, 12, 14, 16, 17, 19, 20]",full_mesh,20842.240954470315,0.04343933400000033,14,0,0,0,0,1036,14,1,14,1.0,1488.7314967478796,68291.20477235166,688,608,1022
SELF-Q4-mixed-fixed_hash-124,124,mixed,fixed_hash,square_optical,True,all_sources_cleared_with_certificate,square,False,905.0,81,81,"[1, 2, 3, 4, 5, 6, 7, 9, 12, 13, 15, 17, 18, 19, 20]","[1, 2, 3, 4, 5, 6, 7, 9, 12, 13, 15, 17, 18, 19, 20]",full_mesh,20176.583506108265,0.04558029100000027,15,0,0,0,0,1097,15,1,15,1.0,1345.1055670738845,68597.91753054144,536,456,1082
SELF-Q4-mixed-fixed_hash-125,125,mixed,fixed_hash,square_optical,True,all_sources_cleared_with_certificate,square,False,905.0,81,57,"[1, 2, 3, 4, 5, 6, 7, 8, 10, 11, 12, 13, 14, 15, 18, 20]","[1, 2, 3, 4, 5, 6, 7, 8, 10, 11, 12, 13, 14, 15, 18, 20]",count_upper_bound,16946.538724293117,0.04442662499999983,16,0,0,0,0,1054,16,11,16,1.0,1059.1586702683198,54857.69362146565,473,416,1038
SELF-Q4-mixed-fixed_hash-126,126,mixed,fixed_hash,square_optical,True,all_sources_cleared_with_certificate,square,False,905.0,81,81,"[2, 3, 4, 6, 8, 11, 15, 17, 18, 19]","[2, 3, 4, 6, 8, 11, 15, 17, 18, 19]",full_mesh,18157.202207911516,0.030303207999999415,10,0,0,0,0,504,10,3,10,1.0,1815.7202207911516,56171.01103955762,912,831,494
SELF-Q4-mixed-fixed_hash-127,127,mixed,fixed_hash,square_optical,True,all_sources_cleared_with_certificate,square,False,905.0,81,81,"[1, 2, 4, 5, 7, 11, 14, 15, 17, 18, 19]","[1, 2, 4, 5, 7, 11, 14, 15, 17, 18, 19]",full_mesh,20000.87715157463,0.03715320900000041,11,0,0,0,0,727,11,7,11,1.0,1818.2615592340574,62059.385757873206,911,831,716
SELF-Q4-mixed-fixed_hash-128,128,mixed,fixed_hash,square_optical,True,all_sources_cleared_with_certificate,square,False,905.0,81,81,"[1, 3, 5, 6, 8, 9, 11, 12, 13, 16, 17, 20]","[1, 3, 5, 6, 8, 9, 11, 12, 13, 16, 17, 20]",full_mesh,19892.41589431323,0.0381275410000006,12,0,0,0,0,823,12,11,12,1.0,1657.7013245261026,63457.07947156622,798,718,811
SELF-Q4-mixed-fixed_hash-129,129,mixed,fixed_hash,square_optical,True,all_sources_cleared_with_certificate,square,False,905.0,81,81,"[2, 3, 4, 6, 9, 10, 11, 13, 14, 17, 18, 19, 20]","[2, 3, 4, 6, 9, 10, 11, 13, 14, 17, 18, 19, 20]",full_mesh,20292.972378463863,0.04142166699999983,13,0,0,0,0,949,13,11,13,1.0,1560.997875266451,64634.86189231938,762,683,936
SELF-Q4-mixed-fixed_hash-130,130,mixed,fixed_hash,square_optical,True,all_sources_cleared_with_certificate,square,False,905.0,81,81,"[1, 2, 4, 5, 6, 9, 10, 11, 13, 14, 15, 17, 19, 20]","[1, 2, 4, 5, 6, 9, 10, 11, 13, 14, 15, 17, 19, 20]",full_mesh,18746.537069490507,0.03355008300000062,14,0,0,0,0,624,14,11,14,1.0,1339.0383621064648,61927.68534745256,757,676,610
SELF-Q4-mixed-fixed_hash-131,131,mixed,fixed_hash,square_optical,True,all_sources_cleared_with_certificate,square,False,905.0,81,81,"[1, 2, 3, 5, 6, 7, 9, 10, 11, 12, 13, 17, 18, 19, 20]","[1, 2, 3, 5, 6, 7, 9, 10, 11, 12, 13, 17, 18, 19, 20]",full_mesh,18121.30859035063,0.036145624999999626,15,0,0,0,0,669,15,12,15,1.0,1208.0872393567086,60181.542951753196,688,608,654
SELF-Q4-mixed-fixed_hash-132,132,mixed,fixed_hash,square_optical,True,all_sources_cleared_with_certificate,square,False,905.0,81,33,"[1, 2, 3, 4, 5, 6, 8, 9, 11, 12, 14, 15, 17, 18, 19, 20]","[1, 2, 3, 4, 5, 6, 8, 9, 11, 12, 14, 15, 17, 18, 19, 20]",count_upper_bound,11848.469544734246,0.031903416999999656,16,0,0,0,0,669,16,3,16,1.0,740.5293465458903,37302.347723671264,397,364,653
SELF-Q4-mixed-fixed_hash-133,133,mixed,fixed_hash,square_optical,True,all_sources_cleared_with_certificate,square,False,905.0,81,81,"[1, 9, 10, 11, 12, 15, 16, 17, 19, 20]","[1, 9, 10, 11, 12, 15, 16, 17, 19, 20]",full_mesh,19074.771379090653,0.034722416000000145,10,0,0,0,0,674,10,2,10,1.0,1907.4771379090653,57543.85689545329,934,854,664
SELF-Q4-mixed-fixed_hash-134,134,mixed,fixed_hash,square_optical,True,all_sources_cleared_with_certificate,square,False,905.0,81,81,"[1, 2, 4, 5, 7, 8, 11, 13, 16, 17, 18]","[1, 2, 4, 5, 7, 8, 11, 13, 16, 17, 18]",full_mesh,18895.004013428334,0.03233329200000057,11,0,0,0,0,609,11,8,11,1.0,1717.727637584394,59235.020067141704,880,799,598
SELF-Q4-mixed-fixed_hash-135,135,mixed,fixed_hash,square_optical,True,all_sources_cleared_with_certificate,square,False,905.0,81,81,"[1, 2, 3, 5, 8, 9, 10, 12, 14, 16, 19, 20]","[1, 2, 3, 5, 8, 9, 10, 12, 14, 16, 19, 20]",full_mesh,19027.694912044582,0.0368241669999998,12,0,0,0,0,793,12,6,12,1.0,1585.6412426703819,62163.474560222974,712,632,781
SELF-Q4-mixed-fixed_hash-136,136,mixed,fixed_hash,square_optical,True,all_sources_cleared_with_certificate,square,False,905.0,81,81,"[1, 2, 3, 4, 7, 8, 11, 13, 14, 15, 17, 19, 20]","[1, 2, 3, 4, 7, 8, 11, 13, 14, 15, 17, 19, 20]",full_mesh,19225.480220343197,0.037061000000000455,13,0,0,0,0,676,13,3,13,1.0,1478.8830938725537,60962.401101716016,843,764,663
SELF-Q4-mixed-fixed_hash-137,137,mixed,fixed_hash,square_optical,True,all_sources_cleared_with_certificate,square,False,905.0,81,81,"[1, 3, 4, 6, 7, 8, 9, 11, 13, 14, 16, 17, 18, 19]","[1, 3, 4, 6, 7, 8, 9, 11, 13, 14, 16, 17, 18, 19]",full_mesh,18729.893838255328,0.035978000000000065,14,0,0,0,0,811,14,9,14,1.0,1337.8495598753805,64219.469191276716,584,505,797
SELF-Q4-mixed-fixed_hash-138,138,mixed,fixed_hash,square_optical,True,all_sources_cleared_with_certificate,square,False,905.0,81,81,"[3, 4, 5, 6, 7, 8, 9, 10, 11, 13, 14, 15, 17, 18, 20]","[3, 4, 5, 6, 7, 8, 9, 10, 11, 13, 14, 15, 17, 18, 20]",full_mesh,19280.19619940452,0.03728349999999914,15,0,0,0,0,703,15,12,15,1.0,1285.3464132936347,62350.98099702264,792,711,688
SELF-Q4-mixed-fixed_hash-139,139,mixed,fixed_hash,square_optical,True,all_sources_cleared_with_certificate,square,False,905.0,81,57,"[1, 3, 4, 5, 6, 8, 9, 10, 11, 12, 13, 14, 16, 18, 19, 20]","[1, 3, 4, 5, 6, 8, 9, 10, 11, 12, 13, 14, 16, 18, 19, 20]",count_upper_bound,16210.556776112162,0.043568708000000456,16,0,0,0,0,1100,16,3,16,1.0,1013.1597985070101,54772.78388056091,330,274,1084
SELF-Q4-mixed-fixed_hash-140,140,mixed,fixed_hash,square_optical,True,all_sources_cleared_with_certificate,square,False,905.0,81,81,"[1, 2, 4, 9, 11, 12, 17, 18, 19, 20]","[1, 2, 4, 9, 11, 12, 17, 18, 19, 20]",full_mesh,17276.19187066428,0.028337500000000126,10,0,0,0,0,473,10,4,10,1.0,1727.619187066428,54775.95935332143,827,747,463
SELF-Q4-mixed-fixed_hash-141,141,mixed,fixed_hash,square_optical,True,all_sources_cleared_with_certificate,square,False,905.0,81,81,"[1, 5, 6, 9, 11, 15, 16, 17, 18, 19, 20]","[1, 5, 6, 9, 11, 15, 16, 17, 18, 19, 20]",full_mesh,19300.234419493565,0.03571975000000016,11,0,0,0,0,640,11,7,11,1.0,1754.566765408506,58781.17209746789,947,867,629
SELF-Q4-mixed-fixed_hash-142,142,mixed,fixed_hash,square_optical,True,all_sources_cleared_with_certificate,square,False,905.0,81,81,"[1, 2, 5, 6, 10, 12, 13, 15, 16, 18, 19, 20]","[1, 2, 5, 6, 10, 12, 13, 15, 16, 18, 19, 20]",full_mesh,19040.330210510616,0.03155375000000049,12,0,0,0,0,586,12,3,12,1.0,1586.694184209218,62956.651052553134,791,712,574
SELF-Q4-mixed-fixed_hash-143,143,mixed,fixed_hash,square_optical,True,all_sources_cleared_with_certificate,square,False,905.0,81,81,"[1, 2, 3, 4, 5, 6, 7, 8, 10, 12, 14, 17, 19]","[1, 2, 3, 4, 5, 6, 7, 8, 10, 12, 14, 17, 19]",full_mesh,20435.806343710574,0.0426657920000002,13,0,0,0,0,932,13,10,13,1.0,1571.9851033623518,63119.03171855293,845,765,919
SELF-Q4-mixed-fixed_hash-144,144,mixed,fixed_hash,square_optical,True,all_sources_cleared_with_certificate,square,False,905.0,81,81,"[2, 3, 4, 6, 7, 8, 10, 11, 13, 14, 15, 16, 19, 20]","[2, 3, 4, 6, 7, 8, 10, 11, 13, 14, 15, 16, 19, 20]",full_mesh,21453.123466192214,0.046087250000000246,14,0,0,0,0,1156,14,3,14,1.0,1532.3659618708723,71710.61733096115,616,535,1142
SELF-Q4-mixed-fixed_hash-145,145,mixed,fixed_hash,square_optical,True,all_sources_cleared_with_certificate,square,False,905.0,81,81,"[1, 3, 5, 6, 8, 9, 11, 12, 13, 14, 15, 16, 17, 18, 19]","[1, 3, 5, 6, 8, 9, 11, 12, 13, 14, 15, 16, 17, 18, 19]",full_mesh,19567.6043944812,0.043061082999999556,15,0,0,0,0,964,15,14,15,1.0,1304.50695963208,66678.02197240607,565,485,949
SELF-Q4-mixed-fixed_hash-146,146,mixed,fixed_hash,square_optical,True,all_sources_cleared_with_certificate,square,False,905.0,81,76,"[1, 2, 3, 4, 5, 6, 7, 8, 9, 10, 11, 14, 15, 16, 19, 20]","[1, 2, 3, 4, 5, 6, 7, 8, 9, 10, 11, 14, 15, 16, 19, 20]",count_upper_bound,18087.236160754568,0.03744829200000055,16,0,0,0,0,793,16,3,16,1.0,1130.4522600471605,61206.1808037729,585,510,777
SELF-Q4-mixed-fixed_hash-147,147,mixed,fixed_hash,square_optical,True,all_sources_cleared_with_certificate,square,False,905.0,81,81,"[3, 5, 7, 11, 12, 13, 15, 17, 19, 20]","[3, 5, 7, 11, 12, 13, 15, 17, 19, 20]",full_mesh,18794.75006275642,0.03081816699999962,10,0,0,0,0,504,10,8,10,1.0,1879.4750062756418,56953.750313782126,992,912,494
SELF-Q4-mixed-fixed_hash-148,148,mixed,fixed_hash,square_optical,True,all_sources_cleared_with_certificate,square,False,905.0,81,81,"[2, 4, 5, 8, 10, 11, 12, 13, 14, 19, 20]","[2, 4, 5, 8, 10, 11, 12, 13, 14, 19, 20]",full_mesh,17936.3035115155,0.03031404200000054,11,0,0,0,0,484,11,5,11,1.0,1630.5730465014092,55741.51755757752,899,819,473
SELF-Q4-mixed-fixed_hash-149,149,mixed,fixed_hash,square_optical,True,all_sources_cleared_with_certificate,square,False,905.0,81,81,"[1, 3, 4, 5, 7, 9, 10, 13, 14, 15, 17, 20]","[1, 3, 4, 5, 7, 9, 10, 13, 14, 15, 17, 20]",full_mesh,16847.087354585325,0.027787334000000108,12,0,0,0,0,373,12,1,12,1.0,1403.9239462154437,54290.436772926616,821,741,361
SELF-Q4-mixed-fixed_hash-150,150,mixed,fixed_hash,square_optical,True,all_sources_cleared_with_certificate,square,False,905.0,81,81,"[2, 3, 5, 6, 7, 8, 10, 11, 13, 15, 17, 18, 19]","[2, 3, 5, 6, 7, 8, 10, 11, 13, 15, 17, 18, 19]",full_mesh,21015.55915833312,0.041706375000000406,13,0,0,0,0,1021,13,5,13,1.0,1616.581473717932,68672.79579166565,712,632,1008
SELF-Q4-mixed-fixed_hash-151,151,mixed,fixed_hash,square_optical,True,all_sources_cleared_with_certificate,square,False,905.0,81,81,"[2, 7, 8, 10, 11, 12, 13, 14, 15, 16, 17, 18, 19, 20]","[2, 7, 8, 10, 11, 12, 13, 14, 15, 16, 17, 18, 19, 20]",full_mesh,19229.396168430092,0.03880833300000042,14,0,0,0,0,812,14,7,14,1.0,1373.5282977450065,62831.98084215051,713,634,798
SELF-Q4-mixed-fixed_hash-152,152,mixed,fixed_hash,square_optical,True,all_sources_cleared_with_certificate,square,False,905.0,81,81,"[1, 2, 3, 5, 6, 7, 8, 10, 11, 12, 13, 14, 18, 19, 20]","[1, 2, 3, 5, 6, 7, 8, 10, 11, 12, 13, 14, 18, 19, 20]",full_mesh,19761.851066449664,0.03766429099999957,15,0,0,0,0,781,15,14,15,1.0,1317.456737763311,66224.25533224842,704,624,766
SELF-Q4-mixed-fixed_hash-153,153,mixed,fixed_hash,square_optical,True,all_sources_cleared_with_certificate,square,False,905.0,81,62,"[2, 3, 4, 5, 6, 7, 9, 10, 11, 12, 13, 14, 15, 16, 17, 20]","[2, 3, 4, 5, 6, 7, 9, 10, 11, 12, 13, 14, 15, 16, 17, 20]",count_upper_bound,19064.50562291964,0.05049745799999972,16,0,0,0,0,1308,16,6,16,1.0,1191.5316014324776,62467.5281145983,446,385,1292
SELF-Q4-mixed-fixed_hash-154,154,mixed,fixed_hash,square_optical,True,all_sources_cleared_with_certificate,square,False,905.0,81,81,"[1, 5, 7, 8, 9, 13, 15, 16, 17, 20]","[1, 5, 7, 8, 9, 13, 15, 16, 17, 20]",full_mesh,19560.14859582841,0.03429137499999957,10,0,0,0,0,552,10,7,10,1.0,1956.014859582841,57485.74297914213,1078,997,542
SELF-Q4-mixed-fixed_hash-155,155,mixed,fixed_hash,square_optical,True,all_sources_cleared_with_certificate,square,False,905.0,81,81,"[4, 5, 7, 9, 10, 14, 15, 17, 18, 19, 20]","[4, 5, 7, 9, 10, 14, 15, 17, 18, 19, 20]",full_mesh,19451.608705196057,0.036901249999999663,11,0,0,0,0,773,11,1,11,1.0,1768.3280641087324,60483.04352598034,849,769,762
SELF-Q4-mixed-fixed_hash-156,156,mixed,fixed_hash,square_optical,True,all_sources_cleared_with_certificate,square,False,905.0,81,81,"[3, 4, 5, 7, 8, 9, 12, 14, 16, 17, 18, 19]","[3, 4, 5, 7, 8, 9, 12, 14, 16, 17, 18, 19]",full_mesh,18328.64020698571,0.03198995899999968,12,0,0,0,0,478,12,6,12,1.0,1527.386683915476,56618.20103492859,938,857,466
SELF-Q4-mixed-fixed_hash-157,157,mixed,fixed_hash,square_optical,True,all_sources_cleared_with_certificate,square,False,905.0,81,81,"[1, 2, 3, 4, 6, 8, 10, 13, 14, 16, 17, 19, 20]","[1, 2, 3, 4, 6, 8, 10, 13, 14, 16, 17, 19, 20]",full_mesh,19072.9864932949,0.03703054200000011,13,0,0,0,0,770,13,4,13,1.0,1467.1528071765306,62339.93246647459,725,644,757
SELF-Q4-mixed-fixed_hash-158,158,mixed,fixed_hash,square_optical,True,all_sources_cleared_with_certificate,square,False,905.0,81,81,"[1, 2, 4, 5, 8, 10, 11, 12, 13, 14, 16, 17, 18, 20]","[1, 2, 4, 5, 8, 10, 11, 12, 13, 14, 16, 17, 18, 20]",full_mesh,19505.0755347455,0.04163854199999939,14,0,0,0,0,902,14,5,14,1.0,1393.21968105325,65565.37767372763,623,543,888
SELF-Q4-mixed-fixed_hash-159,159,mixed,fixed_hash,square_optical,True,all_sources_cleared_with_certificate,square,False,905.0,81,81,"[1, 4, 5, 6, 7, 8, 10, 12, 13, 14, 15, 16, 17, 19, 20]","[1, 4, 5, 6, 7, 8, 10, 12, 13, 14, 15, 16, 17, 19, 20]",full_mesh,19533.294976192294,0.04239466699999994,15,0,0,0,0,944,15,4,15,1.0,1302.2196650794863,65846.47488096156,597,517,929
SELF-Q4-mixed-fixed_hash-160,160,mixed,fixed_hash,square_optical,True,all_sources_cleared_with_certificate,square,False,905.0,81,33,"[4, 6, 7, 8, 9, 10, 11, 12, 13, 14, 15, 16, 17, 18, 19, 20]","[4, 6, 7, 8, 9, 10, 11, 12, 13, 14, 15, 16, 17, 18, 19, 20]",count_upper_bound,11101.473287294662,0.03266587500000018,16,0,0,0,0,693,16,1,16,1.0,693.8420804559164,36457.36643647332,288,259,677
SELF-Q4-mixed-fixed_hash-161,161,mixed,fixed_hash,square_optical,True,all_sources_cleared_with_certificate,square,False,905.0,81,81,"[1, 6, 7, 8, 10, 11, 15, 16, 17, 18]","[1, 6, 7, 8, 10, 11, 15, 16, 17, 18]",full_mesh,19153.30051843785,0.0336404589999999,10,0,0,0,0,594,10,8,10,1.0,1915.330051843785,58751.50259218929,947,866,584
SELF-Q4-mixed-fixed_hash-162,162,mixed,fixed_hash,square_optical,True,all_sources_cleared_with_certificate,square,False,905.0,81,81,"[2, 5, 7, 8, 10, 11, 13, 14, 15, 17, 19]","[2, 5, 7, 8, 10, 11, 13, 14, 15, 17, 19]",full_mesh,21297.955912701138,0.042552749999999584,11,0,0,0,0,991,11,1,11,1.0,1936.177810245558,65994.77956350584,864,784,980
SELF-Q4-mixed-fixed_hash-163,163,mixed,fixed_hash,square_optical,True,all_sources_cleared_with_certificate,square,False,905.0,81,81,"[3, 4, 6, 10, 11, 14, 15, 16, 17, 18, 19, 20]","[3, 4, 6, 10, 11, 14, 15, 16, 17, 18, 19, 20]",full_mesh,19364.198551830723,0.03759091700000017,12,0,0,0,0,740,12,10,12,1.0,1613.6832126525603,61310.992759153676,823,743,728
SELF-Q4-mixed-fixed_hash-164,164,mixed,fixed_hash,square_optical,True,all_sources_cleared_with_certificate,square,False,905.0,81,81,"[1, 2, 4, 7, 9, 10, 11, 13, 14, 15, 16, 19, 20]","[1, 2, 4, 7, 9, 10, 11, 13, 14, 15, 16, 19, 20]",full_mesh,18753.727277607097,0.03531112499999978,13,0,0,0,0,697,13,3,13,1.0,1442.5944059697767,61023.63638803553,752,672,684
SELF-Q4-mixed-fixed_hash-165,165,mixed,fixed_hash,square_optical,True,all_sources_cleared_with_certificate,square,False,905.0,81,81,"[1, 2, 3, 4, 6, 7, 8, 10, 11, 14, 16, 17, 19, 20]","[1, 2, 3, 4, 6, 7, 8, 10, 11, 14, 16, 17, 19, 20]",full_mesh,19538.399675067973,0.04141529100000074,14,0,0,0,0,995,14,2,14,1.0,1395.5999767905694,66166.99837533996,562,482,981
SELF-Q4-mixed-fixed_hash-166,166,mixed,fixed_hash,square_optical,True,all_sources_cleared_with_certificate,square,False,905.0,81,81,"[1, 2, 4, 5, 6, 8, 10, 11, 12, 14, 16, 17, 18, 19, 20]","[1, 2, 4, 5, 6, 8, 10, 11, 12, 14, 16, 17, 18, 19, 20]",full_mesh,21060.93170666211,0.04667866700000012,15,0,0,0,0,1159,15,1,15,1.0,1404.062113777474,69059.65853331066,637,557,1144
SELF-Q4-mixed-fixed_hash-167,167,mixed,fixed_hash,square_optical,True,all_sources_cleared_with_certificate,square,False,905.0,81,55,"[1, 2, 3, 4, 5, 7, 8, 9, 11, 12, 13, 14, 15, 16, 17, 18]","[1, 2, 3, 4, 5, 7, 8, 9, 11, 12, 13, 14, 15, 16, 17, 18]",count_upper_bound,16942.99419676113,0.043191457999999905,16,0,0,0,0,1042,16,1,16,1.0,1058.9371372975706,55009.970983805724,473,418,1026
SELF-Q4-mixed-fixed_hash-168,168,mixed,fixed_hash,square_optical,True,all_sources_cleared_with_certificate,square,False,905.0,81,81,"[4, 6, 9, 12, 13, 14, 15, 17, 19, 20]","[4, 6, 9, 12, 13, 14, 15, 17, 19, 20]",full_mesh,20326.334419170355,0.03754708299999976,10,0,0,0,0,774,10,9,10,1.0,2032.6334419170355,61336.672095851834,966,887,764
SELF-Q4-mixed-fixed_hash-169,169,mixed,fixed_hash,square_optical,True,all_sources_cleared_with_certificate,square,False,905.0,81,81,"[4, 5, 6, 8, 9, 13, 15, 17, 18, 19, 20]","[4, 5, 6, 8, 9, 13, 15, 17, 18, 19, 20]",full_mesh,18986.96956422201,0.03452799999999989,11,0,0,0,0,619,11,10,11,1.0,1726.0881422020009,58699.84782111008,908,828,608
SELF-Q4-mixed-fixed_hash-170,170,mixed,fixed_hash,square_optical,True,all_sources_cleared_with_certificate,square,False,905.0,81,81,"[1, 2, 3, 4, 5, 6, 10, 11, 12, 15, 18, 19]","[1, 2, 3, 4, 5, 6, 10, 11, 12, 15, 18, 19]",full_mesh,19189.57701800843,0.038702500000000306,12,0,0,0,0,770,12,7,12,1.0,1599.131418167369,60617.885090042204,802,722,758
SELF-Q4-mixed-fixed_hash-171,171,mixed,fixed_hash,square_optical,True,all_sources_cleared_with_certificate,square,False,905.0,81,81,"[3, 4, 5, 6, 7, 9, 11, 13, 14, 15, 16, 18, 19]","[3, 4, 5, 6, 7, 9, 11, 13, 14, 15, 16, 18, 19]",full_mesh,21998.016718813717,0.049748916999999615,13,0,0,0,0,1170,13,3,13,1.0,1692.1551322164398,70930.08359406871,726,646,1157
SELF-Q4-mixed-fixed_hash-172,172,mixed,fixed_hash,square_optical,True,all_sources_cleared_with_certificate,square,False,905.0,81,81,"[1, 4, 7, 8, 9, 10, 11, 12, 14, 15, 16, 18, 19, 20]","[1, 4, 7, 8, 9, 10, 11, 12, 14, 15, 16, 18, 19, 20]",full_mesh,20588.37057132999,0.04423733299999988,14,0,0,0,0,1046,14,5,14,1.0,1470.5978979521421,68186.85285665003,644,565,1032
SELF-Q4-mixed-fixed_hash-173,173,mixed,fixed_hash,square_optical,True,all_sources_cleared_with_certificate,square,False,905.0,81,81,"[1, 2, 3, 4, 6, 7, 8, 11, 12, 13, 14, 16, 17, 18, 19]","[1, 2, 3, 4, 6, 7, 8, 11, 12, 13, 14, 16, 17, 18, 19]",full_mesh,19944.11530426661,0.04207066699999995,15,0,0,0,0,821,15,14,15,1.0,1329.6076869511073,63750.576521333125,797,716,806
SELF-Q4-mixed-fixed_hash-174,174,mixed,fixed_hash,square_optical,True,all_sources_cleared_with_certificate,square,False,905.0,81,52,"[1, 2, 3, 4, 6, 7, 9, 10, 11, 12, 14, 15, 16, 17, 19, 20]","[1, 2, 3, 4, 6, 7, 9, 10, 11, 12, 14, 15, 16, 17, 19, 20]",count_upper_bound,15447.671725013346,0.04124091700000054,16,0,0,0,0,934,16,10,16,1.0,965.4794828133341,50688.35862506679,421,371,918
SELF-Q4-mixed-fixed_hash-175,175,mixed,fixed_hash,square_optical,True,all_sources_cleared_with_certificate,square,False,905.0,81,81,"[2, 5, 7, 8, 9, 10, 15, 17, 18, 19]","[2, 5, 7, 8, 9, 10, 15, 17, 18, 19]",full_mesh,19606.58847325419,0.03506799999999988,10,0,0,0,0,615,10,8,10,1.0,1960.658847325419,59797.942366271025,977,897,605
SELF-Q4-mixed-fixed_hash-176,176,mixed,fixed_hash,square_optical,True,all_sources_cleared_with_certificate,square,False,905.0,81,81,"[1, 2, 4, 6, 8, 10, 11, 13, 15, 16, 18]","[1, 2, 4, 6, 8, 10, 11, 13, 15, 16, 18]",full_mesh,18458.457013564697,0.034860042000000036,11,0,0,0,0,688,11,2,11,1.0,1678.0415466876998,58987.28506782352,776,695,677
SELF-Q4-mixed-fixed_hash-177,177,mixed,fixed_hash,square_optical,True,all_sources_cleared_with_certificate,square,False,905.0,81,81,"[1, 2, 5, 7, 10, 11, 13, 14, 16, 17, 19, 20]","[1, 2, 5, 7, 10, 11, 13, 14, 16, 17, 19, 20]",full_mesh,19098.489320544504,0.03710374999999999,12,0,0,0,0,757,12,2,12,1.0,1591.540776712042,61402.44660272258,767,688,745
SELF-Q4-mixed-fixed_hash-178,178,mixed,fixed_hash,square_optical,True,all_sources_cleared_with_certificate,square,False,905.0,81,81,"[2, 3, 4, 5, 8, 11, 12, 13, 15, 17, 18, 19, 20]","[2, 3, 4, 5, 8, 11, 12, 13, 15, 17, 18, 19, 20]",full_mesh,18976.14656633715,0.03873191699999978,13,0,0,0,0,726,13,9,13,1.0,1459.7035820259346,60380.732831685804,796,716,713
SELF-Q4-mixed-fixed_hash-179,179,mixed,fixed_hash,square_optical,True,all_sources_cleared_with_certificate,square,False,905.0,81,81,"[1, 2, 3, 4, 5, 7, 8, 10, 11, 12, 13, 16, 18, 19]","[1, 2, 3, 4, 5, 7, 8, 10, 11, 12, 13, 16, 18, 19]",full_mesh,22387.414571684483,0.04921954199999945,14,0,0,0,0,1224,14,9,14,1.0,1599.101040834606,72657.07285842253,706,626,1210
SELF-Q4-mixed-fixed_hash-180,180,mixed,fixed_hash,square_optical,True,all_sources_cleared_with_certificate,square,False,905.0,81,81,"[1, 2, 3, 4, 5, 6, 8, 9, 10, 11, 15, 16, 17, 18, 19]","[1, 2, 3, 4, 5, 6, 8, 9, 10, 11, 15, 16, 17, 18, 19]",full_mesh,19796.95263897474,0.04475108300000041,15,0,0,0,0,1047,15,1,15,1.0,1319.796842598316,67959.7631948738,519,439,1032
SELF-Q4-mixed-fixed_hash-181,181,mixed,fixed_hash,square_optical,True,all_sources_cleared_with_certificate,square,False,905.0,81,34,"[1, 2, 4, 5, 6, 8, 9, 11, 13, 14, 15, 16, 17, 18, 19, 20]","[1, 2, 4, 5, 6, 8, 9, 11, 13, 14, 15, 16, 17, 18, 19, 20]",count_upper_bound,14464.203336220957,0.04296933399999947,16,0,0,0,0,1059,16,4,16,1.0,904.0127085138098,46751.01668110482,323,290,1043
SELF-Q4-mixed-fixed_hash-182,182,mixed,fixed_hash,square_optical,True,all_sources_cleared_with_certificate,square,False,905.0,81,81,"[2, 5, 6, 8, 11, 12, 14, 15, 18, 19]","[2, 5, 6, 8, 11, 12, 14, 15, 18, 19]",full_mesh,19984.891454704466,0.03731062499999993,10,0,0,0,0,758,10,1,10,1.0,1998.4891454704466,61799.45727352236,902,821,748
SELF-Q4-mixed-fixed_hash-183,183,mixed,fixed_hash,square_optical,True,all_sources_cleared_with_certificate,square,False,905.0,81,81,"[1, 2, 3, 4, 9, 10, 12, 13, 15, 18, 20]","[1, 2, 3, 4, 9, 10, 12, 13, 15, 18, 20]",full_mesh,20642.93470819367,0.03775216699999984,11,0,0,0,0,753,11,1,11,1.0,1876.6304280176062,62149.67354096842,1002,922,742
SELF-Q4-mixed-fixed_hash-184,184,mixed,fixed_hash,square_optical,True,all_sources_cleared_with_certificate,square,False,905.0,81,81,"[1, 4, 6, 8, 9, 10, 11, 12, 13, 17, 18, 20]","[1, 4, 6, 8, 9, 10, 11, 12, 13, 17, 18, 20]",full_mesh,18800.00250609695,0.036092458000000605,12,0,0,0,0,677,12,10,12,1.0,1566.666875508079,60785.01253048479,778,698,665
SELF-Q4-mixed-fixed_hash-185,185,mixed,fixed_hash,square_optical,True,all_sources_cleared_with_certificate,square,False,905.0,81,81,"[1, 3, 4, 5, 7, 8, 10, 12, 16, 17, 18, 19, 20]","[1, 3, 4, 5, 7, 8, 10, 12, 16, 17, 18, 19, 20]",full_mesh,19883.529100672356,0.0408772079999995,13,0,0,0,0,911,13,7,13,1.0,1529.5022385132581,64607.64550336188,714,633,898
SELF-Q4-mixed-fixed_hash-186,186,mixed,fixed_hash,square_optical,True,all_sources_cleared_with_certificate,square,False,905.0,81,81,"[1, 2, 4, 6, 8, 9, 11, 13, 14, 15, 16, 18, 19, 20]","[1, 2, 4, 6, 8, 9, 11, 13, 14, 15, 16, 18, 19, 20]",full_mesh,20410.259190919278,0.045833792000000706,14,0,0,0,0,1090,14,6,14,1.0,1457.8756564942341,68016.29595459645,598,519,1076
SELF-Q4-mixed-fixed_hash-187,187,mixed,fixed_hash,square_optical,True,all_sources_cleared_with_certificate,square,False,905.0,81,81,"[1, 2, 3, 5, 6, 8, 10, 11, 12, 13, 14, 15, 16, 19, 20]","[1, 2, 3, 5, 6, 8, 10, 11, 12, 13, 14, 15, 16, 19, 20]",full_mesh,19364.171076959377,0.04242579199999952,15,0,0,0,0,891,15,4,15,1.0,1290.9447384639584,64560.85538479694,638,559,876
SELF-Q4-mixed-fixed_hash-188,188,mixed,fixed_hash,square_optical,True,all_sources_cleared_with_certificate,square,False,905.0,81,47,"[1, 2, 3, 5, 6, 7, 8, 9, 10, 12, 13, 14, 15, 18, 19, 20]","[1, 2, 3, 5, 6, 7, 8, 9, 10, 12, 13, 14, 15, 18, 19, 20]",count_upper_bound,15888.387111193999,0.04432604199999979,16,0,0,0,0,1144,16,12,16,1.0,993.0241944496249,53501.93555597009,295,249,1128
SELF-Q4-mixed-fixed_hash-189,189,mixed,fixed_hash,square_optical,True,all_sources_cleared_with_certificate,square,False,905.0,81,81,"[1, 4, 5, 9, 11, 12, 13, 14, 16, 19]","[1, 4, 5, 9, 11, 12, 13, 14, 16, 19]",full_mesh,18713.237577184434,0.03293637500000024,10,0,0,0,0,564,10,1,10,1.0,1871.3237577184434,57481.18788592224,931,850,554
SELF-Q4-mixed-fixed_hash-190,190,mixed,fixed_hash,square_optical,True,all_sources_cleared_with_certificate,square,False,905.0,81,81,"[2, 3, 4, 6, 7, 8, 11, 12, 16, 17, 20]","[2, 3, 4, 6, 7, 8, 11, 12, 16, 17, 20]",full_mesh,17513.894416297542,0.029118999999999673,11,0,0,0,0,366,11,9,11,1.0,1592.172219663413,54799.47208148774,919,839,355
SELF-Q4-mixed-fixed_hash-191,191,mixed,fixed_hash,square_optical,True,all_sources_cleared_with_certificate,square,False,905.0,81,81,"[1, 2, 5, 7, 8, 11, 13, 15, 17, 18, 19, 20]","[1, 2, 5, 7, 8, 11, 13, 15, 17, 18, 19, 20]",full_mesh,18480.94126453651,0.03620037499999995,12,0,0,0,0,713,12,1,12,1.0,1540.0784387113756,60484.706322682614,717,636,701
SELF-Q4-mixed-fixed_hash-192,192,mixed,fixed_hash,square_optical,True,all_sources_cleared_with_certificate,square,False,905.0,81,81,"[3, 4, 5, 6, 7, 10, 11, 12, 14, 15, 17, 18, 19]","[3, 4, 5, 6, 7, 10, 11, 12, 14, 15, 17, 18, 19]",full_mesh,17861.28895673223,0.03478833299999984,13,0,0,0,0,667,13,3,13,1.0,1373.9453043640178,59471.44478366122,670,590,654
SELF-Q4-mixed-fixed_hash-193,193,mixed,fixed_hash,square_optical,True,all_sources_cleared_with_certificate,square,False,905.0,81,81,"[1, 2, 3, 4, 5, 6, 8, 9, 10, 14, 15, 16, 18, 19]","[1, 2, 3, 4, 5, 6, 8, 9, 10, 14, 15, 16, 18, 19]",full_mesh,19527.191275130874,0.03947291699999944,14,0,0,0,0,790,14,13,14,1.0,1394.7993767950625,64030.9563756544,734,653,776
SELF-Q4-mixed-fixed_hash-194,194,mixed,fixed_hash,square_optical,True,all_sources_cleared_with_certificate,square,False,905.0,81,81,"[2, 3, 5, 7, 8, 9, 10, 12, 13, 15, 16, 17, 18, 19, 20]","[2, 3, 5, 7, 8, 9, 10, 12, 13, 15, 16, 17, 18, 19, 20]",full_mesh,17395.59284124537,0.035537041000001324,15,0,0,0,0,686,15,11,15,1.0,1159.7061894163578,60967.96420622689,532,454,671
SELF-Q4-mixed-fixed_hash-195,195,mixed,fixed_hash,square_optical,True,all_sources_cleared_with_certificate,square,False,905.0,81,56,"[2, 3, 4, 5, 6, 7, 10, 11, 13, 14, 15, 16, 17, 18, 19, 20]","[2, 3, 4, 5, 6, 7, 10, 11, 13, 14, 15, 16, 17, 18, 19, 20]",count_upper_bound,17542.517236221345,0.04410016699999986,16,0,0,0,0,1117,16,2,16,1.0,1096.407327263834,58532.58618110678,418,363,1101
SELF-Q4-mixed-fixed_hash-196,196,mixed,fixed_hash,square_optical,True,all_sources_cleared_with_certificate,square,False,905.0,81,81,"[1, 2, 3, 5, 7, 11, 12, 13, 14, 17]","[1, 2, 3, 5, 7, 11, 12, 13, 14, 17]",full_mesh,17372.325723417118,0.02696524999999994,10,0,0,0,0,321,10,9,10,1.0,1737.2325723417118,53371.62861708564,966,885,311
SELF-Q4-mixed-fixed_hash-197,197,mixed,fixed_hash,square_optical,True,all_sources_cleared_with_certificate,square,False,905.0,81,81,"[1, 2, 4, 5, 6, 10, 12, 13, 16, 18, 19]","[1, 2, 4, 5, 6, 10, 12, 13, 16, 18, 19]",full_mesh,19281.69658737054,0.03673620800000066,11,0,0,0,0,670,11,8,11,1.0,1752.8815079427766,60068.48293685276,886,806,659
SELF-Q4-mixed-fixed_hash-198,198,mixed,fixed_hash,square_optical,True,all_sources_cleared_with_certificate,square,False,905.0,81,81,"[1, 2, 3, 4, 5, 7, 8, 9, 16, 17, 18, 19]","[1, 2, 3, 4, 5, 7, 8, 9, 16, 17, 18, 19]",full_mesh,19424.338907186895,0.03838616699999875,12,0,0,0,0,808,12,7,12,1.0,1618.6949089322413,62846.694535934526,748,667,796
SELF-Q4-mixed-fixed_hash-199,199,mixed,fixed_hash,square_optical,True,all_sources_cleared_with_certificate,square,False,905.0,81,81,"[1, 4, 5, 6, 7, 8, 9, 10, 12, 13, 14, 18, 20]","[1, 4, 5, 6, 7, 8, 9, 10, 12, 13, 14, 18, 20]",full_mesh,20555.617258020673,0.04332466600000018,13,0,0,0,0,1002,13,1,13,1.0,1581.2013275400518,68158.08629010343,662,582,989
SELF-Q4-mixed-fixed_hash-200,200,mixed,fixed_hash,square_optical,True,all_sources_cleared_with_certificate,square,False,905.0,81,81,"[1, 2, 3, 4, 5, 7, 8, 9, 12, 13, 14, 15, 17, 18]","[1, 2, 3, 4, 5, 7, 8, 9, 12, 13, 14, 15, 17, 18]",full_mesh,19786.94934177819,0.042282583999998735,14,0,0,0,0,945,14,8,14,1.0,1413.3535244127277,66094.746708891,631,550,931
SELF-Q4-mixed-fixed_hash-201,201,mixed,fixed_hash,square_optical,True,all_sources_cleared_with_certificate,square,False,905.0,81,81,"[1, 3, 4, 5, 6, 8, 9, 10, 11, 12, 13, 14, 16, 18, 19]","[1, 3, 4, 5, 6, 8, 9, 10, 11, 12, 13, 14, 16, 18, 19]",full_mesh,20347.35553134503,0.044603958999999804,15,0,0,0,0,1102,15,10,15,1.0,1356.4903687563353,69376.77765672523,536,456,1087
SELF-Q4-mixed-fixed_hash-202,202,mixed,fixed_hash,square_optical,True,all_sources_cleared_with_certificate,square,False,905.0,81,63,"[1, 2, 4, 6, 7, 8, 11, 12, 13, 14, 15, 16, 17, 18, 19, 20]","[1, 2, 4, 6, 7, 8, 11, 12, 13, 14, 15, 16, 17, 18, 19, 20]",count_upper_bound,17824.09713753164,0.043423332999999786,16,0,0,0,0,948,16,11,16,1.0,1114.0060710957275,56955.485687658285,603,542,932
SELF-Q4-mixed-fixed_hash-203,203,mixed,fixed_hash,square_optical,True,all_sources_cleared_with_certificate,square,False,905.0,81,81,"[1, 2, 3, 4, 5, 7, 10, 13, 14, 16]","[1, 2, 3, 4, 5, 7, 10, 13, 14, 16]",full_mesh,18721.59144981711,0.035115499999999855,10,0,0,0,0,641,10,1,10,1.0,1872.159144981711,57207.95724908558,903,822,631
SELF-Q4-mixed-fixed_hash-204,204,mixed,fixed_hash,square_optical,True,all_sources_cleared_with_certificate,square,False,905.0,81,81,"[2, 3, 5, 6, 7, 8, 10, 13, 14, 16, 19]","[2, 3, 5, 6, 7, 8, 10, 13, 14, 16, 19]",full_mesh,20746.231154027428,0.03966812500000039,11,0,0,0,0,829,11,6,11,1.0,1886.0210140024935,64321.15577013721,909,828,818
SELF-Q4-mixed-fixed_hash-205,205,mixed,fixed_hash,square_optical,True,all_sources_cleared_with_certificate,square,False,905.0,81,81,"[2, 3, 4, 9, 12, 13, 14, 15, 16, 18, 19, 20]","[2, 3, 4, 9, 12, 13, 14, 15, 16, 18, 19, 20]",full_mesh,21696.22937033217,0.04296912500000083,12,0,0,0,0,989,12,4,12,1.0,1808.0191141943476,67256.14685166092,889,809,977
SELF-Q4-mixed-fixed_hash-206,206,mixed,fixed_hash,square_optical,True,all_sources_cleared_with_certificate,square,False,905.0,81,81,"[1, 3, 4, 5, 6, 8, 9, 10, 12, 14, 15, 16, 19]","[1, 3, 4, 5, 6, 8, 9, 10, 12, 14, 15, 16, 19]",full_mesh,20064.98178286487,0.04249037499999986,13,0,0,0,0,977,13,11,13,1.0,1543.4601371434514,67224.90891432445,624,543,964
SELF-Q4-mixed-fixed_hash-207,207,mixed,fixed_hash,square_optical,True,all_sources_cleared_with_certificate,square,False,905.0,81,81,"[1, 2, 3, 6, 8, 10, 12, 14, 15, 16, 17, 18, 19, 20]","[1, 2, 3, 6, 8, 10, 12, 14, 15, 16, 17, 18, 19, 20]",full_mesh,20470.82149254254,0.04459741600000022,14,0,0,0,0,1010,14,2,14,1.0,1462.20153518161,65579.10746271277,729,652,996
SELF-Q4-mixed-fixed_hash-208,208,mixed,fixed_hash,square_optical,True,all_sources_cleared_with_certificate,square,False,905.0,81,81,"[2, 5, 6, 7, 8, 9, 10, 12, 13, 14, 15, 17, 18, 19, 20]","[2, 5, 6, 7, 8, 9, 10, 12, 13, 14, 15, 17, 18, 19, 20]",full_mesh,17737.86846569284,0.03479100000000024,15,0,0,0,0,604,15,4,15,1.0,1182.5245643795229,59619.342328464234,675,597,589
SELF-Q4-mixed-fixed_hash-209,209,mixed,fixed_hash,square_optical,True,all_sources_cleared_with_certificate,square,False,905.0,81,65,"[1, 2, 3, 4, 6, 7, 10, 11, 12, 13, 14, 15, 16, 17, 18, 20]","[1, 2, 3, 4, 6, 7, 10, 11, 12, 13, 14, 15, 16, 17, 18, 20]",count_upper_bound,17301.55066973564,0.044491917000000214,16,0,0,0,0,944,16,5,16,1.0,1081.3469168584775,56967.75334867827,518,454,928
SELF-Q4-mixed-fixed_hash-210,210,mixed,fixed_hash,square_optical,True,all_sources_cleared_with_certificate,square,False,905.0,81,81,"[1, 4, 5, 6, 11, 13, 15, 16, 19, 20]","[1, 4, 5, 6, 11, 13, 15, 16, 19, 20]",full_mesh,17437.904090692522,0.029168584000000664,10,0,0,0,0,445,10,3,10,1.0,1743.7904090692523,54024.52045346265,893,813,435
SELF-Q4-mixed-fixed_hash-211,211,mixed,fixed_hash,square_optical,True,all_sources_cleared_with_certificate,square,False,905.0,81,81,"[1, 6, 8, 9, 10, 11, 12, 14, 15, 16, 19]","[1, 6, 8, 9, 10, 11, 12, 14, 15, 16, 19]",full_mesh,18902.173245467377,0.03532808399999965,11,0,0,0,0,626,11,10,11,1.0,1718.3793859515797,57965.86622733692,915,834,615
SELF-Q4-mixed-fixed_hash-212,212,mixed,fixed_hash,square_optical,True,all_sources_cleared_with_certificate,square,False,905.0,81,81,"[1, 2, 3, 5, 6, 9, 10, 12, 13, 15, 16, 19]","[1, 2, 3, 5, 6, 9, 10, 12, 13, 15, 16, 19]",full_mesh,20862.108251858066,0.04390675000000144,12,0,0,0,0,967,12,2,12,1.0,1738.509020988172,66925.54125929039,772,692,955
SELF-Q4-mixed-fixed_hash-213,213,mixed,fixed_hash,square_optical,True,all_sources_cleared_with_certificate,square,False,905.0,81,81,"[1, 3, 4, 5, 6, 7, 8, 9, 10, 13, 14, 19, 20]","[1, 3, 4, 5, 6, 7, 8, 9, 10, 13, 14, 19, 20]",full_mesh,20567.685469276512,0.04321654099999961,13,0,0,0,0,922,13,9,13,1.0,1582.1296514828086,65008.42734638264,809,729,909
SELF-Q4-mixed-fixed_hash-214,214,mixed,fixed_hash,square_optical,True,all_sources_cleared_with_certificate,square,False,905.0,81,81,"[1, 2, 4, 5, 6, 7, 10, 12, 14, 15, 16, 17, 18, 20]","[1, 2, 4, 5, 6, 7, 10, 12, 14, 15, 16, 17, 18, 20]",full_mesh,17175.35757587902,0.032675707999999304,14,0,0,0,0,547,14,3,14,1.0,1226.8112554199301,58371.787879395175,652,572,533
SELF-Q4-mixed-fixed_hash-215,215,mixed,fixed_hash,square_optical,True,all_sources_cleared_with_certificate,square,False,905.0,81,81,"[1, 2, 4, 5, 6, 7, 8, 9, 10, 11, 13, 15, 17, 19, 20]","[1, 2, 4, 5, 6, 7, 8, 9, 10, 11, 13, 15, 17, 19, 20]",full_mesh,18371.320230531095,0.03875341700000057,15,0,0,0,0,741,15,14,15,1.0,1224.7546820354064,61941.60115265554,635,555,726
SELF-Q4-mixed-fixed_hash-216,216,mixed,fixed_hash,square_optical,True,all_sources_cleared_with_certificate,square,False,905.0,81,33,"[1, 2, 4, 5, 6, 7, 8, 9, 10, 14, 15, 16, 17, 18, 19, 20]","[1, 2, 4, 5, 6, 7, 8, 9, 10, 14, 15, 16, 17, 18, 19, 20]",count_upper_bound,13321.244874245493,0.04246866699999963,16,0,0,0,0,974,16,7,16,1.0,832.5778046403433,41261.224371227494,358,325,958
SELF-Q4-mixed-fixed_hash-217,217,mixed,fixed_hash,square_optical,True,all_sources_cleared_with_certificate,square,False,905.0,81,81,"[2, 3, 5, 6, 8, 9, 10, 14, 18, 19]","[2, 3, 5, 6, 8, 9, 10, 14, 18, 19]",full_mesh,19509.78611901186,0.034828457999999785,10,0,0,0,0,627,10,7,10,1.0,1950.978611901186,58418.93059505935,1001,920,617
SELF-Q4-mixed-fixed_hash-218,218,mixed,fixed_hash,square_optical,True,all_sources_cleared_with_certificate,square,False,905.0,81,81,"[1, 4, 6, 8, 9, 10, 11, 12, 14, 18, 19]","[1, 4, 6, 8, 9, 10, 11, 12, 14, 18, 19]",full_mesh,19176.612710484882,0.035290208000001044,11,0,0,0,0,619,11,4,11,1.0,1743.3284282258983,59378.06355242445,917,837,608
SELF-Q4-mixed-fixed_hash-219,219,mixed,fixed_hash,square_optical,True,all_sources_cleared_with_certificate,square,False,905.0,81,81,"[1, 2, 4, 5, 6, 7, 8, 11, 13, 14, 17, 20]","[1, 2, 4, 5, 6, 7, 8, 11, 13, 14, 17, 20]",full_mesh,19005.42955559607,0.03720595899999957,12,0,0,0,0,737,12,3,12,1.0,1583.7857962996725,59892.147777980404,812,732,725
SELF-Q4-mixed-fixed_hash-220,220,mixed,fixed_hash,square_optical,True,all_sources_cleared_with_certificate,square,False,905.0,81,81,"[3, 4, 6, 7, 8, 9, 12, 13, 14, 15, 16, 19, 20]","[3, 4, 6, 7, 8, 9, 12, 13, 14, 15, 16, 19, 20]",full_mesh,19930.30270308866,0.04231237499999985,13,0,0,0,0,853,13,7,13,1.0,1533.100207929897,63611.51351544337,784,703,840
SELF-Q4-mixed-fixed_hash-221,221,mixed,fixed_hash,square_optical,True,all_sources_cleared_with_certificate,square,False,905.0,81,81,"[1, 2, 3, 4, 6, 8, 9, 13, 14, 15, 16, 17, 19, 20]","[1, 2, 3, 4, 6, 8, 9, 13, 14, 15, 16, 17, 19, 20]",full_mesh,19288.66768356409,0.03868608299999998,14,0,0,0,0,747,14,5,14,1.0,1377.761977397435,64618.33841782051,696,616,733
SELF-Q4-mixed-fixed_hash-222,222,mixed,fixed_hash,square_optical,True,all_sources_cleared_with_certificate,square,False,905.0,81,81,"[1, 2, 4, 8, 10, 11, 12, 13, 14, 15, 16, 17, 18, 19, 20]","[1, 2, 4, 8, 10, 11, 12, 13, 14, 15, 16, 17, 18, 19, 20]",full_mesh,21106.44667158067,0.04861870899999943,15,0,0,0,0,1160,15,2,15,1.0,1407.0964447720446,70232.23335790349,605,525,1145
SELF-Q4-mixed-fixed_hash-223,223,mixed,fixed_hash,square_optical,True,all_sources_cleared_with_certificate,square,False,905.0,81,55,"[1, 2, 5, 6, 7, 9, 11, 12, 13, 14, 15, 16, 17, 18, 19, 20]","[1, 2, 5, 6, 7, 9, 11, 12, 13, 14, 15, 16, 17, 18, 19, 20]",count_upper_bound,15427.269266086845,0.03682533300000124,16,0,0,0,0,816,16,6,16,1.0,964.2043291304278,52221.346330434266,426,373,800
SELF-Q4-mixed-fixed_hash-224,224,mixed,fixed_hash,square_optical,True,all_sources_cleared_with_certificate,square,False,905.0,81,81,"[2, 3, 7, 8, 9, 11, 15, 17, 19, 20]","[2, 3, 7, 8, 9, 11, 15, 17, 19, 20]",full_mesh,18936.972563125746,0.0345348750000003,10,0,0,0,0,580,10,1,10,1.0,1893.6972563125746,58139.86281562878,938,859,570
SELF-Q4-mixed-fixed_hash-225,225,mixed,fixed_hash,square_optical,True,all_sources_cleared_with_certificate,square,False,905.0,81,81,"[1, 3, 5, 6, 7, 8, 10, 12, 13, 14, 15]","[1, 3, 5, 6, 7, 8, 10, 12, 13, 14, 15]",full_mesh,17841.114993514962,0.03143091699999978,11,0,0,0,0,536,11,1,11,1.0,1621.9195448649966,57190.57496757487,809,728,525
SELF-Q4-mixed-fixed_hash-226,226,mixed,fixed_hash,square_optical,True,all_sources_cleared_with_certificate,square,False,905.0,81,81,"[2, 6, 7, 8, 9, 12, 14, 15, 16, 18, 19, 20]","[2, 6, 7, 8, 9, 12, 14, 15, 16, 18, 19, 20]",full_mesh,17196.511045568557,0.029921916999999354,12,0,0,0,0,495,12,2,12,1.0,1433.0425871307132,57082.55522784284,725,646,483
SELF-Q4-mixed-fixed_hash-227,227,mixed,fixed_hash,square_optical,True,all_sources_cleared_with_certificate,square,False,905.0,81,81,"[1, 2, 3, 4, 5, 7, 8, 12, 13, 14, 15, 18, 19]","[1, 2, 3, 4, 5, 7, 8, 12, 13, 14, 15, 18, 19]",full_mesh,20235.835423206325,0.044854749999998944,13,0,0,0,0,961,13,2,13,1.0,1556.602724862025,65044.1771160317,733,653,948
SELF-Q4-mixed-fixed_hash-228,228,mixed,fixed_hash,square_optical,True,all_sources_cleared_with_certificate,square,False,905.0,81,81,"[2, 3, 5, 6, 8, 10, 11, 12, 15, 16, 17, 18, 19, 20]","[2, 3, 5, 6, 8, 10, 11, 12, 15, 16, 17, 18, 19, 20]",full_mesh,18358.2457856794,0.03692491699999856,14,0,0,0,0,689,14,12,14,1.0,1311.3032704056714,60496.22892839704,707,629,675
SELF-Q4-mixed-fixed_hash-229,229,mixed,fixed_hash,square_optical,True,all_sources_cleared_with_certificate,square,False,905.0,81,81,"[1, 3, 4, 5, 8, 9, 10, 11, 12, 14, 16, 17, 18, 19, 20]","[1, 3, 4, 5, 8, 9, 10, 11, 12, 14, 16, 17, 18, 19, 20]",full_mesh,17741.919395651552,0.035980375000001175,15,0,0,0,0,690,15,1,15,1.0,1182.79462637677,61114.59697825782,583,504,675
SELF-Q4-mixed-fixed_hash-230,230,mixed,fixed_hash,square_optical,True,all_sources_cleared_with_certificate,square,False,905.0,81,66,"[1, 3, 5, 6, 7, 8, 9, 10, 11, 12, 13, 14, 15, 16, 17, 18]","[1, 3, 5, 6, 7, 8, 9, 10, 11, 12, 13, 14, 15, 16, 17, 18]",count_upper_bound,18300.068216665044,0.046365542000000204,16,0,0,0,0,1052,16,11,16,1.0,1143.7542635415653,58640.34108332528,575,509,1036
SELF-Q4-mixed-fixed_hash-231,231,mixed,fixed_hash,square_optical,True,all_sources_cleared_with_certificate,square,False,905.0,81,81,"[1, 4, 5, 8, 10, 11, 13, 14, 18, 19]","[1, 4, 5, 8, 10, 11, 13, 14, 18, 19]",full_mesh,17421.74953197442,0.026901499999999245,10,0,0,0,0,318,10,7,10,1.0,1742.174953197442,53483.747659872104,972,891,308
SELF-Q4-mixed-fixed_hash-232,232,mixed,fixed_hash,square_optical,True,all_sources_cleared_with_certificate,square,False,905.0,81,81,"[3, 4, 5, 7, 8, 9, 12, 14, 15, 16, 17]","[3, 4, 5, 7, 8, 9, 12, 14, 15, 16, 17]",full_mesh,22233.382379226125,0.04608824999999861,11,0,0,0,0,1035,11,9,11,1.0,2021.2165799296477,67286.9118961307,955,874,1024
SELF-Q4-mixed-fixed_hash-233,233,mixed,fixed_hash,square_optical,True,all_sources_cleared_with_certificate,square,False,905.0,81,81,"[1, 2, 4, 5, 6, 7, 8, 13, 14, 15, 16, 17]","[1, 2, 4, 5, 6, 7, 8, 13, 14, 15, 16, 17]",full_mesh,20150.946991969864,0.03894720799999973,12,0,0,0,0,740,12,11,12,1.0,1679.2455826641553,63119.73495984942,894,813,728
SELF-Q4-mixed-fixed_hash-234,234,mixed,fixed_hash,square_optical,True,all_sources_cleared_with_certificate,square,False,905.0,81,81,"[2, 4, 5, 6, 8, 9, 11, 13, 14, 16, 17, 18, 20]","[2, 4, 5, 6, 8, 9, 11, 13, 14, 16, 17, 18, 20]",full_mesh,18020.538248062334,0.0329556249999996,13,0,0,0,0,552,13,5,13,1.0,1386.1952498509488,59532.691240311724,752,672,539
SELF-Q4-mixed-fixed_hash-235,235,mixed,fixed_hash,square_optical,True,all_sources_cleared_with_certificate,square,False,905.0,81,81,"[1, 2, 3, 5, 8, 10, 11, 12, 14, 15, 16, 17, 18, 19]","[1, 2, 3, 5, 8, 10, 11, 12, 14, 15, 16, 17, 18, 19]",full_mesh,18818.638058318793,0.03572379100000056,14,0,0,0,0,635,14,3,14,1.0,1344.1884327370567,61213.19029159402,787,708,621
SELF-Q4-mixed-fixed_hash-236,236,mixed,fixed_hash,square_optical,True,all_sources_cleared_with_certificate,square,False,905.0,81,81,"[3, 5, 7, 9, 10, 11, 12, 13, 14, 15, 16, 17, 18, 19, 20]","[3, 5, 7, 9, 10, 11, 12, 13, 14, 15, 16, 17, 18, 19, 20]",full_mesh,20882.469995312855,0.04690179199999989,15,0,0,0,0,1095,15,12,15,1.0,1392.1646663541903,69122.3499765644,637,558,1080
SELF-Q4-mixed-fixed_hash-237,237,mixed,fixed_hash,square_optical,True,all_sources_cleared_with_certificate,square,False,905.0,81,52,"[1, 3, 4, 5, 6, 7, 8, 9, 11, 12, 14, 15, 16, 17, 19, 20]","[1, 3, 4, 5, 6, 7, 8, 9, 11, 12, 14, 15, 16, 17, 19, 20]",count_upper_bound,15873.132754322096,0.04235533299999972,16,0,0,0,0,901,16,12,16,1.0,992.070797145131,50785.66377161056,505,456,885
SELF-Q4-mixed-fixed_hash-238,238,mixed,fixed_hash,square_optical,True,all_sources_cleared_with_certificate,square,False,905.0,81,81,"[2, 3, 9, 12, 13, 14, 15, 16, 17, 19]","[2, 3, 9, 12, 13, 14, 15, 16, 17, 19]",full_mesh,21600.090973575017,0.04104987500000057,10,0,0,0,0,843,10,9,10,1.0,2160.0090973575016,63975.45486787512,1056,976,833
SELF-Q4-mixed-fixed_hash-239,239,mixed,fixed_hash,square_optical,True,all_sources_cleared_with_certificate,square,False,905.0,81,81,"[1, 4, 5, 6, 7, 14, 15, 17, 18, 19, 20]","[1, 4, 5, 6, 7, 14, 15, 17, 18, 19, 20]",full_mesh,20325.914601066892,0.04171300000000144,11,0,0,0,0,864,11,5,11,1.0,1847.8104182788084,63274.573005334525,856,777,853
SELF-Q4-mixed-fixed_hash-240,240,mixed,fixed_hash,square_optical,True,all_sources_cleared_with_certificate,square,False,905.0,81,81,"[1, 2, 5, 6, 9, 10, 11, 12, 13, 17, 19, 20]","[1, 2, 5, 6, 9, 10, 11, 12, 13, 17, 19, 20]",full_mesh,21099.27113413272,0.044743374999999475,12,0,0,0,0,1059,12,2,12,1.0,1758.2725945110599,67901.35567066366,733,653,1047
SELF-Q4-mixed-fixed_hash-241,241,mixed,fixed_hash,square_optical,True,all_sources_cleared_with_certificate,square,False,905.0,81,81,"[3, 4, 5, 6, 8, 9, 10, 11, 12, 14, 15, 17, 18]","[3, 4, 5, 6, 8, 9, 10, 11, 12, 14, 15, 17, 18]",full_mesh,21570.081728499383,0.046180666999999787,13,0,0,0,0,1102,13,12,13,1.0,1659.237056038414,70895.40864249697,690,609,1089
SELF-Q4-mixed-fixed_hash-242,242,mixed,fixed_hash,square_optical,True,all_sources_cleared_with_certificate,square,False,905.0,81,81,"[1, 2, 3, 4, 5, 9, 10, 11, 12, 13, 16, 17, 18, 19]","[1, 2, 3, 4, 5, 9, 10, 11, 12, 13, 16, 17, 18, 19]",full_mesh,20383.420949429183,0.04605883300000002,14,0,0,0,0,997,14,10,14,1.0,1455.9586392449417,65982.104747146,708,628,983
SELF-Q4-mixed-fixed_hash-243,243,mixed,fixed_hash,square_optical,True,all_sources_cleared_with_certificate,square,False,905.0,81,81,"[1, 2, 3, 5, 6, 7, 10, 11, 13, 14, 15, 17, 18, 19, 20]","[1, 2, 3, 5, 6, 7, 10, 11, 13, 14, 15, 17, 18, 19, 20]",full_mesh,20442.434442514023,0.04459566600000109,15,0,0,0,0,1073,15,10,15,1.0,1362.8289628342682,69207.1722125702,572,492,1058
SELF-Q4-mixed-fixed_hash-244,244,mixed,fixed_hash,square_optical,True,all_sources_cleared_with_certificate,square,False,905.0,81,46,"[2, 3, 4, 5, 6, 7, 8, 11, 12, 13, 14, 15, 16, 17, 18, 19]","[2, 3, 4, 5, 6, 7, 8, 11, 12, 13, 14, 15, 16, 17, 18, 19]",count_upper_bound,15392.428358054727,0.04446154200000052,16,0,0,0,0,962,16,2,16,1.0,962.0267723784204,48317.14179027367,476,431,946
SELF-Q4-mixed-fixed_hash-245,245,mixed,fixed_hash,square_optical,True,all_sources_cleared_with_certificate,square,False,905.0,81,81,"[3, 5, 6, 10, 11, 12, 13, 15, 16, 19]","[3, 5, 6, 10, 11, 12, 13, 15, 16, 19]",full_mesh,19408.15120774979,0.03533333300000052,10,0,0,0,0,592,10,8,10,1.0,1940.815120774979,58195.75603874897,1009,928,582
SELF-Q4-mixed-fixed_hash-246,246,mixed,fixed_hash,square_optical,True,all_sources_cleared_with_certificate,square,False,905.0,81,81,"[2, 3, 6, 8, 10, 12, 13, 16, 17, 18, 19]","[2, 3, 6, 8, 10, 12, 13, 16, 17, 18, 19]",full_mesh,18651.953784375804,0.03361258300000003,11,0,0,0,0,517,11,9,11,1.0,1695.6321622159821,56634.76892187903,972,892,506
SELF-Q4-mixed-fixed_hash-247,247,mixed,fixed_hash,square_optical,True,all_sources_cleared_with_certificate,square,False,905.0,81,81,"[1, 3, 6, 7, 10, 11, 12, 13, 14, 15, 16, 18]","[1, 3, 6, 7, 10, 11, 12, 13, 14, 15, 16, 18]",full_mesh,19268.74410265198,0.03587000000000096,12,0,0,0,0,602,12,1,12,1.0,1605.7286752209984,61498.72051325997,870,789,590
SELF-Q4-mixed-fixed_hash-248,248,mixed,fixed_hash,square_optical,True,all_sources_cleared_with_certificate,square,False,905.0,81,81,"[2, 4, 5, 6, 7, 8, 10, 11, 12, 14, 15, 16, 17]","[2, 4, 5, 6, 7, 8, 10, 11, 12, 14, 15, 16, 17]",full_mesh,18159.64444212441,0.03679204200000008,13,0,0,0,0,709,13,7,13,1.0,1396.8957263172622,59198.22221062208,708,627,696
SELF-Q4-mixed-fixed_hash-249,249,mixed,fixed_hash,square_optical,True,all_sources_cleared_with_certificate,square,False,905.0,81,81,"[1, 2, 5, 6, 7, 9, 10, 13, 14, 16, 17, 18, 19, 20]","[1, 2, 5, 6, 7, 9, 10, 13, 14, 16, 17, 18, 19, 20]",full_mesh,20960.904672726472,0.04507216699999894,14,0,0,0,0,1012,14,11,14,1.0,1497.2074766233195,67714.52336363247,739,659,998
SELF-Q4-mixed-fixed_hash-250,250,mixed,fixed_hash,square_optical,True,all_sources_cleared_with_certificate,square,False,905.0,81,81,"[2, 3, 4, 5, 6, 7, 8, 9, 10, 11, 12, 13, 17, 18, 20]","[2, 3, 4, 5, 6, 7, 8, 9, 10, 11, 12, 13, 17, 18, 20]",full_mesh,19877.30010373597,0.042634624999999815,15,0,0,0,0,875,15,10,15,1.0,1325.1533402490647,65631.50051867992,696,616,860
SELF-Q4-mixed-fixed_hash-251,251,mixed,fixed_hash,square_optical,True,all_sources_cleared_with_certificate,square,False,905.0,81,46,"[2, 4, 5, 7, 8, 9, 11, 12, 13, 14, 15, 16, 17, 18, 19, 20]","[2, 4, 5, 7, 8, 9, 11, 12, 13, 14, 15, 16, 17, 18, 19, 20]",count_upper_bound,13359.029571383217,0.038067708999999894,16,0,0,0,0,794,16,5,16,1.0,834.939348211451,44485.14785691613,349,303,778
SELF-Q4-mixed-fixed_hash-252,252,mixed,fixed_hash,square_optical,True,all_sources_cleared_with_certificate,square,False,905.0,81,81,"[1, 5, 6, 7, 8, 10, 13, 14, 17, 20]","[1, 5, 6, 7, 8, 10, 13, 14, 17, 20]",full_mesh,18612.846580359474,0.03384858300000104,10,0,0,0,0,560,10,1,10,1.0,1861.2846580359474,56739.23290179739,941,860,550
SELF-Q4-mixed-fixed_hash-253,253,mixed,fixed_hash,square_optical,True,all_sources_cleared_with_certificate,square,False,905.0,81,81,"[2, 4, 5, 8, 11, 12, 13, 14, 15, 18, 20]","[2, 4, 5, 8, 11, 12, 13, 14, 15, 18, 20]",full_mesh,17296.44982564874,0.03136966699999988,11,0,0,0,0,506,11,3,11,1.0,1572.4045296044308,54587.24912824375,820,739,495
SELF-Q4-mixed-fixed_hash-254,254,mixed,fixed_hash,square_optical,True,all_sources_cleared_with_certificate,square,False,905.0,81,81,"[1, 3, 4, 6, 8, 9, 11, 12, 14, 17, 18, 20]","[1, 3, 4, 6, 8, 9, 11, 12, 14, 17, 18, 20]",full_mesh,17475.275859163685,0.03301316700000001,12,0,0,0,0,529,12,8,12,1.0,1456.2729882636404,57556.37929581846,739,658,517
SELF-Q4-mixed-fixed_hash-255,255,mixed,fixed_hash,square_optical,True,all_sources_cleared_with_certificate,square,False,905.0,81,81,"[2, 5, 7, 8, 9, 11, 12, 13, 14, 15, 16, 19, 20]","[2, 5, 7, 8, 9, 11, 12, 13, 14, 15, 16, 19, 20]",full_mesh,18350.742510717453,0.03685779199999928,13,0,0,0,0,725,13,3,13,1.0,1411.5955777474965,60118.71255358731,701,621,712
SELF-Q4-mixed-fixed_hash-256,256,mixed,fixed_hash,square_optical,True,all_sources_cleared_with_certificate,square,False,905.0,81,81,"[1, 3, 4, 5, 6, 7, 8, 9, 10, 12, 13, 14, 16, 20]","[1, 3, 4, 5, 6, 7, 8, 9, 10, 12, 13, 14, 16, 20]",full_mesh,17757.83214868231,0.033999874999999236,14,0,0,0,0,641,14,6,14,1.0,1268.4165820487365,60624.16074341161,627,547,627
SELF-Q4-mixed-fixed_hash-257,257,mixed,fixed_hash,square_optical,True,all_sources_cleared_with_certificate,square,False,905.0,81,81,"[1, 3, 4, 6, 7, 8, 9, 10, 11, 12, 14, 15, 17, 18, 19]","[1, 3, 4, 6, 7, 8, 9, 10, 11, 12, 14, 15, 17, 18, 19]",full_mesh,21275.692949834254,0.05008808400000042,15,0,0,0,0,1076,15,10,15,1.0,1418.3795299889503,67873.46474917135,754,673,1061
SELF-Q4-mixed-fixed_hash-258,258,mixed,fixed_hash,square_optical,True,all_sources_cleared_with_certificate,square,False,905.0,81,32,"[1, 2, 3, 4, 5, 6, 7, 10, 11, 13, 14, 15, 16, 18, 19, 20]","[1, 2, 3, 4, 5, 6, 7, 10, 11, 13, 14, 15, 16, 18, 19, 20]",count_upper_bound,12616.104665756047,0.04080875000000006,16,0,0,0,0,882,16,3,16,1.0,788.506541609753,39195.52332878027,355,324,866
SELF-Q4-mixed-fixed_hash-259,259,mixed,fixed_hash,square_optical,True,all_sources_cleared_with_certificate,square,False,905.0,81,81,"[1, 2, 3, 4, 11, 12, 14, 16, 18, 20]","[1, 2, 3, 4, 11, 12, 14, 16, 18, 20]",full_mesh,19230.21974487414,0.033435708999999036,10,0,0,0,0,581,10,9,10,1.0,1923.021974487414,58671.09872437074,969,888,571
SELF-Q4-mixed-fixed_hash-260,260,mixed,fixed_hash,square_optical,True,all_sources_cleared_with_certificate,square,False,905.0,81,81,"[1, 2, 3, 5, 7, 10, 12, 14, 16, 17, 20]","[1, 2, 3, 5, 7, 10, 12, 14, 16, 17, 20]",full_mesh,19491.890517189848,0.039060249999998575,11,0,0,0,0,756,11,5,11,1.0,1771.9900470172588,60699.45258594931,857,777,745
SELF-Q4-mixed-fixed_hash-261,261,mixed,fixed_hash,square_optical,True,all_sources_cleared_with_certificate,square,False,905.0,81,81,"[1, 2, 3, 5, 6, 7, 8, 9, 11, 13, 14, 15]","[1, 2, 3, 5, 6, 7, 8, 9, 11, 13, 14, 15]",full_mesh,18530.97747108201,0.03666112500000018,12,0,0,0,0,630,12,7,12,1.0,1544.2481225901674,58769.88735541011,824,743,618
SELF-Q4-mixed-fixed_hash-262,262,mixed,fixed_hash,square_optical,True,all_sources_cleared_with_certificate,square,False,905.0,81,81,"[1, 4, 6, 7, 10, 11, 12, 14, 15, 17, 18, 19, 20]","[1, 4, 6, 7, 10, 11, 12, 14, 15, 17, 18, 19, 20]",full_mesh,19989.04933474374,0.04280591600000072,13,0,0,0,0,889,13,3,13,1.0,1537.6191795956724,65705.24667371876,706,625,876
SELF-Q4-mixed-fixed_hash-263,263,mixed,fixed_hash,square_optical,True,all_sources_cleared_with_certificate,square,False,905.0,81,81,"[1, 5, 6, 8, 9, 10, 11, 12, 13, 14, 15, 16, 17, 18]","[1, 5, 6, 8, 9, 10, 11, 12, 13, 14, 15, 16, 17, 18]",full_mesh,18897.280631810543,0.039047082999999816,14,0,0,0,0,743,14,3,14,1.0,1349.805759415039,61496.40315905277,737,656,729
SELF-Q4-mixed-fixed_hash-264,264,mixed,fixed_hash,square_optical,True,all_sources_cleared_with_certificate,square,False,905.0,81,81,"[1, 2, 4, 5, 6, 7, 10, 11, 12, 14, 15, 16, 18, 19, 20]","[1, 2, 4, 5, 6, 7, 10, 11, 12, 14, 15, 16, 18, 19, 20]",full_mesh,19140.684141800004,0.042563167000000846,15,0,0,0,0,870,15,1,15,1.0,1276.0456094533336,64868.42070900008,601,522,855
SELF-Q4-mixed-fixed_hash-265,265,mixed,fixed_hash,square_optical,True,all_sources_cleared_with_certificate,square,False,905.0,81,44,"[1, 2, 3, 4, 5, 9, 10, 11, 12, 13, 14, 15, 16, 18, 19, 20]","[1, 2, 3, 4, 5, 9, 10, 11, 12, 13, 14, 15, 16, 18, 19, 20]",count_upper_bound,16868.66850374628,0.049858541000000756,16,0,0,0,0,1252,16,8,16,1.0,1054.2917814841426,53433.3425187315,406,364,1236
SELF-Q4-mixed-fixed_hash-266,266,mixed,fixed_hash,square_optical,True,all_sources_cleared_with_certificate,square,False,905.0,81,81,"[1, 3, 4, 7, 9, 10, 14, 15, 16, 18]","[1, 3, 4, 7, 9, 10, 14, 15, 16, 18]",full_mesh,20176.320420191958,0.03857645799999965,10,0,0,0,0,704,10,2,10,1.0,2017.6320420191958,60836.60210095981,993,912,694
SELF-Q4-mixed-fixed_hash-267,267,mixed,fixed_hash,square_optical,True,all_sources_cleared_with_certificate,square,False,905.0,81,81,"[1, 4, 7, 8, 9, 11, 15, 16, 17, 18, 19]","[1, 4, 7, 8, 9, 11, 15, 16, 17, 18, 19]",full_mesh,19763.987367745085,0.03719012500000041,11,0,0,0,0,634,11,10,11,1.0,1796.7261243404623,60164.936838725494,981,902,623
SELF-Q4-mixed-fixed_hash-268,268,mixed,fixed_hash,square_optical,True,all_sources_cleared_with_certificate,square,False,905.0,81,81,"[2, 3, 4, 5, 10, 11, 12, 14, 16, 17, 18, 20]","[2, 3, 4, 5, 10, 11, 12, 14, 16, 17, 18, 20]",full_mesh,18110.51800347289,0.03420095799999956,12,0,0,0,0,551,12,1,12,1.0,1509.209833622741,57722.59001736451,828,749,539
SELF-Q4-mixed-fixed_hash-269,269,mixed,fixed_hash,square_optical,True,all_sources_cleared_with_certificate,square,False,905.0,81,81,"[1, 2, 3, 5, 6, 7, 9, 10, 11, 13, 15, 18, 20]","[1, 2, 3, 5, 6, 7, 9, 10, 11, 13, 15, 18, 20]",full_mesh,20365.99942482937,0.04297575000000009,13,0,0,0,0,988,13,7,13,1.0,1566.61534037149,67119.99712414687,672,592,975
SELF-Q4-mixed-fixed_hash-270,270,mixed,fixed_hash,square_optical,True,all_sources_cleared_with_certificate,square,False,905.0,81,81,"[1, 3, 5, 6, 8, 9, 10, 11, 12, 15, 16, 17, 18, 20]","[1, 3, 5, 6, 8, 9, 10, 11, 12, 15, 16, 17, 18, 20]",full_mesh,18411.76092760116,0.03889312499999953,14,0,0,0,0,760,14,11,14,1.0,1315.12578054294,61868.80463800588,635,555,746
SELF-Q4-mixed-fixed_hash-271,271,mixed,fixed_hash,square_optical,True,all_sources_cleared_with_certificate,square,False,905.0,81,81,"[2, 4, 6, 7, 8, 9, 10, 11, 12, 13, 14, 15, 16, 18, 19]","[2, 4, 6, 7, 8, 9, 10, 11, 12, 13, 14, 15, 16, 18, 19]",full_mesh,20827.269027303413,0.044874083999999925,15,0,0,0,0,1030,15,11,15,1.0,1388.4846018202275,69766.34513651715,639,559,1015
SELF-Q4-mixed-fixed_hash-272,272,mixed,fixed_hash,square_optical,True,all_sources_cleared_with_certificate,square,False,905.0,81,75,"[2, 3, 4, 5, 6, 7, 9, 10, 11, 12, 13, 15, 16, 18, 19, 20]","[2, 3, 4, 5, 6, 7, 9, 10, 11, 12, 13, 15, 16, 18, 19, 20]",count_upper_bound,21042.070792753144,0.04999224999999896,16,0,0,0,0,1106,16,13,16,1.0,1315.1294245470715,67560.35396376583,709,635,1090
SELF-Q4-mixed-fixed_hash-273,273,mixed,fixed_hash,square_optical,True,all_sources_cleared_with_certificate,square,False,905.0,81,81,"[2, 3, 4, 7, 8, 9, 10, 14, 17, 19]","[2, 3, 4, 7, 8, 9, 10, 14, 17, 19]",full_mesh,18993.120720767423,0.032041417000000294,10,0,0,0,0,440,10,9,10,1.0,1899.3120720767424,55580.60360383715,1103,1022,430
SELF-Q4-mixed-fixed_hash-274,274,mixed,fixed_hash,square_optical,True,all_sources_cleared_with_certificate,square,False,905.0,81,81,"[1, 2, 4, 5, 11, 12, 13, 14, 15, 17, 20]","[1, 2, 4, 5, 11, 12, 13, 14, 15, 17, 20]",full_mesh,19022.210331473263,0.03458191600000049,11,0,0,0,0,573,11,10,11,1.0,1729.2918483157512,58606.05165736634,940,860,562
SELF-Q4-mixed-fixed_hash-275,275,mixed,fixed_hash,square_optical,True,all_sources_cleared_with_certificate,square,False,905.0,81,81,"[3, 4, 6, 10, 11, 12, 13, 14, 15, 16, 17, 19]","[3, 4, 6, 10, 11, 12, 13, 14, 15, 16, 17, 19]",full_mesh,17926.239048804207,0.033364000000000615,12,0,0,0,0,560,12,6,12,1.0,1493.8532540670174,58021.19524402109,783,703,548
SELF-Q4-mixed-fixed_hash-276,276,mixed,fixed_hash,square_optical,True,all_sources_cleared_with_certificate,square,False,905.0,81,81,"[1, 3, 4, 5, 7, 8, 9, 11, 12, 13, 15, 18, 19]","[1, 3, 4, 5, 7, 8, 9, 11, 12, 13, 15, 18, 19]",full_mesh,18294.05179031635,0.03526399999999974,13,0,0,0,0,648,13,6,13,1.0,1407.2347531012576,61080.25895158177,698,618,635
SELF-Q4-mixed-fixed_hash-277,277,mixed,fixed_hash,square_optical,True,all_sources_cleared_with_certificate,square,False,905.0,81,81,"[2, 3, 4, 5, 6, 7, 8, 10, 13, 14, 15, 17, 19, 20]","[2, 3, 4, 5, 6, 7, 8, 10, 13, 14, 15, 17, 19, 20]",full_mesh,19605.624514943636,0.04080074999999894,14,0,0,0,0,877,14,4,14,1.0,1400.4017510674025,65603.12257471828,651,571,863
SELF-Q4-mixed-fixed_hash-278,278,mixed,fixed_hash,square_optical,True,all_sources_cleared_with_certificate,square,False,905.0,81,81,"[2, 3, 4, 6, 7, 8, 9, 10, 11, 13, 14, 15, 16, 18, 19]","[2, 3, 4, 6, 7, 8, 9, 10, 11, 13, 14, 15, 16, 18, 19]",full_mesh,18720.157345068325,0.03999149999999929,15,0,0,0,0,789,15,13,15,1.0,1248.0104896712216,64105.78672534164,597,517,774
SELF-Q4-mixed-fixed_hash-279,279,mixed,fixed_hash,square_optical,True,all_sources_cleared_with_certificate,square,False,905.0,81,36,"[1, 2, 3, 4, 5, 6, 7, 8, 10, 12, 13, 14, 15, 16, 17, 18]","[1, 2, 3, 4, 5, 6, 7, 8, 10, 12, 13, 14, 15, 16, 17, 18]",count_upper_bound,14130.745394980197,0.043687624999998675,16,0,0,0,0,1002,16,7,16,1.0,883.1715871862623,44363.726974901016,376,340,986
SELF-Q4-mixed-fixed_hash-280,280,mixed,fixed_hash,square_optical,True,all_sources_cleared_with_certificate,square,False,905.0,81,81,"[1, 3, 6, 8, 9, 10, 15, 16, 17, 19]","[1, 3, 6, 8, 9, 10, 15, 16, 17, 19]",full_mesh,20034.851180610636,0.039298583000000775,10,0,0,0,0,766,10,1,10,1.0,2003.4851180610635,61684.255903053214,910,830,756
SELF-Q4-mixed-fixed_hash-281,281,mixed,fixed_hash,square_optical,True,all_sources_cleared_with_certificate,square,False,905.0,81,81,"[1, 4, 8, 9, 10, 13, 14, 15, 17, 18, 20]","[1, 4, 8, 9, 10, 13, 14, 15, 17, 18, 20]",full_mesh,21284.214419672902,0.041747625000001065,11,0,0,0,0,906,11,5,11,1.0,1934.9285836066274,66841.07209836457,876,796,895
SELF-Q4-mixed-fixed_hash-282,282,mixed,fixed_hash,square_optical,True,all_sources_cleared_with_certificate,square,False,905.0,81,81,"[1, 2, 4, 5, 6, 9, 10, 11, 12, 13, 16, 20]","[1, 2, 4, 5, 6, 9, 10, 11, 12, 13, 16, 20]",full_mesh,18709.637547195045,0.033627833000000606,12,0,0,0,0,588,12,8,12,1.0,1559.1364622662538,58548.18773597525,882,802,576
SELF-Q4-mixed-fixed_hash-283,283,mixed,fixed_hash,square_optical,True,all_sources_cleared_with_certificate,square,False,905.0,81,81,"[1, 3, 4, 5, 7, 9, 10, 11, 12, 13, 14, 15, 17]","[1, 3, 4, 5, 7, 9, 10, 11, 12, 13, 14, 15, 17]",full_mesh,19331.0777274751,0.04027666700000054,13,0,0,0,0,864,13,1,13,1.0,1487.0059790365463,63000.38863737559,699,618,851
SELF-Q4-mixed-fixed_hash-284,284,mixed,fixed_hash,square_optical,True,all_sources_cleared_with_certificate,square,False,905.0,81,81,"[2, 3, 4, 5, 8, 9, 10, 12, 13, 14, 15, 18, 19, 20]","[2, 3, 4, 5, 8, 9, 10, 12, 13, 14, 15, 18, 19, 20]",full_mesh,18847.414012584457,0.03757062499999897,14,0,0,0,0,699,14,6,14,1.0,1346.243858041747,61897.07006292237,737,658,685
SELF-Q4-mixed-fixed_hash-285,285,mixed,fixed_hash,square_optical,True,all_sources_cleared_with_certificate,square,False,905.0,81,81,"[1, 3, 5, 6, 7, 8, 10, 12, 13, 14, 15, 16, 18, 19, 20]","[1, 3, 5, 6, 7, 8, 10, 12, 13, 14, 15, 16, 18, 19, 20]",full_mesh,21702.182981568014,0.050618041999999974,15,0,0,0,0,1203,15,11,15,1.0,1446.8121987712009,70245.91490784015,682,604,1188
SELF-Q4-mixed-fixed_hash-286,286,mixed,fixed_hash,square_optical,True,all_sources_cleared_with_certificate,square,False,905.0,81,53,"[1, 3, 4, 6, 7, 8, 9, 11, 12, 13, 14, 16, 17, 18, 19, 20]","[1, 3, 4, 6, 7, 8, 9, 11, 12, 13, 14, 16, 17, 18, 19, 20]",count_upper_bound,16840.917713203642,0.046260459000000864,16,0,0,0,0,1091,16,13,16,1.0,1052.5573570752276,55479.58856601828,415,365,1075
SELF-Q4-mixed-fixed_hash-287,287,mixed,fixed_hash,square_optical,True,all_sources_cleared_with_certificate,square,False,905.0,81,81,"[1, 3, 4, 7, 9, 10, 11, 13, 17, 18]","[1, 3, 4, 7, 9, 10, 11, 13, 17, 18]",full_mesh,18865.847525131972,0.03237770800000028,10,0,0,0,0,494,10,4,10,1.0,1886.5847525131971,56204.23762565986,1034,953,484
SELF-Q4-mixed-fixed_hash-288,288,mixed,fixed_hash,square_optical,True,all_sources_cleared_with_certificate,square,False,905.0,81,81,"[1, 2, 7, 8, 9, 10, 11, 12, 16, 18, 19]","[1, 2, 7, 8, 9, 10, 11, 12, 16, 18, 19]",full_mesh,20000.68095989875,0.03774104200000039,11,0,0,0,0,704,11,10,11,1.0,1818.243723627159,61683.4047994938,935,855,693
SELF-Q4-mixed-fixed_hash-289,289,mixed,fixed_hash,square_optical,True,all_sources_cleared_with_certificate,square,False,905.0,81,81,"[1, 3, 6, 7, 9, 11, 12, 13, 14, 15, 16, 17]","[1, 3, 6, 7, 9, 11, 12, 13, 14, 15, 16, 17]",full_mesh,20536.2454157245,0.03893604099999948,12,0,0,0,0,757,12,8,12,1.0,1711.3537846437084,63921.22707862256,923,842,745
SELF-Q4-mixed-fixed_hash-290,290,mixed,fixed_hash,square_optical,True,all_sources_cleared_with_certificate,square,False,905.0,81,81,"[1, 2, 4, 5, 7, 8, 10, 11, 14, 16, 17, 18, 19]","[1, 2, 4, 5, 7, 8, 10, 11, 14, 16, 17, 18, 19]",full_mesh,17402.794858417838,0.03377925000000026,13,0,0,0,0,578,13,6,13,1.0,1338.676527570603,59173.97429208924,648,568,565
SELF-Q4-mixed-fixed_hash-291,291,mixed,fixed_hash,square_optical,True,all_sources_cleared_with_certificate,square,False,905.0,81,81,"[2, 3, 4, 5, 6, 10, 11, 12, 13, 14, 16, 17, 19, 20]","[2, 3, 4, 5, 6, 10, 11, 12, 13, 14, 16, 17, 19, 20]",full_mesh,18241.43087066917,0.036154292000000865,14,0,0,0,0,662,14,2,14,1.0,1302.9593479049406,61827.15435334588,657,577,648
SELF-Q4-mixed-fixed_hash-292,292,mixed,fixed_hash,square_optical,True,all_sources_cleared_with_certificate,square,False,905.0,81,81,"[1, 4, 5, 6, 7, 8, 9, 10, 11, 14, 15, 16, 18, 19, 20]","[1, 4, 5, 6, 7, 8, 9, 10, 11, 14, 15, 16, 18, 19, 20]",full_mesh,19868.66936877829,0.044800957999999724,15,0,0,0,0,943,15,10,15,1.0,1324.5779579185526,64838.346843891515,687,607,928
SELF-Q4-mixed-fixed_hash-293,293,mixed,fixed_hash,square_optical,True,all_sources_cleared_with_certificate,square,False,905.0,81,55,"[1, 2, 4, 6, 7, 8, 10, 11, 13, 14, 15, 16, 17, 18, 19, 20]","[1, 2, 4, 6, 7, 8, 10, 11, 13, 14, 15, 16, 17, 18, 19, 20]",count_upper_bound,16724.706784018243,0.042752332999999254,16,0,0,0,0,933,16,12,16,1.0,1045.2941740011402,52428.533920091264,577,523,917
SELF-Q4-mixed-fixed_hash-294,294,mixed,fixed_hash,square_optical,True,all_sources_cleared_with_certificate,square,False,905.0,81,81,"[2, 3, 6, 7, 10, 12, 13, 15, 16, 17]","[2, 3, 6, 7, 10, 12, 13, 15, 16, 17]",full_mesh,19529.44962008074,0.03581445900000091,10,0,0,0,0,637,10,7,10,1.0,1952.944962008074,59867.24810040378,951,870,627
SELF-Q4-mixed-fixed_hash-295,295,mixed,fixed_hash,square_optical,True,all_sources_cleared_with_certificate,square,False,905.0,81,81,"[1, 3, 4, 5, 10, 11, 12, 13, 15, 16, 19]","[1, 3, 4, 5, 10, 11, 12, 13, 15, 16, 19]",full_mesh,19827.99378677377,0.0389881660000011,11,0,0,0,0,743,11,4,11,1.0,1802.5448897067065,60719.96893386892,919,838,732
SELF-Q4-mixed-fixed_hash-296,296,mixed,fixed_hash,square_optical,True,all_sources_cleared_with_certificate,square,False,905.0,81,81,"[1, 2, 3, 7, 9, 10, 11, 12, 14, 16, 17, 20]","[1, 2, 3, 7, 9, 10, 11, 12, 14, 16, 17, 20]",full_mesh,21937.510789103682,0.04670370800000079,12,0,0,0,0,1102,12,5,12,1.0,1828.1258990919735,69887.5539455185,785,705,1090
SELF-Q4-mixed-fixed_hash-297,297,mixed,fixed_hash,square_optical,True,all_sources_cleared_with_certificate,square,False,905.0,81,81,"[1, 2, 3, 7, 8, 11, 12, 13, 14, 15, 17, 19, 20]","[1, 2, 3, 7, 8, 11, 12, 13, 14, 15, 17, 19, 20]",full_mesh,20225.792602201855,0.039918124999999804,13,0,0,0,0,837,13,5,13,1.0,1555.8302001693735,66608.96301100939,741,662,824
SELF-Q4-mixed-fixed_hash-298,298,mixed,fixed_hash,square_optical,True,all_sources_cleared_with_certificate,square,False,905.0,81,81,"[1, 3, 6, 7, 8, 9, 10, 12, 13, 14, 16, 17, 18, 19]","[1, 3, 6, 7, 8, 9, 10, 12, 13, 14, 16, 17, 18, 19]",full_mesh,19156.775591607977,0.03893908400000079,14,0,0,0,0,739,14,5,14,1.0,1368.341113686284,62733.87795803998,741,660,725
SELF-Q4-mixed-fixed_hash-299,299,mixed,fixed_hash,square_optical,True,all_sources_cleared_with_certificate,square,False,905.0,81,81,"[1, 5, 6, 7, 8, 9, 10, 11, 12, 13, 15, 16, 17, 19, 20]","[1, 5, 6, 7, 8, 9, 10, 11, 12, 13, 15, 16, 17, 19, 20]",full_mesh,16665.282797948417,0.03265087500000163,15,0,0,0,0,545,15,12,15,1.0,1111.0188531965612,59346.41398974213,535,456,530
SELF-Q4-mixed-fixed_hash-300,300,mixed,fixed_hash,square_optical,True,all_sources_cleared_with_certificate,square,False,905.0,81,50,"[1, 2, 3, 4, 6, 7, 9, 10, 11, 12, 14, 15, 16, 18, 19, 20]","[1, 2, 3, 4, 6, 7, 9, 10, 11, 12, 14, 15, 16, 18, 19, 20]",count_upper_bound,13799.010639432217,0.03501745900000053,16,0,0,0,0,710,16,10,16,1.0,862.4381649645136,45495.05319716113,431,383,694
SELF-Q4-mixed-fixed_hash-301,301,mixed,fixed_hash,square_optical,True,all_sources_cleared_with_certificate,square,False,905.0,81,81,"[2, 4, 5, 8, 10, 11, 13, 15, 16, 18]","[2, 4, 5, 8, 10, 11, 13, 15, 16, 18]",full_mesh,19149.980691571032,0.03605400000000003,10,0,0,0,0,655,10,9,10,1.0,1914.9980691571031,56589.90345785524,988,907,645
SELF-Q4-mixed-fixed_hash-302,302,mixed,fixed_hash,square_optical,True,all_sources_cleared_with_certificate,square,False,905.0,81,81,"[1, 4, 7, 12, 14, 15, 16, 17, 18, 19, 20]","[1, 4, 7, 12, 14, 15, 16, 17, 18, 19, 20]",full_mesh,19509.051489020076,0.03812162500000049,11,0,0,0,0,730,11,9,11,1.0,1773.5501353654615,60175.257445100426,890,812,719
SELF-Q4-mixed-fixed_hash-303,303,mixed,fixed_hash,square_optical,True,all_sources_cleared_with_certificate,square,False,905.0,81,81,"[2, 3, 7, 8, 9, 10, 13, 16, 17, 18, 19, 20]","[2, 3, 7, 8, 9, 10, 13, 16, 17, 18, 19, 20]",full_mesh,20066.496812344656,0.040251583000001645,12,0,0,0,0,789,12,5,12,1.0,1672.208067695388,64357.48406172332,814,734,777
SELF-Q4-mixed-fixed_hash-304,304,mixed,fixed_hash,square_optical,True,all_sources_cleared_with_certificate,square,False,905.0,81,81,"[1, 4, 5, 7, 10, 11, 13, 14, 15, 16, 17, 18, 20]","[1, 4, 5, 7, 10, 11, 13, 14, 15, 16, 17, 18, 20]",full_mesh,17417.65475477155,0.03147449999999985,13,0,0,0,0,484,13,1,13,1.0,1339.8195965208884,56688.27377385779,780,702,471
SELF-Q4-mixed-fixed_hash-305,305,mixed,fixed_hash,square_optical,True,all_sources_cleared_with_certificate,square,False,905.0,81,81,"[3, 5, 6, 8, 10, 11, 12, 13, 15, 16, 17, 18, 19, 20]","[3, 5, 6, 8, 10, 11, 12, 13, 15, 16, 17, 18, 19, 20]",full_mesh,20340.343387851244,0.04262320800000019,14,0,0,0,0,935,14,4,14,1.0,1452.881670560803,67381.71693925631,685,606,921
SELF-Q4-mixed-fixed_hash-306,306,mixed,fixed_hash,square_optical,True,all_sources_cleared_with_certificate,square,False,905.0,81,81,"[1, 3, 7, 9, 10, 11, 12, 13, 14, 15, 16, 17, 18, 19, 20]","[1, 3, 7, 9, 10, 11, 12, 13, 14, 15, 16, 17, 18, 19, 20]",full_mesh,18405.469414166044,0.03502208399999951,15,0,0,0,0,628,15,2,15,1.0,1227.0312942777362,61877.34707083023,699,621,613
SELF-Q4-mixed-fixed_hash-307,307,mixed,fixed_hash,square_optical,True,all_sources_cleared_with_certificate,square,False,905.0,81,55,"[1, 2, 4, 5, 6, 7, 8, 9, 10, 11, 15, 16, 17, 18, 19, 20]","[1, 2, 4, 5, 6, 7, 8, 9, 10, 11, 15, 16, 17, 18, 19, 20]",count_upper_bound,17271.600979745945,0.04761249999999961,16,0,0,0,0,1122,16,12,16,1.0,1079.4750612341215,54038.00489872981,520,466,1106
SELF-Q4-mixed-fixed_hash-308,308,mixed,fixed_hash,square_optical,True,all_sources_cleared_with_certificate,square,False,905.0,81,81,"[3, 5, 6, 7, 9, 12, 13, 17, 18, 19]","[3, 5, 6, 7, 9, 12, 13, 17, 18, 19]",full_mesh,18950.81762931433,0.03440862500000108,10,0,0,0,0,571,10,5,10,1.0,1895.0817629314329,56994.08814657168,983,904,561
SELF-Q4-mixed-fixed_hash-309,309,mixed,fixed_hash,square_optical,True,all_sources_cleared_with_certificate,square,False,905.0,81,81,"[1, 3, 4, 5, 7, 8, 10, 13, 14, 15, 18]","[1, 3, 4, 5, 7, 8, 10, 13, 14, 15, 18]",full_mesh,18217.619112565077,0.030885625000001582,11,0,0,0,0,496,11,3,11,1.0,1656.1471920513707,57303.09556282542,888,807,485
SELF-Q4-mixed-fixed_hash-310,310,mixed,fixed_hash,square_optical,True,all_sources_cleared_with_certificate,square,False,905.0,81,81,"[3, 5, 6, 7, 8, 9, 10, 12, 16, 17, 18, 20]","[3, 5, 6, 7, 8, 9, 10, 12, 16, 17, 18, 20]",full_mesh,20279.40443232228,0.040383792000000085,12,0,0,0,0,865,12,4,12,1.0,1689.95036936019,64367.022161611436,811,732,853
SELF-Q4-mixed-fixed_hash-311,311,mixed,fixed_hash,square_optical,True,all_sources_cleared_with_certificate,square,False,905.0,81,81,"[1, 3, 4, 5, 7, 9, 12, 14, 15, 16, 18, 19, 20]","[1, 3, 4, 5, 7, 9, 12, 14, 15, 16, 18, 19, 20]",full_mesh,18937.92890882521,0.03731187500000033,13,0,0,0,0,742,13,12,13,1.0,1456.763762217324,62384.64454412612,715,634,729
SELF-Q4-mixed-fixed_hash-312,312,mixed,fixed_hash,square_optical,True,all_sources_cleared_with_certificate,square,False,905.0,81,81,"[2, 4, 5, 6, 8, 10, 11, 13, 15, 16, 17, 18, 19, 20]","[2, 4, 5, 6, 8, 10, 11, 13, 15, 16, 17, 18, 19, 20]",full_mesh,19269.682094853633,0.03932887500000071,14,0,0,0,0,801,14,1,14,1.0,1376.4058639181167,63588.410474268225,700,621,787
SELF-Q4-mixed-fixed_hash-313,313,mixed,fixed_hash,square_optical,True,all_sources_cleared_with_certificate,square,False,905.0,81,81,"[1, 3, 4, 6, 7, 11, 12, 13, 14, 15, 16, 17, 18, 19, 20]","[1, 3, 4, 6, 7, 11, 12, 13, 14, 15, 16, 17, 18, 19, 20]",full_mesh,19961.50694322996,0.04434899999999864,15,0,0,0,0,932,15,8,15,1.0,1330.7671295486641,66357.53471614984,657,579,917
SELF-Q4-mixed-fixed_hash-314,314,mixed,fixed_hash,square_optical,True,all_sources_cleared_with_certificate,square,False,905.0,81,49,"[1, 2, 4, 5, 6, 7, 8, 11, 12, 14, 15, 16, 17, 18, 19, 20]","[1, 2, 4, 5, 6, 7, 8, 11, 12, 14, 15, 16, 17, 18, 19, 20]",count_upper_bound,14975.047900782227,0.041635458000000014,16,0,0,0,0,981,16,3,16,1.0,935.9404937988892,50730.2395039112,317,269,965
SELF-Q4-mixed-fixed_hash-315,315,mixed,fixed_hash,square_optical,True,all_sources_cleared_with_certificate,square,False,905.0,81,81,"[1, 2, 3, 10, 11, 12, 14, 17, 18, 20]","[1, 2, 3, 10, 11, 12, 14, 17, 18, 20]",full_mesh,21708.586749379894,0.042735165999999936,10,0,0,0,0,883,10,5,10,1.0,2170.8586749379892,64152.93374689952,1048,969,873
SELF-Q4-mixed-fixed_hash-316,316,mixed,fixed_hash,square_optical,True,all_sources_cleared_with_certificate,square,False,905.0,81,81,"[1, 4, 8, 9, 11, 13, 14, 16, 17, 19, 20]","[1, 4, 8, 9, 11, 13, 14, 16, 17, 19, 20]",full_mesh,19616.97210938589,0.03739866699999972,11,0,0,0,0,759,11,2,11,1.0,1783.3611008532628,62244.860546929514,825,744,748
SELF-Q4-mixed-fixed_hash-317,317,mixed,fixed_hash,square_optical,True,all_sources_cleared_with_certificate,square,False,905.0,81,81,"[1, 4, 5, 7, 8, 9, 11, 12, 13, 15, 18, 19]","[1, 4, 5, 7, 8, 9, 11, 12, 13, 15, 18, 19]",full_mesh,19508.227500392473,0.03892366600000052,12,0,0,0,0,742,12,6,12,1.0,1625.6856250327062,60921.137501962396,859,779,730
SELF-Q4-mixed-fixed_hash-318,318,mixed,fixed_hash,square_optical,True,all_sources_cleared_with_certificate,square,False,905.0,81,81,"[2, 4, 5, 6, 7, 10, 11, 13, 14, 15, 16, 17, 18]","[2, 4, 5, 6, 7, 10, 11, 13, 14, 15, 16, 17, 18]",full_mesh,19399.048883194842,0.04300462500000002,13,0,0,0,0,958,13,7,13,1.0,1492.2345294765264,64300.244415974295,620,539,945
SELF-Q4-mixed-fixed_hash-319,319,mixed,fixed_hash,square_optical,True,all_sources_cleared_with_certificate,square,False,905.0,81,81,"[2, 3, 4, 5, 6, 10, 11, 12, 13, 16, 17, 18, 19, 20]","[2, 3, 4, 5, 6, 10, 11, 12, 13, 16, 17, 18, 19, 20]",full_mesh,20014.92150785344,0.040073708999999624,14,0,0,0,0,772,14,12,14,1.0,1429.63725056096,65014.607539267236,791,713,758
SELF-Q4-mixed-fixed_hash-320,320,mixed,fixed_hash,square_optical,True,all_sources_cleared_with_certificate,square,False,905.0,81,81,"[2, 3, 4, 5, 6, 7, 8, 9, 11, 12, 15, 16, 17, 19, 20]","[2, 3, 4, 5, 6, 7, 8, 9, 11, 12, 15, 16, 17, 19, 20]",full_mesh,19515.584723183136,0.040963915999999045,15,0,0,0,0,901,15,8,15,1.0,1301.0389815455424,67247.92361591573,569,488,886
SELF-Q4-mixed-fixed_hash-321,321,mixed,fixed_hash,square_optical,True,all_sources_cleared_with_certificate,square,False,905.0,81,54,"[1, 2, 4, 5, 6, 7, 8, 9, 10, 11, 12, 13, 14, 15, 17, 18]","[1, 2, 4, 5, 6, 7, 8, 9, 10, 11, 12, 13, 14, 15, 17, 18]",count_upper_bound,16721.383993287385,0.04308500000000137,16,0,0,0,0,1005,16,15,16,1.0,1045.0864995804616,55321.91996643699,444,390,989
SELF-Q4-mixed-fixed_hash-322,322,mixed,fixed_hash,square_optical,True,all_sources_cleared_with_certificate,square,False,905.0,81,81,"[3, 5, 6, 8, 10, 13, 14, 16, 18, 19]","[3, 5, 6, 8, 10, 13, 14, 16, 18, 19]",full_mesh,18522.653042777274,0.03326295899999998,10,0,0,0,0,576,10,9,10,1.0,1852.2653042777274,57038.265213886414,908,827,566
SELF-Q4-mixed-fixed_hash-323,323,mixed,fixed_hash,square_optical,True,all_sources_cleared_with_certificate,square,False,905.0,81,81,"[2, 4, 5, 6, 7, 8, 10, 14, 15, 16, 20]","[2, 4, 5, 6, 7, 8, 10, 14, 15, 16, 20]",full_mesh,19467.96600085081,0.03640787500000009,11,0,0,0,0,598,11,8,11,1.0,1769.8150909864373,58904.8300042541,992,911,587
SELF-Q4-mixed-fixed_hash-324,324,mixed,fixed_hash,square_optical,True,all_sources_cleared_with_certificate,square,False,905.0,81,81,"[1, 2, 3, 5, 6, 9, 14, 16, 17, 18, 19, 20]","[1, 2, 3, 5, 6, 9, 14, 16, 17, 18, 19, 20]",full_mesh,21164.398411236798,0.04883599999999966,12,0,0,0,0,940,12,4,12,1.0,1763.6998676030664,64631.99205618408,912,834,928
SELF-Q4-mixed-fixed_hash-325,325,mixed,fixed_hash,square_optical,True,all_sources_cleared_with_certificate,square,False,905.0,81,81,"[1, 2, 3, 4, 5, 6, 10, 11, 13, 14, 16, 18, 20]","[1, 2, 3, 4, 5, 6, 10, 11, 13, 14, 16, 18, 20]",full_mesh,17661.865788433446,0.037387541999999385,13,0,0,0,0,575,13,2,13,1.0,1358.6050606487265,58144.32894216726,727,647,562
SELF-Q4-mixed-fixed_hash-326,326,mixed,fixed_hash,square_optical,True,all_sources_cleared_with_certificate,square,False,905.0,81,81,"[1, 2, 3, 4, 5, 6, 7, 10, 11, 13, 14, 15, 16, 17]","[1, 2, 3, 4, 5, 6, 7, 10, 11, 13, 14, 15, 16, 17]",full_mesh,17902.867948822543,0.0380147089999987,14,0,0,0,0,646,14,6,14,1.0,1278.776282058753,59959.33974411275,671,590,632
SELF-Q4-mixed-fixed_hash-327,327,mixed,fixed_hash,square_optical,True,all_sources_cleared_with_certificate,square,False,905.0,81,81,"[1, 2, 3, 4, 5, 8, 9, 10, 11, 13, 14, 15, 17, 18, 20]","[1, 2, 3, 4, 5, 8, 9, 10, 11, 13, 14, 15, 17, 18, 20]",full_mesh,19698.25553216188,0.04761874999999982,15,0,0,0,0,1008,15,4,15,1.0,1313.2170354774585,67661.27766080946,532,452,993
SELF-Q4-mixed-fixed_hash-328,328,mixed,fixed_hash,square_optical,True,all_sources_cleared_with_certificate,square,False,905.0,81,52,"[3, 4, 5, 6, 7, 8, 9, 11, 12, 13, 14, 15, 16, 17, 19, 20]","[3, 4, 5, 6, 7, 8, 9, 11, 12, 13, 14, 15, 16, 17, 19, 20]",count_upper_bound,17793.640251856814,0.053552459000000496,16,0,0,0,0,1220,16,14,16,1.0,1112.1025157410509,56393.20125928415,479,428,1204
SELF-Q4-mixed-fixed_hash-329,329,mixed,fixed_hash,square_optical,True,all_sources_cleared_with_certificate,square,False,905.0,81,81,"[2, 4, 5, 7, 8, 10, 11, 16, 17, 20]","[2, 4, 5, 7, 8, 10, 11, 16, 17, 20]",full_mesh,17329.164734055397,0.032136833999999226,10,0,0,0,0,453,10,1,10,1.0,1732.9164734055398,53120.82367027704,901,821,443
SELF-Q4-mixed-fixed_hash-330,330,mixed,fixed_hash,square_optical,True,all_sources_cleared_with_certificate,square,False,905.0,81,81,"[1, 2, 3, 6, 9, 10, 11, 13, 14, 15, 20]","[1, 2, 3, 6, 9, 10, 11, 13, 14, 15, 20]",full_mesh,18870.924694107824,0.03765416699999946,11,0,0,0,0,562,11,4,11,1.0,1715.5386085552566,59124.623470539125,903,823,551
SELF-Q4-mixed-fixed_hash-331,331,mixed,fixed_hash,square_optical,True,all_sources_cleared_with_certificate,square,False,905.0,81,81,"[4, 6, 7, 8, 10, 11, 13, 14, 16, 18, 19, 20]","[4, 6, 7, 8, 10, 11, 13, 14, 16, 18, 19, 20]",full_mesh,19519.43574441395,0.041813458000000026,12,0,0,0,0,734,12,10,12,1.0,1626.6196453678292,61247.178722069824,854,774,722
SELF-Q4-mixed-fixed_hash-332,332,mixed,fixed_hash,square_optical,True,all_sources_cleared_with_certificate,square,False,905.0,81,81,"[1, 2, 3, 4, 8, 9, 12, 13, 14, 16, 17, 18, 19]","[1, 2, 3, 4, 8, 9, 12, 13, 14, 16, 17, 18, 19]",full_mesh,17937.279030346384,0.03830374999999897,13,0,0,0,0,632,13,3,13,1.0,1379.7906946420296,58276.39515173198,740,660,619
SELF-Q4-mixed-fixed_hash-333,333,mixed,fixed_hash,square_optical,True,all_sources_cleared_with_certificate,square,False,905.0,81,81,"[2, 4, 5, 6, 7, 9, 10, 12, 13, 14, 16, 17, 18, 19]","[2, 4, 5, 6, 7, 9, 10, 12, 13, 14, 16, 17, 18, 19]",full_mesh,18663.39821131511,0.04430237499999912,14,0,0,0,0,878,14,6,14,1.0,1333.0998722367935,62706.991056575614,590,510,864
SELF-Q4-mixed-fixed_hash-334,334,mixed,fixed_hash,square_optical,True,all_sources_cleared_with_certificate,square,False,905.0,81,81,"[1, 4, 5, 6, 7, 8, 12, 13, 14, 15, 16, 17, 18, 19, 20]","[1, 4, 5, 6, 7, 8, 12, 13, 14, 15, 16, 17, 18, 19, 20]",full_mesh,19360.615683346103,0.0469901660000005,15,0,0,0,0,945,15,1,15,1.0,1290.7077122230735,65208.07841673059,589,509,930
SELF-Q4-mixed-fixed_hash-335,335,mixed,fixed_hash,square_optical,True,all_sources_cleared_with_certificate,square,False,905.0,81,56,"[1, 2, 3, 4, 5, 6, 7, 8, 10, 11, 13, 14, 15, 17, 18, 19]","[1, 2, 3, 4, 5, 6, 7, 8, 10, 11, 13, 14, 15, 17, 18, 19]",count_upper_bound,16319.667621812527,0.04536312499999973,16,0,0,0,0,884,16,14,16,1.0,1019.9792263632829,51178.33810906273,576,520,868
SELF-Q4-mixed-fixed_hash-336,336,mixed,fixed_hash,square_optical,True,all_sources_cleared_with_certificate,square,False,905.0,81,81,"[1, 3, 5, 7, 8, 12, 14, 16, 18, 20]","[1, 3, 5, 7, 8, 12, 14, 16, 18, 20]",full_mesh,19688.595995350217,0.038113375000000005,10,0,0,0,0,616,10,8,10,1.0,1968.8595995350217,59837.9799767511,989,908,606
SELF-Q4-mixed-fixed_hash-337,337,mixed,fixed_hash,square_optical,True,all_sources_cleared_with_certificate,square,False,905.0,81,81,"[1, 5, 6, 7, 8, 9, 12, 15, 16, 17, 19]","[1, 5, 6, 7, 8, 9, 12, 15, 16, 17, 19]",full_mesh,17715.836648867364,0.03440258300000032,11,0,0,0,0,563,11,6,11,1.0,1610.5306044424876,57209.18324433684,774,693,552
SELF-Q4-mixed-fixed_hash-338,338,mixed,fixed_hash,square_optical,True,all_sources_cleared_with_certificate,square,False,905.0,81,81,"[1, 4, 5, 8, 9, 10, 12, 14, 15, 16, 19, 20]","[1, 4, 5, 8, 9, 10, 12, 14, 15, 16, 19, 20]",full_mesh,17663.830037133153,0.032316708000001526,12,0,0,0,0,413,12,11,12,1.0,1471.9858364277627,55679.150185665785,891,810,401
SELF-Q4-mixed-fixed_hash-339,339,mixed,fixed_hash,square_optical,True,all_sources_cleared_with_certificate,square,False,905.0,81,81,"[1, 2, 3, 5, 6, 8, 9, 10, 12, 15, 17, 18, 20]","[1, 2, 3, 5, 6, 8, 9, 10, 12, 15, 17, 18, 20]",full_mesh,20522.55964077046,0.04598629200000026,13,0,0,0,0,881,13,10,13,1.0,1578.6584339054202,64682.798203852326,833,752,868
SELF-Q4-mixed-fixed_hash-340,340,mixed,fixed_hash,square_optical,True,all_sources_cleared_with_certificate,square,False,905.0,81,81,"[3, 4, 5, 6, 9, 10, 13, 14, 15, 16, 17, 18, 19, 20]","[3, 4, 5, 6, 9, 10, 13, 14, 15, 16, 17, 18, 19, 20]",full_mesh,20492.095802069947,0.04755891699999992,14,0,0,0,0,977,14,3,14,1.0,1463.721128719282,67530.4790103498,684,607,963
SELF-Q4-mixed-fixed_hash-341,341,mixed,fixed_hash,square_optical,True,all_sources_cleared_with_certificate,square,False,905.0,81,81,"[1, 2, 5, 6, 8, 9, 10, 11, 12, 13, 14, 16, 17, 18, 19]","[1, 2, 5, 6, 8, 9, 10, 11, 12, 13, 14, 16, 17, 18, 19]",full_mesh,20153.584130961946,0.043896625000000355,15,0,0,0,0,802,15,12,15,1.0,1343.572275397463,63127.9206548098,862,782,787
SELF-Q4-mixed-fixed_hash-342,342,mixed,fixed_hash,square_optical,True,all_sources_cleared_with_certificate,square,False,905.0,81,43,"[1, 2, 3, 4, 5, 6, 7, 8, 9, 11, 12, 13, 17, 18, 19, 20]","[1, 2, 3, 4, 5, 6, 7, 8, 9, 11, 12, 13, 17, 18, 19, 20]",count_upper_bound,14706.539523804144,0.04147637500000023,16,0,0,0,0,958,16,12,16,1.0,919.158720237759,47477.69761902078,391,350,942
SELF-Q4-mixed-fixed_hash-343,343,mixed,fixed_hash,square_optical,True,all_sources_cleared_with_certificate,square,False,905.0,81,81,"[1, 3, 5, 6, 7, 9, 15, 16, 18, 20]","[1, 3, 5, 6, 7, 9, 15, 16, 18, 20]",full_mesh,18868.968297066953,0.03589558400000037,10,0,0,0,0,636,10,5,10,1.0,1886.8968297066954,57624.84148533479,916,836,626
SELF-Q4-mixed-fixed_hash-344,344,mixed,fixed_hash,square_optical,True,all_sources_cleared_with_certificate,square,False,905.0,81,81,"[4, 5, 7, 10, 11, 12, 13, 14, 15, 16, 20]","[4, 5, 7, 10, 11, 12, 13, 14, 15, 16, 20]",full_mesh,17085.161409148335,0.030086958000000052,11,0,0,0,0,410,11,6,11,1.0,1553.1964917407577,54100.80704574171,849,768,399
SELF-Q4-mixed-fixed_hash-345,345,mixed,fixed_hash,square_optical,True,all_sources_cleared_with_certificate,square,False,905.0,81,81,"[1, 3, 4, 5, 6, 7, 10, 11, 12, 14, 16, 18]","[1, 3, 4, 5, 6, 7, 10, 11, 12, 14, 16, 18]",full_mesh,19505.147836866923,0.039110333,12,0,0,0,0,756,12,11,12,1.0,1625.428986405577,61660.7391843347,827,746,744
SELF-Q4-mixed-fixed_hash-346,346,mixed,fixed_hash,square_optical,True,all_sources_cleared_with_certificate,square,False,905.0,81,81,"[2, 3, 4, 7, 8, 9, 11, 12, 13, 14, 15, 17, 18]","[2, 3, 4, 7, 8, 9, 11, 12, 13, 14, 15, 17, 18]",full_mesh,19314.645397457996,0.04071287500000054,13,0,0,0,0,866,13,3,13,1.0,1485.7419536506152,63878.22698729005,666,585,853
SELF-Q4-mixed-fixed_hash-347,347,mixed,fixed_hash,square_optical,True,all_sources_cleared_with_certificate,square,False,905.0,81,81,"[1, 3, 4, 5, 6, 7, 8, 9, 12, 16, 17, 18, 19, 20]","[1, 3, 4, 5, 6, 7, 8, 9, 12, 16, 17, 18, 19, 20]",full_mesh,21109.43732234432,0.04867345899999975,14,0,0,0,0,1067,14,7,14,1.0,1507.816951596023,69162.18661172171,688,608,1053
SELF-Q4-mixed-fixed_hash-348,348,mixed,fixed_hash,square_optical,True,all_sources_cleared_with_certificate,square,False,905.0,81,81,"[1, 2, 3, 4, 6, 7, 8, 9, 11, 14, 15, 16, 17, 18, 19]","[1, 2, 3, 4, 6, 7, 8, 9, 11, 14, 15, 16, 17, 18, 19]",full_mesh,19466.745564466415,0.04173433299999907,15,0,0,0,0,913,15,3,15,1.0,1297.7830376310944,66188.7278223321,590,510,898
SELF-Q4-mixed-fixed_hash-349,349,mixed,fixed_hash,square_optical,True,all_sources_cleared_with_certificate,square,False,905.0,81,58,"[1, 3, 4, 5, 6, 8, 9, 10, 13, 14, 15, 16, 17, 18, 19, 20]","[1, 3, 4, 5, 6, 8, 9, 10, 13, 14, 15, 16, 17, 18, 19, 20]",count_upper_bound,16335.134114745413,0.04021991699999994,16,0,0,0,0,854,16,12,16,1.0,1020.9458821715883,52545.67057372714,548,492,838
SELF-Q4-mixed-fixed_hash-350,350,mixed,fixed_hash,square_optical,True,all_sources_cleared_with_certificate,square,False,905.0,81,81,"[3, 5, 6, 10, 11, 12, 13, 14, 18, 20]","[3, 5, 6, 10, 11, 12, 13, 14, 18, 20]",full_mesh,19216.81746823468,0.03509424999999844,10,0,0,0,0,610,10,8,10,1.0,1921.681746823468,58769.08734117344,949,868,600
SELF-Q4-mixed-fixed_hash-351,351,mixed,fixed_hash,square_optical,True,all_sources_cleared_with_certificate,square,False,905.0,81,81,"[5, 6, 7, 8, 9, 10, 11, 12, 18, 19, 20]","[5, 6, 7, 8, 9, 10, 11, 12, 18, 19, 20]",full_mesh,20466.97514376101,0.039410625000000366,11,0,0,0,0,786,11,4,11,1.0,1860.6341039782737,63979.87571880511,895,816,775
SELF-Q4-mixed-fixed_hash-352,352,mixed,fixed_hash,square_optical,True,all_sources_cleared_with_certificate,square,False,905.0,81,81,"[2, 3, 4, 5, 8, 9, 10, 14, 16, 17, 19, 20]","[2, 3, 4, 5, 8, 9, 10, 14, 16, 17, 19, 20]",full_mesh,20036.052500447564,0.04261025000000096,12,0,0,0,0,846,12,2,12,1.0,1669.6710417039637,62985.262502237885,826,747,834
SELF-Q4-mixed-fixed_hash-353,353,mixed,fixed_hash,square_optical,True,all_sources_cleared_with_certificate,square,False,905.0,81,81,"[2, 3, 4, 6, 7, 8, 9, 10, 12, 13, 15, 16, 19]","[2, 3, 4, 6, 7, 8, 9, 10, 12, 13, 15, 16, 19]",full_mesh,19048.88429016073,0.03962295900000079,13,0,0,0,0,846,13,10,13,1.0,1465.2987915508254,61559.421450803726,709,628,833
SELF-Q4-mixed-fixed_hash-354,354,mixed,fixed_hash,square_optical,True,all_sources_cleared_with_certificate,square,False,905.0,81,81,"[1, 2, 3, 4, 5, 7, 8, 10, 11, 16, 17, 18, 19, 20]","[1, 2, 3, 4, 5, 7, 8, 10, 11, 16, 17, 18, 19, 20]",full_mesh,19274.39958492619,0.04005037499999986,14,0,0,0,0,819,14,5,14,1.0,1376.7428274947276,63221.99792463098,704,625,805
SELF-Q4-mixed-fixed_hash-355,355,mixed,fixed_hash,square_optical,True,all_sources_cleared_with_certificate,square,False,905.0,81,81,"[2, 3, 4, 5, 6, 7, 9, 10, 11, 13, 14, 15, 16, 19, 20]","[2, 3, 4, 5, 6, 7, 9, 10, 11, 13, 14, 15, 16, 19, 20]",full_mesh,18960.972821877527,0.038778582999999145,15,0,0,0,0,809,15,10,15,1.0,1264.0648547918352,65814.8641093877,570,491,794
SELF-Q4-mixed-fixed_hash-356,356,mixed,fixed_hash,square_optical,True,all_sources_cleared_with_certificate,square,False,905.0,81,58,"[2, 4, 6, 7, 8, 9, 10, 11, 12, 13, 14, 15, 16, 17, 18, 19]","[2, 4, 6, 7, 8, 9, 10, 11, 12, 13, 14, 15, 16, 17, 18, 19]",count_upper_bound,18548.607742338078,0.048855958000000754,16,0,0,0,0,1131,16,5,16,1.0,1159.2879838961298,59078.03871169047,561,503,1115
SELF-Q4-mixed-fixed_hash-357,357,mixed,fixed_hash,square_optical,True,all_sources_cleared_with_certificate,square,False,905.0,81,81,"[3, 4, 5, 6, 7, 8, 9, 12, 18, 20]","[3, 4, 5, 6, 7, 8, 9, 12, 18, 20]",full_mesh,18439.56280578184,0.03379366699999942,10,0,0,0,0,516,10,7,10,1.0,1843.9562805781839,55242.81402890926,984,903,506
SELF-Q4-mixed-fixed_hash-358,358,mixed,fixed_hash,square_optical,True,all_sources_cleared_with_certificate,square,False,905.0,81,81,"[1, 2, 3, 7, 8, 10, 11, 13, 14, 15, 19]","[1, 2, 3, 7, 8, 10, 11, 13, 14, 15, 19]",full_mesh,20544.426136506343,0.040592624999998606,11,0,0,0,0,796,11,4,11,1.0,1867.6751033187584,63117.130682531766,932,851,785
SELF-Q4-mixed-fixed_hash-359,359,mixed,fixed_hash,square_optical,True,all_sources_cleared_with_certificate,square,False,905.0,81,81,"[1, 2, 3, 7, 9, 10, 13, 15, 16, 17, 18, 19]","[1, 2, 3, 7, 9, 10, 13, 15, 16, 17, 18, 19]",full_mesh,19536.69804518315,0.03959637500000035,12,0,0,0,0,730,12,4,12,1.0,1628.0581704319293,61063.490225915804,865,785,718
SELF-Q4-mixed-fixed_hash-360,360,mixed,fixed_hash,square_optical,True,all_sources_cleared_with_certificate,square,False,905.0,81,81,"[2, 3, 4, 7, 8, 9, 10, 11, 13, 14, 15, 17, 20]","[2, 3, 4, 7, 8, 9, 10, 11, 13, 14, 15, 17, 20]",full_mesh,19201.179637480458,0.03843916599999986,13,0,0,0,0,768,13,6,13,1.0,1477.0138182677276,63125.89818740233,721,641,755
SELF-Q4-mixed-fixed_hash-361,361,mixed,fixed_hash,square_optical,True,all_sources_cleared_with_certificate,square,False,905.0,81,81,"[1, 3, 4, 5, 6, 7, 10, 11, 12, 13, 15, 16, 18, 20]","[1, 3, 4, 5, 6, 7, 10, 11, 12, 13, 15, 16, 18, 20]",full_mesh,20653.527359512038,0.04714137500000071,14,0,0,0,0,1027,14,10,14,1.0,1475.2519542508599,67542.63679756028,686,606,1013
SELF-Q4-mixed-fixed_hash-362,362,mixed,fixed_hash,square_optical,True,all_sources_cleared_with_certificate,square,False,905.0,81,81,"[3, 5, 6, 8, 9, 10, 11, 12, 13, 14, 16, 17, 18, 19, 20]","[3, 5, 6, 8, 9, 10, 11, 12, 13, 14, 16, 17, 18, 19, 20]",full_mesh,19053.984237518893,0.041494042000000064,15,0,0,0,0,838,15,10,15,1.0,1270.2656158345928,63234.92118759455,657,578,823
SELF-Q4-mixed-fixed_hash-363,363,mixed,fixed_hash,square_optical,True,all_sources_cleared_with_certificate,square,False,905.0,81,32,"[2, 3, 6, 7, 9, 10, 11, 12, 13, 14, 15, 16, 17, 18, 19, 20]","[2, 3, 6, 7, 9, 10, 11, 12, 13, 14, 15, 16, 17, 18, 19, 20]",count_upper_bound,13834.596798281671,0.04473833299999974,16,0,0,0,0,1046,16,6,16,1.0,864.6622998926044,43662.98399140841,327,297,1030
SELF-Q4-mixed-fixed_hash-364,364,mixed,fixed_hash,square_optical,True,all_sources_cleared_with_certificate,square,False,905.0,81,81,"[1, 3, 4, 6, 9, 15, 16, 17, 19, 20]","[1, 3, 4, 6, 9, 15, 16, 17, 19, 20]",full_mesh,19313.304191599527,0.036504916000000165,10,0,0,0,0,635,10,4,10,1.0,1931.3304191599527,58931.52095799769,947,867,625
SELF-Q4-mixed-fixed_hash-365,365,mixed,fixed_hash,square_optical,True,all_sources_cleared_with_certificate,square,False,905.0,81,81,"[1, 3, 5, 7, 9, 10, 11, 13, 17, 18, 20]","[1, 3, 5, 7, 9, 10, 11, 13, 17, 18, 20]",full_mesh,18888.610219173832,0.03599670900000085,11,0,0,0,0,663,11,4,11,1.0,1717.1463835612574,60578.05109586915,807,727,652
SELF-Q4-mixed-fixed_hash-366,366,mixed,fixed_hash,square_optical,True,all_sources_cleared_with_certificate,square,False,905.0,81,81,"[2, 3, 4, 5, 6, 7, 11, 12, 13, 15, 16, 20]","[2, 3, 4, 5, 6, 7, 11, 12, 13, 15, 16, 20]",full_mesh,20656.213546717296,0.04332966700000007,12,0,0,0,0,883,12,7,12,1.0,1721.351128893108,64066.06773358656,875,795,871
SELF-Q4-mixed-fixed_hash-367,367,mixed,fixed_hash,square_optical,True,all_sources_cleared_with_certificate,square,False,905.0,81,81,"[1, 2, 4, 5, 7, 8, 9, 12, 14, 16, 17, 18, 19]","[1, 2, 4, 5, 7, 8, 9, 12, 14, 16, 17, 18, 19]",full_mesh,19112.234103022183,0.03958570800000061,13,0,0,0,0,741,13,4,13,1.0,1470.1718540786294,61376.170515110985,778,698,728
SELF-Q4-mixed-fixed_hash-368,368,mixed,fixed_hash,square_optical,True,all_sources_cleared_with_certificate,square,False,905.0,81,81,"[2, 5, 7, 8, 9, 10, 11, 13, 14, 15, 16, 17, 18, 19]","[2, 5, 7, 8, 9, 10, 11, 13, 14, 15, 16, 17, 18, 19]",full_mesh,19006.07336364963,0.0411020829999984,14,0,0,0,0,808,14,6,14,1.0,1357.5766688321164,62380.366818248236,693,613,794
SELF-Q4-mixed-fixed_hash-369,369,mixed,fixed_hash,square_optical,True,all_sources_cleared_with_certificate,square,False,905.0,81,81,"[1, 2, 3, 4, 7, 8, 9, 10, 12, 13, 15, 16, 17, 18, 19]","[1, 2, 3, 4, 7, 8, 9, 10, 12, 13, 15, 16, 17, 18, 19]",full_mesh,17944.871137188886,0.03924383300000045,15,0,0,0,0,828,15,6,15,1.0,1196.3247424792592,62704.35568594449,495,415,813
SELF-Q4-mixed-fixed_hash-370,370,mixed,fixed_hash,square_optical,True,all_sources_cleared_with_certificate,square,False,905.0,81,63,"[1, 3, 4, 5, 6, 8, 9, 10, 11, 12, 13, 14, 15, 16, 17, 19]","[1, 3, 4, 5, 6, 8, 9, 10, 11, 12, 13, 14, 15, 16, 17, 19]",count_upper_bound,16696.549544925176,0.03876299999999944,16,0,0,0,0,766,16,10,16,1.0,1043.5343465578235,55102.747724625915,568,506,750
SELF-Q4-mixed-fixed_hash-371,371,mixed,fixed_hash,square_optical,True,all_sources_cleared_with_certificate,square,False,905.0,81,81,"[1, 4, 6, 8, 10, 13, 14, 17, 18, 19]","[1, 4, 6, 8, 10, 13, 14, 17, 18, 19]",full_mesh,19016.480720919488,0.03437195899999956,10,0,0,0,0,605,10,4,10,1.0,1901.6480720919487,58082.40360459749,941,860,595
SELF-Q4-mixed-fixed_hash-372,372,mixed,fixed_hash,square_optical,True,all_sources_cleared_with_certificate,square,False,905.0,81,81,"[3, 4, 7, 8, 9, 10, 12, 16, 18, 19, 20]","[3, 4, 7, 8, 9, 10, 12, 16, 18, 19, 20]",full_mesh,19696.35896063072,0.03766375000000011,11,0,0,0,0,676,11,7,11,1.0,1790.5780873300655,60611.79480315363,934,854,665
SELF-Q4-mixed-fixed_hash-373,373,mixed,fixed_hash,square_optical,True,all_sources_cleared_with_certificate,square,False,905.0,81,81,"[2, 4, 5, 6, 7, 8, 10, 12, 15, 16, 17, 19]","[2, 4, 5, 6, 7, 8, 10, 12, 15, 16, 17, 19]",full_mesh,18565.7901847884,0.03386358400000056,12,0,0,0,0,556,12,8,12,1.0,1547.1491820657,57203.95092394202,919,838,544
SELF-Q4-mixed-fixed_hash-374,374,mixed,fixed_hash,square_optical,True,all_sources_cleared_with_certificate,square,False,905.0,81,81,"[4, 5, 8, 9, 11, 12, 13, 14, 15, 16, 17, 18, 19]","[4, 5, 8, 9, 11, 12, 13, 14, 15, 16, 17, 18, 19]",full_mesh,19884.290316249062,0.0422608750000002,13,0,0,0,0,900,13,7,13,1.0,1529.5607935576202,65671.45158124536,684,604,887
SELF-Q4-mixed-fixed_hash-375,375,mixed,fixed_hash,square_optical,True,all_sources_cleared_with_certificate,square,False,905.0,81,81,"[3, 5, 6, 7, 8, 9, 12, 13, 14, 15, 16, 17, 19, 20]","[3, 5, 6, 7, 8, 9, 12, 13, 14, 15, 16, 17, 19, 20]",full_mesh,19524.124937122036,0.041571166999998965,14,0,0,0,0,855,14,11,14,1.0,1394.580352651574,63360.62468561025,723,644,841
SELF-Q4-mixed-fixed_hash-376,376,mixed,fixed_hash,square_optical,True,all_sources_cleared_with_certificate,square,False,905.0,81,81,"[1, 3, 4, 6, 7, 8, 9, 10, 12, 13, 15, 16, 17, 18, 20]","[1, 3, 4, 6, 7, 8, 9, 10, 12, 13, 15, 16, 17, 18, 20]",full_mesh,18791.25494579335,0.03997054099999886,15,0,0,0,0,821,15,10,15,1.0,1252.7503297195567,63741.27472896676,605,525,806
SELF-Q4-mixed-fixed_hash-377,377,mixed,fixed_hash,square_optical,True,all_sources_cleared_with_certificate,square,False,905.0,81,57,"[1, 2, 3, 4, 6, 7, 8, 9, 11, 13, 14, 15, 17, 18, 19, 20]","[1, 2, 3, 4, 6, 7, 8, 9, 11, 13, 14, 15, 17, 18, 19, 20]",count_upper_bound,15214.851703901726,0.03871920799999984,16,0,0,0,0,754,16,6,16,1.0,950.9282314938579,49409.25851950869,516,459,738
SELF-Q4-mixed-fixed_hash-378,378,mixed,fixed_hash,square_optical,True,all_sources_cleared_with_certificate,square,False,905.0,81,81,"[1, 5, 7, 8, 10, 12, 13, 15, 17, 20]","[1, 5, 7, 8, 10, 12, 13, 15, 17, 20]",full_mesh,18984.940690342137,0.035194624999999036,10,0,0,0,0,614,10,3,10,1.0,1898.4940690342137,58534.70345171071,916,836,604
SELF-Q4-mixed-fixed_hash-379,379,mixed,fixed_hash,square_optical,True,all_sources_cleared_with_certificate,square,False,905.0,81,81,"[1, 6, 7, 8, 10, 11, 13, 14, 16, 17, 18]","[1, 6, 7, 8, 10, 11, 13, 14, 16, 17, 18]",full_mesh,20290.279736743527,0.04064250000000058,11,0,0,0,0,845,11,8,11,1.0,1844.5708851585025,62521.39868371771,885,804,834
SELF-Q4-mixed-fixed_hash-380,380,mixed,fixed_hash,square_optical,True,all_sources_cleared_with_certificate,square,False,905.0,81,81,"[4, 5, 8, 9, 10, 11, 12, 13, 14, 15, 18, 20]","[4, 5, 8, 9, 10, 11, 12, 13, 14, 15, 18, 20]",full_mesh,18706.906293272463,0.03727470799999999,12,0,0,0,0,714,12,8,12,1.0,1558.9088577727052,59159.53146636239,798,719,702
SELF-Q4-mixed-fixed_hash-381,381,mixed,fixed_hash,square_optical,True,all_sources_cleared_with_certificate,square,False,905.0,81,81,"[1, 4, 5, 7, 9, 10, 11, 13, 14, 15, 16, 19, 20]","[1, 4, 5, 7, 9, 10, 11, 13, 14, 15, 16, 19, 20]",full_mesh,19266.87175267485,0.038220499999999547,13,0,0,0,0,818,13,7,13,1.0,1482.0670578980655,64329.358763374315,667,586,805
SELF-Q4-mixed-fixed_hash-382,382,mixed,fixed_hash,square_optical,True,all_sources_cleared_with_certificate,square,False,905.0,81,81,"[1, 2, 3, 5, 6, 8, 9, 10, 11, 12, 13, 15, 16, 19]","[1, 2, 3, 5, 6, 8, 9, 10, 11, 12, 13, 15, 16, 19]",full_mesh,20182.475486978816,0.04468787500000104,14,0,0,0,0,956,14,12,14,1.0,1441.6053919270582,64367.37743489413,749,668,942
SELF-Q4-mixed-fixed_hash-383,383,mixed,fixed_hash,square_optical,True,all_sources_cleared_with_certificate,square,False,905.0,81,81,"[2, 4, 5, 6, 8, 11, 12, 13, 14, 15, 16, 17, 18, 19, 20]","[2, 4, 5, 6, 8, 11, 12, 13, 14, 15, 16, 17, 18, 19, 20]",full_mesh,18850.364268428533,0.04180654100000325,15,0,0,0,0,900,15,5,15,1.0,1256.6909512285688,65581.82134214274,514,434,885
SELF-Q4-mixed-fixed_hash-384,384,mixed,fixed_hash,square_optical,True,all_sources_cleared_with_certificate,square,False,905.0,81,65,"[1, 2, 4, 5, 7, 8, 9, 10, 12, 13, 15, 16, 17, 18, 19, 20]","[1, 2, 4, 5, 7, 8, 9, 10, 12, 13, 15, 16, 17, 18, 19, 20]",count_upper_bound,17552.912118472083,0.044918750000000784,16,0,0,0,0,1022,16,8,16,1.0,1097.0570074045052,58994.56059236051,453,391,1006
SELF-Q4-mixed-fixed_hash-385,385,mixed,fixed_hash,square_optical,True,all_sources_cleared_with_certificate,square,False,905.0,81,81,"[1, 3, 4, 7, 10, 13, 14, 16, 17, 19]","[1, 3, 4, 7, 10, 13, 14, 16, 17, 19]",full_mesh,18151.465735502676,0.031766334000000285,10,0,0,0,0,477,10,6,10,1.0,1815.1465735502675,54922.32867751339,966,886,467
SELF-Q4-mixed-fixed_hash-386,386,mixed,fixed_hash,square_optical,True,all_sources_cleared_with_certificate,square,False,905.0,81,81,"[1, 4, 5, 9, 10, 11, 13, 14, 15, 17, 20]","[1, 4, 5, 9, 10, 11, 13, 14, 15, 17, 20]",full_mesh,18714.336139742692,0.033837957999999446,11,0,0,0,0,523,11,10,11,1.0,1701.3032854311539,55961.68069871348,1002,921,512
SELF-Q4-mixed-fixed_hash-387,387,mixed,fixed_hash,square_optical,True,all_sources_cleared_with_certificate,square,False,905.0,81,81,"[2, 4, 5, 6, 7, 9, 10, 15, 17, 18, 19, 20]","[2, 4, 5, 6, 7, 9, 10, 15, 17, 18, 19, 20]",full_mesh,20590.51665134568,0.043961875000000816,12,0,0,0,0,931,12,2,12,1.0,1715.87638761214,63757.58325672846,850,772,919
SELF-Q4-mixed-fixed_hash-388,388,mixed,fixed_hash,square_optical,True,all_sources_cleared_with_certificate,square,False,905.0,81,81,"[2, 3, 4, 6, 7, 8, 11, 12, 13, 14, 17, 19, 20]","[2, 3, 4, 6, 7, 8, 11, 12, 13, 14, 17, 19, 20]",full_mesh,21025.705319391847,0.045492082999999184,13,0,0,0,0,1055,13,2,13,1.0,1617.3619476455267,68423.5265969593,705,625,1042
SELF-Q4-mixed-fixed_hash-389,389,mixed,fixed_hash,square_optical,True,all_sources_cleared_with_certificate,square,False,905.0,81,81,"[1, 3, 4, 7, 8, 9, 12, 13, 14, 16, 17, 18, 19, 20]","[1, 3, 4, 7, 8, 9, 12, 13, 14, 16, 17, 18, 19, 20]",full_mesh,20421.99905714122,0.04562058299999805,14,0,0,0,0,1049,14,8,14,1.0,1458.71421836723,68299.9952857062,611,532,1035
SELF-Q4-mixed-fixed_hash-390,390,mixed,fixed_hash,square_optical,True,all_sources_cleared_with_certificate,square,False,905.0,81,81,"[1, 3, 4, 5, 6, 9, 11, 13, 14, 15, 16, 17, 18, 19, 20]","[1, 3, 4, 5, 6, 9, 11, 13, 14, 15, 16, 17, 18, 19, 20]",full_mesh,20872.319300332318,0.051150208999999336,15,0,0,0,0,1250,15,5,15,1.0,1391.487953355488,73071.59650166168,426,348,1235
SELF-Q4-mixed-fixed_hash-391,391,mixed,fixed_hash,square_optical,True,all_sources_cleared_with_certificate,square,False,905.0,81,46,"[1, 2, 4, 5, 6, 8, 10, 11, 12, 13, 14, 15, 16, 18, 19, 20]","[1, 2, 4, 5, 6, 8, 10, 11, 12, 13, 14, 15, 16, 18, 19, 20]",count_upper_bound,15138.256982211095,0.045741166999999194,16,0,0,0,0,1032,16,2,16,1.0,946.1410613881934,48606.28491105551,389,344,1016
SELF-Q4-mixed-fixed_hash-392,392,mixed,fixed_hash,square_optical,True,all_sources_cleared_with_certificate,square,False,905.0,81,81,"[2, 4, 6, 7, 9, 15, 16, 18, 19, 20]","[2, 4, 6, 7, 9, 15, 16, 18, 19, 20]",full_mesh,17912.79275076238,0.031217000000001605,10,0,0,0,0,451,10,5,10,1.0,1791.2792750762378,54448.96375381193,955,875,441
SELF-Q4-mixed-fixed_hash-393,393,mixed,fixed_hash,square_optical,True,all_sources_cleared_with_certificate,square,False,905.0,81,81,"[1, 3, 4, 6, 8, 10, 11, 12, 14, 17, 19]","[1, 3, 4, 6, 8, 10, 11, 12, 14, 17, 19]",full_mesh,21884.496639446592,0.04807608299999799,11,0,0,0,0,1165,11,2,11,1.0,1989.4996944951447,67522.48319723306,824,743,1154
SELF-Q4-mixed-fixed_hash-394,394,mixed,fixed_hash,square_optical,True,all_sources_cleared_with_certificate,square,False,905.0,81,81,"[2, 3, 4, 6, 7, 8, 12, 14, 16, 17, 18, 20]","[2, 3, 4, 6, 7, 8, 12, 14, 16, 17, 18, 20]",full_mesh,18896.516168859653,0.03686212499999897,12,0,0,0,0,708,12,8,12,1.0,1574.7096807383043,59542.5808442983,820,740,696
SELF-Q4-mixed-fixed_hash-395,395,mixed,fixed_hash,square_optical,True,all_sources_cleared_with_certificate,square,False,905.0,81,81,"[1, 2, 3, 4, 5, 6, 7, 11, 12, 13, 14, 15, 17]","[1, 2, 3, 4, 5, 6, 7, 11, 12, 13, 14, 15, 17]",full_mesh,18638.50771749406,0.03443258299999741,13,0,0,0,0,614,13,9,13,1.0,1433.7313628841584,59537.53858747032,824,743,601
SELF-Q4-mixed-fixed_hash-396,396,mixed,fixed_hash,square_optical,True,all_sources_cleared_with_certificate,square,False,905.0,81,81,"[2, 4, 5, 6, 7, 9, 10, 12, 14, 15, 17, 18, 19, 20]","[2, 4, 5, 6, 7, 9, 10, 12, 14, 15, 17, 18, 19, 20]",full_mesh,18166.193384149938,0.035870958000000286,14,0,0,0,0,708,14,6,14,1.0,1297.5852417249955,60515.96692074976,665,586,694
SELF-Q4-mixed-fixed_hash-397,397,mixed,fixed_hash,square_optical,True,all_sources_cleared_with_certificate,square,False,905.0,81,81,"[1, 2, 3, 4, 5, 7, 9, 10, 12, 13, 15, 17, 18, 19, 20]","[1, 2, 3, 4, 5, 7, 9, 10, 12, 13, 15, 17, 18, 19, 20]",full_mesh,17484.556521265597,0.03545812500000167,15,0,0,0,0,702,15,14,15,1.0,1165.6371014177064,59982.78260632803,572,492,687
SELF-Q4-mixed-fixed_hash-398,398,mixed,fixed_hash,square_optical,True,all_sources_cleared_with_certificate,square,False,905.0,81,37,"[1, 2, 3, 4, 6, 8, 10, 11, 12, 13, 14, 15, 16, 17, 18, 20]","[1, 2, 3, 4, 6, 8, 10, 11, 12, 13, 14, 15, 16, 17, 18, 20]",count_upper_bound,12445.254638464517,0.03631358400000195,16,0,0,0,0,808,16,7,16,1.0,777.8284149040323,39741.2731923226,346,311,792
SELF-Q4-mixed-fixed_hash-399,399,mixed,fixed_hash,square_optical,True,all_sources_cleared_with_certificate,square,False,905.0,81,81,"[1, 2, 3, 4, 6, 8, 9, 11, 18, 20]","[1, 2, 3, 4, 6, 8, 9, 11, 18, 20]",full_mesh,20177.382495681468,0.03857537500000063,10,0,0,0,0,838,10,1,10,1.0,2017.7382495681468,63026.912478407445,853,773,828
SELF-Q4-mixed-fixed_hash-400,400,mixed,fixed_hash,square_optical,True,all_sources_cleared_with_certificate,square,False,905.0,81,81,"[3, 7, 8, 9, 10, 12, 13, 15, 16, 18, 19]","[3, 7, 8, 9, 10, 12, 13, 15, 16, 18, 19]",full_mesh,18487.763340368918,0.02992666600000149,11,0,0,0,0,394,11,5,11,1.0,1680.7057582153561,56818.816701844626,1000,920,383
SELF-Q4-mixed-fixed_hash-401,401,mixed,fixed_hash,square_optical,True,all_sources_cleared_with_certificate,square,False,905.0,81,81,"[3, 4, 5, 6, 8, 9, 11, 13, 14, 15, 16, 20]","[3, 4, 5, 6, 8, 9, 11, 13, 14, 15, 16, 20]",full_mesh,20572.44586668031,0.04125074999999967,12,0,0,0,0,898,12,2,12,1.0,1714.3704888900259,64682.229333401614,833,753,886
SELF-Q4-mixed-fixed_hash-402,402,mixed,fixed_hash,square_optical,True,all_sources_cleared_with_certificate,square,False,905.0,81,81,"[1, 3, 4, 7, 8, 9, 10, 13, 14, 16, 17, 18, 20]","[1, 3, 4, 7, 8, 9, 10, 13, 14, 16, 17, 18, 20]",full_mesh,20946.805953918272,0.04270229099999767,13,0,0,0,0,940,13,10,13,1.0,1611.2927656860209,66599.02976959148,810,731,927
SELF-Q4-mixed-fixed_hash-403,403,mixed,fixed_hash,square_optical,True,all_sources_cleared_with_certificate,square,False,905.0,81,81,"[2, 3, 6, 7, 8, 9, 10, 11, 12, 13, 14, 16, 17, 20]","[2, 3, 6, 7, 8, 9, 10, 11, 12, 13, 14, 16, 17, 20]",full_mesh,19640.83933857683,0.04066562500000259,14,0,0,0,0,876,14,12,14,1.0,1402.9170956126306,65079.19669288419,675,594,862
SELF-Q4-mixed-fixed_hash-404,404,mixed,fixed_hash,square_optical,True,all_sources_cleared_with_certificate,square,False,905.0,81,81,"[1, 2, 3, 6, 7, 10, 11, 12, 13, 14, 16, 17, 18, 19, 20]","[1, 2, 3, 6, 7, 10, 11, 12, 13, 14, 16, 17, 18, 19, 20]",full_mesh,20838.880651608004,0.0456676250000001,15,0,0,0,0,1041,15,14,15,1.0,1389.2587101072002,69769.40325804014,635,557,1026
SELF-Q4-mixed-fixed_hash-405,405,mixed,fixed_hash,square_optical,True,all_sources_cleared_with_certificate,square,False,905.0,81,47,"[1, 2, 4, 5, 6, 7, 9, 10, 11, 13, 14, 15, 16, 17, 18, 19]","[1, 2, 4, 5, 6, 7, 9, 10, 11, 13, 14, 15, 16, 17, 18, 19]",count_upper_bound,14348.42324743057,0.03973995799999841,16,0,0,0,0,925,16,9,16,1.0,896.7764529644106,46567.11623715286,379,333,909
SELF-Q4-mixed-fixed_hash-406,406,mixed,fixed_hash,square_optical,True,all_sources_cleared_with_certificate,square,False,905.0,81,81,"[1, 2, 3, 4, 5, 10, 13, 14, 15, 20]","[1, 2, 3, 4, 5, 10, 13, 14, 15, 20]",full_mesh,20605.75744934718,0.03748329100000092,10,0,0,0,0,779,10,2,10,1.0,2060.575744934718,63203.78724673601,948,868,769
SELF-Q4-mixed-fixed_hash-407,407,mixed,fixed_hash,square_optical,True,all_sources_cleared_with_certificate,square,False,905.0,81,81,"[4, 8, 9, 10, 11, 12, 13, 14, 16, 18, 19]","[4, 8, 9, 10, 11, 12, 13, 14, 16, 18, 19]",full_mesh,19830.772140242374,0.03797641699999943,11,0,0,0,0,690,11,7,11,1.0,1802.7974672947612,58883.86070121193,1007,927,679
SELF-Q4-mixed-fixed_hash-408,408,mixed,fixed_hash,square_optical,True,all_sources_cleared_with_certificate,square,False,905.0,81,81,"[2, 4, 5, 7, 8, 9, 11, 14, 15, 17, 18, 19]","[2, 4, 5, 7, 8, 9, 11, 14, 15, 17, 18, 19]",full_mesh,18921.574644054006,0.03494483300000084,12,0,0,0,0,605,12,9,12,1.0,1576.7978870045006,61127.87322027005,823,742,593
SELF-Q4-mixed-fixed_hash-409,409,mixed,fixed_hash,square_optical,True,all_sources_cleared_with_certificate,square,False,905.0,81,81,"[2, 4, 5, 7, 9, 11, 12, 13, 14, 16, 17, 18, 19]","[2, 4, 5, 7, 9, 11, 12, 13, 14, 16, 17, 18, 19]",full_mesh,19221.409466959543,0.039558458999998436,13,0,0,0,0,755,13,4,13,1.0,1478.5699589968879,62257.04733479777,760,679,742
SELF-Q4-mixed-fixed_hash-410,410,mixed,fixed_hash,square_optical,True,all_sources_cleared_with_certificate,square,False,905.0,81,81,"[1, 3, 4, 5, 8, 9, 10, 11, 12, 14, 16, 17, 19, 20]","[1, 3, 4, 5, 8, 9, 10, 11, 12, 14, 16, 17, 19, 20]",full_mesh,20874.756568208526,0.04894683299999869,14,0,0,0,0,1177,14,1,14,1.0,1491.0540405863233,70053.78284104273,564,485,1163
SELF-Q4-mixed-fixed_hash-411,411,mixed,fixed_hash,square_optical,True,all_sources_cleared_with_certificate,square,False,905.0,81,81,"[1, 2, 4, 6, 7, 8, 9, 10, 11, 14, 15, 16, 17, 19, 20]","[1, 2, 4, 6, 7, 8, 9, 10, 11, 14, 15, 16, 17, 19, 20]",full_mesh,19040.8281941344,0.04298566699999995,15,0,0,0,0,945,15,2,15,1.0,1269.3885462756266,65319.1409706721,532,452,930
SELF-Q4-mixed-fixed_hash-412,412,mixed,fixed_hash,square_optical,True,all_sources_cleared_with_certificate,square,False,905.0,81,57,"[1, 2, 4, 5, 6, 7, 8, 10, 11, 13, 14, 15, 16, 18, 19, 20]","[1, 2, 4, 5, 6, 7, 8, 10, 11, 13, 14, 15, 16, 18, 19, 20]",count_upper_bound,15765.204144453615,0.039688375000000775,16,0,0,0,0,876,16,6,16,1.0,985.325259028351,51981.020722268135,461,404,860
SELF-Q4-mixed-fixed_hash-413,413,mixed,fixed_hash,square_optical,True,all_sources_cleared_with_certificate,square,False,905.0,81,81,"[3, 5, 6, 8, 9, 10, 11, 15, 18, 19]","[3, 5, 6, 8, 9, 10, 11, 15, 18, 19]",full_mesh,18504.310262567265,0.031989083000002694,10,0,0,0,0,522,10,5,10,1.0,1850.4310262567265,56731.551312836375,942,862,512
SELF-Q4-mixed-fixed_hash-414,414,mixed,fixed_hash,square_optical,True,all_sources_cleared_with_certificate,square,False,905.0,81,81,"[2, 3, 5, 6, 8, 9, 10, 12, 13, 14, 17]","[2, 3, 5, 6, 8, 9, 10, 12, 13, 14, 17]",full_mesh,17446.332158854526,0.027994958000000736,11,0,0,0,0,428,11,7,11,1.0,1586.0301962595024,55876.660794272655,841,760,417
SELF-Q4-mixed-fixed_hash-415,415,mixed,fixed_hash,square_optical,True,all_sources_cleared_with_certificate,square,False,905.0,81,81,"[1, 2, 3, 7, 8, 9, 11, 13, 14, 15, 17, 18]","[1, 2, 3, 7, 8, 9, 11, 13, 14, 15, 17, 18]",full_mesh,18470.906847857994,0.03232037500000118,12,0,0,0,0,551,12,8,12,1.0,1539.2422373214995,59264.534239290006,837,756,539
SELF-Q4-mixed-fixed_hash-416,416,mixed,fixed_hash,square_optical,True,all_sources_cleared_with_certificate,square,False,905.0,81,81,"[1, 6, 8, 9, 10, 11, 12, 15, 16, 17, 18, 19, 20]","[1, 6, 8, 9, 10, 11, 12, 15, 16, 17, 18, 19, 20]",full_mesh,19441.808601488334,0.03923604199999886,13,0,0,0,0,821,13,11,13,1.0,1495.5237385760256,64279.04300744177,696,617,808
SELF-Q4-mixed-fixed_hash-417,417,mixed,fixed_hash,square_optical,True,all_sources_cleared_with_certificate,square,False,905.0,81,81,"[1, 2, 3, 6, 7, 8, 9, 10, 11, 12, 13, 14, 15, 20]","[1, 2, 3, 6, 7, 8, 9, 10, 11, 12, 13, 14, 15, 20]",full_mesh,18528.28398235663,0.03605262499999995,14,0,0,0,0,666,14,1,14,1.0,1323.4488558826163,62151.419911783174,692,612,652
SELF-Q4-mixed-fixed_hash-418,418,mixed,fixed_hash,square_optical,True,all_sources_cleared_with_certificate,square,False,905.0,81,81,"[1, 3, 4, 5, 7, 8, 9, 10, 11, 12, 13, 15, 16, 18, 20]","[1, 3, 4, 5, 7, 8, 9, 10, 11, 12, 13, 15, 16, 18, 20]",full_mesh,22040.441322812563,0.04986229200000025,15,0,0,0,0,1201,15,10,15,1.0,1469.3627548541708,70842.20661406289,720,639,1186
SELF-Q4-mixed-fixed_hash-419,419,mixed,fixed_hash,square_optical,True,all_sources_cleared_with_certificate,square,False,905.0,81,31,"[1, 2, 3, 4, 5, 9, 10, 11, 12, 13, 14, 15, 16, 17, 19, 20]","[1, 2, 3, 4, 5, 9, 10, 11, 12, 13, 14, 15, 16, 17, 19, 20]",count_upper_bound,13147.266444245652,0.04111812500000056,16,0,0,0,0,1020,16,15,16,1.0,821.7041527653532,41306.332221228295,304,274,1004
SELF-Q4-mixed-fixed_hash-420,420,mixed,fixed_hash,square_optical,True,all_sources_cleared_with_certificate,square,False,905.0,81,81,"[1, 2, 4, 9, 11, 12, 13, 14, 15, 17]","[1, 2, 4, 9, 11, 12, 13, 14, 15, 17]",full_mesh,18596.065499538992,0.03297341600000081,10,0,0,0,0,591,10,1,10,1.0,1859.6065499538993,58380.32749769501,868,787,581
SELF-Q4-mixed-fixed_hash-421,421,mixed,fixed_hash,square_optical,True,all_sources_cleared_with_certificate,square,False,905.0,81,81,"[4, 6, 7, 8, 9, 10, 16, 17, 18, 19, 20]","[4, 6, 7, 8, 9, 10, 16, 17, 18, 19, 20]",full_mesh,18324.27898324886,0.032590540999997586,11,0,0,0,0,526,11,7,11,1.0,1665.8435439317145,55826.39491624432,940,859,515
SELF-Q4-mixed-fixed_hash-422,422,mixed,fixed_hash,square_optical,True,all_sources_cleared_with_certificate,square,False,905.0,81,81,"[1, 3, 4, 5, 8, 10, 11, 13, 16, 18, 19, 20]","[1, 3, 4, 5, 8, 10, 11, 13, 16, 18, 19, 20]",full_mesh,18753.708347957243,0.03549658300000047,12,0,0,0,0,679,12,1,12,1.0,1562.8090289964368,60518.54173978628,778,699,667
SELF-Q4-mixed-fixed_hash-423,423,mixed,fixed_hash,square_optical,True,all_sources_cleared_with_certificate,square,False,905.0,81,81,"[2, 4, 5, 6, 8, 9, 10, 11, 14, 15, 17, 18, 19]","[2, 4, 5, 6, 8, 9, 10, 11, 14, 15, 17, 18, 19]",full_mesh,18071.390631056336,0.032601416999998634,13,0,0,0,0,578,13,10,13,1.0,1390.1069716197183,58766.953155281706,773,693,565
SELF-Q4-mixed-fixed_hash-424,424,mixed,fixed_hash,square_optical,True,all_sources_cleared_with_certificate,square,False,905.0,81,81,"[1, 2, 3, 4, 5, 7, 9, 13, 14, 15, 16, 17, 18, 19]","[1, 2, 3, 4, 5, 7, 9, 13, 14, 15, 16, 17, 18, 19]",full_mesh,20848.77736734639,0.045056833000000296,14,0,0,0,0,1021,14,4,14,1.0,1489.198383381885,68153.886836732,701,622,1007
SELF-Q4-mixed-fixed_hash-425,425,mixed,fixed_hash,square_optical,True,all_sources_cleared_with_certificate,square,False,905.0,81,81,"[2, 3, 4, 5, 6, 9, 10, 11, 12, 13, 14, 15, 17, 18, 20]","[2, 3, 4, 5, 6, 9, 10, 11, 12, 13, 14, 15, 17, 18, 20]",full_mesh,19733.663419458862,0.04346883400000223,15,0,0,0,0,969,15,9,15,1.0,1315.5775612972575,66653.31709729436,591,511,954
SELF-Q4-mixed-fixed_hash-426,426,mixed,fixed_hash,square_optical,True,all_sources_cleared_with_certificate,square,False,905.0,81,40,"[1, 2, 3, 4, 5, 6, 7, 8, 9, 10, 11, 12, 13, 15, 19, 20]","[1, 2, 3, 4, 5, 6, 7, 8, 9, 10, 11, 12, 13, 15, 19, 20]",count_upper_bound,13582.667488025138,0.03577983299999943,16,0,0,0,0,786,16,12,16,1.0,848.9167180015711,44008.33744012573,405,366,770
SELF-Q4-mixed-fixed_hash-427,427,mixed,fixed_hash,square_optical,True,all_sources_cleared_with_certificate,square,False,905.0,81,81,"[1, 2, 5, 6, 11, 12, 16, 17, 18, 20]","[1, 2, 5, 6, 11, 12, 16, 17, 18, 20]",full_mesh,20255.476341580255,0.03701008300000197,10,0,0,0,0,683,10,9,10,1.0,2025.5476341580256,60127.38170790132,1040,961,673
SELF-Q4-mixed-fixed_hash-428,428,mixed,fixed_hash,square_optical,True,all_sources_cleared_with_certificate,square,False,905.0,81,81,"[2, 4, 5, 9, 10, 13, 15, 17, 18, 19, 20]","[2, 4, 5, 9, 10, 13, 15, 17, 18, 19, 20]",full_mesh,19384.91390617597,0.038097166000000016,11,0,0,0,0,765,11,5,11,1.0,1762.264900561452,61429.569530879875,810,732,754
SELF-Q4-mixed-fixed_hash-429,429,mixed,fixed_hash,square_optical,True,all_sources_cleared_with_certificate,square,False,905.0,81,81,"[1, 3, 4, 7, 8, 10, 11, 13, 16, 18, 19, 20]","[1, 3, 4, 7, 8, 10, 11, 13, 16, 18, 19, 20]",full_mesh,18179.454144379444,0.0343139999999984,12,0,0,0,0,699,12,2,12,1.0,1514.9545120316204,60052.27072189728,688,608,687
SELF-Q4-mixed-fixed_hash-430,430,mixed,fixed_hash,square_optical,True,all_sources_cleared_with_certificate,square,False,905.0,81,81,"[1, 2, 4, 5, 6, 7, 8, 9, 11, 13, 16, 17, 19]","[1, 2, 4, 5, 6, 7, 8, 9, 11, 13, 16, 17, 19]",full_mesh,20286.15570072119,0.04292616700000096,13,0,0,0,0,1019,13,7,13,1.0,1560.4735154400914,65985.77850360604,681,601,1006
SELF-Q4-mixed-fixed_hash-431,431,mixed,fixed_hash,square_optical,True,all_sources_cleared_with_certificate,square,False,905.0,81,81,"[1, 2, 3, 4, 7, 9, 10, 11, 12, 13, 14, 15, 16, 19]","[1, 2, 3, 4, 7, 9, 10, 11, 12, 13, 14, 15, 16, 19]",full_mesh,19269.628451718076,0.038437334000001044,14,0,0,0,0,818,14,2,14,1.0,1376.4020322655767,64208.14225859042,671,591,804
SELF-Q4-mixed-fixed_hash-432,432,mixed,fixed_hash,square_optical,True,all_sources_cleared_with_certificate,square,False,905.0,81,81,"[1, 2, 3, 4, 7, 8, 9, 11, 12, 13, 14, 16, 18, 19, 20]","[1, 2, 3, 4, 7, 8, 9, 11, 12, 13, 14, 16, 18, 19, 20]",full_mesh,20862.423515987753,0.04864404199999939,15,0,0,0,0,1155,15,6,15,1.0,1390.8282343991837,69207.11757993887,601,521,1140
SELF-Q4-mixed-fixed_hash-433,433,mixed,fixed_hash,square_optical,True,all_sources_cleared_with_certificate,square,False,905.0,81,33,"[2, 3, 4, 5, 6, 7, 8, 9, 10, 11, 12, 14, 15, 16, 17, 19]","[2, 3, 4, 5, 6, 7, 8, 9, 10, 11, 12, 14, 15, 16, 17, 19]",count_upper_bound,11717.9583886241,0.03485658399999991,16,0,0,0,0,750,16,6,16,1.0,732.3723992890062,39214.79194312051,271,238,734
SELF-Q4-mixed-fixed_hash-434,434,mixed,fixed_hash,square_optical,True,all_sources_cleared_with_certificate,square,False,905.0,81,81,"[1, 3, 5, 7, 9, 12, 13, 14, 17, 19]","[1, 3, 5, 7, 9, 12, 13, 14, 17, 19]",full_mesh,20382.32570769732,0.039497916999998495,10,0,0,0,0,805,10,8,10,1.0,2038.232570769732,61011.628538486686,971,890,795
SELF-Q4-mixed-fixed_hash-435,435,mixed,fixed_hash,square_optical,True,all_sources_cleared_with_certificate,square,False,905.0,81,81,"[2, 6, 7, 8, 10, 12, 13, 15, 16, 17, 19]","[2, 6, 7, 8, 10, 12, 13, 15, 16, 17, 19]",full_mesh,19320.860011693483,0.03455900000000156,11,0,0,0,0,591,11,9,11,1.0,1756.441819244862,60009.300058467474,934,854,580
SELF-Q4-mixed-fixed_hash-436,436,mixed,fixed_hash,square_optical,True,all_sources_cleared_with_certificate,square,False,905.0,81,81,"[2, 4, 6, 8, 9, 11, 13, 14, 15, 16, 19, 20]","[2, 4, 6, 8, 9, 11, 13, 14, 15, 16, 19, 20]",full_mesh,18946.61006186137,0.035630457999999976,12,0,0,0,0,696,12,10,12,1.0,1578.884171821781,61263.05030930689,777,697,684
SELF-Q4-mixed-fixed_hash-437,437,mixed,fixed_hash,square_optical,True,all_sources_cleared_with_certificate,square,False,905.0,81,81,"[1, 4, 5, 6, 8, 10, 11, 12, 13, 16, 17, 19, 20]","[1, 4, 5, 6, 8, 10, 11, 12, 13, 16, 17, 19, 20]",full_mesh,19185.632026889754,0.03974608300000071,13,0,0,0,0,818,13,6,13,1.0,1475.8178482222888,61363.16013444881,752,673,805
SELF-Q4-mixed-fixed_hash-438,438,mixed,fixed_hash,square_optical,True,all_sources_cleared_with_certificate,square,False,905.0,81,81,"[1, 2, 3, 7, 9, 10, 12, 13, 15, 16, 17, 18, 19, 20]","[1, 2, 3, 7, 9, 10, 12, 13, 15, 16, 17, 18, 19, 20]",full_mesh,19362.255307996817,0.039530458999998075,14,0,0,0,0,789,14,3,14,1.0,1383.0182362854869,62496.27653998414,758,678,775
SELF-Q4-mixed-fixed_hash-439,439,mixed,fixed_hash,square_optical,True,all_sources_cleared_with_certificate,square,False,905.0,81,81,"[2, 4, 5, 7, 8, 9, 10, 11, 12, 13, 14, 16, 17, 18, 20]","[2, 4, 5, 7, 8, 9, 10, 11, 12, 13, 14, 16, 17, 18, 20]",full_mesh,20088.751817414897,0.04219208299999977,15,0,0,0,0,894,15,12,15,1.0,1339.250121160993,65383.75908707457,730,650,879
SELF-Q4-mixed-fixed_hash-440,440,mixed,fixed_hash,square_optical,True,all_sources_cleared_with_certificate,square,False,905.0,81,62,"[1, 2, 3, 4, 6, 7, 8, 9, 10, 12, 14, 15, 16, 17, 18, 20]","[1, 2, 3, 4, 6, 7, 8, 9, 10, 12, 14, 15, 16, 17, 18, 20]",count_upper_bound,20096.59606227093,0.04785162499999984,16,0,0,0,0,1241,16,10,16,1.0,1256.0372538919332,64437.980311354775,586,524,1225
SELF-Q4-mixed-fixed_hash-441,441,mixed,fixed_hash,square_optical,True,all_sources_cleared_with_certificate,square,False,905.0,81,81,"[1, 5, 6, 7, 8, 10, 12, 13, 16, 18]","[1, 5, 6, 7, 8, 10, 12, 13, 16, 18]",full_mesh,18365.072911236417,0.031084499999998627,10,0,0,0,0,475,10,7,10,1.0,1836.5072911236416,56415.36455618217,953,872,465
SELF-Q4-mixed-fixed_hash-442,442,mixed,fixed_hash,square_optical,True,all_sources_cleared_with_certificate,square,False,905.0,81,81,"[3, 4, 6, 7, 8, 10, 12, 14, 15, 17, 19]","[3, 4, 6, 7, 8, 10, 12, 14, 15, 17, 19]",full_mesh,21156.627368783287,0.040977791999999624,11,0,0,0,0,781,11,7,11,1.0,1923.3297607984807,62773.13684391649,1053,972,770
SELF-Q4-mixed-fixed_hash-443,443,mixed,fixed_hash,square_optical,True,all_sources_cleared_with_certificate,square,False,905.0,81,81,"[1, 2, 4, 5, 6, 9, 10, 11, 16, 18, 19, 20]","[1, 2, 4, 5, 6, 9, 10, 11, 16, 18, 19, 20]",full_mesh,18318.855851196644,0.032646165999999255,12,0,0,0,0,542,12,9,12,1.0,1526.5713209330536,58604.27925598327,838,758,530
SELF-Q4-mixed-fixed_hash-444,444,mixed,fixed_hash,square_optical,True,all_sources_cleared_with_certificate,square,False,905.0,81,81,"[1, 5, 8, 9, 10, 11, 12, 13, 14, 15, 16, 19, 20]","[1, 5, 8, 9, 10, 11, 12, 13, 14, 15, 16, 19, 20]",full_mesh,18000.095166229486,0.033387291000000374,13,0,0,0,0,544,13,8,13,1.0,1384.6227050945758,58025.47583114747,803,722,531
SELF-Q4-mixed-fixed_hash-445,445,mixed,fixed_hash,square_optical,True,all_sources_cleared_with_certificate,square,False,905.0,81,81,"[3, 5, 7, 8, 9, 10, 11, 13, 14, 16, 17, 18, 19, 20]","[3, 5, 7, 8, 9, 10, 11, 13, 14, 16, 17, 18, 19, 20]",full_mesh,20667.26897899796,0.04503375000000176,14,0,0,0,0,1075,14,5,14,1.0,1476.2334984998542,67551.3448949899,664,584,1061
SELF-Q4-mixed-fixed_hash-446,446,mixed,fixed_hash,square_optical,True,all_sources_cleared_with_certificate,square,False,905.0,81,81,"[1, 2, 4, 5, 6, 7, 10, 12, 13, 14, 15, 16, 18, 19, 20]","[1, 2, 4, 5, 6, 7, 10, 12, 13, 14, 15, 16, 18, 19, 20]",full_mesh,20504.645032937202,0.04567358299999924,15,0,0,0,0,1037,15,14,15,1.0,1366.9763355291468,68818.22516468605,613,535,1022
SELF-Q4-mixed-fixed_hash-447,447,mixed,fixed_hash,square_optical,True,all_sources_cleared_with_certificate,square,False,905.0,81,67,"[1, 2, 3, 4, 5, 7, 9, 10, 11, 12, 13, 14, 16, 17, 19, 20]","[1, 2, 3, 4, 5, 7, 9, 10, 11, 12, 13, 14, 16, 17, 19, 20]",count_upper_bound,18005.022218185542,0.04436766599999942,16,0,0,0,0,919,16,15,16,1.0,1125.3138886365964,58020.11109092781,613,547,903
SELF-Q4-mixed-fixed_hash-448,448,mixed,fixed_hash,square_optical,True,all_sources_cleared_with_certificate,square,False,905.0,81,81,"[1, 4, 6, 8, 9, 10, 13, 16, 17, 20]","[1, 4, 6, 8, 9, 10, 13, 16, 17, 20]",full_mesh,18799.47702232599,0.03242641699999993,10,0,0,0,0,457,10,7,10,1.0,1879.947702232599,57082.38511163,1012,932,447
SELF-Q4-mixed-fixed_hash-449,449,mixed,fixed_hash,square_optical,True,all_sources_cleared_with_certificate,square,False,905.0,81,81,"[2, 4, 7, 8, 10, 11, 13, 14, 16, 19, 20]","[2, 4, 7, 8, 10, 11, 13, 14, 16, 19, 20]",full_mesh,19953.570435107376,0.03747724999999846,11,0,0,0,0,752,11,6,11,1.0,1813.9609486461252,62142.85217553694,888,807,741
SELF-Q4-mixed-fixed_hash-450,450,mixed,fixed_hash,square_optical,True,all_sources_cleared_with_certificate,square,False,905.0,81,81,"[1, 2, 4, 5, 8, 10, 12, 13, 16, 17, 19, 20]","[1, 2, 4, 5, 8, 10, 12, 13, 16, 17, 19, 20]",full_mesh,19296.472543132848,0.03892466699999986,12,0,0,0,0,755,12,10,12,1.0,1608.039378594404,61552.362715664305,796,717,743
SELF-Q4-mixed-fixed_hash-451,451,mixed,fixed_hash,square_optical,True,all_sources_cleared_with_certificate,square,False,905.0,81,81,"[1, 2, 3, 5, 6, 11, 12, 13, 14, 16, 18, 19, 20]","[1, 2, 3, 5, 6, 11, 12, 13, 14, 16, 18, 19, 20]",full_mesh,18832.662322419354,0.0387482499999976,13,0,0,0,0,725,13,8,13,1.0,1448.6663324937965,59828.311612096826,791,711,712
SELF-Q4-mixed-fixed_hash-452,452,mixed,fixed_hash,square_optical,True,all_sources_cleared_with_certificate,square,False,905.0,81,81,"[1, 2, 3, 4, 5, 8, 9, 10, 11, 12, 15, 17, 19, 20]","[1, 2, 3, 4, 5, 8, 9, 10, 11, 12, 15, 17, 19, 20]",full_mesh,20527.262690756383,0.04534029100000225,14,0,0,0,0,979,14,8,14,1.0,1466.2330493397417,64661.31345378197,785,705,965
SELF-Q4-mixed-fixed_hash-453,453,mixed,fixed_hash,square_optical,True,all_sources_cleared_with_certificate,square,False,905.0,81,81,"[1, 3, 4, 6, 7, 8, 9, 12, 13, 14, 16, 17, 18, 19, 20]","[1, 3, 4, 6, 7, 8, 9, 12, 13, 14, 16, 17, 18, 19, 20]",full_mesh,18495.108314173773,0.040365000000001316,15,0,0,0,0,870,15,14,15,1.0,1233.0072209449181,64525.54157086896,505,425,855
SELF-Q4-mixed-fixed_hash-454,454,mixed,fixed_hash,square_optical,True,all_sources_cleared_with_certificate,square,False,905.0,81,64,"[1, 3, 4, 5, 6, 7, 8, 9, 10, 11, 12, 14, 16, 17, 18, 19]","[1, 3, 4, 5, 6, 7, 8, 9, 10, 11, 12, 14, 16, 17, 18, 19]",count_upper_bound,17652.252448921026,0.04572970799999965,16,0,0,0,0,1060,16,13,16,1.0,1103.2657780575641,56016.26224460523,550,487,1044
SELF-Q4-mixed-fixed_hash-455,455,mixed,fixed_hash,square_optical,True,all_sources_cleared_with_certificate,square,False,905.0,81,81,"[1, 2, 3, 6, 8, 11, 13, 15, 16, 18]","[1, 2, 3, 6, 8, 11, 13, 15, 16, 18]",full_mesh,19446.364869437504,0.0369823750000009,10,0,0,0,0,752,10,7,10,1.0,1944.6364869437505,61386.82434718758,829,748,742
SELF-Q4-mixed-fixed_hash-456,456,mixed,fixed_hash,square_optical,True,all_sources_cleared_with_certificate,square,False,905.0,81,81,"[2, 6, 9, 10, 12, 13, 14, 15, 16, 17, 20]","[2, 6, 9, 10, 12, 13, 14, 15, 16, 17, 20]",full_mesh,17587.686028595297,0.02967266699999982,11,0,0,0,0,411,11,8,11,1.0,1598.880548054118,54493.43014297649,919,839,400
SELF-Q4-mixed-fixed_hash-457,457,mixed,fixed_hash,square_optical,True,all_sources_cleared_with_certificate,square,False,905.0,81,81,"[1, 3, 6, 9, 10, 11, 12, 13, 15, 18, 19, 20]","[1, 3, 6, 9, 10, 11, 12, 13, 15, 18, 19, 20]",full_mesh,16889.794796889557,0.031331083999997844,12,0,0,0,0,472,12,4,12,1.0,1407.4828997407965,54543.973984447824,770,691,460
SELF-Q4-mixed-fixed_hash-458,458,mixed,fixed_hash,square_optical,True,all_sources_cleared_with_certificate,square,False,905.0,81,81,"[1, 3, 5, 6, 8, 9, 11, 13, 14, 15, 17, 19, 20]","[1, 3, 5, 6, 8, 9, 11, 13, 14, 15, 17, 19, 20]",full_mesh,19665.79312991078,0.04022145899999785,13,0,0,0,0,848,13,8,13,1.0,1512.7533176854447,65653.96564955395,674,595,835
SELF-Q4-mixed-fixed_hash-459,459,mixed,fixed_hash,square_optical,True,all_sources_cleared_with_certificate,square,False,905.0,81,81,"[1, 2, 4, 5, 6, 7, 8, 13, 14, 15, 17, 18, 19, 20]","[1, 2, 4, 5, 6, 7, 8, 13, 14, 15, 17, 18, 19, 20]",full_mesh,18128.72972352363,0.03657991699999741,14,0,0,0,0,652,14,4,14,1.0,1294.9092659659734,60033.64861761813,703,623,638
SELF-Q4-mixed-fixed_hash-460,460,mixed,fixed_hash,square_optical,True,all_sources_cleared_with_certificate,square,False,905.0,81,81,"[1, 6, 7, 8, 9, 10, 11, 12, 13, 14, 16, 17, 18, 19, 20]","[1, 6, 7, 8, 9, 10, 11, 12, 13, 14, 16, 17, 18, 19, 20]",full_mesh,17960.525482510107,0.03938595800000044,15,0,0,0,0,828,15,1,15,1.0,1197.368365500674,62847.62741255059,493,412,813
SELF-Q4-mixed-fixed_hash-461,461,mixed,fixed_hash,square_optical,True,all_sources_cleared_with_certificate,square,False,905.0,81,33,"[2, 3, 4, 5, 6, 7, 8, 9, 10, 11, 12, 14, 15, 17, 18, 19]","[2, 3, 4, 5, 6, 7, 8, 9, 10, 11, 12, 14, 15, 17, 18, 19]",count_upper_bound,12222.720053451418,0.03546637500000216,16,0,0,0,0,739,16,2,16,1.0,763.9200033407136,38298.60026725711,391,359,723
SELF-Q4-mixed-fixed_hash-462,462,mixed,fixed_hash,square_optical,True,all_sources_cleared_with_certificate,square,False,905.0,81,81,"[1, 2, 3, 5, 6, 10, 11, 13, 16, 19]","[1, 2, 3, 5, 6, 10, 11, 13, 16, 19]",full_mesh,17878.230480932267,0.03076708300000064,10,0,0,0,0,485,10,5,10,1.0,1787.8230480932266,55061.15240466138,912,831,475
SELF-Q4-mixed-fixed_hash-463,463,mixed,fixed_hash,square_optical,True,all_sources_cleared_with_certificate,square,False,905.0,81,81,"[2, 3, 7, 8, 9, 10, 14, 16, 17, 18, 20]","[2, 3, 7, 8, 9, 10, 14, 16, 17, 18, 20]",full_mesh,18906.51717176295,0.03454475000000201,11,0,0,0,0,613,11,4,11,1.0,1718.7742883420863,59732.5858588148,863,784,602
SELF-Q4-mixed-fixed_hash-464,464,mixed,fixed_hash,square_optical,True,all_sources_cleared_with_certificate,square,False,905.0,81,81,"[2, 3, 5, 6, 8, 9, 13, 15, 17, 18, 19, 20]","[2, 3, 5, 6, 8, 9, 13, 15, 17, 18, 19, 20]",full_mesh,21171.918604503266,0.042727000000002846,12,0,0,0,0,931,12,7,12,1.0,1764.326550375272,66669.59302251642,850,771,919
SELF-Q4-mixed-fixed_hash-465,465,mixed,fixed_hash,square_optical,True,all_sources_cleared_with_certificate,square,False,905.0,81,81,"[1, 2, 3, 4, 6, 7, 8, 9, 11, 12, 13, 18, 20]","[1, 2, 3, 4, 6, 7, 8, 9, 11, 12, 13, 18, 20]",full_mesh,17490.85180167574,0.03237445899999969,13,0,0,0,0,535,13,6,13,1.0,1345.4501385904416,56174.25900837874,784,705,522
SELF-Q4-mixed-fixed_hash-466,466,mixed,fixed_hash,square_optical,True,all_sources_cleared_with_certificate,square,False,905.0,81,81,"[2, 3, 4, 5, 6, 7, 8, 9, 10, 13, 14, 15, 17, 19]","[2, 3, 4, 5, 6, 7, 8, 9, 10, 13, 14, 15, 17, 19]",full_mesh,19800.03502645784,0.04184695800000071,14,0,0,0,0,911,14,8,14,1.0,1414.2882161755601,64600.175132289274,700,619,897
SELF-Q4-mixed-fixed_hash-467,467,mixed,fixed_hash,square_optical,True,all_sources_cleared_with_certificate,square,False,905.0,81,81,"[1, 2, 3, 5, 7, 9, 12, 13, 14, 15, 16, 17, 18, 19, 20]","[1, 2, 3, 5, 7, 9, 12, 13, 14, 15, 16, 17, 18, 19, 20]",full_mesh,16155.82578988556,0.032001832999998925,15,0,0,0,0,572,15,5,15,1.0,1077.0550526590373,56964.12894942785,516,437,557
SELF-Q4-mixed-fixed_hash-468,468,mixed,fixed_hash,square_optical,True,all_sources_cleared_with_certificate,square,False,905.0,81,68,"[1, 2, 3, 5, 6, 7, 8, 9, 11, 12, 13, 14, 15, 17, 19, 20]","[1, 2, 3, 5, 6, 7, 8, 9, 11, 12, 13, 14, 15, 17, 19, 20]",count_upper_bound,16865.364645556765,0.040036582999999126,16,0,0,0,0,802,16,3,16,1.0,1054.0852903472978,57146.8232277839,511,443,786
SELF-Q4-mixed-fixed_hash-469,469,mixed,fixed_hash,square_optical,True,all_sources_cleared_with_certificate,square,False,905.0,81,81,"[1, 2, 5, 9, 10, 11, 12, 13, 14, 20]","[1, 2, 5, 9, 10, 11, 12, 13, 14, 20]",full_mesh,19096.127641195348,0.03258470800000168,10,0,0,0,0,545,10,1,10,1.0,1909.6127641195349,57460.63820597676,1005,924,535
SELF-Q4-mixed-fixed_hash-470,470,mixed,fixed_hash,square_optical,True,all_sources_cleared_with_certificate,square,False,905.0,81,81,"[1, 2, 5, 6, 7, 12, 13, 15, 16, 19, 20]","[1, 2, 5, 6, 7, 12, 13, 15, 16, 19, 20]",full_mesh,18874.34897007361,0.032468832999999364,11,0,0,0,0,527,11,6,11,1.0,1715.8499063703282,58291.74485036806,949,868,516
SELF-Q4-mixed-fixed_hash-471,471,mixed,fixed_hash,square_optical,True,all_sources_cleared_with_certificate,square,False,905.0,81,81,"[2, 3, 4, 6, 8, 9, 10, 11, 12, 14, 15, 16]","[2, 3, 4, 6, 8, 9, 10, 11, 12, 14, 15, 16]",full_mesh,18510.168874746563,0.037146542000002114,12,0,0,0,0,710,12,1,12,1.0,1542.5140728955469,59865.844373732885,744,663,698
SELF-Q4-mixed-fixed_hash-472,472,mixed,fixed_hash,square_optical,True,all_sources_cleared_with_certificate,square,False,905.0,81,81,"[1, 2, 3, 5, 6, 7, 11, 12, 13, 15, 17, 19, 20]","[1, 2, 3, 5, 6, 7, 11, 12, 13, 15, 17, 19, 20]",full_mesh,19919.961620805218,0.04063691600000041,13,0,0,0,0,924,13,2,13,1.0,1532.3047400619398,65154.80810402614,695,616,911
SELF-Q4-mixed-fixed_hash-473,473,mixed,fixed_hash,square_optical,True,all_sources_cleared_with_certificate,square,False,905.0,81,81,"[1, 2, 3, 5, 8, 11, 12, 13, 14, 15, 16, 17, 18, 20]","[1, 2, 3, 5, 8, 11, 12, 13, 14, 15, 16, 17, 18, 20]",full_mesh,20295.167802106524,0.04419495800000206,14,0,0,0,0,916,14,6,14,1.0,1449.6548430076089,67235.8390105327,692,612,902
SELF-Q4-mixed-fixed_hash-474,474,mixed,fixed_hash,square_optical,True,all_sources_cleared_with_certificate,square,False,905.0,81,81,"[1, 2, 3, 4, 5, 6, 10, 12, 13, 14, 15, 16, 18, 19, 20]","[1, 2, 3, 4, 5, 6, 10, 12, 13, 14, 15, 16, 18, 19, 20]",full_mesh,20741.543237875372,0.04749787499999769,15,0,0,0,0,1069,15,3,15,1.0,1382.7695491916916,69612.71618937697,610,532,1054
SELF-Q4-mixed-fixed_hash-475,475,mixed,fixed_hash,square_optical,True,all_sources_cleared_with_certificate,square,False,905.0,81,31,"[1, 2, 3, 5, 6, 8, 9, 10, 11, 12, 13, 14, 15, 17, 18, 20]","[1, 2, 3, 5, 6, 8, 9, 10, 11, 12, 13, 14, 15, 17, 18, 20]",count_upper_bound,11676.501697370657,0.03598325000000102,16,0,0,0,0,722,16,5,16,1.0,729.7813560856661,36657.50848685333,363,332,706
SELF-Q4-mixed-fixed_hash-476,476,mixed,fixed_hash,square_optical,True,all_sources_cleared_with_certificate,square,False,905.0,81,81,"[7, 8, 9, 12, 13, 14, 16, 17, 19, 20]","[7, 8, 9, 12, 13, 14, 16, 17, 19, 20]",full_mesh,18135.70518127195,0.03178945800000221,10,0,0,0,0,474,10,4,10,1.0,1813.570518127195,56328.5259063598,918,838,464
SELF-Q4-mixed-fixed_hash-477,477,mixed,fixed_hash,square_optical,True,all_sources_cleared_with_certificate,square,False,905.0,81,81,"[2, 3, 6, 7, 9, 10, 11, 14, 17, 19, 20]","[2, 3, 6, 7, 9, 10, 11, 14, 17, 19, 20]",full_mesh,17065.197427587547,0.02748899999999921,11,0,0,0,0,277,11,1,11,1.0,1551.3815843261407,51465.98713793776,1000,919,266
SELF-Q4-mixed-fixed_hash-478,478,mixed,fixed_hash,square_optical,True,all_sources_cleared_with_certificate,square,False,905.0,81,81,"[1, 2, 4, 5, 6, 7, 9, 10, 11, 13, 17, 19]","[1, 2, 4, 5, 6, 7, 9, 10, 11, 13, 17, 19]",full_mesh,18816.58868722491,0.037531083000001075,12,0,0,0,0,739,12,5,12,1.0,1568.0490572687424,59942.94343612459,778,697,727
SELF-Q4-mixed-fixed_hash-479,479,mixed,fixed_hash,square_optical,True,all_sources_cleared_with_certificate,square,False,905.0,81,81,"[2, 3, 5, 9, 11, 12, 13, 14, 15, 17, 18, 19, 20]","[2, 3, 5, 9, 11, 12, 13, 14, 15, 17, 18, 19, 20]",full_mesh,18149.9996043271,0.036576332999999295,13,0,0,0,0,673,13,1,13,1.0,1396.1538157174691,60129.998021635525,693,614,660
SELF-Q4-mixed-fixed_hash-480,480,mixed,fixed_hash,square_optical,True,all_sources_cleared_with_certificate,square,False,905.0,81,81,"[2, 4, 5, 8, 10, 11, 12, 13, 15, 16, 17, 18, 19, 20]","[2, 4, 5, 8, 10, 11, 12, 13, 15, 16, 17, 18, 19, 20]",full_mesh,21434.01601625313,0.04702358300000142,14,0,0,0,0,1047,14,5,14,1.0,1531.0011440180806,69215.08008126571,750,672,1033
SELF-Q4-mixed-fixed_hash-481,481,mixed,fixed_hash,square_optical,True,all_sources_cleared_with_certificate,square,False,905.0,81,81,"[1, 2, 3, 4, 5, 6, 8, 9, 10, 11, 14, 15, 16, 18, 20]","[1, 2, 3, 4, 5, 6, 8, 9, 10, 11, 14, 15, 16, 18, 20]",full_mesh,20423.091711511377,0.046665292000000136,15,0,0,0,0,1051,15,4,15,1.0,1361.5394474340917,69050.45855755697,585,505,1036
SELF-Q4-mixed-fixed_hash-482,482,mixed,fixed_hash,square_optical,True,all_sources_cleared_with_certificate,square,False,905.0,81,61,"[1, 3, 4, 5, 6, 7, 8, 9, 10, 13, 14, 16, 17, 18, 19, 20]","[1, 3, 4, 5, 6, 7, 8, 9, 10, 13, 14, 16, 17, 18, 19, 20]",count_upper_bound,16941.254101113147,0.043363291000002135,16,0,0,0,0,918,16,6,16,1.0,1058.8283813195717,54391.2705055658,556,497,902
SELF-Q4-mixed-fixed_hash-483,483,mixed,fixed_hash,square_optical,True,all_sources_cleared_with_certificate,square,False,905.0,81,81,"[1, 3, 4, 9, 10, 11, 15, 17, 19, 20]","[1, 3, 4, 9, 10, 11, 15, 17, 19, 20]",full_mesh,18298.928668208984,0.03393541600000205,10,0,0,0,0,545,10,6,10,1.0,1829.8928668208985,56314.643341044975,910,831,535
SELF-Q4-mixed-fixed_hash-484,484,mixed,fixed_hash,square_optical,True,all_sources_cleared_with_certificate,square,False,905.0,81,81,"[2, 4, 6, 8, 11, 12, 14, 15, 16, 17, 19]","[2, 4, 6, 8, 11, 12, 14, 15, 16, 17, 19]",full_mesh,17517.02069146902,0.03154679200000032,11,0,0,0,0,476,11,5,11,1.0,1592.4564264971837,56585.103457345154,805,725,465
SELF-Q4-mixed-fixed_hash-485,485,mixed,fixed_hash,square_optical,True,all_sources_cleared_with_certificate,square,False,905.0,81,81,"[2, 5, 6, 7, 8, 10, 11, 12, 13, 16, 18, 20]","[2, 5, 6, 7, 8, 10, 11, 12, 13, 16, 18, 20]",full_mesh,19024.94481329323,0.03732537500000177,12,0,0,0,0,606,12,6,12,1.0,1585.4120677744359,58504.72406646621,927,847,594
SELF-Q4-mixed-fixed_hash-486,486,mixed,fixed_hash,square_optical,True,all_sources_cleared_with_certificate,square,False,905.0,81,81,"[1, 4, 5, 6, 7, 8, 9, 12, 13, 14, 16, 19, 20]","[1, 4, 5, 6, 7, 8, 9, 12, 13, 14, 16, 19, 20]",full_mesh,18570.28414882197,0.03549483400000142,13,0,0,0,0,600,13,7,13,1.0,1428.4833960632286,60026.4207441099,803,724,587
SELF-Q4-mixed-fixed_hash-487,487,mixed,fixed_hash,square_optical,True,all_sources_cleared_with_certificate,square,False,905.0,81,81,"[2, 4, 5, 6, 8, 9, 10, 11, 12, 13, 14, 16, 18, 20]","[2, 4, 5, 6, 8, 9, 10, 11, 12, 13, 14, 16, 18, 20]",full_mesh,17393.019858314732,0.03254354199999909,14,0,0,0,0,522,14,5,14,1.0,1242.3585613081952,58850.09929157369,685,604,508
SELF-Q4-mixed-fixed_hash-488,488,mixed,fixed_hash,square_optical,True,all_sources_cleared_with_certificate,square,False,905.0,81,81,"[2, 3, 4, 5, 6, 7, 8, 9, 10, 11, 13, 15, 17, 18, 19]","[2, 3, 4, 5, 6, 7, 8, 9, 10, 11, 13, 15, 17, 18, 19]",full_mesh,18669.40842494827,0.04077862499999796,15,0,0,0,0,790,15,5,15,1.0,1244.6272283298847,63237.042124741456,617,537,775
SELF-Q4-mixed-fixed_hash-489,489,mixed,fixed_hash,square_optical,True,all_sources_cleared_with_certificate,square,False,905.0,81,53,"[1, 2, 3, 6, 7, 8, 9, 12, 13, 14, 15, 16, 17, 18, 19, 20]","[1, 2, 3, 6, 7, 8, 9, 12, 13, 14, 15, 16, 17, 18, 19, 20]",count_upper_bound,15841.571320187157,0.040633959000000885,16,0,0,0,0,856,16,4,16,1.0,990.0982075116973,52422.85660093584,468,417,840
SELF-Q4-mixed-fixed_hash-490,490,mixed,fixed_hash,square_optical,True,all_sources_cleared_with_certificate,square,False,905.0,81,81,"[3, 4, 6, 7, 8, 9, 10, 16, 18, 20]","[3, 4, 6, 7, 8, 9, 10, 16, 18, 20]",full_mesh,19211.36044725023,0.034962124999999844,10,0,0,0,0,561,10,7,10,1.0,1921.136044725023,57946.80223625122,1000,919,551
SELF-Q4-mixed-fixed_hash-491,491,mixed,fixed_hash,square_optical,True,all_sources_cleared_with_certificate,square,False,905.0,81,81,"[4, 6, 7, 8, 9, 11, 12, 13, 14, 16, 20]","[4, 6, 7, 8, 9, 11, 12, 13, 14, 16, 20]",full_mesh,20394.017224867966,0.040669582999999676,11,0,0,0,0,818,11,6,11,1.0,1854.0015658970879,62935.086124339905,902,821,807
SELF-Q4-mixed-fixed_hash-492,492,mixed,fixed_hash,square_optical,True,all_sources_cleared_with_certificate,square,False,905.0,81,81,"[1, 3, 4, 5, 10, 11, 12, 15, 16, 18, 19, 20]","[1, 3, 4, 5, 10, 11, 12, 15, 16, 18, 19, 20]",full_mesh,20534.05735086973,0.04081420800000046,12,0,0,0,0,797,12,2,12,1.0,1711.171445905811,65670.28675434871,844,765,785
SELF-Q4-mixed-fixed_hash-493,493,mixed,fixed_hash,square_optical,True,all_sources_cleared_with_certificate,square,False,905.0,81,81,"[1, 4, 5, 8, 9, 10, 11, 12, 14, 16, 17, 18, 20]","[1, 4, 5, 8, 9, 10, 11, 12, 14, 16, 17, 18, 20]",full_mesh,19032.97970682094,0.038881459000002394,13,0,0,0,0,748,13,4,13,1.0,1464.0753620631492,61769.89853410475,748,669,735
SELF-Q4-mixed-fixed_hash-494,494,mixed,fixed_hash,square_optical,True,all_sources_cleared_with_certificate,square,False,905.0,81,81,"[1, 4, 5, 6, 7, 9, 11, 12, 14, 15, 16, 18, 19, 20]","[1, 4, 5, 6, 7, 9, 11, 12, 14, 15, 16, 18, 19, 20]",full_mesh,20219.201654070745,0.0444240839999992,14,0,0,0,0,989,14,7,14,1.0,1444.2286895764817,67021.00827035384,650,570,975
SELF-Q4-mixed-fixed_hash-495,495,mixed,fixed_hash,square_optical,True,all_sources_cleared_with_certificate,square,False,905.0,81,81,"[2, 3, 4, 5, 6, 7, 10, 11, 13, 14, 15, 17, 18, 19, 20]","[2, 3, 4, 5, 6, 7, 10, 11, 13, 14, 15, 17, 18, 19, 20]",full_mesh,19729.917837069574,0.04206770800000115,15,0,0,0,0,799,15,13,15,1.0,1315.3278558046381,63474.58918534792,781,703,784
SELF-Q4-mixed-fixed_hash-496,496,mixed,fixed_hash,square_optical,True,all_sources_cleared_with_certificate,square,False,905.0,81,32,"[3, 4, 5, 7, 8, 9, 10, 11, 12, 13, 15, 16, 17, 18, 19, 20]","[3, 4, 5, 7, 8, 9, 10, 11, 12, 13, 15, 16, 17, 18, 19, 20]",count_upper_bound,15737.490136791723,0.04945962499999723,16,0,0,0,0,1281,16,7,16,1.0,983.5931335494827,48487.45068395865,366,335,1265
SELF-Q4-mixed-fixed_hash-497,497,mixed,fixed_hash,square_optical,True,all_sources_cleared_with_certificate,square,False,905.0,81,81,"[2, 4, 6, 7, 9, 10, 11, 12, 13, 18]","[2, 4, 6, 7, 9, 10, 11, 12, 13, 18]",full_mesh,18590.107499386402,0.03251883299999747,10,0,0,0,0,549,10,5,10,1.0,1859.0107499386402,58380.537496932055,888,807,539
SELF-Q4-mixed-fixed_hash-498,498,mixed,fixed_hash,square_optical,True,all_sources_cleared_with_certificate,square,False,905.0,81,81,"[1, 7, 8, 10, 12, 14, 16, 17, 18, 19, 20]","[1, 7, 8, 10, 12, 14, 16, 17, 18, 19, 20]",full_mesh,19820.95258830982,0.038420709000000386,11,0,0,0,0,740,11,5,11,1.0,1801.9047807554382,62154.76294154917,871,793,729
SELF-Q4-mixed-fixed_hash-499,499,mixed,fixed_hash,square_optical,True,all_sources_cleared_with_certificate,square,False,905.0,81,81,"[2, 4, 5, 6, 9, 10, 11, 12, 13, 15, 16, 18]","[2, 4, 5, 6, 9, 10, 11, 12, 13, 15, 16, 18]",full_mesh,20403.89424565321,0.04431149999999917,12,0,0,0,0,978,12,7,12,1.0,1700.3245204711009,65494.471228266106,738,657,966
SELF-Q4-mixed-fixed_hash-0,0,mixed,fixed_hash,square_active,True,all_sources_cleared_with_certificate,square,True,905.0,81,81,"[2, 5, 6, 7, 8, 9, 13, 14, 16, 20]","[2, 5, 6, 7, 8, 9, 13, 14, 16, 20]",full_mesh,15933.661860189464,0.01757970899999961,0,24,10,0,0,0,10,4,10,1.0,1593.3661860189463,50568.30930094731,969,925,0
SELF-Q4-mixed-fixed_hash-1,1,mixed,fixed_hash,square_active,True,all_sources_cleared_with_certificate,square,True,905.0,81,81,"[3, 4, 5, 7, 8, 9, 11, 13, 14, 15, 19]","[3, 4, 5, 7, 8, 9, 11, 13, 14, 15, 19]",full_mesh,15613.23497621209,0.019192415999999213,0,64,11,0,0,0,11,4,11,1.0,1419.3849978374628,49231.174881060455,960,912,0
SELF-Q4-mixed-fixed_hash-2,2,mixed,fixed_hash,square_active,True,all_sources_cleared_with_certificate,square,True,905.0,81,81,"[2, 3, 4, 5, 6, 10, 11, 12, 13, 15, 17, 19]","[2, 3, 4, 5, 6, 10, 11, 12, 13, 15, 17, 19]",full_mesh,15357.255728675298,0.019278416999998882,0,83,12,0,0,0,12,10,12,1.0,1279.7713107229415,50161.27864337649,883,850,0
SELF-Q4-mixed-fixed_hash-3,3,mixed,fixed_hash,square_active,True,all_sources_cleared_with_certificate,square,True,905.0,81,81,"[1, 2, 5, 8, 10, 11, 12, 13, 14, 15, 18, 19, 20]","[1, 2, 5, 8, 10, 11, 12, 13, 14, 15, 18, 19, 20]",full_mesh,15291.57498567583,0.01875645800000214,0,49,13,0,0,0,13,5,13,1.0,1176.274998898141,51437.87492837917,829,794,0
SELF-Q4-mixed-fixed_hash-4,4,mixed,fixed_hash,square_active,True,all_sources_cleared_with_certificate,square,True,905.0,81,81,"[1, 2, 3, 4, 5, 7, 8, 9, 10, 12, 13, 14, 16, 17]","[1, 2, 3, 4, 5, 7, 8, 9, 10, 12, 13, 14, 16, 17]",full_mesh,14629.789738700334,0.01589304099999822,0,26,14,0,0,0,14,9,14,1.0,1044.9849813357382,52103.948693501676,697,654,0
SELF-Q4-mixed-fixed_hash-5,5,mixed,fixed_hash,square_active,True,all_sources_cleared_with_certificate,square,True,905.0,81,81,"[1, 2, 3, 4, 8, 9, 11, 12, 13, 14, 16, 17, 18, 19, 20]","[1, 2, 3, 4, 8, 9, 11, 12, 13, 14, 16, 17, 18, 19, 20]",full_mesh,15832.490200344297,0.01970674999999744,0,89,15,0,0,0,15,14,15,1.0,1055.4993466896199,50752.45100172146,936,927,0
SELF-Q4-mixed-fixed_hash-6,6,mixed,fixed_hash,square_active,True,all_sources_cleared_with_certificate,square,True,905.0,81,65,"[1, 2, 3, 4, 6, 8, 9, 10, 11, 12, 14, 15, 16, 18, 19, 20]","[1, 2, 3, 4, 6, 8, 9, 10, 11, 12, 14, 15, 16, 18, 19, 20]",count_upper_bound,12897.721983910113,0.01539795800000121,0,60,15,1,3,0,16,12,16,1.0,806.107623994382,43948.60991955056,673,663,0
SELF-Q4-mixed-fixed_hash-7,7,mixed,fixed_hash,square_active,True,all_sources_cleared_with_certificate,square,True,905.0,81,81,"[2, 3, 5, 6, 9, 10, 11, 13, 14, 17]","[2, 3, 5, 6, 9, 10, 11, 13, 14, 17]",full_mesh,15601.616067352754,0.01711304099999822,0,45,10,0,0,0,10,1,10,1.0,1560.1616067352754,48338.08033676378,989,939,0
SELF-Q4-mixed-fixed_hash-8,8,mixed,fixed_hash,square_active,True,all_sources_cleared_with_certificate,square,True,905.0,81,81,"[1, 2, 3, 4, 5, 7, 8, 9, 12, 13, 19]","[1, 2, 3, 4, 5, 7, 8, 9, 12, 13, 19]",full_mesh,15979.369953080091,0.018477083000000505,0,43,11,0,0,0,11,4,11,1.0,1452.6699957345538,50161.849765400475,988,952,0
SELF-Q4-mixed-fixed_hash-9,9,mixed,fixed_hash,square_active,True,all_sources_cleared_with_certificate,square,True,905.0,81,81,"[1, 2, 5, 6, 8, 9, 11, 12, 14, 15, 16, 18]","[1, 2, 5, 6, 8, 9, 11, 12, 14, 15, 16, 18]",full_mesh,15188.874566350396,0.017164000000001067,0,47,12,0,0,0,12,6,12,1.0,1265.7395471958664,50164.37283175198,857,811,0
SELF-Q4-mixed-fixed_hash-10,10,mixed,fixed_hash,square_active,True,all_sources_cleared_with_certificate,square,True,905.0,81,81,"[1, 2, 3, 4, 5, 8, 11, 13, 14, 16, 17, 18, 19]","[1, 2, 3, 4, 5, 8, 11, 13, 14, 16, 17, 18, 19]",full_mesh,15410.959893275098,0.017146125000000012,0,45,13,0,0,0,13,6,13,1.0,1185.4584533288537,52029.79946637548,829,795,0
SELF-Q4-mixed-fixed_hash-11,11,mixed,fixed_hash,square_active,True,all_sources_cleared_with_certificate,square,True,905.0,81,81,"[2, 3, 4, 7, 8, 9, 10, 11, 13, 15, 17, 18, 19, 20]","[2, 3, 4, 7, 8, 9, 10, 11, 13, 15, 17, 18, 19, 20]",full_mesh,14432.950643098004,0.014805708000000806,0,65,14,0,0,0,14,5,14,1.0,1030.9250459355717,50979.75321549002,699,672,0
SELF-Q4-mixed-fixed_hash-12,12,mixed,fixed_hash,square_active,True,all_sources_cleared_with_certificate,square,True,905.0,81,81,"[1, 4, 5, 6, 7, 8, 9, 11, 12, 13, 14, 16, 17, 18, 20]","[1, 4, 5, 6, 7, 8, 9, 11, 12, 13, 14, 16, 17, 18, 20]",full_mesh,14224.2802798471,0.015587040999999857,0,39,15,0,0,0,15,3,15,1.0,948.2853519898067,51566.401399235496,647,601,0
SELF-Q4-mixed-fixed_hash-13,13,mixed,fixed_hash,square_active,True,all_sources_cleared_with_certificate,square,True,905.0,81,57,"[1, 2, 3, 4, 5, 6, 8, 9, 10, 11, 12, 13, 14, 15, 18, 19]","[1, 2, 3, 4, 5, 6, 8, 9, 10, 11, 12, 13, 14, 15, 18, 19]",count_upper_bound,11202.623248317419,0.015377917000002128,0,57,15,1,4,0,16,7,16,1.0,700.1639530198387,39463.11624158711,541,525,0
SELF-Q4-mixed-fixed_hash-14,14,mixed,fixed_hash,square_active,True,all_sources_cleared_with_certificate,square,True,905.0,81,81,"[2, 4, 5, 8, 9, 11, 12, 17, 18, 19]","[2, 4, 5, 8, 9, 11, 12, 17, 18, 19]",full_mesh,15555.238592269081,0.017190083999999217,0,39,10,0,0,0,10,5,10,1.0,1555.5238592269081,47711.19296134541,1001,958,0
SELF-Q4-mixed-fixed_hash-15,15,mixed,fixed_hash,square_active,True,all_sources_cleared_with_certificate,square,True,905.0,81,81,"[1, 2, 3, 4, 6, 7, 11, 13, 15, 17, 19]","[1, 2, 3, 4, 6, 7, 11, 13, 15, 17, 19]",full_mesh,15325.140534036516,0.017696582999999322,0,33,11,0,0,0,11,6,11,1.0,1393.1945940033197,48950.70267018258,921,875,0
SELF-Q4-mixed-fixed_hash-16,16,mixed,fixed_hash,square_active,True,all_sources_cleared_with_certificate,square,True,905.0,81,81,"[1, 4, 5, 7, 8, 10, 11, 12, 14, 15, 16, 19]","[1, 4, 5, 7, 8, 10, 11, 12, 14, 15, 16, 19]",full_mesh,15705.134423434434,0.019000500000000642,0,66,12,0,0,0,12,11,12,1.0,1308.7612019528694,49190.67211717215,972,947,0
SELF-Q4-mixed-fixed_hash-17,17,mixed,fixed_hash,square_active,True,all_sources_cleared_with_certificate,square,True,905.0,81,81,"[1, 2, 3, 5, 9, 10, 12, 13, 14, 17, 18, 19, 20]","[1, 2, 3, 5, 9, 10, 12, 13, 14, 17, 18, 19, 20]",full_mesh,15427.734918528358,0.020633417000002652,0,63,13,0,0,0,13,4,13,1.0,1186.7488398867968,49973.674592641786,900,868,0
SELF-Q4-mixed-fixed_hash-18,18,mixed,fixed_hash,square_active,True,all_sources_cleared_with_certificate,square,True,905.0,81,81,"[3, 4, 5, 6, 8, 10, 11, 12, 13, 14, 15, 16, 17, 19]","[3, 4, 5, 6, 8, 10, 11, 12, 13, 14, 15, 16, 17, 19]",full_mesh,14857.583693218337,0.01782920799999843,0,44,14,0,0,0,14,4,14,1.0,1061.255978087024,50727.91846609168,780,742,0
SELF-Q4-mixed-fixed_hash-19,19,mixed,fixed_hash,square_active,True,all_sources_cleared_with_certificate,square,True,905.0,81,81,"[2, 3, 4, 5, 6, 7, 9, 10, 11, 12, 16, 17, 18, 19, 20]","[2, 3, 4, 5, 6, 7, 9, 10, 11, 12, 16, 17, 18, 19, 20]",full_mesh,15000.797773759012,0.018253250000000776,0,62,15,0,0,0,15,6,15,1.0,1000.0531849172675,51418.98886879507,779,747,0
SELF-Q4-mixed-fixed_hash-20,20,mixed,fixed_hash,square_active,True,all_sources_cleared_with_certificate,square,True,905.0,81,46,"[1, 2, 3, 4, 5, 6, 7, 8, 9, 11, 12, 14, 16, 18, 19, 20]","[1, 2, 3, 4, 5, 6, 7, 8, 9, 11, 12, 14, 16, 18, 19, 20]",count_upper_bound,11153.700396869348,0.0150834169999996,0,44,10,8,11,0,16,4,16,1.0,697.1062748043342,35208.50198434675,673,661,2
SELF-Q4-mixed-fixed_hash-21,21,mixed,fixed_hash,square_active,True,all_sources_cleared_with_certificate,square,True,905.0,81,81,"[4, 6, 8, 9, 10, 13, 14, 16, 18, 19]","[4, 6, 8, 9, 10, 13, 14, 16, 18, 19]",full_mesh,15215.211589476618,0.015773333000002054,0,26,10,0,0,0,10,3,10,1.0,1521.5211589476617,47446.05794738307,954,906,0
SELF-Q4-mixed-fixed_hash-22,22,mixed,fixed_hash,square_active,True,all_sources_cleared_with_certificate,square,True,905.0,81,81,"[1, 2, 5, 6, 8, 11, 12, 14, 15, 16, 17]","[1, 2, 5, 6, 8, 11, 12, 14, 15, 16, 17]",full_mesh,15906.640192199091,0.018541583999997613,0,30,11,0,0,0,11,4,11,1.0,1446.0581992908265,49868.20096099546,987,943,0
SELF-Q4-mixed-fixed_hash-23,23,mixed,fixed_hash,square_active,True,all_sources_cleared_with_certificate,square,True,905.0,81,81,"[1, 3, 4, 5, 6, 7, 8, 9, 10, 14, 19, 20]","[1, 3, 4, 5, 6, 7, 8, 9, 10, 14, 19, 20]",full_mesh,14731.034782179797,0.016051833000002347,0,28,12,0,0,0,12,1,12,1.0,1227.5862318483164,49040.17391089898,819,768,0
SELF-Q4-mixed-fixed_hash-24,24,mixed,fixed_hash,square_active,True,all_sources_cleared_with_certificate,square,True,905.0,81,81,"[1, 2, 3, 4, 5, 6, 7, 11, 13, 14, 18, 19, 20]","[1, 2, 3, 4, 5, 6, 7, 11, 13, 14, 18, 19, 20]",full_mesh,15033.278334298248,0.01771529200000188,0,63,13,0,0,0,13,8,13,1.0,1156.4060257152498,50631.39167149123,814,772,0
SELF-Q4-mixed-fixed_hash-25,25,mixed,fixed_hash,square_active,True,all_sources_cleared_with_certificate,square,True,905.0,81,81,"[1, 2, 5, 7, 10, 12, 13, 14, 15, 16, 17, 18, 19, 20]","[1, 2, 5, 7, 10, 12, 13, 14, 15, 16, 17, 18, 19, 20]",full_mesh,14595.731825965082,0.018226375000001127,0,27,14,0,0,0,14,2,14,1.0,1042.55227328322,51228.65912982542,721,675,0
SELF-Q4-mixed-fixed_hash-26,26,mixed,fixed_hash,square_active,True,all_sources_cleared_with_certificate,square,True,905.0,81,81,"[1, 2, 3, 4, 5, 6, 7, 8, 9, 10, 11, 13, 14, 15, 20]","[1, 2, 3, 4, 5, 6, 7, 8, 9, 10, 11, 13, 14, 15, 20]",full_mesh,14630.578716487917,0.01664333299999754,0,45,15,0,0,0,15,4,15,1.0,975.3719144325278,51857.89358243959,703,669,0
SELF-Q4-mixed-fixed_hash-27,27,mixed,fixed_hash,square_active,True,all_sources_cleared_with_certificate,square,True,905.0,81,68,"[2, 3, 4, 5, 6, 7, 9, 10, 12, 13, 14, 15, 16, 17, 19, 20]","[2, 3, 4, 5, 6, 7, 9, 10, 12, 13, 14, 15, 16, 17, 19, 20]",count_upper_bound,13149.457304106509,0.016749917000002057,0,33,15,1,1,0,16,14,16,1.0,821.8410815066568,45482.28652053252,666,643,0
SELF-Q4-mixed-fixed_hash-28,28,mixed,fixed_hash,square_active,True,all_sources_cleared_with_certificate,square,True,905.0,81,81,"[3, 4, 5, 6, 7, 8, 11, 16, 18, 20]","[3, 4, 5, 6, 7, 8, 11, 16, 18, 20]",full_mesh,16231.219206118081,0.018520583000000812,0,37,10,0,0,0,10,4,10,1.0,1623.121920611808,49656.09603059039,1048,1010,0
SELF-Q4-mixed-fixed_hash-29,29,mixed,fixed_hash,square_active,True,all_sources_cleared_with_certificate,square,True,905.0,81,81,"[1, 3, 6, 7, 9, 10, 11, 12, 13, 18, 19]","[1, 3, 6, 7, 9, 10, 11, 12, 13, 18, 19]",full_mesh,15824.174665751332,0.01908895899999763,0,11,11,0,0,0,11,2,11,1.0,1438.5613332501212,50100.87332875667,966,919,0
SELF-Q4-mixed-fixed_hash-30,30,mixed,fixed_hash,square_active,True,all_sources_cleared_with_certificate,square,True,905.0,81,81,"[1, 2, 3, 7, 8, 9, 10, 11, 14, 17, 18, 20]","[1, 2, 3, 7, 8, 9, 10, 11, 14, 17, 18, 20]",full_mesh,16264.909700974085,0.01839975000000038,0,26,12,0,0,0,12,1,12,1.0,1355.4091417478405,52259.54850487045,965,928,0
SELF-Q4-mixed-fixed_hash-31,31,mixed,fixed_hash,square_active,True,all_sources_cleared_with_certificate,square,True,905.0,81,81,"[1, 2, 3, 4, 5, 9, 11, 13, 15, 16, 17, 18, 20]","[1, 2, 3, 4, 5, 9, 11, 13, 15, 16, 17, 18, 20]",full_mesh,14869.190101005157,0.01822512500000073,0,90,13,0,0,0,13,12,13,1.0,1143.7838539234735,48325.95050502577,863,824,0
SELF-Q4-mixed-fixed_hash-32,32,mixed,fixed_hash,square_active,True,all_sources_cleared_with_certificate,square,True,905.0,81,81,"[1, 2, 3, 5, 6, 7, 8, 9, 10, 12, 14, 16, 17, 19]","[1, 2, 3, 5, 6, 7, 8, 9, 10, 12, 14, 16, 17, 19]",full_mesh,14393.579992291623,0.01540337499999822,0,23,14,0,0,0,14,1,14,1.0,1028.1128565922588,50662.89996145812,707,656,0
SELF-Q4-mixed-fixed_hash-33,33,mixed,fixed_hash,square_active,True,all_sources_cleared_with_certificate,square,True,905.0,81,81,"[3, 5, 6, 8, 9, 10, 11, 13, 14, 15, 16, 17, 18, 19, 20]","[3, 5, 6, 8, 9, 10, 11, 13, 14, 15, 16, 17, 18, 19, 20]",full_mesh,14676.874853524463,0.015602749999999332,0,73,15,0,0,0,15,8,15,1.0,978.4583235682975,52129.374267622305,701,671,0
SELF-Q4-mixed-fixed_hash-34,34,mixed,fixed_hash,square_active,True,all_sources_cleared_with_certificate,square,True,905.0,81,31,"[1, 2, 5, 6, 7, 8, 10, 11, 12, 13, 14, 15, 17, 18, 19, 20]","[1, 2, 5, 6, 7, 8, 10, 11, 12, 13, 14, 15, 17, 18, 19, 20]",count_upper_bound,6924.434630921296,0.009559040999999269,0,22,13,4,4,0,16,2,16,1.0,432.777164432581,25052.173154606488,308,291,1
SELF-Q4-mixed-fixed_hash-35,35,mixed,fixed_hash,square_active,True,all_sources_cleared_with_certificate,square,True,905.0,81,81,"[1, 5, 7, 10, 11, 15, 16, 18, 19, 20]","[1, 5, 7, 10, 11, 15, 16, 18, 19, 20]",full_mesh,16524.664942007894,0.018087790999999243,0,64,10,0,0,0,10,9,10,1.0,1652.4664942007894,49913.32471003946,1086,1062,0
SELF-Q4-mixed-fixed_hash-36,36,mixed,fixed_hash,square_active,True,all_sources_cleared_with_certificate,square,True,905.0,81,81,"[1, 2, 3, 4, 5, 9, 10, 11, 16, 18, 20]","[1, 2, 3, 4, 5, 9, 10, 11, 16, 18, 20]",full_mesh,15537.89755523472,0.017402582999999083,0,39,11,0,0,0,11,7,11,1.0,1412.5361413849746,48304.4877761736,977,937,0
SELF-Q4-mixed-fixed_hash-37,37,mixed,fixed_hash,square_active,True,all_sources_cleared_with_certificate,square,True,905.0,81,81,"[2, 3, 5, 8, 9, 11, 12, 13, 15, 17, 18, 20]","[2, 3, 5, 8, 9, 11, 12, 13, 15, 17, 18, 20]",full_mesh,14942.098666175014,0.01749533299999939,0,69,12,0,0,0,12,7,12,1.0,1245.1748888479178,48880.49333087509,856,826,0
SELF-Q4-mixed-fixed_hash-38,38,mixed,fixed_hash,square_active,True,all_sources_cleared_with_certificate,square,True,905.0,81,81,"[1, 3, 4, 6, 8, 9, 10, 12, 13, 14, 16, 17, 20]","[1, 3, 4, 6, 8, 9, 10, 12, 13, 14, 16, 17, 20]",full_mesh,14901.41620421565,0.01596374999999739,0,61,13,0,0,0,13,5,13,1.0,1146.2627849396654,49847.08102107826,818,777,0
SELF-Q4-mixed-fixed_hash-39,39,mixed,fixed_hash,square_active,True,all_sources_cleared_with_certificate,square,True,905.0,81,81,"[1, 3, 4, 5, 6, 7, 9, 10, 12, 13, 14, 16, 17, 20]","[1, 3, 4, 5, 6, 7, 9, 10, 12, 13, 14, 16, 17, 20]",full_mesh,14352.021792343974,0.015908249999998958,0,15,14,0,0,0,14,1,14,1.0,1025.1444137388553,51690.10896171987,666,614,0
SELF-Q4-mixed-fixed_hash-40,40,mixed,fixed_hash,square_active,True,all_sources_cleared_with_certificate,square,True,905.0,81,81,"[2, 3, 4, 5, 6, 8, 9, 11, 12, 13, 14, 15, 17, 19, 20]","[2, 3, 4, 5, 6, 8, 9, 11, 12, 13, 14, 15, 17, 19, 20]",full_mesh,15675.055758198867,0.0177395419999975,0,59,15,0,0,0,15,14,15,1.0,1045.0037172132577,51990.27879099434,871,847,0
SELF-Q4-mixed-fixed_hash-41,41,mixed,fixed_hash,square_active,True,all_sources_cleared_with_certificate,square,True,905.0,81,56,"[1, 4, 5, 6, 7, 8, 9, 10, 11, 12, 13, 14, 16, 17, 18, 20]","[1, 4, 5, 6, 7, 8, 9, 10, 11, 12, 13, 14, 16, 17, 18, 20]",count_upper_bound,10376.668184338338,0.013428999999998581,0,43,16,1,2,0,16,3,16,1.0,648.5417615211461,37933.34092169169,456,427,1
SELF-Q4-mixed-fixed_hash-42,42,mixed,fixed_hash,square_active,True,all_sources_cleared_with_certificate,square,True,905.0,81,81,"[1, 2, 3, 4, 8, 9, 11, 12, 17, 18]","[1, 2, 3, 4, 8, 9, 11, 12, 17, 18]",full_mesh,15521.18362527179,0.015340041999998277,0,15,10,0,0,0,10,2,10,1.0,1552.118362527179,49845.91812635894,926,872,0
SELF-Q4-mixed-fixed_hash-43,43,mixed,fixed_hash,square_active,True,all_sources_cleared_with_certificate,square,True,905.0,81,81,"[2, 5, 8, 10, 11, 12, 13, 15, 16, 19, 20]","[2, 5, 8, 10, 11, 12, 13, 15, 16, 19, 20]",full_mesh,15967.681385850894,0.01870150000000237,0,30,11,0,0,0,11,8,11,1.0,1451.6073987137177,49638.40692925448,1004,965,0
SELF-Q4-mixed-fixed_hash-44,44,mixed,fixed_hash,square_active,True,all_sources_cleared_with_certificate,square,True,905.0,81,81,"[1, 2, 4, 5, 6, 7, 12, 14, 17, 18, 19, 20]","[1, 2, 4, 5, 6, 7, 12, 14, 17, 18, 19, 20]",full_mesh,15546.015843809297,0.017856875000003214,0,39,12,0,0,0,12,2,12,1.0,1295.5013203174415,52085.07921904648,852,809,0
SELF-Q4-mixed-fixed_hash-45,45,mixed,fixed_hash,square_active,True,all_sources_cleared_with_certificate,square,True,905.0,81,81,"[1, 2, 3, 5, 6, 8, 9, 12, 13, 14, 15, 16, 20]","[1, 2, 3, 5, 6, 8, 9, 12, 13, 14, 15, 16, 20]",full_mesh,15090.705200022927,0.017793999999998533,0,42,13,0,0,0,13,2,13,1.0,1160.8234769248406,49553.52600011466,858,825,0
SELF-Q4-mixed-fixed_hash-46,46,mixed,fixed_hash,square_active,True,all_sources_cleared_with_certificate,square,True,905.0,81,81,"[1, 2, 3, 5, 6, 7, 8, 9, 10, 11, 12, 13, 18, 19]","[1, 2, 3, 5, 6, 7, 8, 9, 10, 11, 12, 13, 18, 19]",full_mesh,14761.454328625972,0.015773375000001977,0,41,14,0,0,0,14,1,14,1.0,1054.3895949018552,50472.27164312986,773,732,0
SELF-Q4-mixed-fixed_hash-47,47,mixed,fixed_hash,square_active,True,all_sources_cleared_with_certificate,square,True,905.0,81,81,"[1, 3, 5, 7, 8, 9, 10, 11, 12, 13, 14, 15, 16, 18, 20]","[1, 3, 5, 7, 8, 9, 10, 11, 12, 13, 14, 15, 16, 18, 20]",full_mesh,14643.487871976757,0.017186834000000317,0,54,15,0,0,0,15,5,15,1.0,976.2325247984504,50442.439359883785,752,720,0
SELF-Q4-mixed-fixed_hash-48,48,mixed,fixed_hash,square_active,True,all_sources_cleared_with_certificate,square,True,905.0,81,66,"[2, 3, 4, 5, 6, 7, 8, 10, 11, 12, 13, 15, 16, 17, 18, 20]","[2, 3, 4, 5, 6, 7, 8, 10, 11, 12, 13, 15, 16, 17, 18, 20]",count_upper_bound,12447.93647292316,0.015092167000002377,0,63,16,1,3,0,16,14,16,1.0,777.9960295576975,44749.682364615786,574,545,1
SELF-Q4-mixed-fixed_hash-49,49,mixed,fixed_hash,square_active,True,all_sources_cleared_with_certificate,square,True,905.0,81,81,"[1, 3, 4, 9, 11, 12, 13, 14, 16, 18]","[1, 3, 4, 9, 11, 12, 13, 14, 16, 18]",full_mesh,15655.869783914328,0.016452333000000152,0,29,10,0,0,0,10,1,10,1.0,1565.5869783914327,49824.34891957165,948,901,0
SELF-Q4-mixed-fixed_hash-50,50,mixed,fixed_hash,square_active,True,all_sources_cleared_with_certificate,square,True,905.0,81,81,"[2, 4, 6, 8, 9, 12, 13, 14, 16, 19, 20]","[2, 4, 6, 8, 9, 12, 13, 14, 16, 19, 20]",full_mesh,16378.03267948142,0.018466832999997962,0,48,11,0,0,0,11,9,11,1.0,1488.912061771038,49285.16339740711,1082,1056,0
SELF-Q4-mixed-fixed_hash-51,51,mixed,fixed_hash,square_active,True,all_sources_cleared_with_certificate,square,True,905.0,81,81,"[4, 5, 6, 7, 8, 9, 13, 14, 16, 17, 18, 20]","[4, 5, 6, 7, 8, 9, 13, 14, 16, 17, 18, 20]",full_mesh,16019.337735002659,0.01910212499999986,0,56,12,0,0,0,12,9,12,1.0,1334.9448112502216,50936.688675013276,969,927,0
SELF-Q4-mixed-fixed_hash-52,52,mixed,fixed_hash,square_active,True,all_sources_cleared_with_certificate,square,True,905.0,81,81,"[1, 2, 3, 6, 7, 8, 9, 12, 13, 15, 16, 17, 18]","[1, 2, 3, 6, 7, 8, 9, 12, 13, 15, 16, 17, 18]",full_mesh,14925.91561028544,0.01783475000000223,0,52,13,0,0,0,13,11,13,1.0,1148.1473546373416,50069.5780514272,814,777,0
SELF-Q4-mixed-fixed_hash-53,53,mixed,fixed_hash,square_active,True,all_sources_cleared_with_certificate,square,True,905.0,81,81,"[1, 3, 6, 7, 8, 9, 10, 11, 12, 15, 16, 17, 18, 20]","[1, 3, 6, 7, 8, 9, 10, 11, 12, 15, 16, 17, 18, 20]",full_mesh,15746.66826483288,0.01804625000000115,0,44,14,0,0,0,14,12,14,1.0,1124.7620189166344,49103.341324164394,981,951,0
SELF-Q4-mixed-fixed_hash-54,54,mixed,fixed_hash,square_active,True,all_sources_cleared_with_certificate,square,True,905.0,81,81,"[2, 4, 5, 6, 7, 8, 10, 12, 13, 14, 15, 16, 17, 18, 19]","[2, 4, 5, 6, 7, 8, 10, 12, 13, 14, 15, 16, 17, 18, 19]",full_mesh,14118.746258688956,0.0166567079999993,0,33,15,0,0,0,15,1,15,1.0,941.2497505792637,50183.73129344481,676,627,0
SELF-Q4-mixed-fixed_hash-55,55,mixed,fixed_hash,square_active,True,all_sources_cleared_with_certificate,square,True,905.0,81,31,"[2, 3, 4, 5, 6, 7, 8, 9, 10, 12, 13, 16, 17, 18, 19, 20]","[2, 3, 4, 5, 6, 7, 8, 9, 10, 12, 13, 16, 17, 18, 19, 20]",count_upper_bound,6957.547591586971,0.009458874999999978,0,31,16,1,5,0,16,6,16,1.0,434.8467244741857,24997.73795793485,314,305,1
SELF-Q4-mixed-fixed_hash-56,56,mixed,fixed_hash,square_active,True,all_sources_cleared_with_certificate,square,True,905.0,81,81,"[1, 4, 7, 9, 10, 12, 13, 16, 17, 18]","[1, 4, 7, 9, 10, 12, 13, 16, 17, 18]",full_mesh,15571.605581422451,0.015980500000001285,0,36,10,0,0,0,10,2,10,1.0,1557.160558142245,49413.02790711224,948,899,0
SELF-Q4-mixed-fixed_hash-57,57,mixed,fixed_hash,square_active,True,all_sources_cleared_with_certificate,square,True,905.0,81,81,"[1, 2, 5, 7, 8, 11, 12, 13, 16, 17, 18]","[1, 2, 5, 7, 8, 11, 12, 13, 16, 17, 18]",full_mesh,15447.290936885543,0.016414540999999616,0,39,11,0,0,0,11,3,11,1.0,1404.299176080504,49881.454684427714,909,871,0
SELF-Q4-mixed-fixed_hash-58,58,mixed,fixed_hash,square_active,True,all_sources_cleared_with_certificate,square,True,905.0,81,81,"[2, 4, 5, 6, 7, 8, 11, 14, 17, 18, 19, 20]","[2, 4, 5, 6, 7, 8, 11, 14, 17, 18, 19, 20]",full_mesh,16493.714264529994,0.03115283400000024,0,65,12,0,0,0,12,10,12,1.0,1374.4761887108327,51693.57132264998,1021,990,0
SELF-Q4-mixed-fixed_hash-59,59,mixed,fixed_hash,square_active,True,all_sources_cleared_with_certificate,square,True,905.0,81,81,"[1, 3, 5, 8, 10, 11, 12, 13, 14, 15, 16, 17, 20]","[1, 3, 5, 8, 10, 11, 12, 13, 14, 15, 16, 17, 20]",full_mesh,15090.51550422071,0.01702037500000131,0,71,13,0,0,0,13,7,13,1.0,1160.8088849400547,50707.57752110357,820,784,0
SELF-Q4-mixed-fixed_hash-60,60,mixed,fixed_hash,square_active,True,all_sources_cleared_with_certificate,square,True,905.0,81,81,"[1, 2, 3, 4, 5, 6, 8, 9, 10, 13, 14, 16, 17, 20]","[1, 2, 3, 4, 5, 6, 8, 9, 10, 13, 14, 16, 17, 20]",full_mesh,14785.38733272893,0.015264124999998074,0,41,14,0,0,0,14,1,14,1.0,1056.0990951949236,52391.93666364466,713,672,0
SELF-Q4-mixed-fixed_hash-61,61,mixed,fixed_hash,square_active,True,all_sources_cleared_with_certificate,square,True,905.0,81,81,"[1, 4, 5, 6, 7, 8, 9, 11, 12, 13, 14, 16, 18, 19, 20]","[1, 4, 5, 6, 7, 8, 9, 11, 12, 13, 14, 16, 18, 19, 20]",full_mesh,14551.893281132261,0.016844375000001577,0,63,15,0,0,0,15,8,15,1.0,970.1262187421507,51504.46640566131,700,676,0
SELF-Q4-mixed-fixed_hash-62,62,mixed,fixed_hash,square_active,True,all_sources_cleared_with_certificate,square,True,905.0,81,55,"[1, 2, 3, 5, 6, 8, 9, 10, 11, 12, 13, 14, 15, 18, 19, 20]","[1, 2, 3, 5, 6, 8, 9, 10, 11, 12, 13, 14, 15, 18, 19, 20]",count_upper_bound,11679.065373259764,0.01681108400000042,0,58,12,4,3,0,16,14,16,1.0,729.9415858287352,38740.326866298805,644,631,0
SELF-Q4-mixed-fixed_hash-63,63,mixed,fixed_hash,square_active,True,all_sources_cleared_with_certificate,square,True,905.0,81,81,"[2, 7, 9, 10, 11, 12, 14, 15, 16, 20]","[2, 7, 9, 10, 11, 12, 14, 15, 16, 20]",full_mesh,14693.057369123104,0.015366000000000213,0,4,10,0,0,0,10,2,10,1.0,1469.3057369123103,46385.28684561553,905,841,0
SELF-Q4-mixed-fixed_hash-64,64,mixed,fixed_hash,square_active,True,all_sources_cleared_with_certificate,square,True,905.0,81,81,"[1, 3, 4, 5, 7, 11, 12, 13, 16, 18, 19]","[1, 3, 4, 5, 7, 11, 12, 13, 16, 18, 19]",full_mesh,15951.213827042207,0.017878249999998985,0,55,11,0,0,0,11,2,11,1.0,1450.1103479129279,50286.069135211044,979,944,0
SELF-Q4-mixed-fixed_hash-65,65,mixed,fixed_hash,square_active,True,all_sources_cleared_with_certificate,square,True,905.0,81,81,"[6, 7, 8, 9, 10, 13, 14, 15, 16, 17, 19, 20]","[6, 7, 8, 9, 10, 13, 14, 15, 16, 17, 19, 20]",full_mesh,15437.857747743545,0.017536707999997958,0,25,12,0,0,0,12,4,12,1.0,1286.4881456452954,49454.288738717725,922,877,0
SELF-Q4-mixed-fixed_hash-66,66,mixed,fixed_hash,square_active,True,all_sources_cleared_with_certificate,square,True,905.0,81,81,"[2, 3, 5, 8, 9, 10, 13, 14, 15, 16, 17, 19, 20]","[2, 3, 5, 8, 9, 10, 13, 14, 15, 16, 17, 19, 20]",full_mesh,15686.23467015955,0.018857458999999466,0,71,13,0,0,0,13,9,13,1.0,1206.6334361661193,50346.17335079775,930,902,0
SELF-Q4-mixed-fixed_hash-67,67,mixed,fixed_hash,square_active,True,all_sources_cleared_with_certificate,square,True,905.0,81,81,"[1, 3, 4, 5, 6, 7, 8, 10, 14, 15, 16, 17, 18, 19]","[1, 3, 4, 5, 6, 7, 8, 10, 14, 15, 16, 17, 18, 19]",full_mesh,15006.438769788025,0.018478208999997747,0,27,14,0,0,0,14,3,14,1.0,1071.8884835562874,52512.193848940115,745,709,0
SELF-Q4-mixed-fixed_hash-68,68,mixed,fixed_hash,square_active,True,all_sources_cleared_with_certificate,square,True,905.0,81,81,"[2, 4, 5, 6, 8, 9, 11, 12, 13, 14, 15, 16, 17, 19, 20]","[2, 4, 5, 6, 8, 9, 11, 12, 13, 14, 15, 16, 17, 19, 20]",full_mesh,14241.86105466539,0.01568395800000033,0,95,15,0,0,0,15,11,15,1.0,949.4574036443594,50114.30527332693,697,659,0
SELF-Q4-mixed-fixed_hash-69,69,mixed,fixed_hash,square_active,True,all_sources_cleared_with_certificate,square,True,905.0,81,31,"[2, 3, 4, 5, 6, 7, 8, 9, 10, 11, 12, 13, 14, 16, 17, 18]","[2, 3, 4, 5, 6, 7, 8, 9, 10, 11, 12, 13, 14, 16, 17, 18]",count_upper_bound,8099.582786158028,0.014555084000001273,1,56,14,3,10,96,16,9,16,1.0,506.22392413487677,28842.91393079013,328,320,97
SELF-Q4-mixed-fixed_hash-70,70,mixed,fixed_hash,square_active,True,all_sources_cleared_with_certificate,square,True,905.0,81,81,"[2, 3, 4, 5, 6, 10, 11, 12, 15, 18]","[2, 3, 4, 5, 6, 10, 11, 12, 15, 18]",full_mesh,15986.749011843458,0.01816583400000127,0,46,10,0,0,0,10,4,10,1.0,1598.6749011843458,50248.74505921729,988,947,0
SELF-Q4-mixed-fixed_hash-71,71,mixed,fixed_hash,square_active,True,all_sources_cleared_with_certificate,square,True,905.0,81,81,"[1, 2, 4, 5, 9, 11, 13, 14, 15, 16, 17]","[1, 2, 4, 5, 9, 11, 13, 14, 15, 16, 17]",full_mesh,15384.444805228657,0.0188030000000019,0,74,11,0,0,0,11,9,11,1.0,1398.5858913844233,48197.224026143296,955,915,0
SELF-Q4-mixed-fixed_hash-72,72,mixed,fixed_hash,square_active,True,all_sources_cleared_with_certificate,square,True,905.0,81,81,"[3, 4, 6, 10, 11, 12, 15, 16, 17, 18, 19, 20]","[3, 4, 6, 10, 11, 12, 15, 16, 17, 18, 19, 20]",full_mesh,15712.803421782597,0.020296542000000528,0,36,12,0,0,0,12,7,12,1.0,1309.4002851485498,50979.017108912994,914,887,0
SELF-Q4-mixed-fixed_hash-73,73,mixed,fixed_hash,square_active,True,all_sources_cleared_with_certificate,square,True,905.0,81,81,"[2, 4, 5, 6, 7, 8, 9, 10, 15, 16, 17, 19, 20]","[2, 4, 5, 6, 7, 8, 9, 10, 15, 16, 17, 19, 20]",full_mesh,15834.007766137976,0.01855658399999882,0,60,13,0,0,0,13,8,13,1.0,1218.0005973952289,49265.03883068989,990,966,0
SELF-Q4-mixed-fixed_hash-74,74,mixed,fixed_hash,square_active,True,all_sources_cleared_with_certificate,square,True,905.0,81,81,"[2, 3, 4, 5, 6, 8, 9, 11, 13, 14, 16, 17, 18, 20]","[2, 3, 4, 5, 6, 8, 9, 11, 13, 14, 16, 17, 18, 20]",full_mesh,14411.40710982708,0.017305249999999717,0,31,14,0,0,0,14,5,14,1.0,1029.3862221305058,50247.03554913541,722,682,0
SELF-Q4-mixed-fixed_hash-75,75,mixed,fixed_hash,square_active,True,all_sources_cleared_with_certificate,square,True,905.0,81,81,"[2, 3, 6, 8, 9, 11, 12, 13, 14, 15, 16, 17, 18, 19, 20]","[2, 3, 6, 8, 9, 11, 12, 13, 14, 15, 16, 17, 18, 19, 20]",full_mesh,14246.612481012511,0.016607916000001666,0,49,15,0,0,0,15,2,15,1.0,949.774165400834,53338.062405062556,592,544,0
SELF-Q4-mixed-fixed_hash-76,76,mixed,fixed_hash,square_active,True,all_sources_cleared_with_certificate,square,True,905.0,81,41,"[1, 3, 4, 5, 6, 7, 8, 10, 12, 13, 15, 16, 17, 18, 19, 20]","[1, 3, 4, 5, 6, 7, 8, 10, 12, 13, 15, 16, 17, 18, 19, 20]",count_upper_bound,9457.389780605323,0.012420500000001056,0,56,12,6,5,0,16,4,16,1.0,591.0868612878327,33056.948903026605,462,450,2
SELF-Q4-mixed-fixed_hash-77,77,mixed,fixed_hash,square_active,True,all_sources_cleared_with_certificate,square,True,905.0,81,81,"[2, 5, 7, 8, 9, 11, 14, 17, 18, 20]","[2, 5, 7, 8, 9, 11, 14, 17, 18, 20]",full_mesh,16561.8777696961,0.018494541999999115,0,37,10,0,0,0,10,4,10,1.0,1656.18777696961,49414.3888484805,1111,1074,0
SELF-Q4-mixed-fixed_hash-78,78,mixed,fixed_hash,square_active,True,all_sources_cleared_with_certificate,square,True,905.0,81,81,"[1, 3, 4, 7, 9, 10, 11, 13, 14, 15, 20]","[1, 3, 4, 7, 9, 10, 11, 13, 14, 15, 20]",full_mesh,16097.635694656155,0.018959667000000735,0,29,11,0,0,0,11,4,11,1.0,1463.4214267869231,49183.17847328077,1040,1006,0
SELF-Q4-mixed-fixed_hash-79,79,mixed,fixed_hash,square_active,True,all_sources_cleared_with_certificate,square,True,905.0,81,81,"[2, 3, 4, 5, 6, 8, 12, 14, 15, 16, 17, 18]","[2, 3, 4, 5, 6, 8, 12, 14, 15, 16, 17, 18]",full_mesh,15434.636101087559,0.01885195799999906,0,37,12,0,0,0,12,1,12,1.0,1286.2196750906298,49343.18050543779,925,881,0
SELF-Q4-mixed-fixed_hash-80,80,mixed,fixed_hash,square_active,True,all_sources_cleared_with_certificate,square,True,905.0,81,81,"[1, 4, 6, 7, 9, 12, 13, 14, 15, 17, 18, 19, 20]","[1, 4, 6, 7, 9, 12, 13, 14, 15, 17, 18, 19, 20]",full_mesh,15718.859977667202,0.018300249999999352,0,21,13,0,0,0,13,10,13,1.0,1209.1430752051695,51629.29988833602,894,858,0
SELF-Q4-mixed-fixed_hash-81,81,mixed,fixed_hash,square_active,True,all_sources_cleared_with_certificate,square,True,905.0,81,81,"[1, 3, 6, 8, 10, 11, 12, 13, 14, 15, 16, 17, 19, 20]","[1, 3, 6, 8, 10, 11, 12, 13, 14, 15, 16, 17, 19, 20]",full_mesh,14694.822914027365,0.01661095800000112,0,115,14,0,0,0,14,12,14,1.0,1049.6302081448118,50124.11457013682,770,750,0
SELF-Q4-mixed-fixed_hash-82,82,mixed,fixed_hash,square_active,True,all_sources_cleared_with_certificate,square,True,905.0,81,81,"[1, 3, 5, 6, 7, 8, 10, 11, 12, 13, 14, 16, 17, 18, 20]","[1, 3, 5, 6, 7, 8, 10, 11, 12, 13, 14, 16, 17, 18, 20]",full_mesh,14646.81067785604,0.01807449999999733,0,39,15,0,0,0,15,4,15,1.0,976.4540451904027,52454.0533892802,686,651,0
SELF-Q4-mixed-fixed_hash-83,83,mixed,fixed_hash,square_active,True,all_sources_cleared_with_certificate,square,True,905.0,81,46,"[1, 2, 3, 4, 5, 7, 11, 12, 13, 14, 15, 16, 17, 18, 19, 20]","[1, 2, 3, 4, 5, 7, 11, 12, 13, 14, 15, 16, 17, 18, 19, 20]",count_upper_bound,10018.871882346382,0.013836624999999714,0,41,12,4,2,0,16,3,16,1.0,626.1794926466489,36589.35941173191,440,421,0
SELF-Q4-mixed-fixed_hash-84,84,mixed,fixed_hash,square_active,True,all_sources_cleared_with_certificate,square,True,905.0,81,81,"[1, 2, 4, 8, 9, 10, 11, 13, 14, 16]","[1, 2, 4, 8, 9, 10, 11, 13, 14, 16]",full_mesh,16151.230235103527,0.017729750000000877,0,37,10,0,0,0,10,6,10,1.0,1615.1230235103526,50991.15117551763,991,948,0
SELF-Q4-mixed-fixed_hash-85,85,mixed,fixed_hash,square_active,True,all_sources_cleared_with_certificate,square,True,905.0,81,81,"[4, 6, 7, 8, 10, 11, 13, 14, 16, 19, 20]","[4, 6, 7, 8, 10, 11, 13, 14, 16, 19, 20]",full_mesh,15451.045597817143,0.016931708000001322,0,41,11,0,0,0,11,7,11,1.0,1404.6405088924676,49210.22798908573,931,899,0
SELF-Q4-mixed-fixed_hash-86,86,mixed,fixed_hash,square_active,True,all_sources_cleared_with_certificate,square,True,905.0,81,81,"[1, 2, 3, 5, 7, 9, 11, 12, 15, 18, 19, 20]","[1, 2, 3, 5, 7, 9, 11, 12, 15, 18, 19, 20]",full_mesh,16265.424549423758,0.02020141599999903,0,45,12,0,0,0,12,9,12,1.0,1355.4520457853132,53132.12274711879,935,904,0
SELF-Q4-mixed-fixed_hash-87,87,mixed,fixed_hash,square_active,True,all_sources_cleared_with_certificate,square,True,905.0,81,81,"[1, 2, 4, 5, 6, 7, 9, 11, 13, 14, 15, 16, 18]","[1, 2, 4, 5, 6, 7, 9, 11, 13, 14, 15, 16, 18]",full_mesh,14781.356959587029,0.01694029199999747,0,30,13,0,0,0,13,5,13,1.0,1137.0274584297715,50366.78479793512,781,738,0
SELF-Q4-mixed-fixed_hash-88,88,mixed,fixed_hash,square_active,True,all_sources_cleared_with_certificate,square,True,905.0,81,81,"[1, 3, 4, 6, 7, 8, 9, 11, 12, 13, 14, 16, 17, 20]","[1, 3, 4, 6, 7, 8, 9, 11, 12, 13, 14, 16, 17, 20]",full_mesh,15303.110310216214,0.019573624999999595,0,84,14,0,0,0,14,12,14,1.0,1093.0793078725867,50730.55155108106,851,832,0
SELF-Q4-mixed-fixed_hash-89,89,mixed,fixed_hash,square_active,True,all_sources_cleared_with_certificate,square,True,905.0,81,81,"[2, 3, 4, 5, 6, 7, 8, 9, 10, 12, 14, 16, 17, 18, 20]","[2, 3, 4, 5, 6, 7, 8, 9, 10, 12, 14, 16, 17, 18, 20]",full_mesh,14101.448405596939,0.017044417000001033,0,49,15,0,0,0,15,8,15,1.0,940.0965603731293,49702.2420279847,687,651,0
SELF-Q4-mixed-fixed_hash-90,90,mixed,fixed_hash,square_active,True,all_sources_cleared_with_certificate,square,True,905.0,81,32,"[1, 2, 3, 5, 6, 7, 8, 9, 10, 11, 12, 13, 14, 16, 17, 18]","[1, 2, 3, 5, 6, 7, 8, 9, 10, 11, 12, 13, 14, 16, 17, 18]",count_upper_bound,7153.132873205089,0.011169459000001325,0,22,11,5,3,0,16,1,16,1.0,447.07080457531805,26430.66436602544,301,282,0
SELF-Q4-mixed-fixed_hash-91,91,mixed,fixed_hash,square_active,True,all_sources_cleared_with_certificate,square,True,905.0,81,81,"[3, 6, 8, 12, 13, 14, 15, 16, 18, 19]","[3, 6, 8, 12, 13, 14, 15, 16, 18, 19]",full_mesh,15937.15127469094,0.01770916699999958,0,22,10,0,0,0,10,8,10,1.0,1593.7151274690939,48070.75637345471,1054,1003,0
SELF-Q4-mixed-fixed_hash-92,92,mixed,fixed_hash,square_active,True,all_sources_cleared_with_certificate,square,True,905.0,81,81,"[2, 3, 4, 8, 9, 10, 14, 15, 17, 18, 19]","[2, 3, 4, 8, 9, 10, 14, 15, 17, 18, 19]",full_mesh,15663.436432998833,0.01789295799999735,0,22,11,0,0,0,11,6,11,1.0,1423.9487666362575,50662.18216499417,920,876,0
SELF-Q4-mixed-fixed_hash-93,93,mixed,fixed_hash,square_active,True,all_sources_cleared_with_certificate,square,True,905.0,81,81,"[1, 2, 3, 4, 6, 7, 12, 13, 14, 16, 19, 20]","[1, 2, 3, 4, 6, 7, 12, 13, 14, 16, 19, 20]",full_mesh,15813.712787672943,0.017333292,0,47,12,0,0,0,12,10,12,1.0,1317.8093989727452,52078.56393836473,895,863,0
SELF-Q4-mixed-fixed_hash-94,94,mixed,fixed_hash,square_active,True,all_sources_cleared_with_certificate,square,True,905.0,81,81,"[1, 4, 5, 6, 7, 8, 9, 10, 11, 14, 15, 18, 19]","[1, 4, 5, 6, 7, 8, 9, 10, 11, 14, 15, 18, 19]",full_mesh,16465.806999859815,0.01797037500000087,0,47,13,0,0,0,13,10,13,1.0,1266.600538450755,53044.034999299074,970,942,0
SELF-Q4-mixed-fixed_hash-95,95,mixed,fixed_hash,square_active,True,all_sources_cleared_with_certificate,square,True,905.0,81,81,"[1, 2, 3, 4, 5, 10, 12, 13, 15, 16, 17, 18, 19, 20]","[1, 2, 3, 4, 5, 10, 12, 13, 15, 16, 17, 18, 19, 20]",full_mesh,15319.788166676775,0.01758383299999977,0,78,14,0,0,0,14,10,14,1.0,1094.2705833340553,49983.94083338388,880,853,0
SELF-Q4-mixed-fixed_hash-96,96,mixed,fixed_hash,square_active,True,all_sources_cleared_with_certificate,square,True,905.0,81,81,"[1, 3, 4, 6, 7, 10, 11, 12, 13, 14, 15, 17, 18, 19, 20]","[1, 3, 4, 6, 7, 10, 11, 12, 13, 14, 15, 17, 18, 19, 20]",full_mesh,14933.053207159128,0.01717295799999974,0,50,15,0,0,0,15,6,15,1.0,995.5368804772752,52250.26603579562,741,703,0
SELF-Q4-mixed-fixed_hash-97,97,mixed,fixed_hash,square_active,True,all_sources_cleared_with_certificate,square,True,905.0,81,54,"[1, 2, 4, 5, 6, 7, 9, 10, 12, 13, 14, 16, 17, 18, 19, 20]","[1, 2, 4, 5, 6, 7, 9, 10, 12, 13, 14, 16, 17, 18, 19, 20]",count_upper_bound,11303.713628429412,0.014555500000000166,0,85,13,3,5,0,16,11,16,1.0,706.4821017768382,37913.56814214707,608,601,0
SELF-Q4-mixed-fixed_hash-98,98,mixed,fixed_hash,square_active,True,all_sources_cleared_with_certificate,square,True,905.0,81,81,"[1, 2, 5, 8, 11, 12, 14, 17, 19, 20]","[1, 2, 5, 8, 11, 12, 14, 17, 19, 20]",full_mesh,16390.788525515713,0.018864708999998925,0,33,10,0,0,0,10,9,10,1.0,1639.0788525515713,48563.94262757855,1112,1068,0
SELF-Q4-mixed-fixed_hash-99,99,mixed,fixed_hash,square_active,True,all_sources_cleared_with_certificate,square,True,905.0,81,81,"[2, 3, 4, 5, 6, 7, 8, 13, 18, 19, 20]","[2, 3, 4, 5, 6, 7, 8, 13, 18, 19, 20]",full_mesh,16024.372811611944,0.018618332999999154,0,41,11,0,0,0,11,9,11,1.0,1456.761164691995,49641.864058059735,1012,981,0
SELF-Q4-mixed-fixed_hash-100,100,mixed,fixed_hash,square_active,True,all_sources_cleared_with_certificate,square,True,905.0,81,81,"[2, 5, 6, 7, 9, 11, 12, 13, 15, 17, 18, 19]","[2, 5, 6, 7, 9, 11, 12, 13, 15, 17, 18, 19]",full_mesh,15188.04193745055,0.019743833000003264,0,38,12,0,0,0,12,2,12,1.0,1265.6701614542126,50200.209687252755,855,813,0
SELF-Q4-mixed-fixed_hash-101,101,mixed,fixed_hash,square_active,True,all_sources_cleared_with_certificate,square,True,905.0,81,81,"[1, 4, 5, 7, 8, 9, 10, 11, 12, 15, 17, 18, 19]","[1, 4, 5, 7, 8, 9, 10, 11, 12, 15, 17, 18, 19]",full_mesh,15618.786828223312,0.01888095900000053,0,53,13,0,0,0,13,12,13,1.0,1201.4451406325625,50928.93414111655,900,868,0
SELF-Q4-mixed-fixed_hash-102,102,mixed,fixed_hash,square_active,True,all_sources_cleared_with_certificate,square,True,905.0,81,81,"[1, 3, 5, 6, 7, 9, 10, 12, 13, 14, 17, 18, 19, 20]","[1, 3, 5, 6, 7, 9, 10, 12, 13, 14, 17, 18, 19, 20]",full_mesh,15065.005355532778,0.01921733300000028,0,86,14,0,0,0,14,13,14,1.0,1076.071811109484,49845.026777663916,842,816,0
SELF-Q4-mixed-fixed_hash-103,103,mixed,fixed_hash,square_active,True,all_sources_cleared_with_certificate,square,True,905.0,81,81,"[1, 2, 3, 4, 5, 6, 7, 8, 11, 12, 13, 15, 17, 18, 20]","[1, 2, 3, 4, 5, 6, 7, 8, 11, 12, 13, 15, 17, 18, 20]",full_mesh,13690.788216199813,0.015487540999998828,0,50,15,0,0,0,15,1,15,1.0,912.7192144133209,49363.94108099907,631,588,0
SELF-Q4-mixed-fixed_hash-104,104,mixed,fixed_hash,square_active,True,all_sources_cleared_with_certificate,square,True,905.0,81,35,"[1, 2, 3, 6, 7, 8, 9, 10, 11, 12, 13, 14, 15, 16, 17, 20]","[1, 2, 3, 6, 7, 8, 9, 10, 11, 12, 13, 14, 15, 16, 17, 20]",count_upper_bound,9073.35825430449,0.012082833000000903,0,41,13,6,6,0,16,6,16,1.0,567.0848908940307,31126.791271522456,461,454,3
SELF-Q4-mixed-fixed_hash-105,105,mixed,fixed_hash,square_active,True,all_sources_cleared_with_certificate,square,True,905.0,81,81,"[1, 4, 5, 6, 9, 10, 12, 13, 16, 19]","[1, 4, 5, 6, 9, 10, 12, 13, 16, 19]",full_mesh,15661.639580933741,0.018145707999998706,0,38,10,0,0,0,10,3,10,1.0,1566.163958093374,48843.19790466873,983,928,0
SELF-Q4-mixed-fixed_hash-106,106,mixed,fixed_hash,square_active,True,all_sources_cleared_with_certificate,square,True,905.0,81,81,"[1, 2, 4, 5, 8, 13, 16, 17, 18, 19, 20]","[1, 2, 4, 5, 8, 13, 16, 17, 18, 19, 20]",full_mesh,16175.02820738926,0.01811083300000149,0,46,11,0,0,0,11,6,11,1.0,1470.45710976266,50510.141036946305,1010,968,0
SELF-Q4-mixed-fixed_hash-107,107,mixed,fixed_hash,square_active,True,all_sources_cleared_with_certificate,square,True,905.0,81,81,"[1, 2, 3, 5, 7, 8, 9, 10, 11, 14, 16, 19]","[1, 2, 3, 5, 7, 8, 9, 10, 11, 14, 16, 19]",full_mesh,15089.382802297321,0.01938183400000071,0,75,12,0,0,0,12,11,12,1.0,1257.44856685811,48886.91401148661,882,842,0
SELF-Q4-mixed-fixed_hash-108,108,mixed,fixed_hash,square_active,True,all_sources_cleared_with_certificate,square,True,905.0,81,81,"[2, 3, 4, 5, 6, 9, 10, 12, 13, 15, 18, 19, 20]","[2, 3, 4, 5, 6, 9, 10, 12, 13, 15, 18, 19, 20]",full_mesh,15026.639881233852,0.01785687499999966,0,39,13,0,0,0,13,2,13,1.0,1155.895375479527,50118.19940616924,829,793,0
SELF-Q4-mixed-fixed_hash-109,109,mixed,fixed_hash,square_active,True,all_sources_cleared_with_certificate,square,True,905.0,81,81,"[2, 4, 5, 7, 8, 9, 10, 13, 15, 16, 17, 18, 19, 20]","[2, 4, 5, 7, 8, 9, 10, 13, 15, 16, 17, 18, 19, 20]",full_mesh,14035.942048640558,0.015866458000001415,0,68,14,0,0,0,14,4,14,1.0,1002.5672891886113,49649.71024320279,680,636,0
SELF-Q4-mixed-fixed_hash-110,110,mixed,fixed_hash,square_active,True,all_sources_cleared_with_certificate,square,True,905.0,81,81,"[1, 2, 6, 7, 8, 9, 11, 12, 13, 14, 15, 16, 17, 18, 19]","[1, 2, 6, 7, 8, 9, 11, 12, 13, 14, 15, 16, 17, 18, 19]",full_mesh,13786.20173762639,0.015810832999999747,0,20,15,0,0,0,15,2,15,1.0,919.0801158417594,50486.008688131944,610,564,0
SELF-Q4-mixed-fixed_hash-111,111,mixed,fixed_hash,square_active,True,all_sources_cleared_with_certificate,square,True,905.0,81,33,"[2, 3, 4, 6, 7, 8, 10, 11, 13, 14, 15, 16, 17, 18, 19, 20]","[2, 3, 4, 6, 7, 8, 10, 11, 13, 14, 15, 16, 17, 18, 19, 20]",count_upper_bound,7479.045739983731,0.011959749999999048,0,16,13,3,3,0,16,7,16,1.0,467.4403587489832,25240.228699918658,393,386,0
SELF-Q4-mixed-fixed_hash-112,112,mixed,fixed_hash,square_active,True,all_sources_cleared_with_certificate,square,True,905.0,81,81,"[3, 4, 6, 10, 11, 13, 14, 15, 16, 19]","[3, 4, 6, 10, 11, 13, 14, 15, 16, 19]",full_mesh,15290.064469668347,0.0174608749999976,0,44,10,0,0,0,10,9,10,1.0,1529.0064469668346,47850.322348341746,951,915,0
SELF-Q4-mixed-fixed_hash-113,113,mixed,fixed_hash,square_active,True,all_sources_cleared_with_certificate,square,True,905.0,81,81,"[1, 2, 3, 4, 5, 7, 9, 12, 16, 18, 20]","[1, 2, 3, 4, 5, 7, 9, 12, 16, 18, 20]",full_mesh,15646.264867009904,0.01499524999999835,0,40,11,0,0,0,11,10,11,1.0,1422.3877151827185,50191.32433504953,932,893,0
SELF-Q4-mixed-fixed_hash-114,114,mixed,fixed_hash,square_active,True,all_sources_cleared_with_certificate,square,True,905.0,81,81,"[1, 3, 4, 8, 9, 10, 11, 14, 15, 17, 19, 20]","[1, 3, 4, 8, 9, 10, 11, 14, 15, 17, 19, 20]",full_mesh,15529.451624294139,0.01820470799999896,0,29,12,0,0,0,12,5,12,1.0,1294.1209686911782,51022.25812147071,884,845,0
SELF-Q4-mixed-fixed_hash-115,115,mixed,fixed_hash,square_active,True,all_sources_cleared_with_certificate,square,True,905.0,81,81,"[4, 5, 6, 7, 8, 9, 10, 11, 12, 13, 14, 16, 18]","[4, 5, 6, 7, 8, 9, 10, 11, 12, 13, 14, 16, 18]",full_mesh,14577.667565295944,0.015543083000000735,0,30,13,0,0,0,13,1,13,1.0,1121.3590434843034,50353.33782647972,749,697,0
SELF-Q4-mixed-fixed_hash-116,116,mixed,fixed_hash,square_active,True,all_sources_cleared_with_certificate,square,True,905.0,81,81,"[1, 3, 4, 5, 7, 8, 9, 10, 12, 13, 15, 16, 18, 20]","[1, 3, 4, 5, 7, 8, 9, 10, 12, 13, 15, 16, 18, 20]",full_mesh,14908.849997144587,0.016185040999999956,0,54,14,0,0,0,14,10,14,1.0,1064.9178569388991,51604.24998572293,760,718,0
SELF-Q4-mixed-fixed_hash-117,117,mixed,fixed_hash,square_active,True,all_sources_cleared_with_certificate,square,True,905.0,81,81,"[2, 3, 4, 6, 7, 8, 9, 10, 13, 14, 16, 17, 18, 19, 20]","[2, 3, 4, 6, 7, 8, 9, 10, 13, 14, 16, 17, 18, 19, 20]",full_mesh,14222.63455905539,0.016289165999999966,0,45,15,0,0,0,15,1,15,1.0,948.1756372703593,51848.172795276936,637,593,0
SELF-Q4-mixed-fixed_hash-118,118,mixed,fixed_hash,square_active,True,all_sources_cleared_with_certificate,square,True,905.0,81,59,"[1, 2, 4, 5, 6, 7, 8, 10, 12, 13, 14, 15, 16, 17, 19, 20]","[1, 2, 4, 5, 6, 7, 8, 10, 12, 13, 14, 15, 16, 17, 19, 20]",count_upper_bound,12019.937290775439,0.01580179199999776,0,62,15,1,2,0,16,14,16,1.0,751.2460806734649,41609.68645387719,605,593,0
SELF-Q4-mixed-fixed_hash-119,119,mixed,fixed_hash,square_active,True,all_sources_cleared_with_certificate,square,True,905.0,81,81,"[2, 3, 4, 6, 7, 10, 11, 14, 16, 18]","[2, 3, 4, 6, 7, 10, 11, 14, 16, 18]",full_mesh,16130.797060146886,0.018144833000000915,0,41,10,0,0,0,10,5,10,1.0,1613.0797060146886,50238.98530073443,1013,968,0
SELF-Q4-mixed-fixed_hash-120,120,mixed,fixed_hash,square_active,True,all_sources_cleared_with_certificate,square,True,905.0,81,81,"[3, 4, 5, 6, 7, 8, 13, 14, 15, 17, 20]","[3, 4, 5, 6, 7, 8, 13, 14, 15, 17, 20]",full_mesh,15281.393731390026,0.01660400000000095,0,46,11,0,0,0,11,6,11,1.0,1389.2176119445478,48856.968656950135,916,875,0
SELF-Q4-mixed-fixed_hash-121,121,mixed,fixed_hash,square_active,True,all_sources_cleared_with_certificate,square,True,905.0,81,81,"[1, 3, 5, 6, 7, 11, 12, 13, 16, 17, 19, 20]","[1, 3, 5, 6, 7, 11, 12, 13, 16, 17, 19, 20]",full_mesh,16078.265407633375,0.01931950000000171,0,72,12,0,0,0,12,3,12,1.0,1339.8554506361145,51866.32703816687,947,910,0
SELF-Q4-mixed-fixed_hash-122,122,mixed,fixed_hash,square_active,True,all_sources_cleared_with_certificate,square,True,905.0,81,81,"[2, 3, 4, 5, 7, 8, 10, 11, 12, 13, 17, 18, 20]","[2, 3, 4, 5, 7, 8, 10, 11, 12, 13, 17, 18, 20]",full_mesh,15815.809356968786,0.018435207999999648,0,70,13,0,0,0,13,8,13,1.0,1216.6007197668298,51564.04678484393,909,893,0
SELF-Q4-mixed-fixed_hash-123,123,mixed,fixed_hash,square_active,True,all_sources_cleared_with_certificate,square,True,905.0,81,81,"[1, 2, 3, 6, 7, 9, 10, 11, 12, 14, 16, 17, 19, 20]","[1, 2, 3, 6, 7, 9, 10, 11, 12, 14, 16, 17, 19, 20]",full_mesh,14960.035524300463,0.018102666999997297,0,34,14,0,0,0,14,1,14,1.0,1068.5739660214617,51590.17762150232,768,732,0
SELF-Q4-mixed-fixed_hash-124,124,mixed,fixed_hash,square_active,True,all_sources_cleared_with_certificate,square,True,905.0,81,81,"[1, 2, 3, 4, 5, 6, 7, 9, 12, 13, 15, 17, 18, 19, 20]","[1, 2, 3, 4, 5, 6, 7, 9, 12, 13, 15, 17, 18, 19, 20]",full_mesh,14155.543058159968,0.013459499999999736,0,23,15,0,0,0,15,1,15,1.0,943.7028705439978,52457.715290799846,606,559,0
SELF-Q4-mixed-fixed_hash-125,125,mixed,fixed_hash,square_active,True,all_sources_cleared_with_certificate,square,True,905.0,81,57,"[1, 2, 3, 4, 5, 6, 7, 8, 10, 11, 12, 13, 14, 15, 18, 20]","[1, 2, 3, 4, 5, 6, 7, 8, 10, 11, 12, 13, 14, 15, 18, 20]",count_upper_bound,11718.678609751463,0.015542166999999552,0,84,16,1,4,0,16,11,16,1.0,732.4174131094665,40013.39304875733,607,598,1
SELF-Q4-mixed-fixed_hash-126,126,mixed,fixed_hash,square_active,True,all_sources_cleared_with_certificate,square,True,905.0,81,81,"[2, 3, 4, 6, 8, 11, 15, 17, 18, 19]","[2, 3, 4, 6, 8, 11, 15, 17, 18, 19]",full_mesh,15938.816721080386,0.018585791999999657,0,36,10,0,0,0,10,3,10,1.0,1593.8816721080386,49874.08360540193,993,949,0
SELF-Q4-mixed-fixed_hash-127,127,mixed,fixed_hash,square_active,True,all_sources_cleared_with_certificate,square,True,905.0,81,81,"[1, 2, 4, 5, 7, 11, 14, 15, 17, 18, 19]","[1, 2, 4, 5, 7, 11, 14, 15, 17, 18, 19]",full_mesh,16003.172454394595,0.016964707999999717,0,44,11,0,0,0,11,7,11,1.0,1454.8338594904178,50175.862271973,992,953,0
SELF-Q4-mixed-fixed_hash-128,128,mixed,fixed_hash,square_active,True,all_sources_cleared_with_certificate,square,True,905.0,81,81,"[1, 3, 5, 6, 8, 9, 11, 12, 13, 16, 17, 20]","[1, 3, 5, 6, 8, 9, 11, 12, 13, 16, 17, 20]",full_mesh,15605.893484756978,0.017644458999999557,0,73,12,0,0,0,12,11,12,1.0,1300.491123729748,50519.467423784896,912,882,0
SELF-Q4-mixed-fixed_hash-129,129,mixed,fixed_hash,square_active,True,all_sources_cleared_with_certificate,square,True,905.0,81,81,"[2, 3, 4, 6, 9, 10, 11, 13, 14, 17, 18, 19, 20]","[2, 3, 4, 6, 9, 10, 11, 13, 14, 17, 18, 19, 20]",full_mesh,15060.393864651305,0.01632720799999987,0,72,13,0,0,0,13,11,13,1.0,1158.491835742408,48856.96932325651,877,839,0
SELF-Q4-mixed-fixed_hash-130,130,mixed,fixed_hash,square_active,True,all_sources_cleared_with_certificate,square,True,905.0,81,81,"[1, 2, 4, 5, 6, 9, 10, 11, 13, 14, 15, 17, 19, 20]","[1, 2, 4, 5, 6, 9, 10, 11, 13, 14, 15, 17, 19, 20]",full_mesh,15993.655665428507,0.01834325000000092,0,65,14,0,0,0,14,11,14,1.0,1142.4039761020363,53493.27832714252,875,850,0
SELF-Q4-mixed-fixed_hash-131,131,mixed,fixed_hash,square_active,True,all_sources_cleared_with_certificate,square,True,905.0,81,81,"[1, 2, 3, 5, 6, 7, 9, 10, 11, 12, 13, 17, 18, 19, 20]","[1, 2, 3, 5, 6, 7, 9, 10, 11, 12, 13, 17, 18, 19, 20]",full_mesh,15687.8117067102,0.017378583000002834,0,57,15,0,0,0,15,12,15,1.0,1045.8541137806799,54479.05853355099,792,757,0
SELF-Q4-mixed-fixed_hash-132,132,mixed,fixed_hash,square_active,True,all_sources_cleared_with_certificate,square,True,905.0,81,33,"[1, 2, 3, 4, 5, 6, 8, 9, 11, 12, 14, 15, 17, 18, 19, 20]","[1, 2, 3, 4, 5, 6, 8, 9, 11, 12, 14, 15, 17, 18, 19, 20]",count_upper_bound,8943.198550798948,0.011936082999998376,0,32,13,6,11,0,16,3,16,1.0,558.9499094249343,30045.99275399474,476,465,3
SELF-Q4-mixed-fixed_hash-133,133,mixed,fixed_hash,square_active,True,all_sources_cleared_with_certificate,square,True,905.0,81,81,"[1, 9, 10, 11, 12, 15, 16, 17, 19, 20]","[1, 9, 10, 11, 12, 15, 16, 17, 19, 20]",full_mesh,15697.737545293525,0.017392958000002068,0,38,10,0,0,0,10,2,10,1.0,1569.7737545293526,48138.68772646762,1010,970,0
SELF-Q4-mixed-fixed_hash-134,134,mixed,fixed_hash,square_active,True,all_sources_cleared_with_certificate,square,True,905.0,81,81,"[1, 2, 4, 5, 7, 8, 11, 13, 16, 17, 18]","[1, 2, 4, 5, 7, 8, 11, 13, 16, 17, 18]",full_mesh,15932.732789400055,0.018335249999999803,0,65,11,0,0,0,11,8,11,1.0,1448.4302535818233,50043.663947000256,984,949,0
SELF-Q4-mixed-fixed_hash-135,135,mixed,fixed_hash,square_active,True,all_sources_cleared_with_certificate,square,True,905.0,81,81,"[1, 2, 3, 5, 8, 9, 10, 12, 14, 16, 19, 20]","[1, 2, 3, 5, 8, 9, 10, 12, 14, 16, 19, 20]",full_mesh,14846.44667348497,0.01760829199999847,0,63,12,0,0,0,12,6,12,1.0,1237.2038894570808,49422.233367424844,824,782,0
SELF-Q4-mixed-fixed_hash-136,136,mixed,fixed_hash,square_active,True,all_sources_cleared_with_certificate,square,True,905.0,81,81,"[1, 2, 3, 4, 7, 8, 11, 13, 14, 15, 17, 19, 20]","[1, 2, 3, 4, 7, 8, 11, 13, 14, 15, 17, 19, 20]",full_mesh,15441.187660652922,0.016896208999998663,0,23,13,0,0,0,13,3,13,1.0,1187.7836662040709,49815.93830326462,908,873,0
SELF-Q4-mixed-fixed_hash-137,137,mixed,fixed_hash,square_active,True,all_sources_cleared_with_certificate,square,True,905.0,81,81,"[1, 3, 4, 6, 7, 8, 9, 11, 13, 14, 16, 17, 18, 19]","[1, 3, 4, 6, 7, 8, 9, 11, 13, 14, 16, 17, 18, 19]",full_mesh,14376.684457051213,0.017648041999997588,0,77,14,0,0,0,14,9,14,1.0,1026.9060326465153,50228.42228525607,717,676,0
SELF-Q4-mixed-fixed_hash-138,138,mixed,fixed_hash,square_active,True,all_sources_cleared_with_certificate,square,True,905.0,81,81,"[3, 4, 5, 6, 7, 8, 9, 10, 11, 13, 14, 15, 17, 18, 20]","[3, 4, 5, 6, 7, 8, 9, 10, 11, 13, 14, 15, 17, 18, 20]",full_mesh,15495.611767646622,0.017839458999997504,0,56,15,0,0,0,15,12,15,1.0,1033.0407845097748,50243.05883823312,899,877,0
SELF-Q4-mixed-fixed_hash-139,139,mixed,fixed_hash,square_active,True,all_sources_cleared_with_certificate,square,True,905.0,81,57,"[1, 3, 4, 5, 6, 8, 9, 10, 11, 12, 13, 14, 16, 18, 19, 20]","[1, 3, 4, 5, 6, 8, 9, 10, 11, 12, 13, 14, 16, 18, 19, 20]",count_upper_bound,10583.08668242688,0.014213375000000639,0,41,16,1,2,0,16,3,16,1.0,661.44291765168,39815.43341213439,427,402,1
SELF-Q4-mixed-fixed_hash-140,140,mixed,fixed_hash,square_active,True,all_sources_cleared_with_certificate,square,True,905.0,81,81,"[1, 2, 4, 9, 11, 12, 17, 18, 19, 20]","[1, 2, 4, 9, 11, 12, 17, 18, 19, 20]",full_mesh,15161.248287336977,0.015816208000000387,0,54,10,0,0,0,10,4,10,1.0,1516.1248287336978,48361.241436684875,915,864,0
SELF-Q4-mixed-fixed_hash-141,141,mixed,fixed_hash,square_active,True,all_sources_cleared_with_certificate,square,True,905.0,81,81,"[1, 5, 6, 9, 11, 15, 16, 17, 18, 19, 20]","[1, 5, 6, 9, 11, 15, 16, 17, 18, 19, 20]",full_mesh,15876.0494319245,0.017295000000000726,0,40,11,0,0,0,11,7,11,1.0,1443.2772210840456,48590.24715962249,1025,978,0
SELF-Q4-mixed-fixed_hash-142,142,mixed,fixed_hash,square_active,True,all_sources_cleared_with_certificate,square,True,905.0,81,81,"[1, 2, 5, 6, 10, 12, 13, 15, 16, 18, 19, 20]","[1, 2, 5, 6, 10, 12, 13, 15, 16, 18, 19, 20]",full_mesh,15964.188468607246,0.018097166000000442,0,38,12,0,0,0,12,3,12,1.0,1330.3490390506038,53280.94234303624,880,848,0
SELF-Q4-mixed-fixed_hash-143,143,mixed,fixed_hash,square_active,True,all_sources_cleared_with_certificate,square,True,905.0,81,81,"[1, 2, 3, 4, 5, 6, 7, 8, 10, 12, 14, 17, 19]","[1, 2, 3, 4, 5, 6, 7, 8, 10, 12, 14, 17, 19]",full_mesh,15447.868413651278,0.017467916000001082,0,55,13,0,0,0,13,10,13,1.0,1188.2975702808676,48769.34206825638,944,909,0
SELF-Q4-mixed-fixed_hash-144,144,mixed,fixed_hash,square_active,True,all_sources_cleared_with_certificate,square,True,905.0,81,81,"[2, 3, 4, 6, 7, 8, 10, 11, 13, 14, 15, 16, 19, 20]","[2, 3, 4, 6, 7, 8, 10, 11, 13, 14, 15, 16, 19, 20]",full_mesh,14929.128246812536,0.01612862500000034,0,53,14,0,0,0,14,3,14,1.0,1066.3663033437526,53010.64123406267,717,672,0
SELF-Q4-mixed-fixed_hash-145,145,mixed,fixed_hash,square_active,True,all_sources_cleared_with_certificate,square,True,905.0,81,81,"[1, 3, 5, 6, 8, 9, 11, 12, 13, 14, 15, 16, 17, 18, 19]","[1, 3, 5, 6, 8, 9, 11, 12, 13, 14, 15, 16, 17, 18, 19]",full_mesh,14237.859860220036,0.015170917000002504,0,76,15,0,0,0,15,14,15,1.0,949.1906573480024,50329.299301100196,689,652,0
SELF-Q4-mixed-fixed_hash-146,146,mixed,fixed_hash,square_active,True,all_sources_cleared_with_certificate,square,True,905.0,81,76,"[1, 2, 3, 4, 5, 6, 7, 8, 9, 10, 11, 14, 15, 16, 19, 20]","[1, 2, 3, 4, 5, 6, 7, 8, 9, 10, 11, 14, 15, 16, 19, 20]",count_upper_bound,14247.134467199992,0.01671241699999726,1,31,15,0,3,83,16,3,16,1.0,890.4459041999995,49950.67233599997,661,626,82
SELF-Q4-mixed-fixed_hash-147,147,mixed,fixed_hash,square_active,True,all_sources_cleared_with_certificate,square,True,905.0,81,81,"[3, 5, 7, 11, 12, 13, 15, 17, 19, 20]","[3, 5, 7, 11, 12, 13, 15, 17, 19, 20]",full_mesh,16307.576721829219,0.01884179099999983,0,54,10,0,0,0,10,8,10,1.0,1630.7576721829219,48862.88360914609,1087,1050,0
SELF-Q4-mixed-fixed_hash-148,148,mixed,fixed_hash,square_active,True,all_sources_cleared_with_certificate,square,True,905.0,81,81,"[2, 4, 5, 8, 10, 11, 12, 13, 14, 19, 20]","[2, 4, 5, 8, 10, 11, 12, 13, 14, 19, 20]",full_mesh,16057.950208579354,0.017321291999998323,0,49,11,0,0,0,11,5,11,1.0,1459.8136553253958,50524.75104289677,989,953,0
SELF-Q4-mixed-fixed_hash-149,149,mixed,fixed_hash,square_active,True,all_sources_cleared_with_certificate,square,True,905.0,81,81,"[1, 3, 4, 5, 7, 9, 10, 13, 14, 15, 17, 20]","[1, 3, 4, 5, 7, 9, 10, 13, 14, 15, 17, 20]",full_mesh,15729.00754805253,0.015707417000001556,0,28,12,0,0,0,12,1,12,1.0,1310.7506290043775,51905.03774026263,888,848,0
SELF-Q4-mixed-fixed_hash-150,150,mixed,fixed_hash,square_active,True,all_sources_cleared_with_certificate,square,True,905.0,81,81,"[2, 3, 5, 6, 7, 8, 10, 11, 13, 15, 17, 18, 19]","[2, 3, 5, 6, 7, 8, 10, 11, 13, 15, 17, 18, 19]",full_mesh,15056.79274151594,0.01753541600000119,0,61,13,0,0,0,13,5,13,1.0,1158.2148262704568,50428.96370757972,823,791,0
SELF-Q4-mixed-fixed_hash-151,151,mixed,fixed_hash,square_active,True,all_sources_cleared_with_certificate,square,True,905.0,81,81,"[2, 7, 8, 10, 11, 12, 13, 14, 15, 16, 17, 18, 19, 20]","[2, 7, 8, 10, 11, 12, 13, 14, 15, 16, 17, 18, 19, 20]",full_mesh,15574.220938766854,0.018545916000000773,0,56,14,0,0,0,14,7,14,1.0,1112.444352769061,52756.10469383426,831,798,0
SELF-Q4-mixed-fixed_hash-152,152,mixed,fixed_hash,square_active,True,all_sources_cleared_with_certificate,square,True,905.0,81,81,"[1, 2, 3, 5, 6, 7, 8, 10, 11, 12, 13, 14, 18, 19, 20]","[1, 2, 3, 5, 6, 7, 8, 10, 11, 12, 13, 14, 18, 19, 20]",full_mesh,15709.608982221087,0.018061958999997074,0,74,15,0,0,0,15,14,15,1.0,1047.3072654814057,53363.04491110544,832,802,0
SELF-Q4-mixed-fixed_hash-153,153,mixed,fixed_hash,square_active,True,all_sources_cleared_with_certificate,square,True,905.0,81,62,"[2, 3, 4, 5, 6, 7, 9, 10, 11, 12, 13, 14, 15, 16, 17, 20]","[2, 3, 4, 5, 6, 7, 9, 10, 11, 12, 13, 14, 15, 16, 17, 20]",count_upper_bound,12259.70377743982,0.01466854200000256,0,68,13,3,2,0,16,6,16,1.0,766.2314860899887,44193.51888719908,561,536,0
SELF-Q4-mixed-fixed_hash-154,154,mixed,fixed_hash,square_active,True,all_sources_cleared_with_certificate,square,True,905.0,81,81,"[1, 5, 7, 8, 9, 13, 15, 16, 17, 20]","[1, 5, 7, 8, 9, 13, 15, 16, 17, 20]",full_mesh,16887.261132676675,0.018470541999999313,0,36,10,0,0,0,10,7,10,1.0,1688.7261132676674,49946.30566338338,1148,1108,0
SELF-Q4-mixed-fixed_hash-155,155,mixed,fixed_hash,square_active,True,all_sources_cleared_with_certificate,square,True,905.0,81,81,"[4, 5, 7, 9, 10, 14, 15, 17, 18, 19, 20]","[4, 5, 7, 9, 10, 14, 15, 17, 18, 19, 20]",full_mesh,15400.03950408656,0.015673333999998817,0,30,11,0,0,0,11,1,11,1.0,1400.0035912805963,49555.19752043283,913,869,0
SELF-Q4-mixed-fixed_hash-156,156,mixed,fixed_hash,square_active,True,all_sources_cleared_with_certificate,square,True,905.0,81,81,"[3, 4, 5, 7, 8, 9, 12, 14, 16, 17, 18, 19]","[3, 4, 5, 7, 8, 9, 12, 14, 16, 17, 18, 19]",full_mesh,16244.791080584691,0.018928833000000367,0,59,12,0,0,0,12,6,12,1.0,1353.7325900487242,49828.95540292346,1042,1009,0
SELF-Q4-mixed-fixed_hash-157,157,mixed,fixed_hash,square_active,True,all_sources_cleared_with_certificate,square,True,905.0,81,81,"[1, 2, 3, 4, 6, 8, 10, 13, 14, 16, 17, 19, 20]","[1, 2, 3, 4, 6, 8, 10, 13, 14, 16, 17, 19, 20]",full_mesh,15176.371664301007,0.016417834000002074,0,43,13,0,0,0,13,4,13,1.0,1167.4132049462312,51236.85832150503,817,779,0
SELF-Q4-mixed-fixed_hash-158,158,mixed,fixed_hash,square_active,True,all_sources_cleared_with_certificate,square,True,905.0,81,81,"[1, 2, 4, 5, 8, 10, 11, 12, 13, 14, 16, 17, 18, 20]","[1, 2, 4, 5, 8, 10, 11, 12, 13, 14, 16, 17, 18, 20]",full_mesh,14830.612435729317,0.015982999999998526,0,62,14,0,0,0,14,5,14,1.0,1059.3294596949513,52058.06217864659,731,694,0
SELF-Q4-mixed-fixed_hash-159,159,mixed,fixed_hash,square_active,True,all_sources_cleared_with_certificate,square,True,905.0,81,81,"[1, 4, 5, 6, 7, 8, 10, 12, 13, 14, 15, 16, 17, 19, 20]","[1, 4, 5, 6, 7, 8, 10, 12, 13, 14, 15, 16, 17, 19, 20]",full_mesh,14859.50043568758,0.016469957999998286,0,64,15,0,0,0,15,4,15,1.0,990.633362379172,52577.5021784379,718,679,0
SELF-Q4-mixed-fixed_hash-160,160,mixed,fixed_hash,square_active,True,all_sources_cleared_with_certificate,square,True,905.0,81,33,"[4, 6, 7, 8, 9, 10, 11, 12, 13, 14, 15, 16, 17, 18, 19, 20]","[4, 6, 7, 8, 9, 10, 11, 12, 13, 14, 15, 16, 17, 18, 19, 20]",count_upper_bound,7686.964794170889,0.01293383400000181,0,31,13,4,2,0,16,1,16,1.0,480.43529963568056,26774.823970854457,376,369,1
SELF-Q4-mixed-fixed_hash-161,161,mixed,fixed_hash,square_active,True,all_sources_cleared_with_certificate,square,True,905.0,81,81,"[1, 6, 7, 8, 10, 11, 15, 16, 17, 18]","[1, 6, 7, 8, 10, 11, 15, 16, 17, 18]",full_mesh,16495.158885194953,0.018702249999996923,0,57,10,0,0,0,10,8,10,1.0,1649.5158885194953,50925.79442597478,1049,1015,0
SELF-Q4-mixed-fixed_hash-162,162,mixed,fixed_hash,square_active,True,all_sources_cleared_with_certificate,square,True,905.0,81,81,"[2, 5, 7, 8, 10, 11, 13, 14, 15, 17, 19]","[2, 5, 7, 8, 10, 11, 13, 14, 15, 17, 19]",full_mesh,15416.539904395471,0.016666499999999473,0,36,11,0,0,0,11,1,11,1.0,1401.5036276723156,48777.69952197736,941,901,0
SELF-Q4-mixed-fixed_hash-163,163,mixed,fixed_hash,square_active,True,all_sources_cleared_with_certificate,square,True,905.0,81,81,"[3, 4, 6, 10, 11, 14, 15, 16, 17, 18, 19, 20]","[3, 4, 6, 10, 11, 14, 15, 16, 17, 18, 19, 20]",full_mesh,14983.848030570105,0.015918834000000714,0,33,12,0,0,0,12,10,12,1.0,1248.6540025475088,47949.24015285055,896,854,0
SELF-Q4-mixed-fixed_hash-164,164,mixed,fixed_hash,square_active,True,all_sources_cleared_with_certificate,square,True,905.0,81,81,"[1, 2, 4, 7, 9, 10, 11, 13, 14, 15, 16, 19, 20]","[1, 2, 4, 7, 9, 10, 11, 13, 14, 15, 16, 19, 20]",full_mesh,15200.42538601147,0.01613208300000224,0,41,13,0,0,0,13,3,13,1.0,1169.2634912316514,50772.12693005735,837,796,0
SELF-Q4-mixed-fixed_hash-165,165,mixed,fixed_hash,square_active,True,all_sources_cleared_with_certificate,square,True,905.0,81,81,"[1, 2, 3, 4, 6, 7, 8, 10, 11, 14, 16, 17, 19, 20]","[1, 2, 3, 4, 6, 7, 8, 10, 11, 14, 16, 17, 19, 20]",full_mesh,13729.484788126458,0.01563687499999844,0,34,14,0,0,0,14,2,14,1.0,980.6774848661755,49077.423940632274,648,604,0
SELF-Q4-mixed-fixed_hash-166,166,mixed,fixed_hash,square_active,True,all_sources_cleared_with_certificate,square,True,905.0,81,81,"[1, 2, 4, 5, 6, 8, 10, 11, 12, 14, 16, 17, 18, 19, 20]","[1, 2, 4, 5, 6, 8, 10, 11, 12, 14, 16, 17, 18, 19, 20]",full_mesh,14575.388005088718,0.01572854200000151,0,34,15,0,0,0,15,1,15,1.0,971.6925336725812,50991.940025443575,724,682,0
SELF-Q4-mixed-fixed_hash-167,167,mixed,fixed_hash,square_active,True,all_sources_cleared_with_certificate,square,True,905.0,81,55,"[1, 2, 3, 4, 5, 7, 8, 9, 11, 12, 13, 14, 15, 16, 17, 18]","[1, 2, 3, 4, 5, 7, 8, 9, 11, 12, 13, 14, 15, 16, 17, 18]",count_upper_bound,11053.72520017632,0.014014750000001186,0,20,14,3,4,0,16,1,16,1.0,690.85782501102,38678.62600088161,543,520,1
SELF-Q4-mixed-fixed_hash-168,168,mixed,fixed_hash,square_active,True,all_sources_cleared_with_certificate,square,True,905.0,81,81,"[4, 6, 9, 12, 13, 14, 15, 17, 19, 20]","[4, 6, 9, 12, 13, 14, 15, 17, 19, 20]",full_mesh,15790.542881667874,0.01768008399999843,0,42,10,0,0,0,10,9,10,1.0,1579.0542881667875,47617.71440833936,1042,1007,0
SELF-Q4-mixed-fixed_hash-169,169,mixed,fixed_hash,square_active,True,all_sources_cleared_with_certificate,square,True,905.0,81,81,"[4, 5, 6, 8, 9, 13, 15, 17, 18, 19, 20]","[4, 5, 6, 8, 9, 13, 15, 17, 18, 19, 20]",full_mesh,15777.710051299773,0.018576083999999327,0,35,11,0,0,0,11,10,11,1.0,1434.3372773908884,49023.550256498886,993,953,0
SELF-Q4-mixed-fixed_hash-170,170,mixed,fixed_hash,square_active,True,all_sources_cleared_with_certificate,square,True,905.0,81,81,"[1, 2, 3, 4, 5, 6, 10, 11, 12, 15, 18, 19]","[1, 2, 3, 4, 5, 6, 10, 11, 12, 15, 18, 19]",full_mesh,15382.187886243693,0.016269666999999544,0,72,12,0,0,0,12,7,12,1.0,1281.8489905203078,49495.93943121847,910,873,0
SELF-Q4-mixed-fixed_hash-171,171,mixed,fixed_hash,square_active,True,all_sources_cleared_with_certificate,square,True,905.0,81,81,"[3, 4, 5, 6, 7, 9, 11, 13, 14, 15, 16, 18, 19]","[3, 4, 5, 6, 7, 9, 11, 13, 14, 15, 16, 18, 19]",full_mesh,15276.636611406584,0.01733804200000222,0,28,13,0,0,0,13,3,13,1.0,1175.1258931851219,52133.18305703292,804,765,0
SELF-Q4-mixed-fixed_hash-172,172,mixed,fixed_hash,square_active,True,all_sources_cleared_with_certificate,square,True,905.0,81,81,"[1, 4, 7, 8, 9, 10, 11, 12, 14, 15, 16, 18, 19, 20]","[1, 4, 7, 8, 9, 10, 11, 12, 14, 15, 16, 18, 19, 20]",full_mesh,14831.75602235976,0.017459374999997834,0,61,14,0,0,0,14,5,14,1.0,1059.4111444542684,51183.780111798806,760,725,0
SELF-Q4-mixed-fixed_hash-173,173,mixed,fixed_hash,square_active,True,all_sources_cleared_with_certificate,square,True,905.0,81,81,"[1, 2, 3, 4, 6, 7, 8, 11, 12, 13, 14, 16, 17, 18, 19]","[1, 2, 3, 4, 6, 7, 8, 11, 12, 13, 14, 16, 17, 18, 19]",full_mesh,15718.791558190227,0.01756099999999705,0,67,15,0,0,0,15,14,15,1.0,1047.9194372126817,50918.957790951135,913,895,0
SELF-Q4-mixed-fixed_hash-174,174,mixed,fixed_hash,square_active,True,all_sources_cleared_with_certificate,square,True,905.0,81,52,"[1, 2, 3, 4, 6, 7, 9, 10, 11, 12, 14, 15, 16, 17, 19, 20]","[1, 2, 3, 4, 6, 7, 9, 10, 11, 12, 14, 15, 16, 17, 19, 20]",count_upper_bound,10645.360792872094,0.01583754199999987,1,69,13,3,3,4,16,10,16,1.0,665.3350495545059,36246.80396436046,552,544,4
SELF-Q4-mixed-fixed_hash-175,175,mixed,fixed_hash,square_active,True,all_sources_cleared_with_certificate,square,True,905.0,81,81,"[2, 5, 7, 8, 9, 10, 15, 17, 18, 19]","[2, 5, 7, 8, 9, 10, 15, 17, 18, 19]",full_mesh,16519.09691896052,0.019180459000001093,0,61,10,0,0,0,10,8,10,1.0,1651.909691896052,50045.48459480262,1081,1055,0
SELF-Q4-mixed-fixed_hash-176,176,mixed,fixed_hash,square_active,True,all_sources_cleared_with_certificate,square,True,905.0,81,81,"[1, 2, 4, 6, 8, 10, 11, 13, 15, 16, 18]","[1, 2, 4, 6, 8, 10, 11, 13, 15, 16, 18]",full_mesh,15041.180285387058,0.016754667000000723,0,45,11,0,0,0,11,2,11,1.0,1367.380025944278,49310.901426935285,862,814,0
SELF-Q4-mixed-fixed_hash-177,177,mixed,fixed_hash,square_active,True,all_sources_cleared_with_certificate,square,True,905.0,81,81,"[1, 2, 5, 7, 10, 11, 13, 14, 16, 17, 19, 20]","[1, 2, 5, 7, 10, 11, 13, 14, 16, 17, 19, 20]",full_mesh,15367.089882214874,0.018137875000000747,0,45,12,0,0,0,12,2,12,1.0,1280.590823517906,50820.4494110744,863,828,0
SELF-Q4-mixed-fixed_hash-178,178,mixed,fixed_hash,square_active,True,all_sources_cleared_with_certificate,square,True,905.0,81,81,"[2, 3, 4, 5, 8, 11, 12, 13, 15, 17, 18, 19, 20]","[2, 3, 4, 5, 8, 11, 12, 13, 15, 17, 18, 19, 20]",full_mesh,16282.544246316753,0.017372832999999588,0,64,13,0,0,0,13,9,13,1.0,1252.503403562827,54162.721231583775,903,870,0
SELF-Q4-mixed-fixed_hash-179,179,mixed,fixed_hash,square_active,True,all_sources_cleared_with_certificate,square,True,905.0,81,81,"[1, 2, 3, 4, 5, 7, 8, 10, 11, 12, 13, 16, 18, 19]","[1, 2, 3, 4, 5, 7, 8, 10, 11, 12, 13, 16, 18, 19]",full_mesh,15647.04774131316,0.01583291700000089,0,53,14,0,0,0,14,9,14,1.0,1117.6462672366542,53965.238706565804,803,769,0
SELF-Q4-mixed-fixed_hash-180,180,mixed,fixed_hash,square_active,True,all_sources_cleared_with_certificate,square,True,905.0,81,81,"[1, 2, 3, 4, 5, 6, 8, 9, 10, 11, 15, 16, 17, 18, 19]","[1, 2, 3, 4, 5, 6, 8, 9, 10, 11, 15, 16, 17, 18, 19]",full_mesh,14476.369660055188,0.017580999999999847,0,80,15,0,0,0,15,1,15,1.0,965.0913106703459,52436.848300275946,659,619,0
SELF-Q4-mixed-fixed_hash-181,181,mixed,fixed_hash,square_active,True,all_sources_cleared_with_certificate,square,True,905.0,81,34,"[1, 2, 4, 5, 6, 8, 9, 11, 13, 14, 15, 16, 17, 18, 19, 20]","[1, 2, 4, 5, 6, 8, 9, 11, 13, 14, 15, 16, 17, 18, 19, 20]",count_upper_bound,8391.200875530678,0.013724291999999139,0,36,15,4,9,0,16,4,16,1.0,524.4500547206674,29171.00437765337,413,403,3
SELF-Q4-mixed-fixed_hash-182,182,mixed,fixed_hash,square_active,True,all_sources_cleared_with_certificate,square,True,905.0,81,81,"[2, 5, 6, 8, 11, 12, 14, 15, 18, 19]","[2, 5, 6, 8, 11, 12, 14, 15, 18, 19]",full_mesh,15594.031374077635,0.015992833000002094,0,38,10,0,0,0,10,1,10,1.0,1559.4031374077636,48710.15687038817,975,927,0
SELF-Q4-mixed-fixed_hash-183,183,mixed,fixed_hash,square_active,True,all_sources_cleared_with_certificate,square,True,905.0,81,81,"[1, 2, 3, 4, 9, 10, 12, 13, 15, 18, 20]","[1, 2, 3, 4, 9, 10, 12, 13, 15, 18, 20]",full_mesh,16504.378265527404,0.018520125000001997,0,27,11,0,0,0,11,1,11,1.0,1500.398024138855,50281.89132763703,1071,1038,0
SELF-Q4-mixed-fixed_hash-184,184,mixed,fixed_hash,square_active,True,all_sources_cleared_with_certificate,square,True,905.0,81,81,"[1, 4, 6, 8, 9, 10, 11, 12, 13, 17, 18, 20]","[1, 4, 6, 8, 9, 10, 11, 12, 13, 17, 18, 20]",full_mesh,15616.891099862009,0.016951167000001988,0,49,12,0,0,0,12,10,12,1.0,1301.4075916551674,51869.45549931005,871,828,0
SELF-Q4-mixed-fixed_hash-185,185,mixed,fixed_hash,square_active,True,all_sources_cleared_with_certificate,square,True,905.0,81,81,"[1, 3, 4, 5, 7, 8, 10, 12, 16, 17, 18, 19, 20]","[1, 3, 4, 5, 7, 8, 10, 12, 16, 17, 18, 19, 20]",full_mesh,15294.119785565279,0.016177375000001604,0,66,13,0,0,0,13,7,13,1.0,1176.4707527357907,51710.598927826395,820,787,0
SELF-Q4-mixed-fixed_hash-186,186,mixed,fixed_hash,square_active,True,all_sources_cleared_with_certificate,square,True,905.0,81,81,"[1, 2, 4, 6, 8, 9, 11, 13, 14, 15, 16, 18, 19, 20]","[1, 2, 4, 6, 8, 9, 11, 13, 14, 15, 16, 18, 19, 20]",full_mesh,14294.455742837501,0.01576541700000078,0,43,14,0,0,0,14,6,14,1.0,1021.0325530598215,50582.278714187516,692,648,0
SELF-Q4-mixed-fixed_hash-187,187,mixed,fixed_hash,square_active,True,all_sources_cleared_with_certificate,square,True,905.0,81,81,"[1, 2, 3, 5, 6, 8, 10, 11, 12, 13, 14, 15, 16, 19, 20]","[1, 2, 3, 5, 6, 8, 10, 11, 12, 13, 14, 15, 16, 19, 20]",full_mesh,14991.552338034813,0.01672508300000075,0,28,15,0,0,0,15,4,15,1.0,999.4368225356542,53132.761690174055,722,680,0
SELF-Q4-mixed-fixed_hash-188,188,mixed,fixed_hash,square_active,True,all_sources_cleared_with_certificate,square,True,905.0,81,47,"[1, 2, 3, 5, 6, 7, 8, 9, 10, 12, 13, 14, 15, 18, 19, 20]","[1, 2, 3, 5, 6, 7, 8, 9, 10, 12, 13, 14, 15, 18, 19, 20]",count_upper_bound,9571.765799444725,0.011084000000000316,0,57,15,2,3,0,16,12,16,1.0,598.2353624652953,35598.82899722364,397,384,1
SELF-Q4-mixed-fixed_hash-189,189,mixed,fixed_hash,square_active,True,all_sources_cleared_with_certificate,square,True,905.0,81,81,"[1, 4, 5, 9, 11, 12, 13, 14, 16, 19]","[1, 4, 5, 9, 11, 12, 13, 14, 16, 19]",full_mesh,15771.536137874222,0.017152374999998443,0,32,10,0,0,0,10,1,10,1.0,1577.1536137874223,48907.680689371104,998,950,0
SELF-Q4-mixed-fixed_hash-190,190,mixed,fixed_hash,square_active,True,all_sources_cleared_with_certificate,square,True,905.0,81,81,"[2, 3, 4, 6, 7, 8, 11, 12, 16, 17, 20]","[2, 3, 4, 6, 7, 8, 11, 12, 16, 17, 20]",full_mesh,15825.606798268347,0.01799999999999713,0,31,11,0,0,0,11,9,11,1.0,1438.6915271153043,49388.03399134172,989,948,0
SELF-Q4-mixed-fixed_hash-191,191,mixed,fixed_hash,square_active,True,all_sources_cleared_with_certificate,square,True,905.0,81,81,"[1, 2, 5, 7, 8, 11, 13, 15, 17, 18, 19, 20]","[1, 2, 5, 7, 8, 11, 13, 15, 17, 18, 19, 20]",full_mesh,14503.835149081135,0.015286375000002295,0,31,12,0,0,0,12,1,12,1.0,1208.6529290900946,48784.17574540568,790,737,0
SELF-Q4-mixed-fixed_hash-192,192,mixed,fixed_hash,square_active,True,all_sources_cleared_with_certificate,square,True,905.0,81,81,"[3, 4, 5, 6, 7, 10, 11, 12, 14, 15, 17, 18, 19]","[3, 4, 5, 6, 7, 10, 11, 12, 14, 15, 17, 18, 19]",full_mesh,14422.775364871133,0.014919791000000515,0,36,13,0,0,0,13,3,13,1.0,1109.444258836241,49508.87682435566,750,706,0
SELF-Q4-mixed-fixed_hash-193,193,mixed,fixed_hash,square_active,True,all_sources_cleared_with_certificate,square,True,905.0,81,81,"[1, 2, 3, 4, 5, 6, 8, 9, 10, 14, 15, 16, 18, 19]","[1, 2, 3, 4, 5, 6, 8, 9, 10, 14, 15, 16, 18, 19]",full_mesh,15251.59063440104,0.018167375000000874,0,53,14,0,0,0,14,13,14,1.0,1089.3993310286457,50817.9531720052,842,808,0
SELF-Q4-mixed-fixed_hash-194,194,mixed,fixed_hash,square_active,True,all_sources_cleared_with_certificate,square,True,905.0,81,81,"[2, 3, 5, 7, 8, 9, 10, 12, 13, 15, 16, 17, 18, 19, 20]","[2, 3, 5, 7, 8, 9, 10, 12, 13, 15, 16, 17, 18, 19, 20]",full_mesh,14199.707654311016,0.01759291600000168,0,105,15,0,0,0,15,11,15,1.0,946.6471769540677,49858.53827155508,697,668,0
SELF-Q4-mixed-fixed_hash-195,195,mixed,fixed_hash,square_active,True,all_sources_cleared_with_certificate,square,True,905.0,81,56,"[2, 3, 4, 5, 6, 7, 10, 11, 13, 14, 15, 16, 17, 18, 19, 20]","[2, 3, 4, 5, 6, 7, 10, 11, 13, 14, 15, 16, 17, 18, 19, 20]",count_upper_bound,11130.717999252933,0.012651125000001429,0,27,12,4,3,0,16,2,16,1.0,695.6698749533083,40653.58999626466,491,465,0
SELF-Q4-mixed-fixed_hash-196,196,mixed,fixed_hash,square_active,True,all_sources_cleared_with_certificate,square,True,905.0,81,81,"[1, 2, 3, 5, 7, 11, 12, 13, 14, 17]","[1, 2, 3, 5, 7, 11, 12, 13, 14, 17]",full_mesh,16079.387654927737,0.01683024999999816,0,51,10,0,0,0,10,9,10,1.0,1607.9387654927737,48926.9382746387,1047,1009,0
SELF-Q4-mixed-fixed_hash-197,197,mixed,fixed_hash,square_active,True,all_sources_cleared_with_certificate,square,True,905.0,81,81,"[1, 2, 4, 5, 6, 10, 12, 13, 16, 18, 19]","[1, 2, 4, 5, 6, 10, 12, 13, 16, 18, 19]",full_mesh,15744.756473154512,0.017383833000000237,0,38,11,0,0,0,11,8,11,1.0,1431.341497559501,49633.78236577257,966,933,0
SELF-Q4-mixed-fixed_hash-198,198,mixed,fixed_hash,square_active,True,all_sources_cleared_with_certificate,square,True,905.0,81,81,"[1, 2, 3, 4, 5, 7, 8, 9, 16, 17, 18, 19]","[1, 2, 3, 4, 5, 7, 8, 9, 16, 17, 18, 19]",full_mesh,14904.336263185529,0.0168285420000025,0,49,12,0,0,0,12,7,12,1.0,1242.0280219321273,49206.68131592765,841,798,0
SELF-Q4-mixed-fixed_hash-199,199,mixed,fixed_hash,square_active,True,all_sources_cleared_with_certificate,square,True,905.0,81,81,"[1, 4, 5, 6, 7, 8, 9, 10, 12, 13, 14, 18, 20]","[1, 4, 5, 6, 7, 8, 9, 10, 12, 13, 14, 18, 20]",full_mesh,14555.947102881055,0.015141124999999533,0,25,13,0,0,0,13,1,13,1.0,1119.688238683158,50709.73551440527,733,684,0
SELF-Q4-mixed-fixed_hash-200,200,mixed,fixed_hash,square_active,True,all_sources_cleared_with_certificate,square,True,905.0,81,81,"[1, 2, 3, 4, 5, 7, 8, 9, 12, 13, 14, 15, 17, 18]","[1, 2, 3, 4, 5, 7, 8, 9, 12, 13, 14, 15, 17, 18]",full_mesh,14433.482366466968,0.016789584000001412,0,68,14,0,0,0,14,8,14,1.0,1030.963026176212,49522.411832334845,749,714,0
SELF-Q4-mixed-fixed_hash-201,201,mixed,fixed_hash,square_active,True,all_sources_cleared_with_certificate,square,True,905.0,81,81,"[1, 3, 4, 5, 6, 8, 9, 10, 11, 12, 13, 14, 16, 18, 19]","[1, 3, 4, 5, 6, 8, 9, 10, 11, 12, 13, 14, 16, 18, 19]",full_mesh,14756.792405986547,0.014918167000001148,0,99,15,0,0,0,15,10,15,1.0,983.7861603991031,53193.962029932736,680,643,0
SELF-Q4-mixed-fixed_hash-202,202,mixed,fixed_hash,square_active,True,all_sources_cleared_with_certificate,square,True,905.0,81,63,"[1, 2, 4, 6, 7, 8, 11, 12, 13, 14, 15, 16, 17, 18, 19, 20]","[1, 2, 4, 6, 7, 8, 11, 12, 13, 14, 15, 16, 17, 18, 19, 20]",count_upper_bound,13313.899965364892,0.015580208999999456,0,68,15,2,4,0,16,11,16,1.0,832.1187478353057,44639.499826824445,720,703,1
SELF-Q4-mixed-fixed_hash-203,203,mixed,fixed_hash,square_active,True,all_sources_cleared_with_certificate,square,True,905.0,81,81,"[1, 2, 3, 4, 5, 7, 10, 13, 14, 16]","[1, 2, 3, 4, 5, 7, 10, 13, 14, 16]",full_mesh,15410.36382765222,0.01721470800000091,0,38,10,0,0,0,10,1,10,1.0,1541.036382765222,47766.8191382611,976,927,0
SELF-Q4-mixed-fixed_hash-204,204,mixed,fixed_hash,square_active,True,all_sources_cleared_with_certificate,square,True,905.0,81,81,"[2, 3, 5, 6, 7, 8, 10, 13, 14, 16, 19]","[2, 3, 5, 6, 7, 8, 10, 13, 14, 16, 19]",full_mesh,16215.21954773313,0.01715145800000073,0,29,11,0,0,0,11,6,11,1.0,1474.110867975739,51706.09773866566,977,934,0
SELF-Q4-mixed-fixed_hash-205,205,mixed,fixed_hash,square_active,True,all_sources_cleared_with_certificate,square,True,905.0,81,81,"[2, 3, 4, 9, 12, 13, 14, 15, 16, 18, 19, 20]","[2, 3, 4, 9, 12, 13, 14, 15, 16, 18, 19, 20]",full_mesh,16208.617594203082,0.0186332500000006,0,39,12,0,0,0,12,4,12,1.0,1350.7181328502568,51538.087971015426,979,946,0
SELF-Q4-mixed-fixed_hash-206,206,mixed,fixed_hash,square_active,True,all_sources_cleared_with_certificate,square,True,905.0,81,81,"[1, 3, 4, 5, 6, 8, 9, 10, 12, 14, 15, 16, 19]","[1, 3, 4, 5, 6, 8, 9, 10, 12, 14, 15, 16, 19]",full_mesh,15091.024324356937,0.01591633399999992,0,83,13,0,0,0,13,11,13,1.0,1160.8480249505335,52800.12162178469,751,711,0
SELF-Q4-mixed-fixed_hash-207,207,mixed,fixed_hash,square_active,True,all_sources_cleared_with_certificate,square,True,905.0,81,81,"[1, 2, 3, 6, 8, 10, 12, 14, 15, 16, 17, 18, 19, 20]","[1, 2, 3, 6, 8, 10, 12, 14, 15, 16, 17, 18, 19, 20]",full_mesh,14886.63388159492,0.01710595800000192,0,38,14,0,0,0,14,2,14,1.0,1063.3309915424943,49723.16940797461,819,777,0
SELF-Q4-mixed-fixed_hash-208,208,mixed,fixed_hash,square_active,True,all_sources_cleared_with_certificate,square,True,905.0,81,81,"[2, 5, 6, 7, 8, 9, 10, 12, 13, 14, 15, 17, 18, 19, 20]","[2, 5, 6, 7, 8, 9, 10, 12, 13, 14, 15, 17, 18, 19, 20]",full_mesh,14843.391934027444,0.016022750000001196,0,33,15,0,0,0,15,4,15,1.0,989.5594622684963,51446.9596701372,753,714,0
SELF-Q4-mixed-fixed_hash-209,209,mixed,fixed_hash,square_active,True,all_sources_cleared_with_certificate,square,True,905.0,81,65,"[1, 2, 3, 4, 6, 7, 10, 11, 12, 13, 14, 15, 16, 17, 18, 20]","[1, 2, 3, 4, 6, 7, 10, 11, 12, 13, 14, 15, 16, 17, 18, 20]",count_upper_bound,12236.709212391152,0.014438166999998003,0,62,16,1,3,0,16,5,16,1.0,764.794325774447,42058.54606195576,627,607,1
SELF-Q4-mixed-fixed_hash-210,210,mixed,fixed_hash,square_active,True,all_sources_cleared_with_certificate,square,True,905.0,81,81,"[1, 4, 5, 6, 11, 13, 15, 16, 19, 20]","[1, 4, 5, 6, 11, 13, 15, 16, 19, 20]",full_mesh,15590.98972106773,0.016086500000000115,0,25,10,0,0,0,10,3,10,1.0,1559.098972106773,49349.94860533866,953,906,0
SELF-Q4-mixed-fixed_hash-211,211,mixed,fixed_hash,square_active,True,all_sources_cleared_with_certificate,square,True,905.0,81,81,"[1, 6, 8, 9, 10, 11, 12, 14, 15, 16, 19]","[1, 6, 8, 9, 10, 11, 12, 14, 15, 16, 19]",full_mesh,15847.084830177555,0.0167454580000026,0,51,11,0,0,0,11,10,11,1.0,1440.6440754706869,49035.424150887775,1003,970,0
SELF-Q4-mixed-fixed_hash-212,212,mixed,fixed_hash,square_active,True,all_sources_cleared_with_certificate,square,True,905.0,81,81,"[1, 2, 3, 5, 6, 9, 10, 12, 13, 15, 16, 19]","[1, 2, 3, 5, 6, 9, 10, 12, 13, 15, 16, 19]",full_mesh,15201.513520784909,0.01671320800000231,0,40,12,0,0,0,12,2,12,1.0,1266.7927933987423,50277.567603924545,855,811,0
SELF-Q4-mixed-fixed_hash-213,213,mixed,fixed_hash,square_active,True,all_sources_cleared_with_certificate,square,True,905.0,81,81,"[1, 3, 4, 5, 6, 7, 8, 9, 10, 13, 14, 19, 20]","[1, 3, 4, 5, 6, 7, 8, 9, 10, 13, 14, 19, 20]",full_mesh,15428.756846772465,0.016453207999997943,0,55,13,0,0,0,13,9,13,1.0,1186.8274497517282,49768.784233862316,907,875,0
SELF-Q4-mixed-fixed_hash-214,214,mixed,fixed_hash,square_active,True,all_sources_cleared_with_certificate,square,True,905.0,81,81,"[1, 2, 4, 5, 6, 7, 10, 12, 14, 15, 16, 17, 18, 20]","[1, 2, 4, 5, 6, 7, 10, 12, 14, 15, 16, 17, 18, 20]",full_mesh,14892.245877616446,0.01863308299999744,0,51,14,0,0,0,14,3,14,1.0,1063.7318484011746,51331.2293880822,765,731,0
SELF-Q4-mixed-fixed_hash-215,215,mixed,fixed_hash,square_active,True,all_sources_cleared_with_certificate,square,True,905.0,81,81,"[1, 2, 4, 5, 6, 7, 8, 9, 10, 11, 13, 15, 17, 19, 20]","[1, 2, 4, 5, 6, 7, 8, 9, 10, 11, 13, 15, 17, 19, 20]",full_mesh,15025.56594339377,0.015437792000000172,0,56,15,0,0,0,15,14,15,1.0,1001.7043962262513,52882.829716968874,737,689,0
SELF-Q4-mixed-fixed_hash-216,216,mixed,fixed_hash,square_active,True,all_sources_cleared_with_certificate,square,True,905.0,81,33,"[1, 2, 4, 5, 6, 7, 8, 9, 10, 14, 15, 16, 17, 18, 19, 20]","[1, 2, 4, 5, 6, 7, 8, 9, 10, 14, 15, 16, 17, 18, 19, 20]",count_upper_bound,7889.665470551159,0.011365957999998955,0,32,15,3,8,0,16,7,16,1.0,493.10409190944745,26223.327352755798,429,414,2
SELF-Q4-mixed-fixed_hash-217,217,mixed,fixed_hash,square_active,True,all_sources_cleared_with_certificate,square,True,905.0,81,81,"[2, 3, 5, 6, 8, 9, 10, 14, 18, 19]","[2, 3, 5, 6, 8, 9, 10, 14, 18, 19]",full_mesh,16588.809229159666,0.019152874999999625,0,62,10,0,0,0,10,7,10,1.0,1658.8809229159665,49569.04614579834,1107,1090,0
SELF-Q4-mixed-fixed_hash-218,218,mixed,fixed_hash,square_active,True,all_sources_cleared_with_certificate,square,True,905.0,81,81,"[1, 4, 6, 8, 9, 10, 11, 12, 14, 18, 19]","[1, 4, 6, 8, 9, 10, 11, 12, 14, 18, 19]",full_mesh,16254.15403100512,0.01742962500000189,0,51,11,0,0,0,11,4,11,1.0,1477.650366455011,51120.77015502561,1003,960,0
SELF-Q4-mixed-fixed_hash-219,219,mixed,fixed_hash,square_active,True,all_sources_cleared_with_certificate,square,True,905.0,81,81,"[1, 2, 4, 5, 6, 7, 8, 11, 13, 14, 17, 20]","[1, 2, 4, 5, 6, 7, 8, 11, 13, 14, 17, 20]",full_mesh,15359.326166596287,0.01654212500000085,0,61,12,0,0,0,12,3,12,1.0,1279.9438472163572,49336.63083298145,912,872,0
SELF-Q4-mixed-fixed_hash-220,220,mixed,fixed_hash,square_active,True,all_sources_cleared_with_certificate,square,True,905.0,81,81,"[3, 4, 6, 7, 8, 9, 12, 13, 14, 15, 16, 19, 20]","[3, 4, 6, 7, 8, 9, 12, 13, 14, 15, 16, 19, 20]",full_mesh,15243.139130811585,0.018519124999997416,0,72,13,0,0,0,13,7,13,1.0,1172.5491639085835,48730.695654057905,912,872,0
SELF-Q4-mixed-fixed_hash-221,221,mixed,fixed_hash,square_active,True,all_sources_cleared_with_certificate,square,True,905.0,81,81,"[1, 2, 3, 4, 6, 8, 9, 13, 14, 15, 16, 17, 19, 20]","[1, 2, 3, 4, 6, 8, 9, 13, 14, 15, 16, 17, 19, 20]",full_mesh,15216.846753341766,0.016371292000002313,0,43,14,0,0,0,14,5,14,1.0,1086.9176252386976,52509.23376670885,781,740,0
SELF-Q4-mixed-fixed_hash-222,222,mixed,fixed_hash,square_active,True,all_sources_cleared_with_certificate,square,True,905.0,81,81,"[1, 2, 4, 8, 10, 11, 12, 13, 14, 15, 16, 17, 18, 19, 20]","[1, 2, 4, 8, 10, 11, 12, 13, 14, 15, 16, 17, 18, 19, 20]",full_mesh,14897.798661641187,0.0148792499999999,0,26,15,0,0,0,15,2,15,1.0,993.1865774427458,53903.99330820593,681,637,0
SELF-Q4-mixed-fixed_hash-223,223,mixed,fixed_hash,square_active,True,all_sources_cleared_with_certificate,square,True,905.0,81,55,"[1, 2, 5, 6, 7, 9, 11, 12, 13, 14, 15, 16, 17, 18, 19, 20]","[1, 2, 5, 6, 7, 9, 11, 12, 13, 14, 15, 16, 17, 18, 19, 20]",count_upper_bound,11391.20567692835,0.014985416999998336,0,65,15,1,3,0,16,6,16,1.0,711.9503548080219,40151.02838464176,548,541,0
SELF-Q4-mixed-fixed_hash-224,224,mixed,fixed_hash,square_active,True,all_sources_cleared_with_certificate,square,True,905.0,81,81,"[2, 3, 7, 8, 9, 11, 15, 17, 19, 20]","[2, 3, 7, 8, 9, 11, 15, 17, 19, 20]",full_mesh,16263.058966740382,0.01694754199999693,0,42,10,0,0,0,10,1,10,1.0,1626.3058966740382,50730.294833701904,1017,982,0
SELF-Q4-mixed-fixed_hash-225,225,mixed,fixed_hash,square_active,True,all_sources_cleared_with_certificate,square,True,905.0,81,81,"[1, 3, 5, 6, 7, 8, 10, 12, 13, 14, 15]","[1, 3, 5, 6, 7, 8, 10, 12, 13, 14, 15]",full_mesh,15257.05038805008,0.015113916000000671,0,47,11,0,0,0,11,1,11,1.0,1387.0045807318254,49470.251940250404,892,848,0
SELF-Q4-mixed-fixed_hash-226,226,mixed,fixed_hash,square_active,True,all_sources_cleared_with_certificate,square,True,905.0,81,81,"[2, 6, 7, 8, 9, 12, 14, 15, 16, 18, 19, 20]","[2, 6, 7, 8, 9, 12, 14, 15, 16, 18, 19, 20]",full_mesh,14752.709198700974,0.01644124999999974,0,41,12,0,0,0,12,2,12,1.0,1229.392433225081,49528.54599350486,806,757,0
SELF-Q4-mixed-fixed_hash-227,227,mixed,fixed_hash,square_active,True,all_sources_cleared_with_certificate,square,True,905.0,81,81,"[1, 2, 3, 4, 5, 7, 8, 12, 13, 14, 15, 18, 19]","[1, 2, 3, 4, 5, 7, 8, 12, 13, 14, 15, 18, 19]",full_mesh,14549.078486528686,0.01690125000000009,0,33,13,0,0,0,13,2,13,1.0,1119.1598835791297,48200.392432643435,815,769,0
SELF-Q4-mixed-fixed_hash-228,228,mixed,fixed_hash,square_active,True,all_sources_cleared_with_certificate,square,True,905.0,81,81,"[2, 3, 5, 6, 8, 10, 11, 12, 15, 16, 17, 18, 19, 20]","[2, 3, 5, 6, 8, 10, 11, 12, 15, 16, 17, 18, 19, 20]",full_mesh,15124.405193826906,0.0178627089999992,0,61,14,0,0,0,14,12,14,1.0,1080.3146567019219,50707.02596913452,824,793,0
SELF-Q4-mixed-fixed_hash-229,229,mixed,fixed_hash,square_active,True,all_sources_cleared_with_certificate,square,True,905.0,81,81,"[1, 3, 4, 5, 8, 9, 10, 11, 12, 14, 16, 17, 18, 19, 20]","[1, 3, 4, 5, 8, 9, 10, 11, 12, 14, 16, 17, 18, 19, 20]",full_mesh,14352.051547758512,0.017860208000001876,0,36,15,0,0,0,15,1,15,1.0,956.8034365172341,51280.25773879258,676,641,0
SELF-Q4-mixed-fixed_hash-230,230,mixed,fixed_hash,square_active,True,all_sources_cleared_with_certificate,square,True,905.0,81,66,"[1, 3, 5, 6, 7, 8, 9, 10, 11, 12, 13, 14, 15, 16, 17, 18]","[1, 3, 5, 6, 7, 8, 9, 10, 11, 12, 13, 14, 15, 16, 17, 18]",count_upper_bound,12925.751763245045,0.01599787500000005,0,77,15,1,3,0,16,11,16,1.0,807.8594852028153,43108.75881622521,706,694,0
SELF-Q4-mixed-fixed_hash-231,231,mixed,fixed_hash,square_active,True,all_sources_cleared_with_certificate,square,True,905.0,81,81,"[1, 4, 5, 8, 10, 11, 13, 14, 18, 19]","[1, 4, 5, 8, 10, 11, 13, 14, 18, 19]",full_mesh,16258.793778831267,0.017118541999998627,0,60,10,0,0,0,10,7,10,1.0,1625.8793778831266,49398.96889415635,1061,1024,0
SELF-Q4-mixed-fixed_hash-232,232,mixed,fixed_hash,square_active,True,all_sources_cleared_with_certificate,square,True,905.0,81,81,"[3, 4, 5, 7, 8, 9, 12, 14, 15, 16, 17]","[3, 4, 5, 7, 8, 9, 12, 14, 15, 16, 17]",full_mesh,16239.075005996094,0.017721833000003073,0,45,11,0,0,0,11,9,11,1.0,1476.2795459996448,49910.375029980474,1040,1002,0
SELF-Q4-mixed-fixed_hash-233,233,mixed,fixed_hash,square_active,True,all_sources_cleared_with_certificate,square,True,905.0,81,81,"[1, 2, 4, 5, 6, 7, 8, 13, 14, 15, 16, 17]","[1, 2, 4, 5, 6, 7, 8, 13, 14, 15, 16, 17]",full_mesh,16169.182146832049,0.018029667000000416,0,59,12,0,0,0,12,11,12,1.0,1347.4318455693374,50960.910734160236,991,962,0
SELF-Q4-mixed-fixed_hash-234,234,mixed,fixed_hash,square_active,True,all_sources_cleared_with_certificate,square,True,905.0,81,81,"[2, 4, 5, 6, 8, 9, 11, 13, 14, 16, 17, 18, 20]","[2, 4, 5, 6, 8, 9, 11, 13, 14, 16, 17, 18, 20]",full_mesh,15439.09220558739,0.016583707999998865,0,58,13,0,0,0,13,5,13,1.0,1187.622477352876,51410.46102793696,854,822,0
SELF-Q4-mixed-fixed_hash-235,235,mixed,fixed_hash,square_active,True,all_sources_cleared_with_certificate,square,True,905.0,81,81,"[1, 2, 3, 5, 8, 10, 11, 12, 14, 15, 16, 17, 18, 19]","[1, 2, 3, 5, 8, 10, 11, 12, 14, 15, 16, 17, 18, 19]",full_mesh,15430.87773225924,0.019124125000001158,0,71,14,0,0,0,14,3,14,1.0,1102.2055523042313,49699.388661296194,909,876,0
SELF-Q4-mixed-fixed_hash-236,236,mixed,fixed_hash,square_active,True,all_sources_cleared_with_certificate,square,True,905.0,81,81,"[3, 5, 7, 9, 10, 11, 12, 13, 14, 15, 16, 17, 18, 19, 20]","[3, 5, 7, 9, 10, 11, 12, 13, 14, 15, 16, 17, 18, 19, 20]",full_mesh,15226.55838016241,0.016983083000003063,0,100,15,0,0,0,15,12,15,1.0,1015.1038920108274,52227.791900812044,789,761,0
SELF-Q4-mixed-fixed_hash-237,237,mixed,fixed_hash,square_active,True,all_sources_cleared_with_certificate,square,True,905.0,81,52,"[1, 3, 4, 5, 6, 7, 8, 9, 11, 12, 14, 15, 16, 17, 19, 20]","[1, 3, 4, 5, 6, 7, 8, 9, 11, 12, 14, 15, 16, 17, 19, 20]",count_upper_bound,11399.613971744617,0.014109958000002365,0,56,13,5,5,0,16,12,16,1.0,712.4758732340385,38438.069858723095,606,596,2
SELF-Q4-mixed-fixed_hash-238,238,mixed,fixed_hash,square_active,True,all_sources_cleared_with_certificate,square,True,905.0,81,81,"[2, 3, 9, 12, 13, 14, 15, 16, 17, 19]","[2, 3, 9, 12, 13, 14, 15, 16, 17, 19]",full_mesh,16547.277006629687,0.01941979200000077,0,39,10,0,0,0,10,9,10,1.0,1654.7277006629688,48641.38503314842,1134,1099,0
SELF-Q4-mixed-fixed_hash-239,239,mixed,fixed_hash,square_active,True,all_sources_cleared_with_certificate,square,True,905.0,81,81,"[1, 4, 5, 6, 7, 14, 15, 17, 18, 19, 20]","[1, 4, 5, 6, 7, 14, 15, 17, 18, 19, 20]",full_mesh,15589.184832000503,0.01500279100000057,0,30,11,0,0,0,11,5,11,1.0,1417.1986210909547,50390.9241600025,917,871,0
SELF-Q4-mixed-fixed_hash-240,240,mixed,fixed_hash,square_active,True,all_sources_cleared_with_certificate,square,True,905.0,81,81,"[1, 2, 5, 6, 9, 10, 11, 12, 13, 17, 19, 20]","[1, 2, 5, 6, 9, 10, 11, 12, 13, 17, 19, 20]",full_mesh,15196.454474686618,0.01628279199999838,0,46,12,0,0,0,12,2,12,1.0,1266.3712062238849,51072.27237343308,827,787,0
SELF-Q4-mixed-fixed_hash-241,241,mixed,fixed_hash,square_active,True,all_sources_cleared_with_certificate,square,True,905.0,81,81,"[3, 4, 5, 6, 8, 9, 10, 11, 12, 14, 15, 17, 18]","[3, 4, 5, 6, 8, 9, 10, 11, 12, 14, 15, 17, 18]",full_mesh,15427.852206896221,0.01626395799999969,0,74,13,0,0,0,13,12,13,1.0,1186.75786206894,52759.2610344811,808,771,0
SELF-Q4-mixed-fixed_hash-242,242,mixed,fixed_hash,square_active,True,all_sources_cleared_with_certificate,square,True,905.0,81,81,"[1, 2, 3, 4, 5, 9, 10, 11, 12, 13, 16, 17, 18, 19]","[1, 2, 3, 4, 5, 9, 10, 11, 12, 13, 16, 17, 18, 19]",full_mesh,14836.238208789167,0.01630995800000079,0,26,14,0,0,0,14,10,14,1.0,1059.7313006277977,50646.19104394584,780,737,0
SELF-Q4-mixed-fixed_hash-243,243,mixed,fixed_hash,square_active,True,all_sources_cleared_with_certificate,square,True,905.0,81,81,"[1, 2, 3, 5, 6, 7, 10, 11, 13, 14, 15, 17, 18, 19, 20]","[1, 2, 3, 5, 6, 7, 10, 11, 13, 14, 15, 17, 18, 19, 20]",full_mesh,14504.39847729795,0.016378374999998613,0,94,15,0,0,0,15,10,15,1.0,966.9598984865299,50806.99238648976,717,683,0
SELF-Q4-mixed-fixed_hash-244,244,mixed,fixed_hash,square_active,True,all_sources_cleared_with_certificate,square,True,905.0,81,46,"[2, 3, 4, 5, 6, 7, 8, 11, 12, 13, 14, 15, 16, 17, 18, 19]","[2, 3, 4, 5, 6, 7, 8, 11, 12, 13, 14, 15, 16, 17, 18, 19]",count_upper_bound,10827.542115921375,0.014480208999998467,0,56,11,5,3,0,16,2,16,1.0,676.7213822450859,36432.71057960689,579,566,0
SELF-Q4-mixed-fixed_hash-245,245,mixed,fixed_hash,square_active,True,all_sources_cleared_with_certificate,square,True,905.0,81,81,"[3, 5, 6, 10, 11, 12, 13, 15, 16, 19]","[3, 5, 6, 10, 11, 12, 13, 15, 16, 19]",full_mesh,16712.44603670807,0.0174077920000002,0,33,10,0,0,0,10,8,10,1.0,1671.2446036708068,51142.23018354035,1077,1049,0
SELF-Q4-mixed-fixed_hash-246,246,mixed,fixed_hash,square_active,True,all_sources_cleared_with_certificate,square,True,905.0,81,81,"[2, 3, 6, 8, 10, 12, 13, 16, 17, 18, 19]","[2, 3, 6, 8, 10, 12, 13, 16, 17, 18, 19]",full_mesh,16302.363249390088,0.01652191699999861,0,40,11,0,0,0,11,9,11,1.0,1482.033022671826,50186.816246950446,1041,1005,0
SELF-Q4-mixed-fixed_hash-247,247,mixed,fixed_hash,square_active,True,all_sources_cleared_with_certificate,square,True,905.0,81,81,"[1, 3, 6, 7, 10, 11, 12, 13, 14, 15, 16, 18]","[1, 3, 6, 7, 10, 11, 12, 13, 14, 15, 16, 18]",full_mesh,16253.395361246361,0.01730104199999971,0,25,12,0,0,0,12,1,12,1.0,1354.4496134371968,53126.976806231796,935,893,0
SELF-Q4-mixed-fixed_hash-248,248,mixed,fixed_hash,square_active,True,all_sources_cleared_with_certificate,square,True,905.0,81,81,"[2, 4, 5, 6, 7, 8, 10, 11, 12, 14, 15, 16, 17]","[2, 4, 5, 6, 7, 8, 10, 11, 12, 14, 15, 16, 17]",full_mesh,14937.257296976948,0.015141499999998587,0,58,13,0,0,0,13,7,13,1.0,1149.0197920751498,50426.28648488474,805,762,0
SELF-Q4-mixed-fixed_hash-249,249,mixed,fixed_hash,square_active,True,all_sources_cleared_with_certificate,square,True,905.0,81,81,"[1, 2, 5, 6, 7, 9, 10, 13, 14, 16, 17, 18, 19, 20]","[1, 2, 5, 6, 7, 9, 10, 13, 14, 16, 17, 18, 19, 20]",full_mesh,15402.568839258498,0.018571082999997657,0,92,14,0,0,0,14,11,14,1.0,1100.1834885184642,50387.84419629249,881,850,0
SELF-Q4-mixed-fixed_hash-250,250,mixed,fixed_hash,square_active,True,all_sources_cleared_with_certificate,square,True,905.0,81,81,"[2, 3, 4, 5, 6, 7, 8, 9, 10, 11, 12, 13, 17, 18, 20]","[2, 3, 4, 5, 6, 7, 8, 9, 10, 11, 12, 13, 17, 18, 20]",full_mesh,15485.208083704789,0.018343333000000683,0,47,15,0,0,0,15,10,15,1.0,1032.3472055803193,53216.04041852395,800,767,0
SELF-Q4-mixed-fixed_hash-251,251,mixed,fixed_hash,square_active,True,all_sources_cleared_with_certificate,square,True,905.0,81,46,"[2, 4, 5, 7, 8, 9, 11, 12, 13, 14, 15, 16, 17, 18, 19, 20]","[2, 4, 5, 7, 8, 9, 11, 12, 13, 14, 15, 16, 17, 18, 19, 20]",count_upper_bound,9664.764044620773,0.012720459000000517,0,46,13,4,7,0,16,5,16,1.0,604.0477527887983,34688.82022310387,444,424,1
SELF-Q4-mixed-fixed_hash-252,252,mixed,fixed_hash,square_active,True,all_sources_cleared_with_certificate,square,True,905.0,81,81,"[1, 5, 6, 7, 8, 10, 13, 14, 17, 20]","[1, 5, 6, 7, 8, 10, 13, 14, 17, 20]",full_mesh,15398.185091408026,0.01643045800000209,0,15,10,0,0,0,10,1,10,1.0,1539.8185091408027,47230.92545704012,992,942,0
SELF-Q4-mixed-fixed_hash-253,253,mixed,fixed_hash,square_active,True,all_sources_cleared_with_certificate,square,True,905.0,81,81,"[2, 4, 5, 8, 11, 12, 13, 14, 15, 18, 20]","[2, 4, 5, 8, 11, 12, 13, 14, 15, 18, 20]",full_mesh,15038.244674734817,0.015338416999998827,0,50,11,0,0,0,11,3,11,1.0,1367.1131522486196,48111.22337367408,901,856,0
SELF-Q4-mixed-fixed_hash-254,254,mixed,fixed_hash,square_active,True,all_sources_cleared_with_certificate,square,True,905.0,81,81,"[1, 3, 4, 6, 8, 9, 11, 12, 14, 17, 18, 20]","[1, 3, 4, 6, 8, 9, 11, 12, 14, 17, 18, 20]",full_mesh,15058.289614314148,0.015994582999997675,0,51,12,0,0,0,12,8,12,1.0,1254.8574678595123,50226.44807157073,834,783,0
SELF-Q4-mixed-fixed_hash-255,255,mixed,fixed_hash,square_active,True,all_sources_cleared_with_certificate,square,True,905.0,81,81,"[2, 5, 7, 8, 9, 11, 12, 13, 14, 15, 16, 19, 20]","[2, 5, 7, 8, 9, 11, 12, 13, 14, 15, 16, 19, 20]",full_mesh,14671.6719431384,0.0181048749999988,0,58,13,0,0,0,13,3,13,1.0,1128.5901494721847,48938.35971569199,809,774,0
SELF-Q4-mixed-fixed_hash-256,256,mixed,fixed_hash,square_active,True,all_sources_cleared_with_certificate,square,True,905.0,81,81,"[1, 3, 4, 5, 6, 7, 8, 9, 10, 12, 13, 14, 16, 20]","[1, 3, 4, 5, 6, 7, 8, 9, 10, 12, 13, 14, 16, 20]",full_mesh,15025.012652923953,0.01831066699999795,0,96,14,0,0,0,14,6,14,1.0,1073.215189494568,51655.06326461976,776,744,0
SELF-Q4-mixed-fixed_hash-257,257,mixed,fixed_hash,square_active,True,all_sources_cleared_with_certificate,square,True,905.0,81,81,"[1, 3, 4, 6, 7, 8, 9, 10, 11, 12, 14, 15, 17, 18, 19]","[1, 3, 4, 6, 7, 8, 9, 10, 11, 12, 14, 15, 17, 18, 19]",full_mesh,15580.160035481955,0.017419750000001955,0,27,15,0,0,0,15,10,15,1.0,1038.677335698797,52685.80017740977,834,798,0
SELF-Q4-mixed-fixed_hash-258,258,mixed,fixed_hash,square_active,True,all_sources_cleared_with_certificate,square,True,905.0,81,32,"[1, 2, 3, 4, 5, 6, 7, 10, 11, 13, 14, 15, 16, 18, 19, 20]","[1, 2, 3, 4, 5, 6, 7, 10, 11, 13, 14, 15, 16, 18, 19, 20]",count_upper_bound,8568.333425489483,0.011439041999999233,0,33,7,9,7,0,16,3,16,1.0,535.5208390930927,29661.6671274474,428,416,0
SELF-Q4-mixed-fixed_hash-259,259,mixed,fixed_hash,square_active,True,all_sources_cleared_with_certificate,square,True,905.0,81,81,"[1, 2, 3, 4, 11, 12, 14, 16, 18, 20]","[1, 2, 3, 4, 11, 12, 14, 16, 18, 20]",full_mesh,16144.006183532301,0.01644774999999754,0,38,10,0,0,0,10,9,10,1.0,1614.4006183532301,49615.03091766151,1036,991,0
SELF-Q4-mixed-fixed_hash-260,260,mixed,fixed_hash,square_active,True,all_sources_cleared_with_certificate,square,True,905.0,81,81,"[1, 2, 3, 5, 7, 10, 12, 14, 16, 17, 20]","[1, 2, 3, 5, 7, 10, 12, 14, 16, 17, 20]",full_mesh,15586.202567911496,0.01919875000000104,0,41,11,0,0,0,11,5,11,1.0,1416.9275061737724,49396.01283955747,948,912,0
SELF-Q4-mixed-fixed_hash-261,261,mixed,fixed_hash,square_active,True,all_sources_cleared_with_certificate,square,True,905.0,81,81,"[1, 2, 3, 5, 6, 7, 8, 9, 11, 13, 14, 15]","[1, 2, 3, 5, 6, 7, 8, 9, 11, 13, 14, 15]",full_mesh,15837.463420086127,0.018749624999998105,0,68,12,0,0,0,12,7,12,1.0,1319.7886183405105,50812.31710043065,940,915,0
SELF-Q4-mixed-fixed_hash-262,262,mixed,fixed_hash,square_active,True,all_sources_cleared_with_certificate,square,True,905.0,81,81,"[1, 4, 6, 7, 10, 11, 12, 14, 15, 17, 18, 19, 20]","[1, 4, 6, 7, 10, 11, 12, 14, 15, 17, 18, 19, 20]",full_mesh,14822.914688951112,0.016012708000001652,0,43,13,0,0,0,13,3,13,1.0,1140.2242068423932,50159.57344475559,795,751,0
SELF-Q4-mixed-fixed_hash-263,263,mixed,fixed_hash,square_active,True,all_sources_cleared_with_certificate,square,True,905.0,81,81,"[1, 5, 6, 8, 9, 10, 11, 12, 13, 14, 15, 16, 17, 18]","[1, 5, 6, 8, 9, 10, 11, 12, 13, 14, 15, 16, 17, 18]",full_mesh,15463.895588354659,0.017512415999998865,0,80,14,0,0,0,14,3,14,1.0,1104.5639705967612,51109.47794177329,867,837,0
SELF-Q4-mixed-fixed_hash-264,264,mixed,fixed_hash,square_active,True,all_sources_cleared_with_certificate,square,True,905.0,81,81,"[1, 2, 4, 5, 6, 7, 10, 11, 12, 14, 15, 16, 18, 19, 20]","[1, 2, 4, 5, 6, 7, 10, 11, 12, 14, 15, 16, 18, 19, 20]",full_mesh,14828.78164201746,0.016752374999999375,0,40,15,0,0,0,15,1,15,1.0,988.585442801164,53118.90821008726,695,655,0
SELF-Q4-mixed-fixed_hash-265,265,mixed,fixed_hash,square_active,True,all_sources_cleared_with_certificate,square,True,905.0,81,44,"[1, 2, 3, 4, 5, 9, 10, 11, 12, 13, 14, 15, 16, 18, 19, 20]","[1, 2, 3, 4, 5, 9, 10, 11, 12, 13, 14, 15, 16, 18, 19, 20]",count_upper_bound,10436.806829887913,0.01276874999999933,1,61,14,3,13,13,16,8,16,1.0,652.3004268679946,36389.03414943958,508,497,14
SELF-Q4-mixed-fixed_hash-266,266,mixed,fixed_hash,square_active,True,all_sources_cleared_with_certificate,square,True,905.0,81,81,"[1, 3, 4, 7, 9, 10, 14, 15, 16, 18]","[1, 3, 4, 7, 9, 10, 14, 15, 16, 18]",full_mesh,16020.04773580603,0.017316959000002186,0,16,10,0,0,0,10,2,10,1.0,1602.0047735806031,48655.23867903015,1048,999,0
SELF-Q4-mixed-fixed_hash-267,267,mixed,fixed_hash,square_active,True,all_sources_cleared_with_certificate,square,True,905.0,81,81,"[1, 4, 7, 8, 9, 11, 15, 16, 17, 18, 19]","[1, 4, 7, 8, 9, 11, 15, 16, 17, 18, 19]",full_mesh,17049.571016651324,0.01963349999999764,0,76,11,0,0,0,11,10,11,1.0,1549.9610015137566,52247.8550832566,1095,1070,0
SELF-Q4-mixed-fixed_hash-268,268,mixed,fixed_hash,square_active,True,all_sources_cleared_with_certificate,square,True,905.0,81,81,"[2, 3, 4, 5, 10, 11, 12, 14, 16, 17, 18, 20]","[2, 3, 4, 5, 10, 11, 12, 14, 16, 17, 18, 20]",full_mesh,15342.40430580631,0.017721625000000074,0,27,12,0,0,0,12,1,12,1.0,1278.533692150526,49477.02152903155,904,867,0
SELF-Q4-mixed-fixed_hash-269,269,mixed,fixed_hash,square_active,True,all_sources_cleared_with_certificate,square,True,905.0,81,81,"[1, 2, 3, 5, 6, 7, 9, 10, 11, 13, 15, 18, 20]","[1, 2, 3, 5, 6, 7, 9, 10, 11, 13, 15, 18, 20]",full_mesh,14651.387810067865,0.01584404100000114,0,54,13,0,0,0,13,7,13,1.0,1127.029831543682,49851.93905033933,774,746,0
SELF-Q4-mixed-fixed_hash-270,270,mixed,fixed_hash,square_active,True,all_sources_cleared_with_certificate,square,True,905.0,81,81,"[1, 3, 5, 6, 8, 9, 10, 11, 12, 15, 16, 17, 18, 20]","[1, 3, 5, 6, 8, 9, 10, 11, 12, 15, 16, 17, 18, 20]",full_mesh,14219.331732520906,0.014566750000000184,0,34,14,0,0,0,14,11,14,1.0,1015.6665523229219,49716.65866260451,709,661,0
SELF-Q4-mixed-fixed_hash-271,271,mixed,fixed_hash,square_active,True,all_sources_cleared_with_certificate,square,True,905.0,81,81,"[2, 4, 6, 7, 8, 9, 10, 11, 12, 13, 14, 15, 16, 18, 19]","[2, 4, 6, 7, 8, 9, 10, 11, 12, 13, 14, 15, 16, 18, 19]",full_mesh,15114.424713623353,0.016971666999999968,0,85,15,0,0,0,15,11,15,1.0,1007.628314241557,52137.12356811675,773,747,0
SELF-Q4-mixed-fixed_hash-272,272,mixed,fixed_hash,square_active,True,all_sources_cleared_with_certificate,square,True,905.0,81,75,"[2, 3, 4, 5, 6, 7, 9, 10, 11, 12, 13, 15, 16, 18, 19, 20]","[2, 3, 4, 5, 6, 7, 9, 10, 11, 12, 13, 15, 16, 18, 19, 20]",count_upper_bound,14880.848502243764,0.017459125000002018,0,60,15,1,1,0,16,13,16,1.0,930.0530313902352,49419.242511218785,824,797,0
SELF-Q4-mixed-fixed_hash-273,273,mixed,fixed_hash,square_active,True,all_sources_cleared_with_certificate,square,True,905.0,81,81,"[2, 3, 4, 7, 8, 9, 10, 14, 17, 19]","[2, 3, 4, 7, 8, 9, 10, 14, 17, 19]",full_mesh,17332.68532106046,0.019180915999999826,0,30,10,0,0,0,10,9,10,1.0,1733.268532106046,51683.42660530227,1164,1126,0
SELF-Q4-mixed-fixed_hash-274,274,mixed,fixed_hash,square_active,True,all_sources_cleared_with_certificate,square,True,905.0,81,81,"[1, 2, 4, 5, 11, 12, 13, 14, 15, 17, 20]","[1, 2, 4, 5, 11, 12, 13, 14, 15, 17, 20]",full_mesh,16002.075282043881,0.01829558400000053,0,36,11,0,0,0,11,10,11,1.0,1454.7341165494438,49255.3764102194,1021,991,0
SELF-Q4-mixed-fixed_hash-275,275,mixed,fixed_hash,square_active,True,all_sources_cleared_with_certificate,square,True,905.0,81,81,"[3, 4, 6, 10, 11, 12, 13, 14, 15, 16, 17, 19]","[3, 4, 6, 10, 11, 12, 13, 14, 15, 16, 17, 19]",full_mesh,14767.301147694357,0.014850083000002456,0,33,12,0,0,0,12,6,12,1.0,1230.6084289745297,48231.505738471795,850,811,0
SELF-Q4-mixed-fixed_hash-276,276,mixed,fixed_hash,square_active,True,all_sources_cleared_with_certificate,square,True,905.0,81,81,"[1, 3, 4, 5, 7, 8, 9, 11, 12, 13, 15, 18, 19]","[1, 3, 4, 5, 7, 8, 9, 11, 12, 13, 15, 18, 19]",full_mesh,15159.3223434921,0.016141375000000124,0,43,13,0,0,0,13,6,13,1.0,1166.1017187301616,52226.6117174605,782,739,0
SELF-Q4-mixed-fixed_hash-277,277,mixed,fixed_hash,square_active,True,all_sources_cleared_with_certificate,square,True,905.0,81,81,"[2, 3, 4, 5, 6, 7, 8, 10, 13, 14, 15, 17, 19, 20]","[2, 3, 4, 5, 6, 7, 8, 10, 13, 14, 15, 17, 19, 20]",full_mesh,14669.658217616687,0.017955167000000216,0,66,14,0,0,0,14,4,14,1.0,1047.8327298297634,50138.29108808344,768,732,0
SELF-Q4-mixed-fixed_hash-278,278,mixed,fixed_hash,square_active,True,all_sources_cleared_with_certificate,square,True,905.0,81,81,"[2, 3, 4, 6, 7, 8, 9, 10, 11, 13, 14, 15, 16, 18, 19]","[2, 3, 4, 6, 7, 8, 9, 10, 11, 13, 14, 15, 16, 18, 19]",full_mesh,14957.497775136813,0.019605207999997987,0,83,15,0,0,0,15,13,15,1.0,997.1665183424542,52162.48887568409,746,720,0
SELF-Q4-mixed-fixed_hash-279,279,mixed,fixed_hash,square_active,True,all_sources_cleared_with_certificate,square,True,905.0,81,36,"[1, 2, 3, 4, 5, 6, 7, 8, 10, 12, 13, 14, 15, 16, 17, 18]","[1, 2, 3, 4, 5, 6, 7, 8, 10, 12, 13, 14, 15, 16, 17, 18]",count_upper_bound,9242.883672175041,0.013667375000000703,0,57,12,6,4,0,16,7,16,1.0,577.6802295109401,31444.418360875214,479,473,2
SELF-Q4-mixed-fixed_hash-280,280,mixed,fixed_hash,square_active,True,all_sources_cleared_with_certificate,square,True,905.0,81,81,"[1, 3, 6, 8, 9, 10, 15, 16, 17, 19]","[1, 3, 6, 8, 9, 10, 15, 16, 17, 19]",full_mesh,15643.140277521023,0.018177792000003024,0,24,10,0,0,0,10,1,10,1.0,1564.3140277521022,48870.701387605106,978,929,0
SELF-Q4-mixed-fixed_hash-281,281,mixed,fixed_hash,square_active,True,all_sources_cleared_with_certificate,square,True,905.0,81,81,"[1, 4, 8, 9, 10, 13, 14, 15, 17, 18, 20]","[1, 4, 8, 9, 10, 13, 14, 15, 17, 18, 20]",full_mesh,15537.784556246175,0.015399416000001054,0,21,11,0,0,0,11,5,11,1.0,1412.5258687496523,49803.92278123088,928,882,0
SELF-Q4-mixed-fixed_hash-282,282,mixed,fixed_hash,square_active,True,all_sources_cleared_with_certificate,square,True,905.0,81,81,"[1, 2, 4, 5, 6, 9, 10, 11, 12, 13, 16, 20]","[1, 2, 4, 5, 6, 9, 10, 11, 12, 13, 16, 20]",full_mesh,15596.2073663624,0.01795020799999847,0,40,12,0,0,0,12,8,12,1.0,1299.6839471968667,48701.03683181201,972,936,0
SELF-Q4-mixed-fixed_hash-283,283,mixed,fixed_hash,square_active,True,all_sources_cleared_with_certificate,square,True,905.0,81,81,"[1, 3, 4, 5, 7, 9, 10, 11, 12, 13, 14, 15, 17]","[1, 3, 4, 5, 7, 9, 10, 11, 12, 13, 14, 15, 17]",full_mesh,14641.17098943992,0.018451250000001806,0,34,13,0,0,0,13,1,13,1.0,1126.2439222646092,49470.8549471996,788,742,0
SELF-Q4-mixed-fixed_hash-284,284,mixed,fixed_hash,square_active,True,all_sources_cleared_with_certificate,square,True,905.0,81,81,"[2, 3, 4, 5, 8, 9, 10, 12, 13, 14, 15, 18, 19, 20]","[2, 3, 4, 5, 8, 9, 10, 12, 13, 14, 15, 18, 19, 20]",full_mesh,14986.825670125922,0.018223124999998674,0,38,14,0,0,0,14,6,14,1.0,1070.4875478661372,49924.12835062961,828,792,0
SELF-Q4-mixed-fixed_hash-285,285,mixed,fixed_hash,square_active,True,all_sources_cleared_with_certificate,square,True,905.0,81,81,"[1, 3, 5, 6, 7, 8, 10, 12, 13, 14, 15, 16, 18, 19, 20]","[1, 3, 5, 6, 7, 8, 10, 12, 13, 14, 15, 16, 18, 19, 20]",full_mesh,15382.810713161189,0.017771165999999283,0,87,15,0,0,0,15,11,15,1.0,1025.5207142107458,51884.053565805945,827,796,0
SELF-Q4-mixed-fixed_hash-286,286,mixed,fixed_hash,square_active,True,all_sources_cleared_with_certificate,square,True,905.0,81,53,"[1, 3, 4, 6, 7, 8, 9, 11, 12, 13, 14, 16, 17, 18, 19, 20]","[1, 3, 4, 6, 7, 8, 9, 11, 12, 13, 14, 16, 17, 18, 19, 20]",count_upper_bound,11092.41567330547,0.014459875000000011,0,60,14,3,4,0,16,13,16,1.0,693.2759795815919,39312.07836652734,526,517,1
SELF-Q4-mixed-fixed_hash-287,287,mixed,fixed_hash,square_active,True,all_sources_cleared_with_certificate,square,True,905.0,81,81,"[1, 3, 4, 7, 9, 10, 11, 13, 17, 18]","[1, 3, 4, 7, 9, 10, 11, 13, 17, 18]",full_mesh,16349.405429475957,0.017739375000001445,0,35,10,0,0,0,10,4,10,1.0,1634.9405429475958,48587.0271473798,1103,1067,0
SELF-Q4-mixed-fixed_hash-288,288,mixed,fixed_hash,square_active,True,all_sources_cleared_with_certificate,square,True,905.0,81,81,"[1, 2, 7, 8, 9, 10, 11, 12, 16, 18, 19]","[1, 2, 7, 8, 9, 10, 11, 12, 16, 18, 19]",full_mesh,16014.4124026958,0.017298540999998835,0,48,11,0,0,0,11,10,11,1.0,1455.8556729723455,49397.06201347898,1019,985,0
SELF-Q4-mixed-fixed_hash-289,289,mixed,fixed_hash,square_active,True,all_sources_cleared_with_certificate,square,True,905.0,81,81,"[1, 3, 6, 7, 9, 11, 12, 13, 14, 15, 16, 17]","[1, 3, 6, 7, 9, 11, 12, 13, 14, 15, 16, 17]",full_mesh,16455.60705434266,0.017451040999997502,0,51,12,0,0,0,12,8,12,1.0,1371.3005878618885,51833.035271713285,1010,979,0
SELF-Q4-mixed-fixed_hash-290,290,mixed,fixed_hash,square_active,True,all_sources_cleared_with_certificate,square,True,905.0,81,81,"[1, 2, 4, 5, 7, 8, 10, 11, 14, 16, 17, 18, 19]","[1, 2, 4, 5, 7, 8, 10, 11, 14, 16, 17, 18, 19]",full_mesh,14689.730718537103,0.016275958000001367,0,67,13,0,0,0,13,6,13,1.0,1129.9792860413156,50523.65359268553,760,720,0
SELF-Q4-mixed-fixed_hash-291,291,mixed,fixed_hash,square_active,True,all_sources_cleared_with_certificate,square,True,905.0,81,81,"[2, 3, 4, 5, 6, 10, 11, 12, 13, 14, 16, 17, 19, 20]","[2, 3, 4, 5, 6, 10, 11, 12, 13, 14, 16, 17, 19, 20]",full_mesh,14828.535437382785,0.017139541000002367,0,43,14,0,0,0,14,2,14,1.0,1059.181102670199,51247.67718691394,758,719,0
SELF-Q4-mixed-fixed_hash-292,292,mixed,fixed_hash,square_active,True,all_sources_cleared_with_certificate,square,True,905.0,81,81,"[1, 4, 5, 6, 7, 8, 9, 10, 11, 14, 15, 16, 18, 19, 20]","[1, 4, 5, 6, 7, 8, 9, 10, 11, 14, 15, 16, 18, 19, 20]",full_mesh,15524.623651302394,0.01988370799999828,0,60,15,0,0,0,15,10,15,1.0,1034.9749100868262,52918.11825651199,815,791,0
SELF-Q4-mixed-fixed_hash-293,293,mixed,fixed_hash,square_active,True,all_sources_cleared_with_certificate,square,True,905.0,81,55,"[1, 2, 4, 6, 7, 8, 10, 11, 13, 14, 15, 16, 17, 18, 19, 20]","[1, 2, 4, 6, 7, 8, 10, 11, 13, 14, 15, 16, 17, 18, 19, 20]",count_upper_bound,12302.031503766113,0.01600112499999895,0,41,14,3,4,0,16,12,16,1.0,768.8769689853821,40940.15751883056,674,661,1
SELF-Q4-mixed-fixed_hash-294,294,mixed,fixed_hash,square_active,True,all_sources_cleared_with_certificate,square,True,905.0,81,81,"[2, 3, 6, 7, 10, 12, 13, 15, 16, 17]","[2, 3, 6, 7, 10, 12, 13, 15, 16, 17]",full_mesh,16295.083933746455,0.019160416000001845,0,78,10,0,0,0,10,7,10,1.0,1629.5083933746455,49395.41966873228,1067,1031,0
SELF-Q4-mixed-fixed_hash-295,295,mixed,fixed_hash,square_active,True,all_sources_cleared_with_certificate,square,True,905.0,81,81,"[1, 3, 4, 5, 10, 11, 12, 13, 15, 16, 19]","[1, 3, 4, 5, 10, 11, 12, 13, 15, 16, 19]",full_mesh,15983.970866675272,0.01818074999999908,0,36,11,0,0,0,11,4,11,1.0,1453.0882606068428,49969.854333376345,996,955,0
SELF-Q4-mixed-fixed_hash-296,296,mixed,fixed_hash,square_active,True,all_sources_cleared_with_certificate,square,True,905.0,81,81,"[1, 2, 3, 7, 9, 10, 11, 12, 14, 16, 17, 20]","[1, 2, 3, 7, 9, 10, 11, 12, 14, 16, 17, 20]",full_mesh,15274.634961504722,0.01694241699999921,0,30,12,0,0,0,12,5,12,1.0,1272.88624679206,50303.174807523625,866,824,0
SELF-Q4-mixed-fixed_hash-297,297,mixed,fixed_hash,square_active,True,all_sources_cleared_with_certificate,square,True,905.0,81,81,"[1, 2, 3, 7, 8, 11, 12, 13, 14, 15, 17, 19, 20]","[1, 2, 3, 7, 8, 11, 12, 13, 14, 15, 17, 19, 20]",full_mesh,15420.190556326348,0.016756916999998595,0,47,13,0,0,0,13,5,13,1.0,1186.168504332796,51990.95278163175,832,797,0
SELF-Q4-mixed-fixed_hash-298,298,mixed,fixed_hash,square_active,True,all_sources_cleared_with_certificate,square,True,905.0,81,81,"[1, 3, 6, 7, 8, 9, 10, 12, 13, 14, 16, 17, 18, 19]","[1, 3, 6, 7, 8, 9, 10, 12, 13, 14, 16, 17, 18, 19]",full_mesh,15194.181220688495,0.016986917000000545,0,36,14,0,0,0,14,5,14,1.0,1085.2986586206068,51125.90610344247,822,789,0
SELF-Q4-mixed-fixed_hash-299,299,mixed,fixed_hash,square_active,True,all_sources_cleared_with_certificate,square,True,905.0,81,81,"[1, 5, 6, 7, 8, 9, 10, 11, 12, 13, 15, 16, 17, 19, 20]","[1, 5, 6, 7, 8, 9, 10, 11, 12, 13, 15, 16, 17, 19, 20]",full_mesh,14419.772322331994,0.01681412499999979,0,70,15,0,0,0,15,12,15,1.0,961.3181548221329,52083.86161165998,659,633,0
SELF-Q4-mixed-fixed_hash-300,300,mixed,fixed_hash,square_active,True,all_sources_cleared_with_certificate,square,True,905.0,81,50,"[1, 2, 3, 4, 6, 7, 9, 10, 11, 12, 14, 15, 16, 18, 19, 20]","[1, 2, 3, 4, 6, 7, 9, 10, 11, 12, 14, 15, 16, 18, 19, 20]",count_upper_bound,10626.510325223055,0.01594062499999893,1,72,11,6,4,2,16,10,16,1.0,664.1568953264409,35962.551626115295,559,550,3
SELF-Q4-mixed-fixed_hash-301,301,mixed,fixed_hash,square_active,True,all_sources_cleared_with_certificate,square,True,905.0,81,81,"[2, 4, 5, 8, 10, 11, 13, 15, 16, 18]","[2, 4, 5, 8, 10, 11, 13, 15, 16, 18]",full_mesh,15630.201970447879,0.018180250000000342,0,61,10,0,0,0,10,9,10,1.0,1563.020197044788,45661.009852239404,1080,1048,0
SELF-Q4-mixed-fixed_hash-302,302,mixed,fixed_hash,square_active,True,all_sources_cleared_with_certificate,square,True,905.0,81,81,"[1, 4, 7, 12, 14, 15, 16, 17, 18, 19, 20]","[1, 4, 7, 12, 14, 15, 16, 17, 18, 19, 20]",full_mesh,16160.676849096912,0.018334208000002405,0,59,11,0,0,0,11,9,11,1.0,1469.152440826992,50958.38424548457,991,959,0
SELF-Q4-mixed-fixed_hash-303,303,mixed,fixed_hash,square_active,True,all_sources_cleared_with_certificate,square,True,905.0,81,81,"[2, 3, 7, 8, 9, 10, 13, 16, 17, 18, 19, 20]","[2, 3, 7, 8, 9, 10, 13, 16, 17, 18, 19, 20]",full_mesh,15670.907839663994,0.016564000000002466,0,33,12,0,0,0,12,5,12,1.0,1305.9089866386662,51794.53919831995,882,842,0
SELF-Q4-mixed-fixed_hash-304,304,mixed,fixed_hash,square_active,True,all_sources_cleared_with_certificate,square,True,905.0,81,81,"[1, 4, 5, 7, 10, 11, 13, 14, 15, 16, 17, 18, 20]","[1, 4, 5, 7, 10, 11, 13, 14, 15, 16, 17, 18, 20]",full_mesh,15143.489530907611,0.017688040999999544,0,36,13,0,0,0,13,1,13,1.0,1164.8838100698163,49867.447654538046,859,810,0
SELF-Q4-mixed-fixed_hash-305,305,mixed,fixed_hash,square_active,True,all_sources_cleared_with_certificate,square,True,905.0,81,81,"[3, 5, 6, 8, 10, 11, 12, 13, 15, 16, 17, 18, 19, 20]","[3, 5, 6, 8, 10, 11, 12, 13, 15, 16, 17, 18, 19, 20]",full_mesh,15155.6237166312,0.0160920830000002,0,54,14,0,0,0,14,4,14,1.0,1082.544551187943,52233.118583156,778,749,0
SELF-Q4-mixed-fixed_hash-306,306,mixed,fixed_hash,square_active,True,all_sources_cleared_with_certificate,square,True,905.0,81,81,"[1, 3, 7, 9, 10, 11, 12, 13, 14, 15, 16, 17, 18, 19, 20]","[1, 3, 7, 9, 10, 11, 12, 13, 14, 15, 16, 17, 18, 19, 20]",full_mesh,15104.342382703055,0.018365040999999138,0,34,15,0,0,0,15,2,15,1.0,1006.9561588468703,51711.711913515246,787,752,0
SELF-Q4-mixed-fixed_hash-307,307,mixed,fixed_hash,square_active,True,all_sources_cleared_with_certificate,square,True,905.0,81,55,"[1, 2, 4, 5, 6, 7, 8, 9, 10, 11, 15, 16, 17, 18, 19, 20]","[1, 2, 4, 5, 6, 7, 8, 9, 10, 11, 15, 16, 17, 18, 19, 20]",count_upper_bound,11168.758433539244,0.014685083999999904,0,58,12,4,2,0,16,12,16,1.0,698.0474020962027,36968.79216769622,619,600,0
SELF-Q4-mixed-fixed_hash-308,308,mixed,fixed_hash,square_active,True,all_sources_cleared_with_certificate,square,True,905.0,81,81,"[3, 5, 6, 7, 9, 12, 13, 17, 18, 19]","[3, 5, 6, 7, 9, 12, 13, 17, 18, 19]",full_mesh,15807.762924026832,0.018225499999999784,0,18,10,0,0,0,10,5,10,1.0,1580.7762924026833,47843.81462013418,1038,999,0
SELF-Q4-mixed-fixed_hash-309,309,mixed,fixed_hash,square_active,True,all_sources_cleared_with_certificate,square,True,905.0,81,81,"[1, 3, 4, 5, 7, 8, 10, 13, 14, 15, 18]","[1, 3, 4, 5, 7, 8, 10, 13, 14, 15, 18]",full_mesh,15434.320724055333,0.018699165999997547,0,27,11,0,0,0,11,3,11,1.0,1403.1200658232121,48426.60362027667,956,914,0
SELF-Q4-mixed-fixed_hash-310,310,mixed,fixed_hash,square_active,True,all_sources_cleared_with_certificate,square,True,905.0,81,81,"[3, 5, 6, 7, 8, 9, 10, 12, 16, 17, 18, 20]","[3, 5, 6, 7, 8, 9, 10, 12, 16, 17, 18, 20]",full_mesh,15443.382719013855,0.020032624999998916,0,30,12,0,0,0,12,4,12,1.0,1286.9485599178213,50336.91359506928,893,851,0
SELF-Q4-mixed-fixed_hash-311,311,mixed,fixed_hash,square_active,True,all_sources_cleared_with_certificate,square,True,905.0,81,81,"[1, 3, 4, 5, 7, 9, 12, 14, 15, 16, 18, 19, 20]","[1, 3, 4, 5, 7, 9, 12, 14, 15, 16, 18, 19, 20]",full_mesh,15157.376534671097,0.019437541999998587,0,66,13,0,0,0,13,12,13,1.0,1165.952041128546,50691.882673355474,831,799,0
SELF-Q4-mixed-fixed_hash-312,312,mixed,fixed_hash,square_active,True,all_sources_cleared_with_certificate,square,True,905.0,81,81,"[2, 4, 5, 6, 8, 10, 11, 13, 15, 16, 17, 18, 19, 20]","[2, 4, 5, 6, 8, 10, 11, 13, 15, 16, 17, 18, 19, 20]",full_mesh,14945.174022475014,0.01974400000000287,0,42,14,0,0,0,14,1,14,1.0,1067.5124301767867,50625.870112375065,797,765,0
SELF-Q4-mixed-fixed_hash-313,313,mixed,fixed_hash,square_active,True,all_sources_cleared_with_certificate,square,True,905.0,81,81,"[1, 3, 4, 6, 7, 11, 12, 13, 14, 15, 16, 17, 18, 19, 20]","[1, 3, 4, 6, 7, 11, 12, 13, 14, 15, 16, 17, 18, 19, 20]",full_mesh,14773.43028677753,0.01968937500000223,0,55,15,0,0,0,15,8,15,1.0,984.8953524518353,50672.15143388765,765,739,0
SELF-Q4-mixed-fixed_hash-314,314,mixed,fixed_hash,square_active,True,all_sources_cleared_with_certificate,square,True,905.0,81,49,"[1, 2, 4, 5, 6, 7, 8, 11, 12, 14, 15, 16, 17, 18, 19, 20]","[1, 2, 4, 5, 6, 7, 8, 11, 12, 14, 15, 16, 17, 18, 19, 20]",count_upper_bound,9187.248512419144,0.013808749999999037,0,36,15,1,1,0,16,3,16,1.0,574.2030320261965,33516.24256209572,404,384,0
SELF-Q4-mixed-fixed_hash-315,315,mixed,fixed_hash,square_active,True,all_sources_cleared_with_certificate,square,True,905.0,81,81,"[1, 2, 3, 10, 11, 12, 14, 17, 18, 20]","[1, 2, 3, 10, 11, 12, 14, 17, 18, 20]",full_mesh,16711.736750311524,0.02117716600000108,0,29,10,0,0,0,10,5,10,1.0,1671.1736750311525,50033.68375155762,1117,1070,0
SELF-Q4-mixed-fixed_hash-316,316,mixed,fixed_hash,square_active,True,all_sources_cleared_with_certificate,square,True,905.0,81,81,"[1, 4, 8, 9, 11, 13, 14, 16, 17, 19, 20]","[1, 4, 8, 9, 11, 13, 14, 16, 17, 19, 20]",full_mesh,15041.682723651693,0.017454000000000747,0,20,11,0,0,0,11,2,11,1.0,1367.425702150154,48583.413618258484,887,835,0
SELF-Q4-mixed-fixed_hash-317,317,mixed,fixed_hash,square_active,True,all_sources_cleared_with_certificate,square,True,905.0,81,81,"[1, 4, 5, 7, 8, 9, 11, 12, 13, 15, 18, 19]","[1, 4, 5, 7, 8, 9, 11, 12, 13, 15, 18, 19]",full_mesh,15719.524070263466,0.01723320800000039,0,23,12,0,0,0,12,6,12,1.0,1309.9603391886221,50862.620351317324,921,882,0
SELF-Q4-mixed-fixed_hash-318,318,mixed,fixed_hash,square_active,True,all_sources_cleared_with_certificate,square,True,905.0,81,81,"[2, 4, 5, 6, 7, 10, 11, 13, 14, 15, 16, 17, 18]","[2, 4, 5, 6, 7, 10, 11, 13, 14, 15, 16, 17, 18]",full_mesh,14060.926817911806,0.016324124999997025,0,44,13,0,0,0,13,7,13,1.0,1081.609755223985,48994.63408955904,708,657,0
SELF-Q4-mixed-fixed_hash-319,319,mixed,fixed_hash,square_active,True,all_sources_cleared_with_certificate,square,True,905.0,81,81,"[2, 3, 4, 5, 6, 10, 11, 12, 13, 16, 17, 18, 19, 20]","[2, 3, 4, 5, 6, 10, 11, 12, 13, 16, 17, 18, 19, 20]",full_mesh,15770.72137469685,0.019380916999999442,0,54,14,0,0,0,14,12,14,1.0,1126.480098192632,51948.60687348427,891,856,0
SELF-Q4-mixed-fixed_hash-320,320,mixed,fixed_hash,square_active,True,all_sources_cleared_with_certificate,square,True,905.0,81,81,"[2, 3, 4, 5, 6, 7, 8, 9, 11, 12, 15, 16, 17, 19, 20]","[2, 3, 4, 5, 6, 7, 8, 9, 11, 12, 15, 16, 17, 19, 20]",full_mesh,14691.261312670595,0.016247917000001166,0,44,15,0,0,0,15,8,15,1.0,979.4174208447063,53321.30656335297,664,632,0
SELF-Q4-mixed-fixed_hash-321,321,mixed,fixed_hash,square_active,True,all_sources_cleared_with_certificate,square,True,905.0,81,54,"[1, 2, 4, 5, 6, 7, 8, 9, 10, 11, 12, 13, 14, 15, 17, 18]","[1, 2, 4, 5, 6, 7, 8, 9, 10, 11, 12, 13, 14, 15, 17, 18]",count_upper_bound,11158.204238132274,0.016486500000002735,0,82,16,1,5,0,16,15,16,1.0,697.3877648832671,38016.02119066139,581,567,1
SELF-Q4-mixed-fixed_hash-322,322,mixed,fixed_hash,square_active,True,all_sources_cleared_with_certificate,square,True,905.0,81,81,"[3, 5, 6, 8, 10, 13, 14, 16, 18, 19]","[3, 5, 6, 8, 10, 13, 14, 16, 18, 19]",full_mesh,15734.63876403505,0.020366749999997324,0,67,10,0,0,0,10,9,10,1.0,1573.4638764035049,48133.19382017526,1015,983,0
SELF-Q4-mixed-fixed_hash-323,323,mixed,fixed_hash,square_active,True,all_sources_cleared_with_certificate,square,True,905.0,81,81,"[2, 4, 5, 6, 7, 8, 10, 14, 15, 16, 20]","[2, 4, 5, 6, 7, 8, 10, 14, 15, 16, 20]",full_mesh,16379.004957182126,0.01831762500000167,0,36,11,0,0,0,11,8,11,1.0,1489.0004506529206,50030.024785910624,1060,1018,0
SELF-Q4-mixed-fixed_hash-324,324,mixed,fixed_hash,square_active,True,all_sources_cleared_with_certificate,square,True,905.0,81,81,"[1, 2, 3, 5, 6, 9, 14, 16, 17, 18, 19, 20]","[1, 2, 3, 5, 6, 9, 14, 16, 17, 18, 19, 20]",full_mesh,15795.490188778298,0.02134612499999733,0,49,12,0,0,0,12,4,12,1.0,1316.290849064858,48627.45094389148,1007,975,0
SELF-Q4-mixed-fixed_hash-325,325,mixed,fixed_hash,square_active,True,all_sources_cleared_with_certificate,square,True,905.0,81,81,"[1, 2, 3, 4, 5, 6, 10, 11, 13, 14, 16, 18, 20]","[1, 2, 3, 4, 5, 6, 10, 11, 13, 14, 16, 18, 20]",full_mesh,14992.335584757668,0.01670591699999946,0,54,13,0,0,0,13,2,13,1.0,1153.2565834428974,50321.67792378834,818,773,0
SELF-Q4-mixed-fixed_hash-326,326,mixed,fixed_hash,square_active,True,all_sources_cleared_with_certificate,square,True,905.0,81,81,"[1, 2, 3, 4, 5, 6, 7, 10, 11, 13, 14, 15, 16, 17]","[1, 2, 3, 4, 5, 6, 7, 10, 11, 13, 14, 15, 16, 17]",full_mesh,15155.262648492995,0.02037354199999797,0,64,14,0,0,0,14,6,14,1.0,1082.5187606066424,51571.31324246499,801,766,0
SELF-Q4-mixed-fixed_hash-327,327,mixed,fixed_hash,square_active,True,all_sources_cleared_with_certificate,square,True,905.0,81,81,"[1, 2, 3, 4, 5, 8, 9, 10, 11, 13, 14, 15, 17, 18, 20]","[1, 2, 3, 4, 5, 8, 9, 10, 11, 13, 14, 15, 17, 18, 20]",full_mesh,13695.301922707049,0.0159405000000028,0,21,15,0,0,0,15,4,15,1.0,913.0201281804699,50236.509613535236,603,558,0
SELF-Q4-mixed-fixed_hash-328,328,mixed,fixed_hash,square_active,True,all_sources_cleared_with_certificate,square,True,905.0,81,52,"[3, 4, 5, 6, 7, 8, 9, 11, 12, 13, 14, 15, 16, 17, 19, 20]","[3, 4, 5, 6, 7, 8, 9, 11, 12, 13, 14, 15, 16, 17, 19, 20]",count_upper_bound,10976.616097759817,0.01628195899999696,0,80,12,5,5,0,16,14,16,1.0,686.0385061099886,36273.080488799096,609,594,1
SELF-Q4-mixed-fixed_hash-329,329,mixed,fixed_hash,square_active,True,all_sources_cleared_with_certificate,square,True,905.0,81,81,"[2, 4, 5, 7, 8, 10, 11, 16, 17, 20]","[2, 4, 5, 7, 8, 10, 11, 16, 17, 20]",full_mesh,15431.108574948039,0.02014162500000083,0,70,10,0,0,0,10,1,10,1.0,1543.110857494804,46525.542874740204,1020,976,0
SELF-Q4-mixed-fixed_hash-330,330,mixed,fixed_hash,square_active,True,all_sources_cleared_with_certificate,square,True,905.0,81,81,"[1, 2, 3, 6, 9, 10, 11, 13, 14, 15, 20]","[1, 2, 3, 6, 9, 10, 11, 13, 14, 15, 20]",full_mesh,16223.829419503196,0.02111229100000145,0,44,11,0,0,0,11,4,11,1.0,1474.8935835911996,51349.14709751597,990,949,0
SELF-Q4-mixed-fixed_hash-331,331,mixed,fixed_hash,square_active,True,all_sources_cleared_with_certificate,square,True,905.0,81,81,"[4, 6, 7, 8, 10, 11, 13, 14, 16, 18, 19, 20]","[4, 6, 7, 8, 10, 11, 13, 14, 16, 18, 19, 20]",full_mesh,16117.825409410938,0.021673916000001014,0,78,12,0,0,0,12,10,12,1.0,1343.1521174509114,50919.12704705469,984,954,0
SELF-Q4-mixed-fixed_hash-332,332,mixed,fixed_hash,square_active,True,all_sources_cleared_with_certificate,square,True,905.0,81,81,"[1, 2, 3, 4, 8, 9, 12, 13, 14, 16, 17, 18, 19]","[1, 2, 3, 4, 8, 9, 12, 13, 14, 16, 17, 18, 19]",full_mesh,14669.901297243854,0.01824770800000053,0,29,13,0,0,0,13,3,13,1.0,1128.453945941835,48759.50648621928,816,773,0
SELF-Q4-mixed-fixed_hash-333,333,mixed,fixed_hash,square_active,True,all_sources_cleared_with_certificate,square,True,905.0,81,81,"[2, 4, 5, 6, 7, 9, 10, 12, 13, 14, 16, 17, 18, 19]","[2, 4, 5, 6, 7, 9, 10, 12, 13, 14, 16, 17, 18, 19]",full_mesh,14009.73843998452,0.015907375000001167,0,24,14,0,0,0,14,6,14,1.0,1000.6956028560371,50273.6921999226,657,600,0
SELF-Q4-mixed-fixed_hash-334,334,mixed,fixed_hash,square_active,True,all_sources_cleared_with_certificate,square,True,905.0,81,81,"[1, 4, 5, 6, 7, 8, 12, 13, 14, 15, 16, 17, 18, 19, 20]","[1, 4, 5, 6, 7, 8, 12, 13, 14, 15, 16, 17, 18, 19, 20]",full_mesh,14851.657040778378,0.017766083999998017,0,59,15,0,0,0,15,1,15,1.0,990.1104693852252,53073.2852038919,700,662,0
SELF-Q4-mixed-fixed_hash-335,335,mixed,fixed_hash,square_active,True,all_sources_cleared_with_certificate,square,True,905.0,81,56,"[1, 2, 3, 4, 5, 6, 7, 8, 10, 11, 13, 14, 15, 17, 18, 19]","[1, 2, 3, 4, 5, 6, 7, 8, 10, 11, 13, 14, 15, 17, 18, 19]",count_upper_bound,11904.792180492745,0.01850441699999905,0,63,13,3,3,0,16,14,16,1.0,744.0495112807965,38358.96090246372,695,678,0
SELF-Q4-mixed-fixed_hash-336,336,mixed,fixed_hash,square_active,True,all_sources_cleared_with_certificate,square,True,905.0,81,81,"[1, 3, 5, 7, 8, 12, 14, 16, 18, 20]","[1, 3, 5, 7, 8, 12, 14, 16, 18, 20]",full_mesh,16508.466011984463,0.018294957999998473,0,33,10,0,0,0,10,8,10,1.0,1650.8466011984463,50847.33005992234,1054,1019,0
SELF-Q4-mixed-fixed_hash-337,337,mixed,fixed_hash,square_active,True,all_sources_cleared_with_certificate,square,True,905.0,81,81,"[1, 5, 6, 7, 8, 9, 12, 15, 16, 17, 19]","[1, 5, 6, 7, 8, 9, 12, 15, 16, 17, 19]",full_mesh,15219.221664020135,0.016159417000000786,0,71,11,0,0,0,11,6,11,1.0,1383.5656058200123,49786.10832010068,875,832,0
SELF-Q4-mixed-fixed_hash-338,338,mixed,fixed_hash,square_active,True,all_sources_cleared_with_certificate,square,True,905.0,81,81,"[1, 4, 5, 8, 9, 10, 12, 14, 15, 16, 19, 20]","[1, 4, 5, 8, 9, 10, 12, 14, 15, 16, 19, 20]",full_mesh,15723.687302415341,0.019780874999998588,0,54,12,0,0,0,12,11,12,1.0,1310.3072752012783,48823.436512076696,989,954,0
SELF-Q4-mixed-fixed_hash-339,339,mixed,fixed_hash,square_active,True,all_sources_cleared_with_certificate,square,True,905.0,81,81,"[1, 2, 3, 5, 6, 8, 9, 10, 12, 15, 17, 18, 20]","[1, 2, 3, 5, 6, 8, 9, 10, 12, 15, 17, 18, 20]",full_mesh,16133.179178882796,0.019818790999998726,0,74,13,0,0,0,13,10,13,1.0,1241.0137829909843,51825.89589441398,953,938,0
SELF-Q4-mixed-fixed_hash-340,340,mixed,fixed_hash,square_active,True,all_sources_cleared_with_certificate,square,True,905.0,81,81,"[3, 4, 5, 6, 9, 10, 13, 14, 15, 16, 17, 18, 19, 20]","[3, 4, 5, 6, 9, 10, 13, 14, 15, 16, 17, 18, 19, 20]",full_mesh,14714.164651088235,0.01607800000000026,0,31,14,0,0,0,14,3,14,1.0,1051.0117607920167,50705.82325544118,757,718,0
SELF-Q4-mixed-fixed_hash-341,341,mixed,fixed_hash,square_active,True,all_sources_cleared_with_certificate,square,True,905.0,81,81,"[1, 2, 5, 6, 8, 9, 10, 11, 12, 13, 14, 16, 17, 18, 19]","[1, 2, 5, 6, 8, 9, 10, 11, 12, 13, 14, 16, 17, 18, 19]",full_mesh,15975.489748238857,0.022503332999999515,0,63,15,0,0,0,15,12,15,1.0,1065.0326498825905,49977.44874119428,987,970,0
SELF-Q4-mixed-fixed_hash-342,342,mixed,fixed_hash,square_active,True,all_sources_cleared_with_certificate,square,True,905.0,81,43,"[1, 2, 3, 4, 5, 6, 7, 8, 9, 11, 12, 13, 17, 18, 19, 20]","[1, 2, 3, 4, 5, 6, 7, 8, 9, 11, 12, 13, 17, 18, 19, 20]",count_upper_bound,9546.282662414544,0.01395566700000117,0,85,13,4,7,0,16,12,16,1.0,596.642666400909,31786.413312072724,520,506,1
SELF-Q4-mixed-fixed_hash-343,343,mixed,fixed_hash,square_active,True,all_sources_cleared_with_certificate,square,True,905.0,81,81,"[1, 3, 5, 6, 7, 9, 15, 16, 18, 20]","[1, 3, 5, 6, 7, 9, 15, 16, 18, 20]",full_mesh,15563.24091814743,0.018171957999999933,0,20,10,0,0,0,10,5,10,1.0,1556.324091814743,48476.20459073717,978,928,0
SELF-Q4-mixed-fixed_hash-344,344,mixed,fixed_hash,square_active,True,all_sources_cleared_with_certificate,square,True,905.0,81,81,"[4, 5, 7, 10, 11, 12, 13, 14, 15, 16, 20]","[4, 5, 7, 10, 11, 12, 13, 14, 15, 16, 20]",full_mesh,15427.286993252636,0.01748070900000087,0,41,11,0,0,0,11,6,11,1.0,1402.4806357502396,49241.43496626316,927,889,0
SELF-Q4-mixed-fixed_hash-345,345,mixed,fixed_hash,square_active,True,all_sources_cleared_with_certificate,square,True,905.0,81,81,"[1, 3, 4, 5, 6, 7, 10, 11, 12, 14, 16, 18]","[1, 3, 4, 5, 6, 7, 10, 11, 12, 14, 16, 18]",full_mesh,15553.347798168286,0.017462374999997365,0,56,12,0,0,0,12,11,12,1.0,1296.1123165140239,50016.738990841426,921,885,0
SELF-Q4-mixed-fixed_hash-346,346,mixed,fixed_hash,square_active,True,all_sources_cleared_with_certificate,square,True,905.0,81,81,"[2, 3, 4, 7, 8, 9, 11, 12, 13, 14, 15, 17, 18]","[2, 3, 4, 7, 8, 9, 11, 12, 13, 14, 15, 17, 18]",full_mesh,14457.315651671464,0.014008000000000465,0,23,13,0,0,0,13,3,13,1.0,1112.101203974728,50576.57825835732,722,667,0
SELF-Q4-mixed-fixed_hash-347,347,mixed,fixed_hash,square_active,True,all_sources_cleared_with_certificate,square,True,905.0,81,81,"[1, 3, 4, 5, 6, 7, 8, 9, 12, 16, 17, 18, 19, 20]","[1, 3, 4, 5, 6, 7, 8, 9, 12, 16, 17, 18, 19, 20]",full_mesh,15288.585215639305,0.015467875000002351,0,45,14,0,0,0,14,7,14,1.0,1092.0418011170932,53022.92607819652,774,744,0
SELF-Q4-mixed-fixed_hash-348,348,mixed,fixed_hash,square_active,True,all_sources_cleared_with_certificate,square,True,905.0,81,81,"[1, 2, 3, 4, 6, 7, 8, 9, 11, 14, 15, 16, 17, 18, 19]","[1, 2, 3, 4, 6, 7, 8, 9, 11, 14, 15, 16, 17, 18, 19]",full_mesh,14343.562933414336,0.015330707999996918,0,43,15,0,0,0,15,3,15,1.0,956.2375288942891,51137.814667071674,681,636,0
SELF-Q4-mixed-fixed_hash-349,349,mixed,fixed_hash,square_active,True,all_sources_cleared_with_certificate,square,True,905.0,81,58,"[1, 3, 4, 5, 6, 8, 9, 10, 13, 14, 15, 16, 17, 18, 19, 20]","[1, 3, 4, 5, 6, 8, 9, 10, 13, 14, 15, 16, 17, 18, 19, 20]",count_upper_bound,11954.93959274149,0.016803167000002617,0,40,16,0,1,0,16,12,16,1.0,747.1837245463431,40154.69796370746,644,624,0
SELF-Q4-mixed-fixed_hash-350,350,mixed,fixed_hash,square_active,True,all_sources_cleared_with_certificate,square,True,905.0,81,81,"[3, 5, 6, 10, 11, 12, 13, 14, 18, 20]","[3, 5, 6, 10, 11, 12, 13, 14, 18, 20]",full_mesh,15858.741656777098,0.018309792000000158,0,37,10,0,0,0,10,8,10,1.0,1585.8741656777097,48593.70828388549,1022,980,0
SELF-Q4-mixed-fixed_hash-351,351,mixed,fixed_hash,square_active,True,all_sources_cleared_with_certificate,square,True,905.0,81,81,"[5, 6, 7, 8, 9, 10, 11, 12, 18, 19, 20]","[5, 6, 7, 8, 9, 10, 11, 12, 18, 19, 20]",full_mesh,16365.264725792495,0.017805625000001157,0,63,11,0,0,0,11,4,11,1.0,1487.7513387084086,51916.32362896247,994,957,0
SELF-Q4-mixed-fixed_hash-352,352,mixed,fixed_hash,square_active,True,all_sources_cleared_with_certificate,square,True,905.0,81,81,"[2, 3, 4, 5, 8, 9, 10, 14, 16, 17, 19, 20]","[2, 3, 4, 5, 8, 9, 10, 14, 16, 17, 19, 20]",full_mesh,15365.32090060219,0.018685582999999895,0,30,12,0,0,0,12,2,12,1.0,1280.4434083835158,49501.60450301094,907,870,0
SELF-Q4-mixed-fixed_hash-353,353,mixed,fixed_hash,square_active,True,all_sources_cleared_with_certificate,square,True,905.0,81,81,"[2, 3, 4, 6, 7, 8, 9, 10, 12, 13, 15, 16, 19]","[2, 3, 4, 6, 7, 8, 9, 10, 12, 13, 15, 16, 19]",full_mesh,14833.334389834552,0.017300834000000265,0,68,13,0,0,0,13,10,13,1.0,1141.0257222949656,49291.67194917278,824,790,0
SELF-Q4-mixed-fixed_hash-354,354,mixed,fixed_hash,square_active,True,all_sources_cleared_with_certificate,square,True,905.0,81,81,"[1, 2, 3, 4, 5, 7, 8, 10, 11, 16, 17, 18, 19, 20]","[1, 2, 3, 4, 5, 7, 8, 10, 11, 16, 17, 18, 19, 20]",full_mesh,15005.482525246323,0.017276584000001094,0,31,14,0,0,0,14,5,14,1.0,1071.8201803747374,51317.412626231606,785,747,0
SELF-Q4-mixed-fixed_hash-355,355,mixed,fixed_hash,square_active,True,all_sources_cleared_with_certificate,square,True,905.0,81,81,"[2, 3, 4, 5, 6, 7, 9, 10, 11, 13, 14, 15, 16, 19, 20]","[2, 3, 4, 5, 6, 7, 9, 10, 11, 13, 14, 15, 16, 19, 20]",full_mesh,14555.021875320726,0.01783470899999884,0,49,15,0,0,0,15,10,15,1.0,970.3347916880484,52195.10937660363,679,646,0
SELF-Q4-mixed-fixed_hash-356,356,mixed,fixed_hash,square_active,True,all_sources_cleared_with_certificate,square,True,905.0,81,58,"[2, 4, 6, 7, 8, 9, 10, 11, 12, 13, 14, 15, 16, 17, 18, 19]","[2, 4, 6, 7, 8, 9, 10, 11, 12, 13, 14, 15, 16, 17, 18, 19]",count_upper_bound,11664.34407237532,0.016193582999999734,0,23,15,1,2,0,16,5,16,1.0,729.0215045234575,38801.72036187659,640,624,0
SELF-Q4-mixed-fixed_hash-357,357,mixed,fixed_hash,square_active,True,all_sources_cleared_with_certificate,square,True,905.0,81,81,"[3, 4, 5, 6, 7, 8, 9, 12, 18, 20]","[3, 4, 5, 6, 7, 8, 9, 12, 18, 20]",full_mesh,15909.26391602634,0.019226583000001796,0,45,10,0,0,0,10,7,10,1.0,1590.926391602634,47421.3195801317,1068,1035,0
SELF-Q4-mixed-fixed_hash-358,358,mixed,fixed_hash,square_active,True,all_sources_cleared_with_certificate,square,True,905.0,81,81,"[1, 2, 3, 7, 8, 10, 11, 13, 14, 15, 19]","[1, 2, 3, 7, 8, 10, 11, 13, 14, 15, 19]",full_mesh,16087.081768570772,0.018094749999999493,0,47,11,0,0,0,11,4,11,1.0,1462.4619789609792,49805.408842853845,1017,986,0
SELF-Q4-mixed-fixed_hash-359,359,mixed,fixed_hash,square_active,True,all_sources_cleared_with_certificate,square,True,905.0,81,81,"[1, 2, 3, 7, 9, 10, 13, 15, 16, 17, 18, 19]","[1, 2, 3, 7, 9, 10, 13, 15, 16, 17, 18, 19]",full_mesh,15691.355082419706,0.01878904199999809,0,27,12,0,0,0,12,4,12,1.0,1307.6129235349756,50206.77541209852,938,900,0
SELF-Q4-mixed-fixed_hash-360,360,mixed,fixed_hash,square_active,True,all_sources_cleared_with_certificate,square,True,905.0,81,81,"[2, 3, 4, 7, 8, 9, 10, 11, 13, 14, 15, 17, 20]","[2, 3, 4, 7, 8, 9, 10, 11, 13, 14, 15, 17, 20]",full_mesh,15228.485561423297,0.015716333000000304,0,43,13,0,0,0,13,6,13,1.0,1171.4219662633304,52017.427807116466,801,755,0
SELF-Q4-mixed-fixed_hash-361,361,mixed,fixed_hash,square_active,True,all_sources_cleared_with_certificate,square,True,905.0,81,81,"[1, 3, 4, 5, 6, 7, 10, 11, 12, 13, 15, 16, 18, 20]","[1, 3, 4, 5, 6, 7, 10, 11, 12, 13, 15, 16, 18, 20]",full_mesh,15004.954577462924,0.01699137499999992,0,92,14,0,0,0,14,10,14,1.0,1071.7824698187803,50344.7728873146,817,781,0
SELF-Q4-mixed-fixed_hash-362,362,mixed,fixed_hash,square_active,True,all_sources_cleared_with_certificate,square,True,905.0,81,81,"[3, 5, 6, 8, 9, 10, 11, 12, 13, 14, 16, 17, 18, 19, 20]","[3, 5, 6, 8, 9, 10, 11, 12, 13, 14, 16, 17, 18, 19, 20]",full_mesh,15127.919934122127,0.018896625,0,88,15,0,0,0,15,10,15,1.0,1008.5279956081417,51419.59967061062,799,774,0
SELF-Q4-mixed-fixed_hash-363,363,mixed,fixed_hash,square_active,True,all_sources_cleared_with_certificate,square,True,905.0,81,32,"[2, 3, 6, 7, 9, 10, 11, 12, 13, 14, 15, 16, 17, 18, 19, 20]","[2, 3, 6, 7, 9, 10, 11, 12, 13, 14, 15, 16, 17, 18, 19, 20]",count_upper_bound,7954.768260293615,0.013159333000000828,1,37,10,5,6,2,16,6,16,1.0,497.1730162683509,27018.841301468077,413,403,1
SELF-Q4-mixed-fixed_hash-364,364,mixed,fixed_hash,square_active,True,all_sources_cleared_with_certificate,square,True,905.0,81,81,"[1, 3, 4, 6, 9, 15, 16, 17, 19, 20]","[1, 3, 4, 6, 9, 15, 16, 17, 19, 20]",full_mesh,15977.575206240796,0.018329874999999163,0,31,10,0,0,0,10,4,10,1.0,1597.7575206240795,49297.876031204,1018,978,0
SELF-Q4-mixed-fixed_hash-365,365,mixed,fixed_hash,square_active,True,all_sources_cleared_with_certificate,square,True,905.0,81,81,"[1, 3, 5, 7, 9, 10, 11, 13, 17, 18, 20]","[1, 3, 5, 7, 9, 10, 11, 13, 17, 18, 20]",full_mesh,15240.77012820958,0.017147624999999778,0,40,11,0,0,0,11,4,11,1.0,1385.524557109962,49518.8506410479,887,847,0
SELF-Q4-mixed-fixed_hash-366,366,mixed,fixed_hash,square_active,True,all_sources_cleared_with_certificate,square,True,905.0,81,81,"[2, 3, 4, 5, 6, 7, 11, 12, 13, 15, 16, 20]","[2, 3, 4, 5, 6, 7, 11, 12, 13, 15, 16, 20]",full_mesh,15951.605589289667,0.018795915999998414,0,75,12,0,0,0,12,7,12,1.0,1329.300465774139,49728.02794644834,995,971,0
SELF-Q4-mixed-fixed_hash-367,367,mixed,fixed_hash,square_active,True,all_sources_cleared_with_certificate,square,True,905.0,81,81,"[1, 2, 4, 5, 7, 8, 9, 12, 14, 16, 17, 18, 19]","[1, 2, 4, 5, 7, 8, 9, 12, 14, 16, 17, 18, 19]",full_mesh,15451.223250948062,0.017441250000000963,0,39,13,0,0,0,13,4,13,1.0,1188.5556346883125,51316.116254740315,860,823,0
SELF-Q4-mixed-fixed_hash-368,368,mixed,fixed_hash,square_active,True,all_sources_cleared_with_certificate,square,True,905.0,81,81,"[2, 5, 7, 8, 9, 10, 11, 13, 14, 15, 16, 17, 18, 19]","[2, 5, 7, 8, 9, 10, 11, 13, 14, 15, 16, 17, 18, 19]",full_mesh,14809.851323547718,0.017638500000000334,0,74,14,0,0,0,14,6,14,1.0,1057.8465231105513,49454.25661773858,813,784,0
SELF-Q4-mixed-fixed_hash-369,369,mixed,fixed_hash,square_active,True,all_sources_cleared_with_certificate,square,True,905.0,81,81,"[1, 2, 3, 4, 7, 8, 9, 10, 12, 13, 15, 16, 17, 18, 19]","[1, 2, 3, 4, 7, 8, 9, 10, 12, 13, 15, 16, 17, 18, 19]",full_mesh,13689.820352195518,0.014690665999999908,0,70,15,0,0,0,15,6,15,1.0,912.6546901463679,50019.101760977566,610,561,0
SELF-Q4-mixed-fixed_hash-370,370,mixed,fixed_hash,square_active,True,all_sources_cleared_with_certificate,square,True,905.0,81,63,"[1, 3, 4, 5, 6, 8, 9, 10, 11, 12, 13, 14, 15, 16, 17, 19]","[1, 3, 4, 5, 6, 8, 9, 10, 11, 12, 13, 14, 15, 16, 17, 19]",count_upper_bound,13186.867428347414,0.01741141599999807,0,67,16,2,4,0,16,10,16,1.0,824.1792142717134,44819.337141737065,692,677,2
SELF-Q4-mixed-fixed_hash-371,371,mixed,fixed_hash,square_active,True,all_sources_cleared_with_certificate,square,True,905.0,81,81,"[1, 4, 6, 8, 10, 13, 14, 17, 18, 19]","[1, 4, 6, 8, 10, 13, 14, 17, 18, 19]",full_mesh,15564.08080198907,0.016805292000000804,0,17,10,0,0,0,10,4,10,1.0,1556.408080198907,48130.40400994535,989,943,0
SELF-Q4-mixed-fixed_hash-372,372,mixed,fixed_hash,square_active,True,all_sources_cleared_with_certificate,square,True,905.0,81,81,"[3, 4, 7, 8, 9, 10, 12, 16, 18, 19, 20]","[3, 4, 7, 8, 9, 10, 12, 16, 18, 19, 20]",full_mesh,16251.98550753382,0.01947233299999951,0,61,11,0,0,0,11,7,11,1.0,1477.45322795762,50064.927537669086,1036,1004,0
SELF-Q4-mixed-fixed_hash-373,373,mixed,fixed_hash,square_active,True,all_sources_cleared_with_certificate,square,True,905.0,81,81,"[2, 4, 5, 6, 7, 8, 10, 12, 15, 16, 17, 19]","[2, 4, 5, 6, 7, 8, 10, 12, 15, 16, 17, 19]",full_mesh,16367.280960731787,0.017487542000001355,0,40,12,0,0,0,12,8,12,1.0,1363.9400800609822,51861.40480365893,995,960,0
SELF-Q4-mixed-fixed_hash-374,374,mixed,fixed_hash,square_active,True,all_sources_cleared_with_certificate,square,True,905.0,81,81,"[4, 5, 8, 9, 11, 12, 13, 14, 15, 16, 17, 18, 19]","[4, 5, 8, 9, 11, 12, 13, 14, 15, 16, 17, 18, 19]",full_mesh,15054.531052493929,0.016722832999999326,0,52,13,0,0,0,13,7,13,1.0,1158.0408501918407,51657.655262469634,783,743,0
SELF-Q4-mixed-fixed_hash-375,375,mixed,fixed_hash,square_active,True,all_sources_cleared_with_certificate,square,True,905.0,81,81,"[3, 5, 6, 7, 8, 9, 12, 13, 14, 15, 16, 17, 19, 20]","[3, 5, 6, 7, 8, 9, 12, 13, 14, 15, 16, 17, 19, 20]",full_mesh,15297.591386747545,0.01704808300000238,0,91,14,0,0,0,14,11,14,1.0,1092.685099053396,50527.95693373771,857,837,0
SELF-Q4-mixed-fixed_hash-376,376,mixed,fixed_hash,square_active,True,all_sources_cleared_with_certificate,square,True,905.0,81,81,"[1, 3, 4, 6, 7, 8, 9, 10, 12, 13, 15, 16, 17, 18, 20]","[1, 3, 4, 6, 7, 8, 9, 10, 12, 13, 15, 16, 17, 18, 20]",full_mesh,14283.420090823549,0.0160328750000005,0,26,15,0,0,0,15,10,15,1.0,952.2280060549033,50717.10045411774,685,640,0
SELF-Q4-mixed-fixed_hash-377,377,mixed,fixed_hash,square_active,True,all_sources_cleared_with_certificate,square,True,905.0,81,57,"[1, 2, 3, 4, 6, 7, 8, 9, 11, 13, 14, 15, 17, 18, 19, 20]","[1, 2, 3, 4, 6, 7, 8, 9, 11, 13, 14, 15, 17, 18, 19, 20]",count_upper_bound,11470.82791875762,0.015777374999998983,0,56,13,3,5,0,16,6,16,1.0,716.9267449223513,38289.1395937881,625,608,0
SELF-Q4-mixed-fixed_hash-378,378,mixed,fixed_hash,square_active,True,all_sources_cleared_with_certificate,square,True,905.0,81,81,"[1, 5, 7, 8, 10, 12, 13, 15, 17, 20]","[1, 5, 7, 8, 10, 12, 13, 15, 17, 20]",full_mesh,15946.038235498017,0.01710549999999955,0,26,10,0,0,0,10,3,10,1.0,1594.6038235498017,50295.191177490095,980,937,0
SELF-Q4-mixed-fixed_hash-379,379,mixed,fixed_hash,square_active,True,all_sources_cleared_with_certificate,square,True,905.0,81,81,"[1, 6, 7, 8, 10, 11, 13, 14, 16, 17, 18]","[1, 6, 7, 8, 10, 11, 13, 14, 16, 17, 18]",full_mesh,15542.26474790867,0.018795333999999997,0,61,11,0,0,0,11,8,11,1.0,1412.9331589007882,47836.32373954336,991,965,0
SELF-Q4-mixed-fixed_hash-380,380,mixed,fixed_hash,square_active,True,all_sources_cleared_with_certificate,square,True,905.0,81,81,"[4, 5, 8, 9, 10, 11, 12, 13, 14, 15, 18, 20]","[4, 5, 8, 9, 10, 11, 12, 13, 14, 15, 18, 20]",full_mesh,15020.955138674655,0.017239624999998426,0,48,12,0,0,0,12,8,12,1.0,1251.7462615562213,48399.77569337329,887,846,0
SELF-Q4-mixed-fixed_hash-381,381,mixed,fixed_hash,square_active,True,all_sources_cleared_with_certificate,square,True,905.0,81,81,"[1, 4, 5, 7, 9, 10, 11, 13, 14, 15, 16, 19, 20]","[1, 4, 5, 7, 9, 10, 11, 13, 14, 15, 16, 19, 20]",full_mesh,15141.89262265878,0.018343333000000683,0,47,13,0,0,0,13,7,13,1.0,1164.7609709737521,52554.4631132939,767,731,0
SELF-Q4-mixed-fixed_hash-382,382,mixed,fixed_hash,square_active,True,all_sources_cleared_with_certificate,square,True,905.0,81,81,"[1, 2, 3, 5, 6, 8, 9, 10, 11, 12, 13, 15, 16, 19]","[1, 2, 3, 5, 6, 8, 9, 10, 11, 12, 13, 15, 16, 19]",full_mesh,15624.249064568896,0.01967849999999771,0,91,14,0,0,0,14,12,14,1.0,1116.0177903263498,51071.245322844494,895,865,0
SELF-Q4-mixed-fixed_hash-383,383,mixed,fixed_hash,square_active,True,all_sources_cleared_with_certificate,square,True,905.0,81,81,"[2, 4, 5, 6, 8, 11, 12, 13, 14, 15, 16, 17, 18, 19, 20]","[2, 4, 5, 6, 8, 11, 12, 13, 14, 15, 16, 17, 18, 19, 20]",full_mesh,14100.185101076744,0.018028333000000174,0,73,15,0,0,0,15,5,15,1.0,940.0123400717829,50875.92550538372,648,610,0
SELF-Q4-mixed-fixed_hash-384,384,mixed,fixed_hash,square_active,True,all_sources_cleared_with_certificate,square,True,905.0,81,65,"[1, 2, 4, 5, 7, 8, 9, 10, 12, 13, 15, 16, 17, 18, 19, 20]","[1, 2, 4, 5, 7, 8, 9, 10, 12, 13, 15, 16, 17, 18, 19, 20]",count_upper_bound,12462.501443374904,0.0164420000000014,0,69,15,1,2,0,16,8,16,1.0,778.9063402109315,44857.50721687453,572,551,0
SELF-Q4-mixed-fixed_hash-385,385,mixed,fixed_hash,square_active,True,all_sources_cleared_with_certificate,square,True,905.0,81,81,"[1, 3, 4, 7, 10, 13, 14, 16, 17, 19]","[1, 3, 4, 7, 10, 13, 14, 16, 17, 19]",full_mesh,15910.10132970819,0.019691707999999863,0,44,10,0,0,0,10,6,10,1.0,1591.010132970819,48175.50664854093,1045,1000,0
SELF-Q4-mixed-fixed_hash-386,386,mixed,fixed_hash,square_active,True,all_sources_cleared_with_certificate,square,True,905.0,81,81,"[1, 4, 5, 9, 10, 11, 13, 14, 15, 17, 20]","[1, 4, 5, 9, 10, 11, 13, 14, 15, 17, 20]",full_mesh,16185.031098800391,0.017189250000001266,0,28,11,0,0,0,11,10,11,1.0,1471.3664635273083,49160.15549400194,1057,1013,0
SELF-Q4-mixed-fixed_hash-387,387,mixed,fixed_hash,square_active,True,all_sources_cleared_with_certificate,square,True,905.0,81,81,"[2, 4, 5, 6, 7, 9, 10, 15, 17, 18, 19, 20]","[2, 4, 5, 6, 7, 9, 10, 15, 17, 18, 19, 20]",full_mesh,15587.654008672363,0.018871290999999957,0,23,12,0,0,0,12,2,12,1.0,1298.9711673893637,50203.27004336183,921,882,0
SELF-Q4-mixed-fixed_hash-388,388,mixed,fixed_hash,square_active,True,all_sources_cleared_with_certificate,square,True,905.0,81,81,"[2, 3, 4, 6, 7, 8, 11, 12, 13, 14, 17, 19, 20]","[2, 3, 4, 6, 7, 8, 11, 12, 13, 14, 17, 19, 20]",full_mesh,15017.935040939657,0.016699333999998345,0,65,13,0,0,0,13,2,13,1.0,1155.2257723799737,50594.675204698295,813,769,0
SELF-Q4-mixed-fixed_hash-389,389,mixed,fixed_hash,square_active,True,all_sources_cleared_with_certificate,square,True,905.0,81,81,"[1, 3, 4, 7, 8, 9, 12, 13, 14, 16, 17, 18, 19, 20]","[1, 3, 4, 7, 8, 9, 12, 13, 14, 16, 17, 18, 19, 20]",full_mesh,14386.476386299291,0.016356291999997552,0,48,14,0,0,0,14,8,14,1.0,1027.6054561642352,50482.38193149644,709,675,0
SELF-Q4-mixed-fixed_hash-390,390,mixed,fixed_hash,square_active,True,all_sources_cleared_with_certificate,square,True,905.0,81,81,"[1, 3, 4, 5, 6, 9, 11, 13, 14, 15, 16, 17, 18, 19, 20]","[1, 3, 4, 5, 6, 9, 11, 13, 14, 15, 16, 17, 18, 19, 20]",full_mesh,13284.492699472652,0.016626708000000434,0,61,15,0,0,0,15,5,15,1.0,885.6328466315101,50032.46349736324,542,493,0
SELF-Q4-mixed-fixed_hash-391,391,mixed,fixed_hash,square_active,True,all_sources_cleared_with_certificate,square,True,905.0,81,46,"[1, 2, 4, 5, 6, 8, 10, 11, 12, 13, 14, 15, 16, 18, 19, 20]","[1, 2, 4, 5, 6, 8, 10, 11, 12, 13, 14, 15, 16, 18, 19, 20]",count_upper_bound,9613.78420724939,0.015516458000000455,1,47,12,4,4,9,16,2,16,1.0,600.8615129530868,32888.921036246946,490,479,9
SELF-Q4-mixed-fixed_hash-392,392,mixed,fixed_hash,square_active,True,all_sources_cleared_with_certificate,square,True,905.0,81,81,"[2, 4, 6, 7, 9, 15, 16, 18, 19, 20]","[2, 4, 6, 7, 9, 15, 16, 18, 19, 20]",full_mesh,15864.317217779577,0.017910332999999667,0,46,10,0,0,0,10,5,10,1.0,1586.4317217779576,48216.58608889788,1036,991,0
SELF-Q4-mixed-fixed_hash-393,393,mixed,fixed_hash,square_active,True,all_sources_cleared_with_certificate,square,True,905.0,81,81,"[1, 3, 4, 6, 8, 10, 11, 12, 14, 17, 19]","[1, 3, 4, 6, 8, 10, 11, 12, 14, 17, 19]",full_mesh,15275.75640301902,0.01667683399999831,0,15,11,0,0,0,11,2,11,1.0,1388.7051275471838,49953.782015095094,880,830,0
SELF-Q4-mixed-fixed_hash-394,394,mixed,fixed_hash,square_active,True,all_sources_cleared_with_certificate,square,True,905.0,81,81,"[2, 3, 4, 6, 7, 8, 12, 14, 16, 17, 18, 20]","[2, 3, 4, 6, 7, 8, 12, 14, 16, 17, 18, 20]",full_mesh,15572.994772666132,0.016757957999999462,0,46,12,0,0,0,12,8,12,1.0,1297.7495643888444,50719.97386333066,901,864,0
SELF-Q4-mixed-fixed_hash-395,395,mixed,fixed_hash,square_active,True,all_sources_cleared_with_certificate,square,True,905.0,81,81,"[1, 2, 3, 4, 5, 6, 7, 11, 12, 13, 14, 15, 17]","[1, 2, 3, 4, 5, 6, 7, 11, 12, 13, 14, 15, 17]",full_mesh,15722.280280176103,0.019310999999998302,0,36,13,0,0,0,13,9,13,1.0,1209.4061753981618,51136.40140088052,910,880,0
SELF-Q4-mixed-fixed_hash-396,396,mixed,fixed_hash,square_active,True,all_sources_cleared_with_certificate,square,True,905.0,81,81,"[2, 4, 5, 6, 7, 9, 10, 12, 14, 15, 17, 18, 19, 20]","[2, 4, 5, 6, 7, 9, 10, 12, 14, 15, 17, 18, 19, 20]",full_mesh,14816.696546235253,0.017587375000001515,0,92,14,0,0,0,14,6,14,1.0,1058.3354675882324,49753.48273117624,805,771,0
SELF-Q4-mixed-fixed_hash-397,397,mixed,fixed_hash,square_active,True,all_sources_cleared_with_certificate,square,True,905.0,81,81,"[1, 2, 3, 4, 5, 7, 9, 10, 12, 13, 15, 17, 18, 19, 20]","[1, 2, 3, 4, 5, 7, 9, 10, 12, 13, 15, 17, 18, 19, 20]",full_mesh,14020.967936085592,0.016271792000001284,0,60,15,0,0,0,15,14,15,1.0,934.7311957390394,49349.83968042795,686,646,0
SELF-Q4-mixed-fixed_hash-398,398,mixed,fixed_hash,square_active,True,all_sources_cleared_with_certificate,square,True,905.0,81,37,"[1, 2, 3, 4, 6, 8, 10, 11, 12, 13, 14, 15, 16, 17, 18, 20]","[1, 2, 3, 4, 6, 8, 10, 11, 12, 13, 14, 15, 16, 17, 18, 20]",count_upper_bound,8829.764765759342,0.011477916999997007,0,47,14,3,5,0,16,7,16,1.0,551.8602978599589,30938.8238287967,428,419,1
SELF-Q4-mixed-fixed_hash-399,399,mixed,fixed_hash,square_active,True,all_sources_cleared_with_certificate,square,True,905.0,81,81,"[1, 2, 3, 4, 6, 8, 9, 11, 18, 20]","[1, 2, 3, 4, 6, 8, 9, 11, 18, 20]",full_mesh,15230.828886282154,0.016338624999999496,0,40,10,0,0,0,10,1,10,1.0,1523.0828886282154,48314.144431410765,928,878,0
SELF-Q4-mixed-fixed_hash-400,400,mixed,fixed_hash,square_active,True,all_sources_cleared_with_certificate,square,True,905.0,81,81,"[3, 7, 8, 9, 10, 12, 13, 15, 16, 18, 19]","[3, 7, 8, 9, 10, 12, 13, 15, 16, 18, 19]",full_mesh,16882.235141002417,0.019358457999999246,0,28,11,0,0,0,11,5,11,1.0,1534.748649182038,52286.17570501209,1067,1035,0
SELF-Q4-mixed-fixed_hash-401,401,mixed,fixed_hash,square_active,True,all_sources_cleared_with_certificate,square,True,905.0,81,81,"[3, 4, 5, 6, 8, 9, 11, 13, 14, 15, 16, 20]","[3, 4, 5, 6, 8, 9, 11, 13, 14, 15, 16, 20]",full_mesh,15314.40882373781,0.018246832999999185,0,40,12,0,0,0,12,2,12,1.0,1276.200735311484,48922.04411868904,917,885,0
SELF-Q4-mixed-fixed_hash-402,402,mixed,fixed_hash,square_active,True,all_sources_cleared_with_certificate,square,True,905.0,81,81,"[1, 3, 4, 7, 8, 9, 10, 13, 14, 16, 17, 18, 20]","[1, 3, 4, 7, 8, 9, 10, 13, 14, 16, 17, 18, 20]",full_mesh,15951.929354454225,0.01781679100000133,0,44,13,0,0,0,13,10,13,1.0,1227.0714888041712,52604.64677227112,900,866,0
SELF-Q4-mixed-fixed_hash-403,403,mixed,fixed_hash,square_active,True,all_sources_cleared_with_certificate,square,True,905.0,81,81,"[2, 3, 6, 7, 8, 9, 10, 11, 12, 13, 14, 16, 17, 20]","[2, 3, 6, 7, 8, 9, 10, 11, 12, 13, 14, 16, 17, 20]",full_mesh,15128.889416605713,0.018099374999998474,0,67,14,0,0,0,14,12,14,1.0,1080.6349583289796,51549.447083028586,797,764,0
SELF-Q4-mixed-fixed_hash-404,404,mixed,fixed_hash,square_active,True,all_sources_cleared_with_certificate,square,True,905.0,81,81,"[1, 2, 3, 6, 7, 10, 11, 12, 13, 14, 16, 17, 18, 19, 20]","[1, 2, 3, 6, 7, 10, 11, 12, 13, 14, 16, 17, 18, 19, 20]",full_mesh,15254.793800111373,0.017337166999997322,0,83,15,0,0,0,15,14,15,1.0,1016.9862533407581,53038.96900055688,768,732,0
SELF-Q4-mixed-fixed_hash-405,405,mixed,fixed_hash,square_active,True,all_sources_cleared_with_certificate,square,True,905.0,81,47,"[1, 2, 4, 5, 6, 7, 9, 10, 11, 13, 14, 15, 16, 17, 18, 19]","[1, 2, 4, 5, 6, 7, 9, 10, 11, 13, 14, 15, 16, 17, 18, 19]",count_upper_bound,9795.407735966723,0.013549624999999565,0,67,15,2,4,0,16,9,16,1.0,612.2129834979202,33892.03867983361,492,474,1
SELF-Q4-mixed-fixed_hash-406,406,mixed,fixed_hash,square_active,True,all_sources_cleared_with_certificate,square,True,905.0,81,81,"[1, 2, 3, 4, 5, 10, 13, 14, 15, 20]","[1, 2, 3, 4, 5, 10, 13, 14, 15, 20]",full_mesh,16321.220622593662,0.017942500000000194,0,37,10,0,0,0,10,2,10,1.0,1632.1220622593662,50891.103112968325,1022,983,0
SELF-Q4-mixed-fixed_hash-407,407,mixed,fixed_hash,square_active,True,all_sources_cleared_with_certificate,square,True,905.0,81,81,"[4, 8, 9, 10, 11, 12, 13, 14, 16, 18, 19]","[4, 8, 9, 10, 11, 12, 13, 14, 16, 18, 19]",full_mesh,16277.733177902222,0.019528540999999677,0,40,11,0,0,0,11,7,11,1.0,1479.7939252638384,48673.66588951112,1088,1048,0
SELF-Q4-mixed-fixed_hash-408,408,mixed,fixed_hash,square_active,True,all_sources_cleared_with_certificate,square,True,905.0,81,81,"[2, 4, 5, 7, 8, 9, 11, 14, 15, 17, 18, 19]","[2, 4, 5, 7, 8, 9, 11, 14, 15, 17, 18, 19]",full_mesh,15820.091054142586,0.017232333000002598,0,45,12,0,0,0,12,9,12,1.0,1318.3409211785488,51770.45527071292,909,861,0
SELF-Q4-mixed-fixed_hash-409,409,mixed,fixed_hash,square_active,True,all_sources_cleared_with_certificate,square,True,905.0,81,81,"[2, 4, 5, 7, 9, 11, 12, 13, 14, 16, 17, 18, 19]","[2, 4, 5, 7, 9, 11, 12, 13, 14, 16, 17, 18, 19]",full_mesh,15479.897408514747,0.019558458000002332,0,43,13,0,0,0,13,4,13,1.0,1190.7613391165191,51474.48704257373,860,820,0
SELF-Q4-mixed-fixed_hash-410,410,mixed,fixed_hash,square_active,True,all_sources_cleared_with_certificate,square,True,905.0,81,81,"[1, 3, 4, 5, 8, 9, 10, 11, 12, 14, 16, 17, 19, 20]","[1, 3, 4, 5, 8, 9, 10, 11, 12, 14, 16, 17, 19, 20]",full_mesh,14537.276956263398,0.01648179200000044,0,59,14,0,0,0,14,1,14,1.0,1038.3769254473857,52241.38478131701,678,629,0
SELF-Q4-mixed-fixed_hash-411,411,mixed,fixed_hash,square_active,True,all_sources_cleared_with_certificate,square,True,905.0,81,81,"[1, 2, 4, 6, 7, 8, 9, 10, 11, 14, 15, 16, 17, 19, 20]","[1, 2, 4, 6, 7, 8, 9, 10, 11, 14, 15, 16, 17, 19, 20]",full_mesh,13768.362143352377,0.015218792000002423,0,34,15,0,0,0,15,2,15,1.0,917.8908095568252,50266.81071676187,614,570,0
SELF-Q4-mixed-fixed_hash-412,412,mixed,fixed_hash,square_active,True,all_sources_cleared_with_certificate,square,True,905.0,81,57,"[1, 2, 4, 5, 6, 7, 8, 10, 11, 13, 14, 15, 16, 18, 19, 20]","[1, 2, 4, 5, 6, 7, 8, 10, 11, 13, 14, 15, 16, 18, 19, 20]",count_upper_bound,11191.825910743348,0.015249250000000103,0,44,16,0,4,0,16,6,16,1.0,699.4891194214592,38929.12955371673,557,541,0
SELF-Q4-mixed-fixed_hash-413,413,mixed,fixed_hash,square_active,True,all_sources_cleared_with_certificate,square,True,905.0,81,81,"[3, 5, 6, 8, 9, 10, 11, 15, 18, 19]","[3, 5, 6, 8, 9, 10, 11, 15, 18, 19]",full_mesh,15866.420439595599,0.01904775000000214,0,41,10,0,0,0,10,5,10,1.0,1586.64204395956,48437.102197978,1028,989,0
SELF-Q4-mixed-fixed_hash-414,414,mixed,fixed_hash,square_active,True,all_sources_cleared_with_certificate,square,True,905.0,81,81,"[2, 3, 5, 6, 8, 9, 10, 12, 13, 14, 17]","[2, 3, 5, 6, 8, 9, 10, 12, 13, 14, 17]",full_mesh,15485.089683396896,0.01810379199999801,0,61,11,0,0,0,11,7,11,1.0,1407.7354257633542,49010.44841698447,944,908,0
SELF-Q4-mixed-fixed_hash-415,415,mixed,fixed_hash,square_active,True,all_sources_cleared_with_certificate,square,True,905.0,81,81,"[1, 2, 3, 7, 8, 9, 11, 13, 14, 15, 17, 18]","[1, 2, 3, 7, 8, 9, 11, 13, 14, 15, 17, 18]",full_mesh,15881.389403258792,0.017304457999998135,0,43,12,0,0,0,12,8,12,1.0,1323.4491169382327,51646.947016293954,922,882,0
SELF-Q4-mixed-fixed_hash-416,416,mixed,fixed_hash,square_active,True,all_sources_cleared_with_certificate,square,True,905.0,81,81,"[1, 6, 8, 9, 10, 11, 12, 15, 16, 17, 18, 19, 20]","[1, 6, 8, 9, 10, 11, 12, 15, 16, 17, 18, 19, 20]",full_mesh,15185.931835516027,0.017855582999999342,0,68,13,0,0,0,13,11,13,1.0,1168.148602732002,51369.65917758014,815,772,0
SELF-Q4-mixed-fixed_hash-417,417,mixed,fixed_hash,square_active,True,all_sources_cleared_with_certificate,square,True,905.0,81,81,"[1, 2, 3, 6, 7, 8, 9, 10, 11, 12, 13, 14, 15, 20]","[1, 2, 3, 6, 7, 8, 9, 10, 11, 12, 13, 14, 15, 20]",full_mesh,15422.817926754858,0.017750457999998304,0,46,14,0,0,0,14,1,14,1.0,1101.6298519110612,53269.0896337743,790,749,0
SELF-Q4-mixed-fixed_hash-418,418,mixed,fixed_hash,square_active,True,all_sources_cleared_with_certificate,square,True,905.0,81,81,"[1, 3, 4, 5, 7, 8, 9, 10, 11, 12, 13, 15, 16, 18, 20]","[1, 3, 4, 5, 7, 8, 9, 10, 11, 12, 13, 15, 16, 18, 20]",full_mesh,15137.924963599273,0.020090333999998933,0,35,15,0,0,0,15,10,15,1.0,1009.1949975732848,50944.62481799637,819,779,0
SELF-Q4-mixed-fixed_hash-419,419,mixed,fixed_hash,square_active,True,all_sources_cleared_with_certificate,square,True,905.0,81,31,"[1, 2, 3, 4, 5, 9, 10, 11, 12, 13, 14, 15, 16, 17, 19, 20]","[1, 2, 3, 4, 5, 9, 10, 11, 12, 13, 14, 15, 16, 17, 19, 20]",count_upper_bound,7778.5089222177085,0.013395792000000739,0,67,11,6,6,0,16,15,16,1.0,486.1568076386068,25657.544611088557,428,424,1
SELF-Q4-mixed-fixed_hash-420,420,mixed,fixed_hash,square_active,True,all_sources_cleared_with_certificate,square,True,905.0,81,81,"[1, 2, 4, 9, 11, 12, 13, 14, 15, 17]","[1, 2, 4, 9, 11, 12, 13, 14, 15, 17]",full_mesh,15535.571976287914,0.01674762500000071,0,28,10,0,0,0,10,1,10,1.0,1553.5571976287915,49652.85988143958,935,880,0
SELF-Q4-mixed-fixed_hash-421,421,mixed,fixed_hash,square_active,True,all_sources_cleared_with_certificate,square,True,905.0,81,81,"[4, 6, 7, 8, 9, 10, 16, 17, 18, 19, 20]","[4, 6, 7, 8, 9, 10, 16, 17, 18, 19, 20]",full_mesh,15897.90613390271,0.018233708000000348,0,61,11,0,0,0,11,7,11,1.0,1445.2641939911555,48364.53066951355,1034,1000,0
SELF-Q4-mixed-fixed_hash-422,422,mixed,fixed_hash,square_active,True,all_sources_cleared_with_certificate,square,True,905.0,81,81,"[1, 3, 4, 5, 8, 10, 11, 13, 16, 18, 19, 20]","[1, 3, 4, 5, 8, 10, 11, 13, 16, 18, 19, 20]",full_mesh,14907.706719092643,0.01618191600000074,0,19,12,0,0,0,12,1,12,1.0,1242.3088932577202,49308.53359546321,839,791,0
SELF-Q4-mixed-fixed_hash-423,423,mixed,fixed_hash,square_active,True,all_sources_cleared_with_certificate,square,True,905.0,81,81,"[2, 4, 5, 6, 8, 9, 10, 11, 14, 15, 17, 18, 19]","[2, 4, 5, 6, 8, 9, 10, 11, 14, 15, 17, 18, 19]",full_mesh,15513.292872633021,0.01894537499999771,0,100,13,0,0,0,13,10,13,1.0,1193.3302209717708,49736.46436316513,920,901,0
SELF-Q4-mixed-fixed_hash-424,424,mixed,fixed_hash,square_active,True,all_sources_cleared_with_certificate,square,True,905.0,81,81,"[1, 2, 3, 4, 5, 7, 9, 13, 14, 15, 16, 17, 18, 19]","[1, 2, 3, 4, 5, 7, 9, 13, 14, 15, 16, 17, 18, 19]",full_mesh,15047.18602399678,0.018233166000001688,0,28,14,0,0,0,14,4,14,1.0,1074.7990017140557,51470.93011998389,787,748,0
SELF-Q4-mixed-fixed_hash-425,425,mixed,fixed_hash,square_active,True,all_sources_cleared_with_certificate,square,True,905.0,81,81,"[2, 3, 4, 5, 6, 9, 10, 11, 12, 13, 14, 15, 17, 18, 20]","[2, 3, 4, 5, 6, 9, 10, 11, 12, 13, 14, 15, 17, 18, 20]",full_mesh,14622.16138733349,0.01883612499999998,0,85,15,0,0,0,15,9,15,1.0,974.810759155566,50745.806936667446,738,708,0
SELF-Q4-mixed-fixed_hash-426,426,mixed,fixed_hash,square_active,True,all_sources_cleared_with_certificate,square,True,905.0,81,40,"[1, 2, 3, 4, 5, 6, 7, 8, 9, 10, 11, 12, 13, 15, 19, 20]","[1, 2, 3, 4, 5, 6, 7, 8, 9, 10, 11, 12, 13, 15, 19, 20]",count_upper_bound,9796.338622496358,0.013163833999996655,1,41,13,2,11,7,16,12,16,1.0,612.2711639060224,34041.693112481786,484,470,6
SELF-Q4-mixed-fixed_hash-427,427,mixed,fixed_hash,square_active,True,all_sources_cleared_with_certificate,square,True,905.0,81,81,"[1, 2, 5, 6, 11, 12, 16, 17, 18, 20]","[1, 2, 5, 6, 11, 12, 16, 17, 18, 20]",full_mesh,16645.701558871126,0.018855209000001594,0,38,10,0,0,0,10,9,10,1.0,1664.5701558871126,49758.507794355646,1113,1079,0
SELF-Q4-mixed-fixed_hash-428,428,mixed,fixed_hash,square_active,True,all_sources_cleared_with_certificate,square,True,905.0,81,81,"[2, 4, 5, 9, 10, 13, 15, 17, 18, 19, 20]","[2, 4, 5, 9, 10, 13, 15, 17, 18, 19, 20]",full_mesh,15692.85864707339,0.018571582999999947,0,52,11,0,0,0,11,5,11,1.0,1426.6235133703083,51139.29323536695,908,870,0
SELF-Q4-mixed-fixed_hash-429,429,mixed,fixed_hash,square_active,True,all_sources_cleared_with_certificate,square,True,905.0,81,81,"[1, 3, 4, 7, 8, 10, 11, 13, 16, 18, 19, 20]","[1, 3, 4, 7, 8, 10, 11, 13, 16, 18, 19, 20]",full_mesh,14570.57499397717,0.016230666000002003,0,31,12,0,0,0,12,2,12,1.0,1214.2145828314308,49772.87496988586,768,716,0
SELF-Q4-mixed-fixed_hash-430,430,mixed,fixed_hash,square_active,True,all_sources_cleared_with_certificate,square,True,905.0,81,81,"[1, 2, 4, 5, 6, 7, 8, 9, 11, 13, 16, 17, 19]","[1, 2, 4, 5, 6, 7, 8, 9, 11, 13, 16, 17, 19]",full_mesh,14357.391028401225,0.017329875000001493,0,38,13,0,0,0,13,7,13,1.0,1104.4146944924018,48661.95514200612,767,725,0
SELF-Q4-mixed-fixed_hash-431,431,mixed,fixed_hash,square_active,True,all_sources_cleared_with_certificate,square,True,905.0,81,81,"[1, 2, 3, 4, 7, 9, 10, 11, 12, 13, 14, 15, 16, 19]","[1, 2, 3, 4, 7, 9, 10, 11, 12, 13, 14, 15, 16, 19]",full_mesh,15037.947849031885,0.018608042000000324,0,34,14,0,0,0,14,2,14,1.0,1074.1391320737062,52099.73924515943,763,733,0
SELF-Q4-mixed-fixed_hash-432,432,mixed,fixed_hash,square_active,True,all_sources_cleared_with_certificate,square,True,905.0,81,81,"[1, 2, 3, 4, 7, 8, 9, 11, 12, 13, 14, 16, 18, 19, 20]","[1, 2, 3, 4, 7, 8, 9, 11, 12, 13, 14, 16, 18, 19, 20]",full_mesh,14816.362153804619,0.015118624999999497,0,48,15,0,0,0,15,6,15,1.0,987.7574769203079,53206.81076902307,691,645,0
SELF-Q4-mixed-fixed_hash-433,433,mixed,fixed_hash,square_active,True,all_sources_cleared_with_certificate,square,True,905.0,81,33,"[2, 3, 4, 5, 6, 7, 8, 9, 10, 11, 12, 14, 15, 16, 17, 19]","[2, 3, 4, 5, 6, 7, 8, 9, 10, 11, 12, 14, 15, 16, 17, 19]",count_upper_bound,7940.762229787566,0.012849875000000566,0,75,16,4,6,0,16,6,16,1.0,496.2976393617229,27298.811148937828,399,394,4
SELF-Q4-mixed-fixed_hash-434,434,mixed,fixed_hash,square_active,True,all_sources_cleared_with_certificate,square,True,905.0,81,81,"[1, 3, 5, 7, 9, 12, 13, 14, 17, 19]","[1, 3, 5, 7, 9, 12, 13, 14, 17, 19]",full_mesh,16051.942315205903,0.01932191699999919,0,68,10,0,0,0,10,8,10,1.0,1605.1942315205902,47764.711576029506,1080,1049,0
SELF-Q4-mixed-fixed_hash-435,435,mixed,fixed_hash,square_active,True,all_sources_cleared_with_certificate,square,True,905.0,81,81,"[2, 6, 7, 8, 10, 12, 13, 15, 16, 17, 19]","[2, 6, 7, 8, 10, 12, 13, 15, 16, 17, 19]",full_mesh,16502.14244842162,0.0204750419999975,0,74,11,0,0,0,11,9,11,1.0,1500.194768038329,50780.71224210807,1053,1026,0
SELF-Q4-mixed-fixed_hash-436,436,mixed,fixed_hash,square_active,True,all_sources_cleared_with_certificate,square,True,905.0,81,81,"[2, 4, 6, 8, 9, 11, 13, 14, 15, 16, 19, 20]","[2, 4, 6, 8, 9, 11, 13, 14, 15, 16, 19, 20]",full_mesh,15444.007875904013,0.0190045000000012,0,62,12,0,0,0,12,10,12,1.0,1287.0006563253344,50365.03937952006,891,856,0
SELF-Q4-mixed-fixed_hash-437,437,mixed,fixed_hash,square_active,True,all_sources_cleared_with_certificate,square,True,905.0,81,81,"[1, 4, 5, 6, 8, 10, 11, 12, 13, 16, 17, 19, 20]","[1, 4, 5, 6, 8, 10, 11, 12, 13, 16, 17, 19, 20]",full_mesh,15275.752459612739,0.01831037500000221,0,54,13,0,0,0,13,6,13,1.0,1175.0578815086722,50383.76229806371,862,824,0
SELF-Q4-mixed-fixed_hash-438,438,mixed,fixed_hash,square_active,True,all_sources_cleared_with_certificate,square,True,905.0,81,81,"[1, 2, 3, 7, 9, 10, 12, 13, 15, 16, 17, 18, 19, 20]","[1, 2, 3, 7, 9, 10, 12, 13, 15, 16, 17, 18, 19, 20]",full_mesh,15423.688033332155,0.01904991700000025,0,36,14,0,0,0,14,3,14,1.0,1101.6920023808682,51453.44016666079,850,813,0
SELF-Q4-mixed-fixed_hash-439,439,mixed,fixed_hash,square_active,True,all_sources_cleared_with_certificate,square,True,905.0,81,81,"[2, 4, 5, 7, 8, 9, 10, 11, 12, 13, 14, 16, 17, 18, 20]","[2, 4, 5, 7, 8, 9, 10, 11, 12, 13, 14, 16, 17, 18, 20]",full_mesh,15010.009162086128,0.018021457999999768,0,45,15,0,0,0,15,12,15,1.0,1000.6672774724085,50120.04581043063,825,786,0
SELF-Q4-mixed-fixed_hash-440,440,mixed,fixed_hash,square_active,True,all_sources_cleared_with_certificate,square,True,905.0,81,62,"[1, 2, 3, 4, 6, 7, 8, 9, 10, 12, 14, 15, 16, 17, 18, 20]","[1, 2, 3, 4, 6, 7, 8, 9, 10, 12, 14, 15, 16, 17, 18, 20]",count_upper_bound,12968.673968206756,0.018374459000000343,0,88,14,3,3,0,16,10,16,1.0,810.5421230129223,42558.3698410338,732,714,1
SELF-Q4-mixed-fixed_hash-441,441,mixed,fixed_hash,square_active,True,all_sources_cleared_with_certificate,square,True,905.0,81,81,"[1, 5, 6, 7, 8, 10, 12, 13, 16, 18]","[1, 5, 6, 7, 8, 10, 12, 13, 16, 18]",full_mesh,16198.203673277449,0.01762083300000228,0,46,10,0,0,0,10,7,10,1.0,1619.8203673277449,49971.01836638726,1032,994,0
SELF-Q4-mixed-fixed_hash-442,442,mixed,fixed_hash,square_active,True,all_sources_cleared_with_certificate,square,True,905.0,81,81,"[3, 4, 6, 7, 8, 10, 12, 14, 15, 17, 19]","[3, 4, 6, 7, 8, 10, 12, 14, 15, 17, 19]",full_mesh,16563.218427856882,0.019576124999996836,0,39,11,0,0,0,11,7,11,1.0,1505.7471298051712,48871.09213928442,1129,1089,0
SELF-Q4-mixed-fixed_hash-443,443,mixed,fixed_hash,square_active,True,all_sources_cleared_with_certificate,square,True,905.0,81,81,"[1, 2, 4, 5, 6, 9, 10, 11, 16, 18, 19, 20]","[1, 2, 4, 5, 6, 9, 10, 11, 16, 18, 19, 20]",full_mesh,15836.999633804611,0.01781191699999951,0,20,12,0,0,0,12,9,12,1.0,1319.7499694837177,51939.99816902304,905,864,0
SELF-Q4-mixed-fixed_hash-444,444,mixed,fixed_hash,square_active,True,all_sources_cleared_with_certificate,square,True,905.0,81,81,"[1, 5, 8, 9, 10, 11, 12, 13, 14, 15, 16, 19, 20]","[1, 5, 8, 9, 10, 11, 12, 13, 14, 15, 16, 19, 20]",full_mesh,15544.336322562825,0.018381874999999326,0,50,13,0,0,0,13,8,13,1.0,1195.7181786586789,50581.681612814136,900,863,0
SELF-Q4-mixed-fixed_hash-445,445,mixed,fixed_hash,square_active,True,all_sources_cleared_with_certificate,square,True,905.0,81,81,"[3, 5, 7, 8, 9, 10, 11, 13, 14, 16, 17, 18, 19, 20]","[3, 5, 7, 8, 9, 10, 11, 13, 14, 16, 17, 18, 19, 20]",full_mesh,14989.957399358009,0.019400000000000972,0,68,14,0,0,0,14,5,14,1.0,1070.7112428112864,51014.78699679004,792,757,0
SELF-Q4-mixed-fixed_hash-446,446,mixed,fixed_hash,square_active,True,all_sources_cleared_with_certificate,square,True,905.0,81,81,"[1, 2, 4, 5, 6, 7, 10, 12, 13, 14, 15, 16, 18, 19, 20]","[1, 2, 4, 5, 6, 7, 10, 12, 13, 14, 15, 16, 18, 19, 20]",full_mesh,14785.716131314573,0.016452292000000313,0,83,15,0,0,0,15,14,15,1.0,985.7144087543049,51313.580656572856,745,723,0
SELF-Q4-mixed-fixed_hash-447,447,mixed,fixed_hash,square_active,True,all_sources_cleared_with_certificate,square,True,905.0,81,67,"[1, 2, 3, 4, 5, 7, 9, 10, 11, 12, 13, 14, 16, 17, 19, 20]","[1, 2, 3, 4, 5, 7, 9, 10, 11, 12, 13, 14, 16, 17, 19, 20]",count_upper_bound,13415.495757152627,0.01842012500000223,0,89,15,1,2,0,16,15,16,1.0,838.4684848220392,44062.4787857631,757,738,0
SELF-Q4-mixed-fixed_hash-448,448,mixed,fixed_hash,square_active,True,all_sources_cleared_with_certificate,square,True,905.0,81,81,"[1, 4, 6, 8, 9, 10, 13, 16, 17, 20]","[1, 4, 6, 8, 9, 10, 13, 16, 17, 20]",full_mesh,16440.700708073615,0.019539707999999933,0,24,10,0,0,0,10,7,10,1.0,1644.0700708073614,49848.503540368074,1077,1036,0
SELF-Q4-mixed-fixed_hash-449,449,mixed,fixed_hash,square_active,True,all_sources_cleared_with_certificate,square,True,905.0,81,81,"[2, 4, 7, 8, 10, 11, 13, 14, 16, 19, 20]","[2, 4, 7, 8, 10, 11, 13, 14, 16, 19, 20]",full_mesh,15837.344830766831,0.016588500000001005,0,26,11,0,0,0,11,6,11,1.0,1439.7586209788028,50726.724153834155,947,902,0
SELF-Q4-mixed-fixed_hash-450,450,mixed,fixed_hash,square_active,True,all_sources_cleared_with_certificate,square,True,905.0,81,81,"[1, 2, 4, 5, 8, 10, 12, 13, 16, 17, 19, 20]","[1, 2, 4, 5, 8, 10, 12, 13, 16, 17, 19, 20]",full_mesh,15933.890426308508,0.017599750000002246,0,54,12,0,0,0,12,10,12,1.0,1327.8242021923757,52879.452131542545,890,848,0
SELF-Q4-mixed-fixed_hash-451,451,mixed,fixed_hash,square_active,True,all_sources_cleared_with_certificate,square,True,905.0,81,81,"[1, 2, 3, 5, 6, 11, 12, 13, 14, 16, 18, 19, 20]","[1, 2, 3, 5, 6, 11, 12, 13, 14, 16, 18, 19, 20]",full_mesh,15390.218375208233,0.018986124999997855,0,59,13,0,0,0,13,8,13,1.0,1183.8629519390947,49926.09187604115,896,860,0
SELF-Q4-mixed-fixed_hash-452,452,mixed,fixed_hash,square_active,True,all_sources_cleared_with_certificate,square,True,905.0,81,81,"[1, 2, 3, 4, 5, 8, 9, 10, 11, 12, 15, 17, 19, 20]","[1, 2, 3, 4, 5, 8, 9, 10, 11, 12, 15, 17, 19, 20]",full_mesh,15319.889959409793,0.019110333000000423,0,33,14,0,0,0,14,8,14,1.0,1094.2778542435567,50504.44979704896,864,829,0
SELF-Q4-mixed-fixed_hash-453,453,mixed,fixed_hash,square_active,True,all_sources_cleared_with_certificate,square,True,905.0,81,81,"[1, 3, 4, 6, 7, 8, 9, 12, 13, 14, 16, 17, 18, 19, 20]","[1, 3, 4, 6, 7, 8, 9, 12, 13, 14, 16, 17, 18, 19, 20]",full_mesh,14092.769010787604,0.018132749999999476,0,78,15,0,0,0,15,14,15,1.0,939.5179340525069,51053.845053938036,640,607,0
SELF-Q4-mixed-fixed_hash-454,454,mixed,fixed_hash,square_active,True,all_sources_cleared_with_certificate,square,True,905.0,81,64,"[1, 3, 4, 5, 6, 7, 8, 9, 10, 11, 12, 14, 16, 17, 18, 19]","[1, 3, 4, 5, 6, 7, 8, 9, 10, 11, 12, 14, 16, 17, 18, 19]",count_upper_bound,12292.568849285162,0.015477916999998342,0,37,15,2,5,0,16,13,16,1.0,768.2855530803226,42367.84424642584,628,596,1
SELF-Q4-mixed-fixed_hash-455,455,mixed,fixed_hash,square_active,True,all_sources_cleared_with_certificate,square,True,905.0,81,81,"[1, 2, 3, 6, 8, 11, 13, 15, 16, 18]","[1, 2, 3, 6, 8, 11, 13, 15, 16, 18]",full_mesh,15076.623374690509,0.01805804199999983,0,46,10,0,0,0,10,7,10,1.0,1507.662337469051,47983.11687345255,913,865,0
SELF-Q4-mixed-fixed_hash-456,456,mixed,fixed_hash,square_active,True,all_sources_cleared_with_certificate,square,True,905.0,81,81,"[2, 6, 9, 10, 12, 13, 14, 15, 16, 17, 20]","[2, 6, 9, 10, 12, 13, 14, 15, 16, 17, 20]",full_mesh,16017.423361568312,0.020981540999997605,0,36,11,0,0,0,11,8,11,1.0,1456.1293965062102,50092.116807841565,997,959,0
SELF-Q4-mixed-fixed_hash-457,457,mixed,fixed_hash,square_active,True,all_sources_cleared_with_certificate,square,True,905.0,81,81,"[1, 3, 6, 9, 10, 11, 12, 13, 15, 18, 19, 20]","[1, 3, 6, 9, 10, 11, 12, 13, 15, 18, 19, 20]",full_mesh,14670.30734812734,0.0179224999999974,0,18,12,0,0,0,12,4,12,1.0,1222.525612343945,48276.53674063671,834,785,0
SELF-Q4-mixed-fixed_hash-458,458,mixed,fixed_hash,square_active,True,all_sources_cleared_with_certificate,square,True,905.0,81,81,"[1, 3, 5, 6, 8, 9, 11, 13, 14, 15, 17, 19, 20]","[1, 3, 5, 6, 8, 9, 11, 13, 14, 15, 17, 19, 20]",full_mesh,14759.444756822668,0.01848883299999926,0,61,13,0,0,0,13,8,13,1.0,1135.3419043709744,49927.22378411334,790,759,0
SELF-Q4-mixed-fixed_hash-459,459,mixed,fixed_hash,square_active,True,all_sources_cleared_with_certificate,square,True,905.0,81,81,"[1, 2, 4, 5, 6, 7, 8, 13, 14, 15, 17, 18, 19, 20]","[1, 2, 4, 5, 6, 7, 8, 13, 14, 15, 17, 18, 19, 20]",full_mesh,14906.40726994624,0.0159716670000023,0,24,14,0,0,0,14,4,14,1.0,1064.7433764247314,51302.03634973119,771,721,0
SELF-Q4-mixed-fixed_hash-460,460,mixed,fixed_hash,square_active,True,all_sources_cleared_with_certificate,square,True,905.0,81,81,"[1, 6, 7, 8, 9, 10, 11, 12, 13, 14, 16, 17, 18, 19, 20]","[1, 6, 7, 8, 9, 10, 11, 12, 13, 14, 16, 17, 18, 19, 20]",full_mesh,13778.055970812866,0.016314416000000165,0,56,15,0,0,0,15,1,15,1.0,918.5370647208578,50550.27985406433,606,563,0
SELF-Q4-mixed-fixed_hash-461,461,mixed,fixed_hash,square_active,True,all_sources_cleared_with_certificate,square,True,905.0,81,33,"[2, 3, 4, 5, 6, 7, 8, 9, 10, 11, 12, 14, 15, 17, 18, 19]","[2, 3, 4, 5, 6, 7, 8, 9, 10, 11, 12, 14, 15, 17, 18, 19]",count_upper_bound,8479.744594367667,0.012497749999997865,0,13,13,7,9,0,16,2,16,1.0,529.9840371479792,28568.72297183834,448,434,4
SELF-Q4-mixed-fixed_hash-462,462,mixed,fixed_hash,square_active,True,all_sources_cleared_with_certificate,square,True,905.0,81,81,"[1, 2, 3, 5, 6, 10, 11, 13, 16, 19]","[1, 2, 3, 5, 6, 10, 11, 13, 16, 19]",full_mesh,15684.495815767357,0.01718904200000182,0,43,10,0,0,0,10,5,10,1.0,1568.4495815767357,48787.47907883679,987,942,0
SELF-Q4-mixed-fixed_hash-463,463,mixed,fixed_hash,square_active,True,all_sources_cleared_with_certificate,square,True,905.0,81,81,"[2, 3, 7, 8, 9, 10, 14, 16, 17, 18, 20]","[2, 3, 7, 8, 9, 10, 14, 16, 17, 18, 20]",full_mesh,15588.345834089308,0.017490915999999856,0,51,11,0,0,0,11,4,11,1.0,1417.1223485535736,49236.72917044654,954,916,0
SELF-Q4-mixed-fixed_hash-464,464,mixed,fixed_hash,square_active,True,all_sources_cleared_with_certificate,square,True,905.0,81,81,"[2, 3, 5, 6, 8, 9, 13, 15, 17, 18, 19, 20]","[2, 3, 5, 6, 8, 9, 13, 15, 17, 18, 19, 20]",full_mesh,16098.44844688297,0.018504166999999683,0,48,12,0,0,0,12,7,12,1.0,1341.5373705735808,52092.24223441485,943,905,0
SELF-Q4-mixed-fixed_hash-465,465,mixed,fixed_hash,square_active,True,all_sources_cleared_with_certificate,square,True,905.0,81,81,"[1, 2, 3, 4, 6, 7, 8, 9, 11, 12, 13, 18, 20]","[1, 2, 3, 4, 6, 7, 8, 9, 11, 12, 13, 18, 20]",full_mesh,15015.141929861913,0.01862087499999987,0,30,13,0,0,0,13,6,13,1.0,1155.0109176816857,48965.70964930956,866,827,0
SELF-Q4-mixed-fixed_hash-466,466,mixed,fixed_hash,square_active,True,all_sources_cleared_with_certificate,square,True,905.0,81,81,"[2, 3, 4, 5, 6, 7, 8, 9, 10, 13, 14, 15, 17, 19]","[2, 3, 4, 5, 6, 7, 8, 9, 10, 13, 14, 15, 17, 19]",full_mesh,15126.353642565851,0.019417834000002188,0,61,14,0,0,0,14,8,14,1.0,1080.4538316118465,50986.76821282925,815,784,0
SELF-Q4-mixed-fixed_hash-467,467,mixed,fixed_hash,square_active,True,all_sources_cleared_with_certificate,square,True,905.0,81,81,"[1, 2, 3, 5, 7, 9, 12, 13, 14, 15, 16, 17, 18, 19, 20]","[1, 2, 3, 5, 7, 9, 12, 13, 14, 15, 16, 17, 18, 19, 20]",full_mesh,13888.636581824943,0.020547791999998566,0,86,15,0,0,0,15,5,15,1.0,925.9091054549962,49058.182909124684,674,632,0
SELF-Q4-mixed-fixed_hash-468,468,mixed,fixed_hash,square_active,True,all_sources_cleared_with_certificate,square,True,905.0,81,68,"[1, 2, 3, 5, 6, 7, 8, 9, 11, 12, 13, 14, 15, 17, 19, 20]","[1, 2, 3, 5, 6, 7, 8, 9, 11, 12, 13, 14, 15, 17, 19, 20]",count_upper_bound,13284.047593851079,0.01884683399999787,1,48,15,0,3,27,16,3,16,1.0,830.2529746156924,47175.237969255395,619,596,26
SELF-Q4-mixed-fixed_hash-469,469,mixed,fixed_hash,square_active,True,all_sources_cleared_with_certificate,square,True,905.0,81,81,"[1, 2, 5, 9, 10, 11, 12, 13, 14, 20]","[1, 2, 5, 9, 10, 11, 12, 13, 14, 20]",full_mesh,16285.668965644796,0.019569000000000614,0,28,10,0,0,0,10,1,10,1.0,1628.5668965644795,49318.34482822398,1070,1022,0
SELF-Q4-mixed-fixed_hash-470,470,mixed,fixed_hash,square_active,True,all_sources_cleared_with_certificate,square,True,905.0,81,81,"[1, 2, 5, 6, 7, 12, 13, 15, 16, 19, 20]","[1, 2, 5, 6, 7, 12, 13, 15, 16, 19, 20]",full_mesh,16592.445128127616,0.022490208999997208,0,63,11,0,0,0,11,6,11,1.0,1508.404102557056,51017.2256406381,1062,1024,0
SELF-Q4-mixed-fixed_hash-471,471,mixed,fixed_hash,square_active,True,all_sources_cleared_with_certificate,square,True,905.0,81,81,"[2, 3, 4, 6, 8, 9, 10, 11, 12, 14, 15, 16]","[2, 3, 4, 6, 8, 9, 10, 11, 12, 14, 15, 16]",full_mesh,15174.01247110648,0.017165041999998465,0,42,12,0,0,0,12,1,12,1.0,1264.5010392588733,50845.06235553241,832,785,0
SELF-Q4-mixed-fixed_hash-472,472,mixed,fixed_hash,square_active,True,all_sources_cleared_with_certificate,square,True,905.0,81,81,"[1, 2, 3, 5, 6, 7, 11, 12, 13, 15, 17, 19, 20]","[1, 2, 3, 5, 6, 7, 11, 12, 13, 15, 17, 19, 20]",full_mesh,14682.582397450442,0.015499166000001452,0,27,13,0,0,0,13,2,13,1.0,1129.4294151884956,50372.911987252206,764,723,0
SELF-Q4-mixed-fixed_hash-473,473,mixed,fixed_hash,square_active,True,all_sources_cleared_with_certificate,square,True,905.0,81,81,"[1, 2, 3, 5, 8, 11, 12, 13, 14, 15, 16, 17, 18, 20]","[1, 2, 3, 5, 8, 11, 12, 13, 14, 15, 16, 17, 18, 20]",full_mesh,15111.359979691477,0.017401082999999318,0,34,14,0,0,0,14,6,14,1.0,1079.3828556922483,52046.79989845739,777,747,0
SELF-Q4-mixed-fixed_hash-474,474,mixed,fixed_hash,square_active,True,all_sources_cleared_with_certificate,square,True,905.0,81,81,"[1, 2, 3, 4, 5, 6, 10, 12, 13, 14, 15, 16, 18, 19, 20]","[1, 2, 3, 4, 5, 6, 10, 12, 13, 14, 15, 16, 18, 19, 20]",full_mesh,14159.400340922326,0.01711533300000312,0,21,15,0,0,0,15,3,15,1.0,943.9600227281551,50187.001704611626,682,637,0
SELF-Q4-mixed-fixed_hash-475,475,mixed,fixed_hash,square_active,True,all_sources_cleared_with_certificate,square,True,905.0,81,31,"[1, 2, 3, 5, 6, 8, 9, 10, 11, 12, 13, 14, 15, 17, 18, 20]","[1, 2, 3, 5, 6, 8, 9, 10, 11, 12, 13, 14, 15, 17, 18, 20]",count_upper_bound,7710.93753965969,0.01179300000000083,0,31,15,5,9,0,16,5,16,1.0,481.9335962287306,24984.687698298447,438,432,4
SELF-Q4-mixed-fixed_hash-476,476,mixed,fixed_hash,square_active,True,all_sources_cleared_with_certificate,square,True,905.0,81,81,"[7, 8, 9, 12, 13, 14, 16, 17, 19, 20]","[7, 8, 9, 12, 13, 14, 16, 17, 19, 20]",full_mesh,15699.718507642894,0.01644066700000124,0,16,10,0,0,0,10,4,10,1.0,1569.9718507642895,49613.59253821446,963,912,0
SELF-Q4-mixed-fixed_hash-477,477,mixed,fixed_hash,square_active,True,all_sources_cleared_with_certificate,square,True,905.0,81,81,"[2, 3, 6, 7, 9, 10, 11, 14, 17, 19, 20]","[2, 3, 6, 7, 9, 10, 11, 14, 17, 19, 20]",full_mesh,16011.8777668102,0.019599666999997822,0,28,11,0,0,0,11,1,11,1.0,1455.6252515282,47894.38883405101,1070,1028,0
SELF-Q4-mixed-fixed_hash-478,478,mixed,fixed_hash,square_active,True,all_sources_cleared_with_certificate,square,True,905.0,81,81,"[1, 2, 4, 5, 6, 7, 9, 10, 11, 13, 17, 19]","[1, 2, 4, 5, 6, 7, 9, 10, 11, 13, 17, 19]",full_mesh,15236.293992078245,0.019397042000001363,0,80,12,0,0,0,12,5,12,1.0,1269.6911660065205,48836.46996039123,908,869,0
SELF-Q4-mixed-fixed_hash-479,479,mixed,fixed_hash,square_active,True,all_sources_cleared_with_certificate,square,True,905.0,81,81,"[2, 3, 5, 9, 11, 12, 13, 14, 15, 17, 18, 19, 20]","[2, 3, 5, 9, 11, 12, 13, 14, 15, 17, 18, 19, 20]",full_mesh,14795.702374211407,0.018275165999998677,0,48,13,0,0,0,13,1,13,1.0,1138.130951862416,50058.51187105703,793,754,0
SELF-Q4-mixed-fixed_hash-480,480,mixed,fixed_hash,square_active,True,all_sources_cleared_with_certificate,square,True,905.0,81,81,"[2, 4, 5, 8, 10, 11, 12, 13, 15, 16, 17, 18, 19, 20]","[2, 4, 5, 8, 10, 11, 12, 13, 15, 16, 17, 18, 19, 20]",full_mesh,15085.52923547011,0.016176417000000498,0,32,14,0,0,0,14,5,14,1.0,1077.5378025335792,50577.64617735058,823,785,0
SELF-Q4-mixed-fixed_hash-481,481,mixed,fixed_hash,square_active,True,all_sources_cleared_with_certificate,square,True,905.0,81,81,"[1, 2, 3, 4, 5, 6, 8, 9, 10, 11, 14, 15, 16, 18, 20]","[1, 2, 3, 4, 5, 6, 8, 9, 10, 11, 14, 15, 16, 18, 20]",full_mesh,14953.463328786056,0.017106416000000735,0,58,15,0,0,0,15,4,15,1.0,996.8975552524038,53582.31664393028,699,667,0
SELF-Q4-mixed-fixed_hash-482,482,mixed,fixed_hash,square_active,True,all_sources_cleared_with_certificate,square,True,905.0,81,61,"[1, 3, 4, 5, 6, 7, 8, 9, 10, 13, 14, 16, 17, 18, 19, 20]","[1, 3, 4, 5, 6, 7, 8, 9, 10, 13, 14, 16, 17, 18, 19, 20]",count_upper_bound,12339.82844170641,0.017605916999997362,0,44,16,1,4,0,16,6,16,1.0,771.2392776066506,41519.14220853206,662,643,1
SELF-Q4-mixed-fixed_hash-483,483,mixed,fixed_hash,square_active,True,all_sources_cleared_with_certificate,square,True,905.0,81,81,"[1, 3, 4, 9, 10, 11, 15, 17, 19, 20]","[1, 3, 4, 9, 10, 11, 15, 17, 19, 20]",full_mesh,15608.155644333117,0.016528499999999724,0,44,10,0,0,0,10,6,10,1.0,1560.8155644333117,48470.778221665605,984,944,0
SELF-Q4-mixed-fixed_hash-484,484,mixed,fixed_hash,square_active,True,all_sources_cleared_with_certificate,square,True,905.0,81,81,"[2, 4, 6, 8, 11, 12, 14, 15, 16, 17, 19]","[2, 4, 6, 8, 11, 12, 14, 15, 16, 17, 19]",full_mesh,15362.201696368937,0.017339291999999062,0,39,11,0,0,0,11,5,11,1.0,1396.5637905789943,50176.00848184469,886,842,0
SELF-Q4-mixed-fixed_hash-485,485,mixed,fixed_hash,square_active,True,all_sources_cleared_with_certificate,square,True,905.0,81,81,"[2, 5, 6, 7, 8, 10, 11, 12, 13, 16, 18, 20]","[2, 5, 6, 7, 8, 10, 11, 12, 13, 16, 18, 20]",full_mesh,16327.82257260616,0.018696333000001175,0,28,12,0,0,0,12,6,12,1.0,1360.6518810505133,51489.112863030816,1000,970,0
SELF-Q4-mixed-fixed_hash-486,486,mixed,fixed_hash,square_active,True,all_sources_cleared_with_certificate,square,True,905.0,81,81,"[1, 4, 5, 6, 7, 8, 9, 12, 13, 14, 16, 19, 20]","[1, 4, 5, 6, 7, 8, 9, 12, 13, 14, 16, 19, 20]",full_mesh,15708.127292279758,0.017929124999998436,0,77,13,0,0,0,13,7,13,1.0,1208.31748402152,50670.63646139877,924,889,0
SELF-Q4-mixed-fixed_hash-487,487,mixed,fixed_hash,square_active,True,all_sources_cleared_with_certificate,square,True,905.0,81,81,"[2, 4, 5, 6, 8, 9, 10, 11, 12, 13, 14, 16, 18, 20]","[2, 4, 5, 6, 8, 9, 10, 11, 12, 13, 14, 16, 18, 20]",full_mesh,14368.149419131096,0.020000542000001786,0,29,14,0,0,0,14,5,14,1.0,1026.2963870807926,48390.74709565549,776,740,0
SELF-Q4-mixed-fixed_hash-488,488,mixed,fixed_hash,square_active,True,all_sources_cleared_with_certificate,square,True,905.0,81,81,"[2, 3, 4, 5, 6, 7, 8, 9, 10, 11, 13, 15, 17, 18, 19]","[2, 3, 4, 5, 6, 7, 8, 9, 10, 11, 13, 15, 17, 18, 19]",full_mesh,14980.01855686156,0.018526542000000035,0,61,15,0,0,0,15,5,15,1.0,998.6679037907707,52465.09278430781,741,707,0
SELF-Q4-mixed-fixed_hash-489,489,mixed,fixed_hash,square_active,True,all_sources_cleared_with_certificate,square,True,905.0,81,53,"[1, 2, 3, 6, 7, 8, 9, 12, 13, 14, 15, 16, 17, 18, 19, 20]","[1, 2, 3, 6, 7, 8, 9, 12, 13, 14, 15, 16, 17, 18, 19, 20]",count_upper_bound,11123.677873765102,0.014564957999997574,1,43,13,2,3,5,16,4,16,1.0,695.2298671103189,38723.38936882553,551,532,4
SELF-Q4-mixed-fixed_hash-490,490,mixed,fixed_hash,square_active,True,all_sources_cleared_with_certificate,square,True,905.0,81,81,"[3, 4, 6, 7, 8, 9, 10, 16, 18, 20]","[3, 4, 6, 7, 8, 9, 10, 16, 18, 20]",full_mesh,16300.228213043554,0.01838929099999831,0,35,10,0,0,0,10,7,10,1.0,1630.0228213043554,49286.141065217766,1072,1033,0
SELF-Q4-mixed-fixed_hash-491,491,mixed,fixed_hash,square_active,True,all_sources_cleared_with_certificate,square,True,905.0,81,81,"[4, 6, 7, 8, 9, 11, 12, 13, 14, 16, 20]","[4, 6, 7, 8, 9, 11, 12, 13, 14, 16, 20]",full_mesh,15698.324536223283,0.019567708000000295,0,43,11,0,0,0,11,6,11,1.0,1427.1204123839348,48596.62268111641,993,959,0
SELF-Q4-mixed-fixed_hash-492,492,mixed,fixed_hash,square_active,True,all_sources_cleared_with_certificate,square,True,905.0,81,81,"[1, 3, 4, 5, 10, 11, 12, 15, 16, 18, 19, 20]","[1, 3, 4, 5, 10, 11, 12, 15, 16, 18, 19, 20]",full_mesh,15900.262023568179,0.017246082999999857,0,35,12,0,0,0,12,2,12,1.0,1325.0218352973482,51791.31011784089,920,882,0
SELF-Q4-mixed-fixed_hash-493,493,mixed,fixed_hash,square_active,True,all_sources_cleared_with_certificate,square,True,905.0,81,81,"[1, 4, 5, 8, 9, 10, 11, 12, 14, 16, 17, 18, 20]","[1, 4, 5, 8, 9, 10, 11, 12, 14, 16, 17, 18, 20]",full_mesh,15029.24427643701,0.016805624999999935,0,27,13,0,0,0,13,4,13,1.0,1156.0957135720778,50456.22138218503,821,768,0
SELF-Q4-mixed-fixed_hash-494,494,mixed,fixed_hash,square_active,True,all_sources_cleared_with_certificate,square,True,905.0,81,81,"[1, 4, 5, 6, 7, 9, 11, 12, 14, 15, 16, 18, 19, 20]","[1, 4, 5, 6, 7, 9, 11, 12, 14, 15, 16, 18, 19, 20]",full_mesh,15065.829241456384,0.017427874999999204,0,56,14,0,0,0,14,7,14,1.0,1076.1306601040274,52254.146207281934,763,730,0
SELF-Q4-mixed-fixed_hash-495,495,mixed,fixed_hash,square_active,True,all_sources_cleared_with_certificate,square,True,905.0,81,81,"[2, 3, 4, 5, 6, 7, 10, 11, 13, 14, 15, 17, 18, 19, 20]","[2, 3, 4, 5, 6, 7, 10, 11, 13, 14, 15, 17, 18, 19, 20]",full_mesh,15977.763865845307,0.01894695899999732,0,91,15,0,0,0,15,13,15,1.0,1065.1842577230204,51883.8193292265,924,906,0
SELF-Q4-mixed-fixed_hash-496,496,mixed,fixed_hash,square_active,True,all_sources_cleared_with_certificate,square,True,905.0,81,32,"[3, 4, 5, 7, 8, 9, 10, 11, 12, 13, 15, 16, 17, 18, 19, 20]","[3, 4, 5, 7, 8, 9, 10, 11, 12, 13, 15, 16, 17, 18, 19, 20]",count_upper_bound,8472.76629805237,0.01313516600000142,0,55,13,8,15,0,16,7,16,1.0,529.5478936282731,27733.831490261862,474,461,5
SELF-Q4-mixed-fixed_hash-497,497,mixed,fixed_hash,square_active,True,all_sources_cleared_with_certificate,square,True,905.0,81,81,"[2, 4, 6, 7, 9, 10, 11, 12, 13, 18]","[2, 4, 6, 7, 9, 10, 11, 12, 13, 18]",full_mesh,15456.799607149454,0.0164823339999991,0,22,10,0,0,0,10,5,10,1.0,1545.6799607149455,48998.99803574728,943,892,0
SELF-Q4-mixed-fixed_hash-498,498,mixed,fixed_hash,square_active,True,all_sources_cleared_with_certificate,square,True,905.0,81,81,"[1, 7, 8, 10, 12, 14, 16, 17, 18, 19, 20]","[1, 7, 8, 10, 12, 14, 16, 17, 18, 19, 20]",full_mesh,15849.509076734883,0.01800349999999895,0,36,11,0,0,0,11,5,11,1.0,1440.864461521353,50647.54538367441,950,915,0
SELF-Q4-mixed-fixed_hash-499,499,mixed,fixed_hash,square_active,True,all_sources_cleared_with_certificate,square,True,905.0,81,81,"[2, 4, 5, 6, 9, 10, 11, 12, 13, 15, 16, 18]","[2, 4, 5, 6, 9, 10, 11, 12, 13, 15, 16, 18]",full_mesh,14761.00104564662,0.01826362499999945,0,57,12,0,0,0,12,7,12,1.0,1230.0834204705518,48360.005228233094,845,804,0
SELF-Q4-mixed-fixed_hash-0,0,mixed,fixed_hash,triangle_optical,True,all_sources_cleared_with_certificate,triangle,False,905.0,31,31,"[2, 5, 6, 7, 8, 9, 13, 14, 16, 20]","[2, 5, 6, 7, 8, 9, 13, 14, 16, 20]",full_mesh,12795.602268907816,0.02861679100000103,10,0,0,0,0,547,10,4,10,1.0,1279.5602268907817,44903.011344539125,364,334,537
SELF-Q4-mixed-fixed_hash-1,1,mixed,fixed_hash,triangle_optical,True,all_sources_cleared_with_certificate,triangle,False,905.0,31,31,"[3, 4, 5, 7, 8, 9, 11, 13, 14, 15, 19]","[3, 4, 5, 7, 8, 9, 11, 13, 14, 15, 19]",full_mesh,14376.619763455963,0.036443708000000186,11,0,0,0,0,807,11,4,11,1.0,1306.9654330414512,49408.09881727986,347,317,796
SELF-Q4-mixed-fixed_hash-2,2,mixed,fixed_hash,triangle_optical,True,all_sources_cleared_with_certificate,triangle,False,905.0,31,31,"[2, 3, 4, 5, 6, 10, 11, 12, 13, 15, 17, 19]","[2, 3, 4, 5, 6, 10, 11, 12, 13, 15, 17, 19]",full_mesh,12768.934845950802,0.02816583399999928,12,0,0,0,0,494,12,10,12,1.0,1064.0779038292335,46384.67422975401,336,306,482
SELF-Q4-mixed-fixed_hash-3,3,mixed,fixed_hash,triangle_optical,True,all_sources_cleared_with_certificate,triangle,False,905.0,31,31,"[1, 2, 5, 8, 10, 11, 12, 13, 14, 15, 18, 19, 20]","[1, 2, 5, 8, 10, 11, 12, 13, 14, 15, 18, 19, 20]",full_mesh,13530.593753663963,0.030870708000001912,13,0,0,0,0,649,13,5,13,1.0,1040.8149041279971,48967.96876831988,299,269,636
SELF-Q4-mixed-fixed_hash-4,4,mixed,fixed_hash,triangle_optical,True,all_sources_cleared_with_certificate,triangle,False,905.0,31,31,"[1, 2, 3, 4, 5, 7, 8, 9, 10, 12, 13, 14, 16, 17]","[1, 2, 3, 4, 5, 7, 8, 9, 10, 12, 13, 14, 16, 17]",full_mesh,13945.584962666268,0.034625292000001195,14,0,0,0,0,788,14,9,14,1.0,996.1132116190191,50062.92481333139,262,231,774
SELF-Q4-mixed-fixed_hash-5,5,mixed,fixed_hash,triangle_optical,True,all_sources_cleared_with_certificate,triangle,False,905.0,31,31,"[1, 2, 3, 4, 8, 9, 11, 12, 13, 14, 16, 17, 18, 19, 20]","[1, 2, 3, 4, 8, 9, 11, 12, 13, 14, 16, 17, 18, 19, 20]",full_mesh,13887.432087057781,0.03376987500000084,15,0,0,0,0,668,15,14,15,1.0,925.8288058038521,49932.16043528895,316,287,653
SELF-Q4-mixed-fixed_hash-6,6,mixed,fixed_hash,triangle_optical,True,all_sources_cleared_with_certificate,triangle,False,905.0,31,29,"[1, 2, 3, 4, 6, 8, 9, 10, 11, 12, 14, 15, 16, 18, 19, 20]","[1, 2, 3, 4, 6, 8, 9, 10, 11, 12, 14, 15, 16, 18, 19, 20]",count_upper_bound,16340.975406750411,0.04663499999999843,16,0,0,0,0,1167,16,12,16,1.0,1021.3109629219007,56909.87703375211,242,216,1151
SELF-Q4-mixed-fixed_hash-7,7,mixed,fixed_hash,triangle_optical,True,all_sources_cleared_with_certificate,triangle,False,905.0,31,31,"[2, 3, 5, 6, 9, 10, 11, 13, 14, 17]","[2, 3, 5, 6, 9, 10, 11, 13, 14, 17]",full_mesh,12809.508440604724,0.02574870899999837,10,0,0,0,0,514,10,1,10,1.0,1280.9508440604725,45322.54220302365,369,338,504
SELF-Q4-mixed-fixed_hash-8,8,mixed,fixed_hash,triangle_optical,True,all_sources_cleared_with_certificate,triangle,False,905.0,31,31,"[1, 2, 3, 4, 5, 7, 8, 9, 12, 13, 19]","[1, 2, 3, 4, 5, 7, 8, 9, 12, 13, 19]",full_mesh,12628.590802791836,0.027592708000000243,11,0,0,0,0,511,11,4,11,1.0,1148.0537093447124,44722.95401395922,360,329,500
SELF-Q4-mixed-fixed_hash-9,9,mixed,fixed_hash,triangle_optical,True,all_sources_cleared_with_certificate,triangle,False,905.0,31,31,"[1, 2, 5, 6, 8, 9, 11, 12, 14, 15, 16, 18]","[1, 2, 5, 6, 8, 9, 11, 12, 14, 15, 16, 18]",full_mesh,13705.790069222117,0.030413458000001725,12,0,0,0,0,650,12,6,12,1.0,1142.1491724351765,49513.95034611063,310,279,638
SELF-Q4-mixed-fixed_hash-10,10,mixed,fixed_hash,triangle_optical,True,all_sources_cleared_with_certificate,triangle,False,905.0,31,31,"[1, 2, 3, 4, 5, 8, 11, 13, 14, 16, 17, 18, 19]","[1, 2, 3, 4, 5, 8, 11, 13, 14, 16, 17, 18, 19]",full_mesh,14227.999925149268,0.0336535419999997,13,0,0,0,0,757,13,6,13,1.0,1094.4615327037898,50269.999625746386,318,287,744
SELF-Q4-mixed-fixed_hash-11,11,mixed,fixed_hash,triangle_optical,True,all_sources_cleared_with_certificate,triangle,False,905.0,31,31,"[2, 3, 4, 7, 8, 9, 10, 11, 13, 15, 17, 18, 19, 20]","[2, 3, 4, 7, 8, 9, 10, 11, 13, 15, 17, 18, 19, 20]",full_mesh,14611.666932278176,0.0377446670000019,14,0,0,0,0,831,14,5,14,1.0,1043.6904951627268,53168.33466139095,248,217,817
SELF-Q4-mixed-fixed_hash-12,12,mixed,fixed_hash,triangle_optical,True,all_sources_cleared_with_certificate,triangle,False,905.0,31,31,"[1, 4, 5, 6, 7, 8, 9, 11, 12, 13, 14, 16, 17, 18, 20]","[1, 4, 5, 6, 7, 8, 9, 11, 12, 13, 14, 16, 17, 18, 20]",full_mesh,14777.449547386183,0.037344624999999354,15,0,0,0,0,871,15,3,15,1.0,985.1633031590789,53807.247736930985,234,203,856
SELF-Q4-mixed-fixed_hash-13,13,mixed,fixed_hash,triangle_optical,True,all_sources_cleared_with_certificate,triangle,False,905.0,31,27,"[1, 2, 3, 4, 5, 6, 8, 9, 10, 11, 12, 13, 14, 15, 18, 19]","[1, 2, 3, 4, 5, 6, 8, 9, 10, 11, 12, 13, 14, 15, 18, 19]",count_upper_bound,13664.186803962368,0.039135291000000905,16,0,0,0,0,872,16,7,16,1.0,854.011675247648,48850.93401981187,212,186,856
SELF-Q4-mixed-fixed_hash-14,14,mixed,fixed_hash,triangle_optical,True,all_sources_cleared_with_certificate,triangle,False,905.0,31,31,"[2, 4, 5, 8, 9, 11, 12, 17, 18, 19]","[2, 4, 5, 8, 9, 11, 12, 17, 18, 19]",full_mesh,12594.962322301672,0.025625874999999354,10,0,0,0,0,492,10,5,10,1.0,1259.4962322301672,44604.81161150839,368,338,482
SELF-Q4-mixed-fixed_hash-15,15,mixed,fixed_hash,triangle_optical,True,all_sources_cleared_with_certificate,triangle,False,905.0,31,31,"[1, 2, 3, 4, 6, 7, 11, 13, 15, 17, 19]","[1, 2, 3, 4, 6, 7, 11, 13, 15, 17, 19]",full_mesh,14298.179915031822,0.03344962499999937,11,0,0,0,0,772,11,6,11,1.0,1299.8345377301657,49935.89957515915,334,303,761
SELF-Q4-mixed-fixed_hash-16,16,mixed,fixed_hash,triangle_optical,True,all_sources_cleared_with_certificate,triangle,False,905.0,31,31,"[1, 4, 5, 7, 8, 10, 11, 12, 14, 15, 16, 19]","[1, 4, 5, 7, 8, 10, 11, 12, 14, 15, 16, 19]",full_mesh,13230.917766917792,0.03024345900000114,12,0,0,0,0,611,12,11,12,1.0,1102.5764805764827,46099.588834589005,364,334,599
SELF-Q4-mixed-fixed_hash-17,17,mixed,fixed_hash,triangle_optical,True,all_sources_cleared_with_certificate,triangle,False,905.0,31,31,"[1, 2, 3, 5, 9, 10, 12, 13, 14, 17, 18, 19, 20]","[1, 2, 3, 5, 9, 10, 12, 13, 14, 17, 18, 19, 20]",full_mesh,17105.489018628534,0.046510833000002805,13,0,0,0,0,1172,13,4,13,1.0,1315.8068475868104,58042.44509314274,331,300,1159
SELF-Q4-mixed-fixed_hash-18,18,mixed,fixed_hash,triangle_optical,True,all_sources_cleared_with_certificate,triangle,False,905.0,31,31,"[3, 4, 5, 6, 8, 10, 11, 12, 13, 14, 15, 16, 17, 19]","[3, 4, 5, 6, 8, 10, 11, 12, 13, 14, 15, 16, 17, 19]",full_mesh,13436.396695808486,0.034460958000000375,14,0,0,0,0,665,14,4,14,1.0,959.7426211291776,48341.98347904248,296,265,651
SELF-Q4-mixed-fixed_hash-19,19,mixed,fixed_hash,triangle_optical,True,all_sources_cleared_with_certificate,triangle,False,905.0,31,31,"[2, 3, 4, 5, 6, 7, 9, 10, 11, 12, 16, 17, 18, 19, 20]","[2, 3, 4, 5, 6, 7, 9, 10, 11, 12, 16, 17, 18, 19, 20]",full_mesh,13829.016307736596,0.036232917000003084,15,0,0,0,0,777,15,6,15,1.0,921.934420515773,49835.081538683036,255,226,762
SELF-Q4-mixed-fixed_hash-20,20,mixed,fixed_hash,triangle_optical,True,all_sources_cleared_with_certificate,triangle,False,905.0,31,23,"[1, 2, 3, 4, 5, 6, 7, 8, 9, 11, 12, 14, 16, 18, 19, 20]","[1, 2, 3, 4, 5, 6, 7, 8, 9, 11, 12, 14, 16, 18, 19, 20]",count_upper_bound,11455.43097040588,0.03208208299999882,16,0,0,0,0,578,16,4,16,1.0,715.9644356503675,39857.1548520294,290,268,562
SELF-Q4-mixed-fixed_hash-21,21,mixed,fixed_hash,triangle_optical,True,all_sources_cleared_with_certificate,triangle,False,905.0,31,31,"[4, 6, 8, 9, 10, 13, 14, 16, 18, 19]","[4, 6, 8, 9, 10, 13, 14, 16, 18, 19]",full_mesh,11457.410374024203,0.02164637499999955,10,0,0,0,0,358,10,3,10,1.0,1145.7410374024203,41202.05187012102,359,328,348
SELF-Q4-mixed-fixed_hash-22,22,mixed,fixed_hash,triangle_optical,True,all_sources_cleared_with_certificate,triangle,False,905.0,31,31,"[1, 2, 5, 6, 8, 11, 12, 14, 15, 16, 17]","[1, 2, 5, 6, 8, 11, 12, 14, 15, 16, 17]",full_mesh,13686.290152341597,0.029600250000001438,11,0,0,0,0,627,11,4,11,1.0,1244.2081956674178,48121.450761708016,365,334,616
SELF-Q4-mixed-fixed_hash-23,23,mixed,fixed_hash,triangle_optical,True,all_sources_cleared_with_certificate,triangle,False,905.0,31,31,"[1, 3, 4, 5, 6, 7, 8, 9, 10, 14, 19, 20]","[1, 3, 4, 5, 6, 7, 8, 9, 10, 14, 19, 20]",full_mesh,14575.644051457324,0.035132416999999805,12,0,0,0,0,814,12,1,12,1.0,1214.6370042881103,51693.220257286666,300,271,802
SELF-Q4-mixed-fixed_hash-24,24,mixed,fixed_hash,triangle_optical,True,all_sources_cleared_with_certificate,triangle,False,905.0,31,31,"[1, 2, 3, 4, 5, 6, 7, 11, 13, 14, 18, 19, 20]","[1, 2, 3, 4, 5, 6, 7, 11, 13, 14, 18, 19, 20]",full_mesh,13814.94719340195,0.0349439579999995,13,0,0,0,0,747,13,8,13,1.0,1062.6882456463038,48709.7359670098,306,276,734
SELF-Q4-mixed-fixed_hash-25,25,mixed,fixed_hash,triangle_optical,True,all_sources_cleared_with_certificate,triangle,False,905.0,31,31,"[1, 2, 5, 7, 10, 12, 13, 14, 15, 16, 17, 18, 19, 20]","[1, 2, 5, 7, 10, 12, 13, 14, 15, 16, 17, 18, 19, 20]",full_mesh,14473.212781574517,0.03649462499999956,14,0,0,0,0,860,14,2,14,1.0,1033.8009129696084,51976.06390787265,250,220,846
SELF-Q4-mixed-fixed_hash-26,26,mixed,fixed_hash,triangle_optical,True,all_sources_cleared_with_certificate,triangle,False,905.0,31,31,"[1, 2, 3, 4, 5, 6, 7, 8, 9, 10, 11, 13, 14, 15, 20]","[1, 2, 3, 4, 5, 6, 7, 8, 9, 10, 11, 13, 14, 15, 20]",full_mesh,14637.309361985426,0.03788879200000039,15,0,0,0,0,828,15,4,15,1.0,975.8206241323618,53206.54680992715,252,222,813
SELF-Q4-mixed-fixed_hash-27,27,mixed,fixed_hash,triangle_optical,True,all_sources_cleared_with_certificate,triangle,False,905.0,31,30,"[2, 3, 4, 5, 6, 7, 9, 10, 12, 13, 14, 15, 16, 17, 19, 20]","[2, 3, 4, 5, 6, 7, 9, 10, 12, 13, 14, 15, 16, 17, 19, 20]",count_upper_bound,16820.488672652373,0.046824209000000394,16,0,0,0,0,1132,16,14,16,1.0,1051.2805420407733,59037.44336326195,269,240,1116
SELF-Q4-mixed-fixed_hash-28,28,mixed,fixed_hash,triangle_optical,True,all_sources_cleared_with_certificate,triangle,False,905.0,31,31,"[3, 4, 5, 6, 7, 8, 11, 16, 18, 20]","[3, 4, 5, 6, 7, 8, 11, 16, 18, 20]",full_mesh,12238.188450189651,0.023531709000000234,10,0,0,0,0,406,10,4,10,1.0,1223.818845018965,43480.94225094828,389,359,396
SELF-Q4-mixed-fixed_hash-29,29,mixed,fixed_hash,triangle_optical,True,all_sources_cleared_with_certificate,triangle,False,905.0,31,31,"[1, 3, 6, 7, 9, 10, 11, 12, 13, 18, 19]","[1, 3, 6, 7, 9, 10, 11, 12, 13, 18, 19]",full_mesh,14022.861041969818,0.03131570899999758,11,0,0,0,0,719,11,2,11,1.0,1274.8055492699834,48504.305209849146,362,333,708
SELF-Q4-mixed-fixed_hash-30,30,mixed,fixed_hash,triangle_optical,True,all_sources_cleared_with_certificate,triangle,False,905.0,31,31,"[1, 2, 3, 7, 8, 9, 10, 11, 14, 17, 18, 20]","[1, 2, 3, 7, 8, 9, 10, 11, 14, 17, 18, 20]",full_mesh,12778.844954944203,0.027482290999998327,12,0,0,0,0,504,12,1,12,1.0,1064.9037462453502,45269.22477472105,370,339,492
SELF-Q4-mixed-fixed_hash-31,31,mixed,fixed_hash,triangle_optical,True,all_sources_cleared_with_certificate,triangle,False,905.0,31,31,"[1, 2, 3, 4, 5, 9, 11, 13, 15, 16, 17, 18, 20]","[1, 2, 3, 4, 5, 9, 11, 13, 15, 16, 17, 18, 20]",full_mesh,13415.40909418943,0.03128908300000077,13,0,0,0,0,651,13,12,13,1.0,1031.9545457068793,48182.04547094719,305,275,638
SELF-Q4-mixed-fixed_hash-32,32,mixed,fixed_hash,triangle_optical,True,all_sources_cleared_with_certificate,triangle,False,905.0,31,31,"[1, 2, 3, 5, 6, 7, 8, 9, 10, 12, 14, 16, 17, 19]","[1, 2, 3, 5, 6, 7, 8, 9, 10, 12, 14, 16, 17, 19]",full_mesh,15227.968258229175,0.03999891700000191,14,0,0,0,0,967,14,1,14,1.0,1087.7120184449411,54149.84129114594,250,219,953
SELF-Q4-mixed-fixed_hash-33,33,mixed,fixed_hash,triangle_optical,True,all_sources_cleared_with_certificate,triangle,False,905.0,31,31,"[3, 5, 6, 8, 9, 10, 11, 13, 14, 15, 16, 17, 18, 19, 20]","[3, 5, 6, 8, 9, 10, 11, 13, 14, 15, 16, 17, 18, 19, 20]",full_mesh,13691.308005068775,0.03291095900000229,15,0,0,0,0,688,15,8,15,1.0,912.753867004585,50666.54002534391,249,219,673
SELF-Q4-mixed-fixed_hash-34,34,mixed,fixed_hash,triangle_optical,True,all_sources_cleared_with_certificate,triangle,False,905.0,31,17,"[1, 2, 5, 6, 7, 8, 10, 11, 12, 13, 14, 15, 17, 18, 19, 20]","[1, 2, 5, 6, 7, 8, 10, 11, 12, 13, 14, 15, 17, 18, 19, 20]",count_upper_bound,11227.081794053676,0.03768808300000259,16,0,0,0,0,900,16,2,16,1.0,701.6926121283548,38415.4089702684,138,122,884
SELF-Q4-mixed-fixed_hash-35,35,mixed,fixed_hash,triangle_optical,True,all_sources_cleared_with_certificate,triangle,False,905.0,31,31,"[1, 5, 7, 10, 11, 15, 16, 18, 19, 20]","[1, 5, 7, 10, 11, 15, 16, 18, 19, 20]",full_mesh,12405.299376430285,0.022802875,10,0,0,0,0,419,10,9,10,1.0,1240.5299376430285,43756.496882151434,401,372,409
SELF-Q4-mixed-fixed_hash-36,36,mixed,fixed_hash,triangle_optical,True,all_sources_cleared_with_certificate,triangle,False,905.0,31,31,"[1, 2, 3, 4, 5, 9, 10, 11, 16, 18, 20]","[1, 2, 3, 4, 5, 9, 10, 11, 16, 18, 20]",full_mesh,13340.093837842862,0.02892933400000075,11,0,0,0,0,620,11,7,11,1.0,1212.7358034402603,46910.46918921435,351,321,609
SELF-Q4-mixed-fixed_hash-37,37,mixed,fixed_hash,triangle_optical,True,all_sources_cleared_with_certificate,triangle,False,905.0,31,31,"[2, 3, 5, 8, 9, 11, 12, 13, 15, 17, 18, 20]","[2, 3, 5, 8, 9, 11, 12, 13, 15, 17, 18, 20]",full_mesh,14090.541424552222,0.03415204199999877,12,0,0,0,0,769,12,7,12,1.0,1174.2117853793518,50037.70712276116,297,267,757
SELF-Q4-mixed-fixed_hash-38,38,mixed,fixed_hash,triangle_optical,True,all_sources_cleared_with_certificate,triangle,False,905.0,31,31,"[1, 3, 4, 6, 8, 9, 10, 12, 13, 14, 16, 17, 20]","[1, 3, 4, 6, 8, 9, 10, 12, 13, 14, 16, 17, 20]",full_mesh,14290.80674778603,0.036058834000002093,13,0,0,0,0,795,13,5,13,1.0,1099.2928267527716,50699.03373893021,295,265,782
SELF-Q4-mixed-fixed_hash-39,39,mixed,fixed_hash,triangle_optical,True,all_sources_cleared_with_certificate,triangle,False,905.0,31,31,"[1, 3, 4, 5, 6, 7, 9, 10, 12, 13, 14, 16, 17, 20]","[1, 3, 4, 5, 6, 7, 9, 10, 12, 13, 14, 16, 17, 20]",full_mesh,12634.90985121738,0.0299376250000023,14,0,0,0,0,585,14,1,14,1.0,902.4935608012414,47119.54925608694,243,213,571
SELF-Q4-mixed-fixed_hash-40,40,mixed,fixed_hash,triangle_optical,True,all_sources_cleared_with_certificate,triangle,False,905.0,31,31,"[2, 3, 4, 5, 6, 8, 9, 11, 12, 13, 14, 15, 17, 19, 20]","[2, 3, 4, 5, 6, 8, 9, 11, 12, 13, 14, 15, 17, 19, 20]",full_mesh,15233.612283702563,0.03930479200000292,15,0,0,0,0,873,15,14,15,1.0,1015.5741522468376,53413.06141851287,322,292,858
SELF-Q4-mixed-fixed_hash-41,41,mixed,fixed_hash,triangle_optical,True,all_sources_cleared_with_certificate,triangle,False,905.0,31,16,"[1, 4, 5, 6, 7, 8, 9, 10, 11, 12, 13, 14, 16, 17, 18, 20]","[1, 4, 5, 6, 7, 8, 9, 10, 11, 12, 13, 14, 16, 17, 18, 20]",count_upper_bound,14775.18387894695,0.050181166999998084,16,0,0,0,0,1389,16,3,16,1.0,923.4489924341843,49255.91939473481,123,110,1373
SELF-Q4-mixed-fixed_hash-42,42,mixed,fixed_hash,triangle_optical,True,all_sources_cleared_with_certificate,triangle,False,905.0,31,31,"[1, 2, 3, 4, 8, 9, 11, 12, 17, 18]","[1, 2, 3, 4, 8, 9, 11, 12, 17, 18]",full_mesh,11804.414043530795,0.021725791999998023,10,0,0,0,0,374,10,2,10,1.0,1180.4414043530794,42907.07021765401,352,321,364
SELF-Q4-mixed-fixed_hash-43,43,mixed,fixed_hash,triangle_optical,True,all_sources_cleared_with_certificate,triangle,False,905.0,31,31,"[2, 5, 8, 10, 11, 12, 13, 15, 16, 19, 20]","[2, 5, 8, 10, 11, 12, 13, 15, 16, 19, 20]",full_mesh,11914.51279793673,0.02291512499999726,11,0,0,0,0,375,11,8,11,1.0,1083.1375270851572,43037.563989683666,365,335,364
SELF-Q4-mixed-fixed_hash-44,44,mixed,fixed_hash,triangle_optical,True,all_sources_cleared_with_certificate,triangle,False,905.0,31,31,"[1, 2, 4, 5, 6, 7, 12, 14, 17, 18, 19, 20]","[1, 2, 4, 5, 6, 7, 12, 14, 17, 18, 19, 20]",full_mesh,13442.698009868845,0.032251999999999725,12,0,0,0,0,700,12,2,12,1.0,1120.2248341557372,47338.49004934427,313,286,688
SELF-Q4-mixed-fixed_hash-45,45,mixed,fixed_hash,triangle_optical,True,all_sources_cleared_with_certificate,triangle,False,905.0,31,31,"[1, 2, 3, 5, 6, 8, 9, 12, 13, 14, 15, 16, 20]","[1, 2, 3, 5, 6, 8, 9, 12, 13, 14, 15, 16, 20]",full_mesh,12442.178680910558,0.02779524999999694,13,0,0,0,0,548,13,2,13,1.0,957.0906677623506,45040.893404552815,299,269,535
SELF-Q4-mixed-fixed_hash-46,46,mixed,fixed_hash,triangle_optical,True,all_sources_cleared_with_certificate,triangle,False,905.0,31,31,"[1, 2, 3, 5, 6, 7, 8, 9, 10, 11, 12, 13, 18, 19]","[1, 2, 3, 5, 6, 7, 8, 9, 10, 11, 12, 13, 18, 19]",full_mesh,13002.90478911523,0.029563291999998853,14,0,0,0,0,557,14,1,14,1.0,928.7789135082306,47854.52394557618,294,263,543
SELF-Q4-mixed-fixed_hash-47,47,mixed,fixed_hash,triangle_optical,True,all_sources_cleared_with_certificate,triangle,False,905.0,31,31,"[1, 3, 5, 7, 8, 9, 10, 11, 12, 13, 14, 15, 16, 18, 20]","[1, 3, 5, 7, 8, 9, 10, 11, 12, 13, 14, 15, 16, 18, 20]",full_mesh,13058.850736112245,0.030445499999999015,15,0,0,0,0,623,15,5,15,1.0,870.5900490741496,48209.25368056127,258,228,608
SELF-Q4-mixed-fixed_hash-48,48,mixed,fixed_hash,triangle_optical,True,all_sources_cleared_with_certificate,triangle,False,905.0,31,26,"[2, 3, 4, 5, 6, 7, 8, 10, 11, 12, 13, 15, 16, 17, 18, 20]","[2, 3, 4, 5, 6, 7, 8, 10, 11, 12, 13, 15, 16, 17, 18, 20]",count_upper_bound,12629.600657799088,0.035353000000000634,16,0,0,0,0,780,16,14,16,1.0,789.350041112443,45473.00328899551,198,173,764
SELF-Q4-mixed-fixed_hash-49,49,mixed,fixed_hash,triangle_optical,True,all_sources_cleared_with_certificate,triangle,False,905.0,31,31,"[1, 3, 4, 9, 11, 12, 13, 14, 16, 18]","[1, 3, 4, 9, 11, 12, 13, 14, 16, 18]",full_mesh,12345.631698880708,0.025109166999996546,10,0,0,0,0,464,10,1,10,1.0,1234.563169888071,44263.15849440356,352,321,454
SELF-Q4-mixed-fixed_hash-50,50,mixed,fixed_hash,triangle_optical,True,all_sources_cleared_with_certificate,triangle,False,905.0,31,31,"[2, 4, 6, 8, 9, 12, 13, 14, 16, 19, 20]","[2, 4, 6, 8, 9, 12, 13, 14, 16, 19, 20]",full_mesh,13374.68689783591,0.02968466599999431,11,0,0,0,0,567,11,9,11,1.0,1215.880627075992,46473.43448917957,398,367,556
SELF-Q4-mixed-fixed_hash-51,51,mixed,fixed_hash,triangle_optical,True,all_sources_cleared_with_certificate,triangle,False,905.0,31,31,"[4, 5, 6, 7, 8, 9, 13, 14, 16, 17, 18, 20]","[4, 5, 6, 7, 8, 9, 13, 14, 16, 17, 18, 20]",full_mesh,14498.444249833627,0.033595499999997,12,0,0,0,0,780,12,9,12,1.0,1208.2036874861355,50532.221249168186,343,313,768
SELF-Q4-mixed-fixed_hash-52,52,mixed,fixed_hash,triangle_optical,True,all_sources_cleared_with_certificate,triangle,False,905.0,31,31,"[1, 2, 3, 6, 7, 8, 9, 12, 13, 15, 16, 17, 18]","[1, 2, 3, 6, 7, 8, 9, 12, 13, 15, 16, 17, 18]",full_mesh,12171.214505807073,0.024960333999999307,13,0,0,0,0,469,13,11,13,1.0,936.2472696774671,44936.07252903538,297,266,456
SELF-Q4-mixed-fixed_hash-53,53,mixed,fixed_hash,triangle_optical,True,all_sources_cleared_with_certificate,triangle,False,905.0,31,31,"[1, 3, 6, 7, 8, 9, 10, 11, 12, 15, 16, 17, 18, 20]","[1, 3, 6, 7, 8, 9, 10, 11, 12, 15, 16, 17, 18, 20]",full_mesh,15074.412183120437,0.03788449999999699,14,0,0,0,0,821,14,12,14,1.0,1076.7437273657456,52477.06091560225,353,323,807
SELF-Q4-mixed-fixed_hash-54,54,mixed,fixed_hash,triangle_optical,True,all_sources_cleared_with_certificate,triangle,False,905.0,31,31,"[2, 4, 5, 6, 7, 8, 10, 12, 13, 14, 15, 16, 17, 18, 19]","[2, 4, 5, 6, 7, 8, 10, 12, 13, 14, 15, 16, 17, 18, 19]",full_mesh,12116.316824430425,0.02904095800000306,15,0,0,0,0,547,15,1,15,1.0,807.7544549620284,44971.58412215215,247,216,532
SELF-Q4-mixed-fixed_hash-55,55,mixed,fixed_hash,triangle_optical,True,all_sources_cleared_with_certificate,triangle,False,905.0,31,16,"[2, 3, 4, 5, 6, 7, 8, 9, 10, 12, 13, 16, 17, 18, 19, 20]","[2, 3, 4, 5, 6, 7, 8, 9, 10, 12, 13, 16, 17, 18, 19, 20]",count_upper_bound,11412.682324106418,0.03690074999999382,16,0,0,0,0,902,16,6,16,1.0,713.2926452566511,39543.41162053212,130,116,886
SELF-Q4-mixed-fixed_hash-56,56,mixed,fixed_hash,triangle_optical,True,all_sources_cleared_with_certificate,triangle,False,905.0,31,31,"[1, 4, 7, 9, 10, 12, 13, 16, 17, 18]","[1, 4, 7, 9, 10, 12, 13, 16, 17, 18]",full_mesh,12160.42183248725,0.02509954199999953,10,0,0,0,0,505,10,2,10,1.0,1216.042183248725,42662.1091624363,354,323,495
SELF-Q4-mixed-fixed_hash-57,57,mixed,fixed_hash,triangle_optical,True,all_sources_cleared_with_certificate,triangle,False,905.0,31,31,"[1, 2, 5, 7, 8, 11, 12, 13, 16, 17, 18]","[1, 2, 5, 7, 8, 11, 12, 13, 16, 17, 18]",full_mesh,13685.702761341694,0.02860529099999809,11,0,0,0,0,651,11,3,11,1.0,1244.1547964856086,48508.51380670851,340,309,640
SELF-Q4-mixed-fixed_hash-58,58,mixed,fixed_hash,triangle_optical,True,all_sources_cleared_with_certificate,triangle,False,905.0,31,31,"[2, 4, 5, 6, 7, 8, 11, 14, 17, 18, 19, 20]","[2, 4, 5, 6, 7, 8, 11, 14, 17, 18, 19, 20]",full_mesh,15252.688647330746,0.036583624999998676,12,0,0,0,0,836,12,10,12,1.0,1271.0573872775622,52288.44323665379,382,353,824
SELF-Q4-mixed-fixed_hash-59,59,mixed,fixed_hash,triangle_optical,True,all_sources_cleared_with_certificate,triangle,False,905.0,31,31,"[1, 3, 5, 8, 10, 11, 12, 13, 14, 15, 16, 17, 20]","[1, 3, 5, 8, 10, 11, 12, 13, 14, 15, 16, 17, 20]",full_mesh,14933.15352504774,0.036085624999998345,13,0,0,0,0,862,13,7,13,1.0,1148.7041173113646,52785.767625238754,299,269,849
SELF-Q4-mixed-fixed_hash-60,60,mixed,fixed_hash,triangle_optical,True,all_sources_cleared_with_certificate,triangle,False,905.0,31,31,"[1, 2, 3, 4, 5, 6, 8, 9, 10, 13, 14, 16, 17, 20]","[1, 2, 3, 4, 5, 6, 8, 9, 10, 13, 14, 16, 17, 20]",full_mesh,15043.79475197013,0.03658695800000089,14,0,0,0,0,850,14,1,14,1.0,1074.5567679978665,54318.973759850734,272,242,836
SELF-Q4-mixed-fixed_hash-61,61,mixed,fixed_hash,triangle_optical,True,all_sources_cleared_with_certificate,triangle,False,905.0,31,31,"[1, 4, 5, 6, 7, 8, 9, 11, 12, 13, 14, 16, 18, 19, 20]","[1, 4, 5, 6, 7, 8, 9, 11, 12, 13, 14, 16, 18, 19, 20]",full_mesh,15019.322892216944,0.04064329199999861,15,0,0,0,0,959,15,8,15,1.0,1001.288192814463,53086.614461084806,254,225,944
SELF-Q4-mixed-fixed_hash-62,62,mixed,fixed_hash,triangle_optical,True,all_sources_cleared_with_certificate,triangle,False,905.0,31,22,"[1, 2, 3, 5, 6, 8, 9, 10, 11, 12, 13, 14, 15, 18, 19, 20]","[1, 2, 3, 5, 6, 8, 9, 10, 11, 12, 13, 14, 15, 18, 19, 20]",count_upper_bound,13071.67168554769,0.0384476669999998,16,0,0,0,0,856,16,14,16,1.0,816.9794803467306,45383.358427738494,236,215,840
SELF-Q4-mixed-fixed_hash-63,63,mixed,fixed_hash,triangle_optical,True,all_sources_cleared_with_certificate,triangle,False,905.0,31,31,"[2, 7, 9, 10, 11, 12, 14, 15, 16, 20]","[2, 7, 9, 10, 11, 12, 14, 15, 16, 20]",full_mesh,11505.3414727909,0.02268729099999689,10,0,0,0,0,420,10,2,10,1.0,1150.5341472790901,41106.70736395452,339,309,410
SELF-Q4-mixed-fixed_hash-64,64,mixed,fixed_hash,triangle_optical,True,all_sources_cleared_with_certificate,triangle,False,905.0,31,31,"[1, 3, 4, 5, 7, 11, 12, 13, 16, 18, 19]","[1, 3, 4, 5, 7, 11, 12, 13, 16, 18, 19]",full_mesh,13208.366280825318,0.02962487499999611,11,0,0,0,0,616,11,2,11,1.0,1200.7605709841198,45896.83140412661,365,334,605
SELF-Q4-mixed-fixed_hash-65,65,mixed,fixed_hash,triangle_optical,True,all_sources_cleared_with_certificate,triangle,False,905.0,31,31,"[6, 7, 8, 9, 10, 13, 14, 15, 16, 17, 19, 20]","[6, 7, 8, 9, 10, 13, 14, 15, 16, 17, 19, 20]",full_mesh,14727.863514023298,0.03598170800000133,12,0,0,0,0,831,12,4,12,1.0,1227.3219595019416,50939.31757011656,342,313,819
SELF-Q4-mixed-fixed_hash-66,66,mixed,fixed_hash,triangle_optical,True,all_sources_cleared_with_certificate,triangle,False,905.0,31,31,"[2, 3, 5, 8, 9, 10, 13, 14, 15, 16, 17, 19, 20]","[2, 3, 5, 8, 9, 10, 13, 14, 15, 16, 17, 19, 20]",full_mesh,15322.057538197858,0.03856570800000014,13,0,0,0,0,933,13,9,13,1.0,1178.6198106306044,52730.28769098935,330,301,920
SELF-Q4-mixed-fixed_hash-67,67,mixed,fixed_hash,triangle_optical,True,all_sources_cleared_with_certificate,triangle,False,905.0,31,31,"[1, 3, 4, 5, 6, 7, 8, 10, 14, 15, 16, 17, 18, 19]","[1, 3, 4, 5, 6, 7, 8, 10, 14, 15, 16, 17, 18, 19]",full_mesh,13737.860811354174,0.03242504199999985,14,0,0,0,0,710,14,3,14,1.0,981.2757722395838,50194.304056770896,262,231,696
SELF-Q4-mixed-fixed_hash-68,68,mixed,fixed_hash,triangle_optical,True,all_sources_cleared_with_certificate,triangle,False,905.0,31,31,"[2, 4, 5, 6, 8, 9, 11, 12, 13, 14, 15, 16, 17, 19, 20]","[2, 4, 5, 6, 8, 9, 11, 12, 13, 14, 15, 16, 17, 19, 20]",full_mesh,13357.950392666671,0.03264887499999958,15,0,0,0,0,674,15,11,15,1.0,890.530026177778,48609.7519633334,269,239,659
SELF-Q4-mixed-fixed_hash-69,69,mixed,fixed_hash,triangle_optical,True,all_sources_cleared_with_certificate,triangle,False,905.0,31,18,"[2, 3, 4, 5, 6, 7, 8, 9, 10, 11, 12, 13, 14, 16, 17, 18]","[2, 3, 4, 5, 6, 7, 8, 9, 10, 11, 12, 13, 14, 16, 17, 18]",count_upper_bound,11985.872800935424,0.040416624999998874,16,0,0,0,0,982,16,9,16,1.0,749.117050058464,40509.36400467713,154,136,966
SELF-Q4-mixed-fixed_hash-70,70,mixed,fixed_hash,triangle_optical,True,all_sources_cleared_with_certificate,triangle,False,905.0,31,31,"[2, 3, 4, 5, 6, 10, 11, 12, 15, 18]","[2, 3, 4, 5, 6, 10, 11, 12, 15, 18]",full_mesh,13626.42231324455,0.03151541600000485,10,0,0,0,0,658,10,4,10,1.0,1362.642231324455,47427.11156622278,363,332,648
SELF-Q4-mixed-fixed_hash-71,71,mixed,fixed_hash,triangle_optical,True,all_sources_cleared_with_certificate,triangle,False,905.0,31,31,"[1, 2, 4, 5, 9, 11, 13, 14, 15, 16, 17]","[1, 2, 4, 5, 9, 11, 13, 14, 15, 16, 17]",full_mesh,11819.20910253552,0.023854459000006045,11,0,0,0,0,391,11,9,11,1.0,1074.4735547759565,42956.04551267759,344,313,380
SELF-Q4-mixed-fixed_hash-72,72,mixed,fixed_hash,triangle_optical,True,all_sources_cleared_with_certificate,triangle,False,905.0,31,31,"[3, 4, 6, 10, 11, 12, 15, 16, 17, 18, 19, 20]","[3, 4, 6, 10, 11, 12, 15, 16, 17, 18, 19, 20]",full_mesh,13886.7055185239,0.03153541700000062,12,0,0,0,0,665,12,7,12,1.0,1157.2254598769916,49348.527592619525,338,308,653
SELF-Q4-mixed-fixed_hash-73,73,mixed,fixed_hash,triangle_optical,True,all_sources_cleared_with_certificate,triangle,False,905.0,31,31,"[2, 4, 5, 6, 7, 8, 9, 10, 15, 16, 17, 19, 20]","[2, 4, 5, 6, 7, 8, 9, 10, 15, 16, 17, 19, 20]",full_mesh,14174.590985269,0.03424187499999931,13,0,0,0,0,732,13,8,13,1.0,1090.353152713,48782.95492634504,371,341,719
SELF-Q4-mixed-fixed_hash-74,74,mixed,fixed_hash,triangle_optical,True,all_sources_cleared_with_certificate,triangle,False,905.0,31,31,"[2, 3, 4, 5, 6, 8, 9, 11, 13, 14, 16, 17, 18, 20]","[2, 3, 4, 5, 6, 8, 9, 11, 13, 14, 16, 17, 18, 20]",full_mesh,13631.686003985616,0.033296415999998885,14,0,0,0,0,706,14,5,14,1.0,973.691857427544,49983.43001992812,253,224,692
SELF-Q4-mixed-fixed_hash-75,75,mixed,fixed_hash,triangle_optical,True,all_sources_cleared_with_certificate,triangle,False,905.0,31,31,"[2, 3, 6, 8, 9, 11, 12, 13, 14, 15, 16, 17, 18, 19, 20]","[2, 3, 6, 8, 9, 11, 12, 13, 14, 15, 16, 17, 18, 19, 20]",full_mesh,16260.850011455936,0.04220037500000018,15,0,0,0,0,1037,15,2,15,1.0,1084.0566674303957,59739.250057279714,200,172,1022
SELF-Q4-mixed-fixed_hash-76,76,mixed,fixed_hash,triangle_optical,True,all_sources_cleared_with_certificate,triangle,False,905.0,31,19,"[1, 3, 4, 5, 6, 7, 8, 10, 12, 13, 15, 16, 17, 18, 19, 20]","[1, 3, 4, 5, 6, 7, 8, 10, 12, 13, 15, 16, 17, 18, 19, 20]",count_upper_bound,13625.479819287559,0.04353729099999981,16,0,0,0,0,1142,16,4,16,1.0,851.5924887054724,45637.39909643782,176,160,1126
SELF-Q4-mixed-fixed_hash-77,77,mixed,fixed_hash,triangle_optical,True,all_sources_cleared_with_certificate,triangle,False,905.0,31,31,"[2, 5, 7, 8, 9, 11, 14, 17, 18, 20]","[2, 5, 7, 8, 9, 11, 14, 17, 18, 20]",full_mesh,13789.4817311973,0.030517250000002605,10,0,0,0,0,637,10,4,10,1.0,1378.94817311973,46452.408655986525,433,403,627
SELF-Q4-mixed-fixed_hash-78,78,mixed,fixed_hash,triangle_optical,True,all_sources_cleared_with_certificate,triangle,False,905.0,31,31,"[1, 3, 4, 7, 9, 10, 11, 13, 14, 15, 20]","[1, 3, 4, 7, 9, 10, 11, 13, 14, 15, 20]",full_mesh,14661.843461280796,0.033826333000000375,11,0,0,0,0,811,11,4,11,1.0,1332.894860116436,49784.21730640405,380,350,800
SELF-Q4-mixed-fixed_hash-79,79,mixed,fixed_hash,triangle_optical,True,all_sources_cleared_with_certificate,triangle,False,905.0,31,31,"[2, 3, 4, 5, 6, 8, 12, 14, 15, 16, 17, 18]","[2, 3, 4, 5, 6, 8, 12, 14, 15, 16, 17, 18]",full_mesh,12443.185038296713,0.02637858299999607,12,0,0,0,0,477,12,1,12,1.0,1036.9320865247262,44805.9251914836,343,312,465
SELF-Q4-mixed-fixed_hash-80,80,mixed,fixed_hash,triangle_optical,True,all_sources_cleared_with_certificate,triangle,False,905.0,31,31,"[1, 4, 6, 7, 9, 12, 13, 14, 15, 17, 18, 19, 20]","[1, 4, 6, 7, 9, 12, 13, 14, 15, 17, 18, 19, 20]",full_mesh,14824.560614120228,0.03334483400000465,13,0,0,0,0,731,13,10,13,1.0,1140.3508164707869,52732.80307060118,348,319,718
SELF-Q4-mixed-fixed_hash-81,81,mixed,fixed_hash,triangle_optical,True,all_sources_cleared_with_certificate,triangle,False,905.0,31,31,"[1, 3, 6, 8, 10, 11, 12, 13, 14, 15, 16, 17, 19, 20]","[1, 3, 6, 8, 10, 11, 12, 13, 14, 15, 16, 17, 19, 20]",full_mesh,15684.813807061908,0.04241441699999626,14,0,0,0,0,1028,14,12,14,1.0,1120.343843361565,55119.06903530961,263,234,1014
SELF-Q4-mixed-fixed_hash-82,82,mixed,fixed_hash,triangle_optical,True,all_sources_cleared_with_certificate,triangle,False,905.0,31,31,"[1, 3, 5, 6, 7, 8, 10, 11, 12, 13, 14, 16, 17, 18, 20]","[1, 3, 5, 6, 7, 8, 10, 11, 12, 13, 14, 16, 17, 18, 20]",full_mesh,13015.052703556421,0.029877083000002358,15,0,0,0,0,628,15,4,15,1.0,867.6701802370948,48460.26351778215,240,209,613
SELF-Q4-mixed-fixed_hash-83,83,mixed,fixed_hash,triangle_optical,True,all_sources_cleared_with_certificate,triangle,False,905.0,31,17,"[1, 2, 3, 4, 5, 7, 11, 12, 13, 14, 15, 16, 17, 18, 19, 20]","[1, 2, 3, 4, 5, 7, 11, 12, 13, 14, 15, 16, 17, 18, 19, 20]",count_upper_bound,11170.038625870382,0.03658104199999457,16,0,0,0,0,822,16,3,16,1.0,698.1274141168989,38965.19312935192,149,134,806
SELF-Q4-mixed-fixed_hash-84,84,mixed,fixed_hash,triangle_optical,True,all_sources_cleared_with_certificate,triangle,False,905.0,31,31,"[1, 2, 4, 8, 9, 10, 11, 13, 14, 16]","[1, 2, 4, 8, 9, 10, 11, 13, 14, 16]",full_mesh,13191.546624425573,0.0275008750000012,10,0,0,0,0,555,10,6,10,1.0,1319.1546624425573,46917.73312212788,359,328,545
SELF-Q4-mixed-fixed_hash-85,85,mixed,fixed_hash,triangle_optical,True,all_sources_cleared_with_certificate,triangle,False,905.0,31,31,"[4, 6, 7, 8, 10, 11, 13, 14, 16, 19, 20]","[4, 6, 7, 8, 10, 11, 13, 14, 16, 19, 20]",full_mesh,12909.376276388528,0.02752266600000297,11,0,0,0,0,553,11,7,11,1.0,1173.579661489866,45761.88138194269,351,321,542
SELF-Q4-mixed-fixed_hash-86,86,mixed,fixed_hash,triangle_optical,True,all_sources_cleared_with_certificate,triangle,False,905.0,31,31,"[1, 2, 3, 5, 7, 9, 11, 12, 15, 18, 19, 20]","[1, 2, 3, 5, 7, 9, 11, 12, 15, 18, 19, 20]",full_mesh,13546.07169024041,0.03133650000000188,12,0,0,0,0,653,12,9,12,1.0,1128.839307520034,47490.35845120209,349,320,641
SELF-Q4-mixed-fixed_hash-87,87,mixed,fixed_hash,triangle_optical,True,all_sources_cleared_with_certificate,triangle,False,905.0,31,31,"[1, 2, 4, 5, 6, 7, 9, 11, 13, 14, 15, 16, 18]","[1, 2, 4, 5, 6, 7, 9, 11, 13, 14, 15, 16, 18]",full_mesh,13848.709553480621,0.032479000000002145,13,0,0,0,0,708,13,5,13,1.0,1065.2853502677401,50188.54776740316,282,251,695
SELF-Q4-mixed-fixed_hash-88,88,mixed,fixed_hash,triangle_optical,True,all_sources_cleared_with_certificate,triangle,False,905.0,31,31,"[1, 3, 4, 6, 7, 8, 9, 11, 12, 13, 14, 16, 17, 20]","[1, 3, 4, 6, 7, 8, 9, 11, 12, 13, 14, 16, 17, 20]",full_mesh,17497.733791962615,0.043767000000002554,14,0,0,0,0,1202,14,12,14,1.0,1249.8381279973296,59898.66895981316,319,289,1188
SELF-Q4-mixed-fixed_hash-89,89,mixed,fixed_hash,triangle_optical,True,all_sources_cleared_with_certificate,triangle,False,905.0,31,31,"[2, 3, 4, 5, 6, 7, 8, 9, 10, 12, 14, 16, 17, 18, 20]","[2, 3, 4, 5, 6, 7, 8, 9, 10, 12, 14, 16, 17, 18, 20]",full_mesh,15266.477443766618,0.039390124999997056,15,0,0,0,0,966,15,8,15,1.0,1017.7651629177745,54192.3872188332,255,225,951
SELF-Q4-mixed-fixed_hash-90,90,mixed,fixed_hash,triangle_optical,True,all_sources_cleared_with_certificate,triangle,False,905.0,31,18,"[1, 2, 3, 5, 6, 7, 8, 9, 10, 11, 12, 13, 14, 16, 17, 18]","[1, 2, 3, 5, 6, 7, 8, 9, 10, 11, 12, 13, 14, 16, 17, 18]",count_upper_bound,9782.13493679108,0.031209582999998986,16,0,0,0,0,653,16,1,16,1.0,611.3834335494425,35115.67468395542,131,113,637
SELF-Q4-mixed-fixed_hash-91,91,mixed,fixed_hash,triangle_optical,True,all_sources_cleared_with_certificate,triangle,False,905.0,31,31,"[3, 6, 8, 12, 13, 14, 15, 16, 18, 19]","[3, 6, 8, 12, 13, 14, 15, 16, 18, 19]",full_mesh,13620.526684592622,0.029112249999997175,10,0,0,0,0,643,10,8,10,1.0,1362.0526684592621,46812.633422963154,390,359,633
SELF-Q4-mixed-fixed_hash-92,92,mixed,fixed_hash,triangle_optical,True,all_sources_cleared_with_certificate,triangle,False,905.0,31,31,"[2, 3, 4, 8, 9, 10, 14, 15, 17, 18, 19]","[2, 3, 4, 8, 9, 10, 14, 15, 17, 18, 19]",full_mesh,14663.56547749797,0.02992016600000369,11,0,0,0,0,752,11,6,11,1.0,1333.05140704527,51547.827387489895,351,321,741
SELF-Q4-mixed-fixed_hash-93,93,mixed,fixed_hash,triangle_optical,True,all_sources_cleared_with_certificate,triangle,False,905.0,31,31,"[1, 2, 3, 4, 6, 7, 12, 13, 14, 16, 19, 20]","[1, 2, 3, 4, 6, 7, 12, 13, 14, 16, 19, 20]",full_mesh,13922.444000261947,0.030398083000001463,12,0,0,0,0,670,12,10,12,1.0,1160.2036666884956,49577.22000130974,334,303,658
SELF-Q4-mixed-fixed_hash-94,94,mixed,fixed_hash,triangle_optical,True,all_sources_cleared_with_certificate,triangle,False,905.0,31,31,"[1, 4, 5, 6, 7, 8, 9, 10, 11, 14, 15, 18, 19]","[1, 4, 5, 6, 7, 8, 9, 10, 11, 14, 15, 18, 19]",full_mesh,14714.088365455396,0.03380916700000114,13,0,0,0,0,759,13,10,13,1.0,1131.8529511888767,51525.44182727703,356,326,746
SELF-Q4-mixed-fixed_hash-95,95,mixed,fixed_hash,triangle_optical,True,all_sources_cleared_with_certificate,triangle,False,905.0,31,31,"[1, 2, 3, 4, 5, 10, 12, 13, 15, 16, 17, 18, 19, 20]","[1, 2, 3, 4, 5, 10, 12, 13, 15, 16, 17, 18, 19, 20]",full_mesh,14165.325046530028,0.03285133299999643,14,0,0,0,0,716,14,10,14,1.0,1011.808931895002,49981.62523265021,337,308,702
SELF-Q4-mixed-fixed_hash-96,96,mixed,fixed_hash,triangle_optical,True,all_sources_cleared_with_certificate,triangle,False,905.0,31,31,"[1, 3, 4, 6, 7, 10, 11, 12, 13, 14, 15, 17, 18, 19, 20]","[1, 3, 4, 6, 7, 10, 11, 12, 13, 14, 15, 17, 18, 19, 20]",full_mesh,15695.884764809221,0.0387816249999986,15,0,0,0,0,996,15,6,15,1.0,1046.392317653948,55639.42382404618,263,235,981
SELF-Q4-mixed-fixed_hash-97,97,mixed,fixed_hash,triangle_optical,True,all_sources_cleared_with_certificate,triangle,False,905.0,31,24,"[1, 2, 4, 5, 6, 7, 9, 10, 12, 13, 14, 16, 17, 18, 19, 20]","[1, 2, 4, 5, 6, 7, 9, 10, 12, 13, 14, 16, 17, 18, 19, 20]",count_upper_bound,15040.871832175575,0.04353287499999681,16,0,0,0,0,1122,16,11,16,1.0,940.0544895109734,51244.359160877895,236,214,1106
SELF-Q4-mixed-fixed_hash-98,98,mixed,fixed_hash,triangle_optical,True,all_sources_cleared_with_certificate,triangle,False,905.0,31,31,"[1, 2, 5, 8, 11, 12, 14, 17, 19, 20]","[1, 2, 5, 8, 11, 12, 14, 17, 19, 20]",full_mesh,15086.212062595838,0.032831958000002714,10,0,0,0,0,765,10,9,10,1.0,1508.6212062595837,51196.060312979214,427,397,755
SELF-Q4-mixed-fixed_hash-99,99,mixed,fixed_hash,triangle_optical,True,all_sources_cleared_with_certificate,triangle,False,905.0,31,31,"[2, 3, 4, 5, 6, 7, 8, 13, 18, 19, 20]","[2, 3, 4, 5, 6, 7, 8, 13, 18, 19, 20]",full_mesh,13658.419377080261,0.03180579200000011,11,0,0,0,0,637,11,9,11,1.0,1241.6744888254782,47772.09688540133,367,336,626
SELF-Q4-mixed-fixed_hash-100,100,mixed,fixed_hash,triangle_optical,True,all_sources_cleared_with_certificate,triangle,False,905.0,31,31,"[2, 5, 6, 7, 9, 11, 12, 13, 15, 17, 18, 19]","[2, 5, 6, 7, 9, 11, 12, 13, 15, 17, 18, 19]",full_mesh,13744.355045538097,0.031735625000003154,12,0,0,0,0,717,12,2,12,1.0,1145.362920461508,48756.77522769054,308,278,705
SELF-Q4-mixed-fixed_hash-101,101,mixed,fixed_hash,triangle_optical,True,all_sources_cleared_with_certificate,triangle,False,905.0,31,31,"[1, 4, 5, 7, 8, 9, 10, 11, 12, 15, 17, 18, 19]","[1, 4, 5, 7, 8, 9, 10, 11, 12, 15, 17, 18, 19]",full_mesh,12018.270331957297,0.027724833000000615,13,0,0,0,0,482,13,12,13,1.0,924.4823332274844,43431.351659786545,315,285,469
SELF-Q4-mixed-fixed_hash-102,102,mixed,fixed_hash,triangle_optical,True,all_sources_cleared_with_certificate,triangle,False,905.0,31,31,"[1, 3, 5, 6, 7, 9, 10, 12, 13, 14, 17, 18, 19, 20]","[1, 3, 5, 6, 7, 9, 10, 12, 13, 14, 17, 18, 19, 20]",full_mesh,13820.916644409283,0.03676704200000103,14,0,0,0,0,728,14,13,14,1.0,987.2083317435201,49099.58322204646,303,274,714
SELF-Q4-mixed-fixed_hash-103,103,mixed,fixed_hash,triangle_optical,True,all_sources_cleared_with_certificate,triangle,False,905.0,31,31,"[1, 2, 3, 4, 5, 6, 7, 8, 11, 12, 13, 15, 17, 18, 20]","[1, 2, 3, 4, 5, 6, 7, 8, 11, 12, 13, 15, 17, 18, 20]",full_mesh,16009.15400412783,0.044302917000003106,15,0,0,0,0,1075,15,1,15,1.0,1067.2769336085219,56755.77002063924,239,208,1060
SELF-Q4-mixed-fixed_hash-104,104,mixed,fixed_hash,triangle_optical,True,all_sources_cleared_with_certificate,triangle,False,905.0,31,19,"[1, 2, 3, 6, 7, 8, 9, 10, 11, 12, 13, 14, 15, 16, 17, 20]","[1, 2, 3, 6, 7, 8, 9, 10, 11, 12, 13, 14, 15, 16, 17, 20]",count_upper_bound,13707.46559878588,0.04577249999999822,16,0,0,0,0,1015,16,6,16,1.0,856.7165999241175,46617.32799392944,221,202,999
SELF-Q4-mixed-fixed_hash-105,105,mixed,fixed_hash,triangle_optical,True,all_sources_cleared_with_certificate,triangle,False,905.0,31,31,"[1, 4, 5, 6, 9, 10, 12, 13, 16, 19]","[1, 4, 5, 6, 9, 10, 12, 13, 16, 19]",full_mesh,13198.117744998866,0.030086708000006013,10,0,0,0,0,631,10,3,10,1.0,1319.8117744998867,45960.58872499438,354,323,621
SELF-Q4-mixed-fixed_hash-106,106,mixed,fixed_hash,triangle_optical,True,all_sources_cleared_with_certificate,triangle,False,905.0,31,31,"[1, 2, 4, 5, 8, 13, 16, 17, 18, 19, 20]","[1, 2, 4, 5, 8, 13, 16, 17, 18, 19, 20]",full_mesh,14217.3220587667,0.03676345899999944,11,0,0,0,0,680,11,6,11,1.0,1292.4838235242455,48921.61029383355,400,371,669
SELF-Q4-mixed-fixed_hash-107,107,mixed,fixed_hash,triangle_optical,True,all_sources_cleared_with_certificate,triangle,False,905.0,31,31,"[1, 2, 3, 5, 7, 8, 9, 10, 11, 14, 16, 19]","[1, 2, 3, 5, 7, 8, 9, 10, 11, 14, 16, 19]",full_mesh,14113.423799028687,0.03927374999999955,12,0,0,0,0,748,12,11,12,1.0,1176.1186499190574,50107.1189951435,309,279,736
SELF-Q4-mixed-fixed_hash-108,108,mixed,fixed_hash,triangle_optical,True,all_sources_cleared_with_certificate,triangle,False,905.0,31,31,"[2, 3, 4, 5, 6, 9, 10, 12, 13, 15, 18, 19, 20]","[2, 3, 4, 5, 6, 9, 10, 12, 13, 15, 18, 19, 20]",full_mesh,15159.773104999938,0.04069374999999553,13,0,0,0,0,879,13,2,13,1.0,1166.136392692303,53363.86552499977,309,279,866
SELF-Q4-mixed-fixed_hash-109,109,mixed,fixed_hash,triangle_optical,True,all_sources_cleared_with_certificate,triangle,False,905.0,31,31,"[2, 4, 5, 7, 8, 9, 10, 13, 15, 16, 17, 18, 19, 20]","[2, 4, 5, 7, 8, 9, 10, 13, 15, 16, 17, 18, 19, 20]",full_mesh,13800.066486618804,0.036127666999995256,14,0,0,0,0,801,14,4,14,1.0,985.7190347584859,50160.33243309409,228,197,787
SELF-Q4-mixed-fixed_hash-110,110,mixed,fixed_hash,triangle_optical,True,all_sources_cleared_with_certificate,triangle,False,905.0,31,31,"[1, 2, 6, 7, 8, 9, 11, 12, 13, 14, 15, 16, 17, 18, 19]","[1, 2, 6, 7, 8, 9, 11, 12, 13, 14, 15, 16, 17, 18, 19]",full_mesh,13834.888984053603,0.0371849169999976,15,0,0,0,0,776,15,2,15,1.0,922.3259322702402,50759.44492026807,226,195,761
SELF-Q4-mixed-fixed_hash-111,111,mixed,fixed_hash,triangle_optical,True,all_sources_cleared_with_certificate,triangle,False,905.0,31,18,"[2, 3, 4, 6, 7, 8, 10, 11, 13, 14, 15, 16, 17, 18, 19, 20]","[2, 3, 4, 6, 7, 8, 10, 11, 13, 14, 15, 16, 17, 18, 19, 20]",count_upper_bound,12583.826280762201,0.04288337499999528,16,0,0,0,0,977,16,7,16,1.0,786.4891425476376,42874.131403811014,177,161,961
SELF-Q4-mixed-fixed_hash-112,112,mixed,fixed_hash,triangle_optical,True,all_sources_cleared_with_certificate,triangle,False,905.0,31,31,"[3, 4, 6, 10, 11, 13, 14, 15, 16, 19]","[3, 4, 6, 10, 11, 13, 14, 15, 16, 19]",full_mesh,12475.89239448778,0.027903249999994273,10,0,0,0,0,510,10,9,10,1.0,1247.589239448778,44519.46197243893,342,312,500
SELF-Q4-mixed-fixed_hash-113,113,mixed,fixed_hash,triangle_optical,True,all_sources_cleared_with_certificate,triangle,False,905.0,31,31,"[1, 2, 3, 4, 5, 7, 9, 12, 16, 18, 20]","[1, 2, 3, 4, 5, 7, 9, 12, 16, 18, 20]",full_mesh,12859.64212914386,0.03002420799999328,11,0,0,0,0,555,11,10,11,1.0,1169.0583753767146,45478.21064571932,351,322,544
SELF-Q4-mixed-fixed_hash-114,114,mixed,fixed_hash,triangle_optical,True,all_sources_cleared_with_certificate,triangle,False,905.0,31,31,"[1, 3, 4, 8, 9, 10, 11, 14, 15, 17, 19, 20]","[1, 3, 4, 8, 9, 10, 11, 14, 15, 17, 19, 20]",full_mesh,13351.248805031206,0.03152362499999839,12,0,0,0,0,622,12,5,12,1.0,1112.6040670859338,47556.24402515608,330,300,610
SELF-Q4-mixed-fixed_hash-115,115,mixed,fixed_hash,triangle_optical,True,all_sources_cleared_with_certificate,triangle,False,905.0,31,31,"[4, 5, 6, 7, 8, 9, 10, 11, 12, 13, 14, 16, 18]","[4, 5, 6, 7, 8, 9, 10, 11, 12, 13, 14, 16, 18]",full_mesh,13191.531555162785,0.033196458000006146,13,0,0,0,0,639,13,1,13,1.0,1014.7331965509834,48177.657775813976,274,243,626
SELF-Q4-mixed-fixed_hash-116,116,mixed,fixed_hash,triangle_optical,True,all_sources_cleared_with_certificate,triangle,False,905.0,31,31,"[1, 3, 4, 5, 7, 8, 9, 10, 12, 13, 15, 16, 18, 20]","[1, 3, 4, 5, 7, 8, 9, 10, 12, 13, 15, 16, 18, 20]",full_mesh,12875.093492510472,0.03234475000000003,14,0,0,0,0,617,14,10,14,1.0,919.6495351793194,47240.46746255241,263,233,603
SELF-Q4-mixed-fixed_hash-117,117,mixed,fixed_hash,triangle_optical,True,all_sources_cleared_with_certificate,triangle,False,905.0,31,31,"[2, 3, 4, 6, 7, 8, 9, 10, 13, 14, 16, 17, 18, 19, 20]","[2, 3, 4, 6, 7, 8, 9, 10, 13, 14, 16, 17, 18, 19, 20]",full_mesh,14169.954158604161,0.040611749999996505,15,0,0,0,0,850,15,1,15,1.0,944.6636105736108,51169.770793020856,231,201,835
SELF-Q4-mixed-fixed_hash-118,118,mixed,fixed_hash,triangle_optical,True,all_sources_cleared_with_certificate,triangle,False,905.0,31,18,"[1, 2, 4, 5, 6, 7, 8, 10, 12, 13, 14, 15, 16, 17, 19, 20]","[1, 2, 4, 5, 6, 7, 8, 10, 12, 13, 14, 15, 16, 17, 19, 20]",count_upper_bound,13127.074839349338,0.04448866700000309,16,0,0,0,0,1039,16,14,16,1.0,820.4421774593336,43885.3741967467,203,186,1023
SELF-Q4-mixed-fixed_hash-119,119,mixed,fixed_hash,triangle_optical,True,all_sources_cleared_with_certificate,triangle,False,905.0,31,31,"[2, 3, 4, 6, 7, 10, 11, 14, 16, 18]","[2, 3, 4, 6, 7, 10, 11, 14, 16, 18]",full_mesh,15119.981693875543,0.03588579200000197,10,0,0,0,0,832,10,5,10,1.0,1511.9981693875543,52404.90846937778,359,328,822
SELF-Q4-mixed-fixed_hash-120,120,mixed,fixed_hash,triangle_optical,True,all_sources_cleared_with_certificate,triangle,False,905.0,31,31,"[3, 4, 5, 6, 7, 8, 13, 14, 15, 17, 20]","[3, 4, 5, 6, 7, 8, 13, 14, 15, 17, 20]",full_mesh,14688.593476043307,0.035467041000003974,11,0,0,0,0,831,11,6,11,1.0,1335.3266796403007,51092.96738021659,331,300,820
SELF-Q4-mixed-fixed_hash-121,121,mixed,fixed_hash,triangle_optical,True,all_sources_cleared_with_certificate,triangle,False,905.0,31,31,"[1, 3, 5, 6, 7, 11, 12, 13, 16, 17, 19, 20]","[1, 3, 5, 6, 7, 11, 12, 13, 16, 17, 19, 20]",full_mesh,12307.685526824904,0.02715899999999749,12,0,0,0,0,404,12,3,12,1.0,1025.640460568742,45128.42763412451,346,316,392
SELF-Q4-mixed-fixed_hash-122,122,mixed,fixed_hash,triangle_optical,True,all_sources_cleared_with_certificate,triangle,False,905.0,31,31,"[2, 3, 4, 5, 7, 8, 10, 11, 12, 13, 17, 18, 20]","[2, 3, 4, 5, 7, 8, 10, 11, 12, 13, 17, 18, 20]",full_mesh,14152.770850050416,0.032911292000001424,13,0,0,0,0,701,13,8,13,1.0,1088.674680773109,50368.854250252116,330,300,688
SELF-Q4-mixed-fixed_hash-123,123,mixed,fixed_hash,triangle_optical,True,all_sources_cleared_with_certificate,triangle,False,905.0,31,31,"[1, 2, 3, 6, 7, 9, 10, 11, 12, 14, 16, 17, 19, 20]","[1, 2, 3, 6, 7, 9, 10, 11, 12, 14, 16, 17, 19, 20]",full_mesh,14985.3080409856,0.036162374999996416,14,0,0,0,0,850,14,1,14,1.0,1070.3791457846858,53366.54020492807,294,264,836
SELF-Q4-mixed-fixed_hash-124,124,mixed,fixed_hash,triangle_optical,True,all_sources_cleared_with_certificate,triangle,False,905.0,31,31,"[1, 2, 3, 4, 5, 6, 7, 9, 12, 13, 15, 17, 18, 19, 20]","[1, 2, 3, 4, 5, 6, 7, 9, 12, 13, 15, 17, 18, 19, 20]",full_mesh,14795.794228258947,0.03717595799999884,15,0,0,0,0,895,15,1,15,1.0,986.3862818839298,53833.97114129475,224,194,880
SELF-Q4-mixed-fixed_hash-125,125,mixed,fixed_hash,triangle_optical,True,all_sources_cleared_with_certificate,triangle,False,905.0,31,21,"[1, 2, 3, 4, 5, 6, 7, 8, 10, 11, 12, 13, 14, 15, 18, 20]","[1, 2, 3, 4, 5, 6, 7, 8, 10, 11, 12, 13, 14, 15, 18, 20]",count_upper_bound,13455.770952764618,0.04080737499999998,16,0,0,0,0,1000,16,11,16,1.0,840.9856845477887,45918.85476382314,210,190,984
SELF-Q4-mixed-fixed_hash-126,126,mixed,fixed_hash,triangle_optical,True,all_sources_cleared_with_certificate,triangle,False,905.0,31,31,"[2, 3, 4, 6, 8, 11, 15, 17, 18, 19]","[2, 3, 4, 6, 8, 11, 15, 17, 18, 19]",full_mesh,12117.451463592675,0.022891958000002433,10,0,0,0,0,431,10,3,10,1.0,1211.7451463592674,43497.25731796338,356,325,421
SELF-Q4-mixed-fixed_hash-127,127,mixed,fixed_hash,triangle_optical,True,all_sources_cleared_with_certificate,triangle,False,905.0,31,31,"[1, 2, 4, 5, 7, 11, 14, 15, 17, 18, 19]","[1, 2, 4, 5, 7, 11, 14, 15, 17, 18, 19]",full_mesh,15624.315596002454,0.036382124999995824,11,0,0,0,0,903,11,7,11,1.0,1420.392326909314,53461.577980012305,372,341,892
SELF-Q4-mixed-fixed_hash-128,128,mixed,fixed_hash,triangle_optical,True,all_sources_cleared_with_certificate,triangle,False,905.0,31,31,"[1, 3, 5, 6, 8, 9, 11, 12, 13, 16, 17, 20]","[1, 3, 5, 6, 8, 9, 11, 12, 13, 16, 17, 20]",full_mesh,15011.40285023241,0.03647987499999772,12,0,0,0,0,892,12,11,12,1.0,1250.9502375193676,51987.014251162145,324,294,880
SELF-Q4-mixed-fixed_hash-129,129,mixed,fixed_hash,triangle_optical,True,all_sources_cleared_with_certificate,triangle,False,905.0,31,31,"[2, 3, 4, 6, 9, 10, 11, 13, 14, 17, 18, 19, 20]","[2, 3, 4, 6, 9, 10, 11, 13, 14, 17, 18, 19, 20]",full_mesh,12472.496970156266,0.027060917000000018,13,0,0,0,0,532,13,11,13,1.0,959.4228438581742,44917.48485078134,316,287,519
SELF-Q4-mixed-fixed_hash-130,130,mixed,fixed_hash,triangle_optical,True,all_sources_cleared_with_certificate,triangle,False,905.0,31,31,"[1, 2, 4, 5, 6, 9, 10, 11, 13, 14, 15, 17, 19, 20]","[1, 2, 4, 5, 6, 9, 10, 11, 13, 14, 15, 17, 19, 20]",full_mesh,13850.065654332055,0.032913250000000005,14,0,0,0,0,685,14,11,14,1.0,989.290403880861,49235.32827166033,325,295,671
SELF-Q4-mixed-fixed_hash-131,131,mixed,fixed_hash,triangle_optical,True,all_sources_cleared_with_certificate,triangle,False,905.0,31,31,"[1, 2, 3, 5, 6, 7, 9, 10, 11, 12, 13, 17, 18, 19, 20]","[1, 2, 3, 5, 6, 7, 9, 10, 11, 12, 13, 17, 18, 19, 20]",full_mesh,13662.208056063335,0.030971749999999076,15,0,0,0,0,612,15,12,15,1.0,910.8138704042224,50246.04028031673,296,267,597
SELF-Q4-mixed-fixed_hash-132,132,mixed,fixed_hash,triangle_optical,True,all_sources_cleared_with_certificate,triangle,False,905.0,31,18,"[1, 2, 3, 4, 5, 6, 8, 9, 11, 12, 14, 15, 17, 18, 19, 20]","[1, 2, 3, 4, 5, 6, 8, 9, 11, 12, 14, 15, 17, 18, 19, 20]",count_upper_bound,12642.744312879931,0.03809854200000018,16,0,0,0,0,920,16,3,16,1.0,790.1715195549957,43068.72156439968,209,192,904
SELF-Q4-mixed-fixed_hash-133,133,mixed,fixed_hash,triangle_optical,True,all_sources_cleared_with_certificate,triangle,False,905.0,31,31,"[1, 9, 10, 11, 12, 15, 16, 17, 19, 20]","[1, 9, 10, 11, 12, 15, 16, 17, 19, 20]",full_mesh,11338.763292973399,0.022127750000002777,10,0,0,0,0,346,10,2,10,1.0,1133.87632929734,40208.816464867,378,349,336
SELF-Q4-mixed-fixed_hash-134,134,mixed,fixed_hash,triangle_optical,True,all_sources_cleared_with_certificate,triangle,False,905.0,31,31,"[1, 2, 4, 5, 7, 8, 11, 13, 16, 17, 18]","[1, 2, 4, 5, 7, 8, 11, 13, 16, 17, 18]",full_mesh,13843.031357291818,0.031891749999999774,11,0,0,0,0,689,11,8,11,1.0,1258.457396117438,48665.15678645913,342,311,678
SELF-Q4-mixed-fixed_hash-135,135,mixed,fixed_hash,triangle_optical,True,all_sources_cleared_with_certificate,triangle,False,905.0,31,31,"[1, 2, 3, 5, 8, 9, 10, 12, 14, 16, 19, 20]","[1, 2, 3, 5, 8, 9, 10, 12, 14, 16, 19, 20]",full_mesh,13011.664898680428,0.028933332999997674,12,0,0,0,0,600,12,6,12,1.0,1084.305408223369,47508.32449340217,286,256,588
SELF-Q4-mixed-fixed_hash-136,136,mixed,fixed_hash,triangle_optical,True,all_sources_cleared_with_certificate,triangle,False,905.0,31,31,"[1, 2, 3, 4, 7, 8, 11, 13, 14, 15, 17, 19, 20]","[1, 2, 3, 4, 7, 8, 11, 13, 14, 15, 17, 19, 20]",full_mesh,13936.549034155334,0.03221029200000203,13,0,0,0,0,653,13,3,13,1.0,1072.0422333965641,49647.74517077672,342,312,640
SELF-Q4-mixed-fixed_hash-137,137,mixed,fixed_hash,triangle_optical,True,all_sources_cleared_with_certificate,triangle,False,905.0,31,31,"[1, 3, 4, 6, 7, 8, 9, 11, 13, 14, 16, 17, 18, 19]","[1, 3, 4, 6, 7, 8, 9, 11, 13, 14, 16, 17, 18, 19]",full_mesh,16304.601961573553,0.043398582999998325,14,0,0,0,0,1097,14,9,14,1.0,1164.6144258266825,57543.009807867864,251,222,1083
SELF-Q4-mixed-fixed_hash-138,138,mixed,fixed_hash,triangle_optical,True,all_sources_cleared_with_certificate,triangle,False,905.0,31,31,"[3, 4, 5, 6, 7, 8, 9, 10, 11, 13, 14, 15, 17, 18, 20]","[3, 4, 5, 6, 7, 8, 9, 10, 11, 13, 14, 15, 17, 18, 20]",full_mesh,13160.311460097984,0.03325533299999961,15,0,0,0,0,624,15,12,15,1.0,877.3540973398656,46451.55730048995,333,303,609
SELF-Q4-mixed-fixed_hash-139,139,mixed,fixed_hash,triangle_optical,True,all_sources_cleared_with_certificate,triangle,False,905.0,31,16,"[1, 3, 4, 5, 6, 8, 9, 10, 11, 12, 13, 14, 16, 18, 19, 20]","[1, 3, 4, 5, 6, 8, 9, 10, 11, 12, 13, 14, 16, 18, 19, 20]",count_upper_bound,12016.424244482228,0.0400728749999999,16,0,0,0,0,991,16,3,16,1.0,751.0265152801393,41832.12122241115,110,95,975
SELF-Q4-mixed-fixed_hash-140,140,mixed,fixed_hash,triangle_optical,True,all_sources_cleared_with_certificate,triangle,False,905.0,31,31,"[1, 2, 4, 9, 11, 12, 17, 18, 19, 20]","[1, 2, 4, 9, 11, 12, 17, 18, 19, 20]",full_mesh,10823.128132045429,0.019877000000001033,10,0,0,0,0,315,10,4,10,1.0,1082.3128132045429,39715.64066022712,324,295,305
SELF-Q4-mixed-fixed_hash-141,141,mixed,fixed_hash,triangle_optical,True,all_sources_cleared_with_certificate,triangle,False,905.0,31,31,"[1, 5, 6, 9, 11, 15, 16, 17, 18, 19, 20]","[1, 5, 6, 9, 11, 15, 16, 17, 18, 19, 20]",full_mesh,12478.474931093599,0.027678665999999907,11,0,0,0,0,514,11,7,11,1.0,1134.4068119176,43352.37465546798,379,349,503
SELF-Q4-mixed-fixed_hash-142,142,mixed,fixed_hash,triangle_optical,True,all_sources_cleared_with_certificate,triangle,False,905.0,31,31,"[1, 2, 5, 6, 10, 12, 13, 15, 16, 18, 19, 20]","[1, 2, 5, 6, 10, 12, 13, 15, 16, 18, 19, 20]",full_mesh,13045.974256617596,0.026651667000002988,12,0,0,0,0,498,12,3,12,1.0,1087.1645213847996,48154.87128308799,321,292,486
SELF-Q4-mixed-fixed_hash-143,143,mixed,fixed_hash,triangle_optical,True,all_sources_cleared_with_certificate,triangle,False,905.0,31,31,"[1, 2, 3, 4, 5, 6, 7, 8, 10, 12, 14, 17, 19]","[1, 2, 3, 4, 5, 6, 7, 8, 10, 12, 14, 17, 19]",full_mesh,13715.636692757971,0.03186129099999846,13,0,0,0,0,667,13,10,13,1.0,1055.0489763659978,47738.183463789894,362,331,654
SELF-Q4-mixed-fixed_hash-144,144,mixed,fixed_hash,triangle_optical,True,all_sources_cleared_with_certificate,triangle,False,905.0,31,31,"[2, 3, 4, 6, 7, 8, 10, 11, 13, 14, 15, 16, 19, 20]","[2, 3, 4, 6, 7, 8, 10, 11, 13, 14, 15, 16, 19, 20]",full_mesh,13741.62911417101,0.03243391699999876,14,0,0,0,0,714,14,3,14,1.0,981.5449367265007,50213.1455708551,260,229,700
SELF-Q4-mixed-fixed_hash-145,145,mixed,fixed_hash,triangle_optical,True,all_sources_cleared_with_certificate,triangle,False,905.0,31,31,"[1, 3, 5, 6, 8, 9, 11, 12, 13, 14, 15, 16, 17, 18, 19]","[1, 3, 5, 6, 8, 9, 11, 12, 13, 14, 15, 16, 17, 18, 19]",full_mesh,14748.430514925873,0.03710458300000141,15,0,0,0,0,866,15,14,15,1.0,983.2287009950581,52927.152574629414,261,230,851
SELF-Q4-mixed-fixed_hash-146,146,mixed,fixed_hash,triangle_optical,True,all_sources_cleared_with_certificate,triangle,False,905.0,31,28,"[1, 2, 3, 4, 5, 6, 7, 8, 9, 10, 11, 14, 15, 16, 19, 20]","[1, 2, 3, 4, 5, 6, 7, 8, 9, 10, 11, 14, 15, 16, 19, 20]",count_upper_bound,13909.333752192393,0.03729004099999855,16,0,0,0,0,895,16,3,16,1.0,869.3333595120246,49196.66876096202,230,203,879
SELF-Q4-mixed-fixed_hash-147,147,mixed,fixed_hash,triangle_optical,True,all_sources_cleared_with_certificate,triangle,False,905.0,31,31,"[3, 5, 7, 11, 12, 13, 15, 17, 19, 20]","[3, 5, 7, 11, 12, 13, 15, 17, 19, 20]",full_mesh,11365.577411928558,0.02240849999999739,10,0,0,0,0,330,10,8,10,1.0,1136.5577411928557,39897.8870596428,401,371,320
SELF-Q4-mixed-fixed_hash-148,148,mixed,fixed_hash,triangle_optical,True,all_sources_cleared_with_certificate,triangle,False,905.0,31,31,"[2, 4, 5, 8, 10, 11, 12, 13, 14, 19, 20]","[2, 4, 5, 8, 10, 11, 12, 13, 14, 19, 20]",full_mesh,13777.179400722864,0.02985787499999759,11,0,0,0,0,645,11,5,11,1.0,1252.4708546111694,48060.89700361437,373,343,634
SELF-Q4-mixed-fixed_hash-149,149,mixed,fixed_hash,triangle_optical,True,all_sources_cleared_with_certificate,triangle,False,905.0,31,31,"[1, 3, 4, 5, 7, 9, 10, 13, 14, 15, 17, 20]","[1, 3, 4, 5, 7, 9, 10, 13, 14, 15, 17, 20]",full_mesh,11768.88692839034,0.023598249999999155,12,0,0,0,0,407,12,1,12,1.0,980.7405773658617,42719.43464195172,335,305,395
SELF-Q4-mixed-fixed_hash-150,150,mixed,fixed_hash,triangle_optical,True,all_sources_cleared_with_certificate,triangle,False,905.0,31,31,"[2, 3, 5, 6, 7, 8, 10, 11, 13, 15, 17, 18, 19]","[2, 3, 5, 6, 7, 8, 10, 11, 13, 15, 17, 18, 19]",full_mesh,15315.827365824138,0.0360633329999942,13,0,0,0,0,906,13,5,13,1.0,1178.1405666018568,54674.13682912076,278,247,893
SELF-Q4-mixed-fixed_hash-151,151,mixed,fixed_hash,triangle_optical,True,all_sources_cleared_with_certificate,triangle,False,905.0,31,31,"[2, 7, 8, 10, 11, 12, 13, 14, 15, 16, 17, 18, 19, 20]","[2, 7, 8, 10, 11, 12, 13, 14, 15, 16, 17, 18, 19, 20]",full_mesh,15408.17325988206,0.039802749999999776,14,0,0,0,0,937,14,7,14,1.0,1100.58380427729,54085.866299410365,297,267,923
SELF-Q4-mixed-fixed_hash-152,152,mixed,fixed_hash,triangle_optical,True,all_sources_cleared_with_certificate,triangle,False,905.0,31,31,"[1, 2, 3, 5, 6, 7, 8, 10, 11, 12, 13, 14, 18, 19, 20]","[1, 2, 3, 5, 6, 7, 8, 10, 11, 12, 13, 14, 18, 19, 20]",full_mesh,16793.199164187165,0.041228459000002715,15,0,0,0,0,1110,15,14,15,1.0,1119.546610945811,57950.99582093589,312,283,1095
SELF-Q4-mixed-fixed_hash-153,153,mixed,fixed_hash,triangle_optical,True,all_sources_cleared_with_certificate,triangle,False,905.0,31,17,"[2, 3, 4, 5, 6, 7, 9, 10, 11, 12, 13, 14, 15, 16, 17, 20]","[2, 3, 4, 5, 6, 7, 9, 10, 11, 12, 13, 14, 15, 16, 17, 20]",count_upper_bound,12370.711936844857,0.040348000000001605,16,0,0,0,0,988,16,6,16,1.0,773.1694960528035,42333.55968422432,154,138,972
SELF-Q4-mixed-fixed_hash-154,154,mixed,fixed_hash,triangle_optical,True,all_sources_cleared_with_certificate,triangle,False,905.0,31,31,"[1, 5, 7, 8, 9, 13, 15, 16, 17, 20]","[1, 5, 7, 8, 9, 13, 15, 16, 17, 20]",full_mesh,13812.052942859122,0.03006149999999508,10,0,0,0,0,582,10,7,10,1.0,1381.2052942859123,47305.26471429565,436,405,572
SELF-Q4-mixed-fixed_hash-155,155,mixed,fixed_hash,triangle_optical,True,all_sources_cleared_with_certificate,triangle,False,905.0,31,31,"[4, 5, 7, 9, 10, 14, 15, 17, 18, 19, 20]","[4, 5, 7, 9, 10, 14, 15, 17, 18, 19, 20]",full_mesh,12710.54532036589,0.028352040999997996,11,0,0,0,0,596,11,1,11,1.0,1155.5041200332628,44322.72660182951,344,316,585
SELF-Q4-mixed-fixed_hash-156,156,mixed,fixed_hash,triangle_optical,True,all_sources_cleared_with_certificate,triangle,False,905.0,31,31,"[3, 4, 5, 7, 8, 9, 12, 14, 16, 17, 18, 19]","[3, 4, 5, 7, 8, 9, 12, 14, 16, 17, 18, 19]",full_mesh,12735.081990938215,0.028859209000003716,12,0,0,0,0,545,12,6,12,1.0,1061.2568325781847,44375.409954691095,372,341,533
SELF-Q4-mixed-fixed_hash-157,157,mixed,fixed_hash,triangle_optical,True,all_sources_cleared_with_certificate,triangle,False,905.0,31,31,"[1, 2, 3, 4, 6, 8, 10, 13, 14, 16, 17, 19, 20]","[1, 2, 3, 4, 6, 8, 10, 13, 14, 16, 17, 19, 20]",full_mesh,13863.861763197005,0.033157665999993924,13,0,0,0,0,707,13,4,13,1.0,1066.4509048613081,49674.308815985074,302,272,694
SELF-Q4-mixed-fixed_hash-158,158,mixed,fixed_hash,triangle_optical,True,all_sources_cleared_with_certificate,triangle,False,905.0,31,31,"[1, 2, 4, 5, 8, 10, 11, 12, 13, 14, 16, 17, 18, 20]","[1, 2, 4, 5, 8, 10, 11, 12, 13, 14, 16, 17, 18, 20]",full_mesh,15388.741355303224,0.04000883399999822,14,0,0,0,0,975,14,5,14,1.0,1099.1958110930875,54708.706776516156,254,224,961
SELF-Q4-mixed-fixed_hash-159,159,mixed,fixed_hash,triangle_optical,True,all_sources_cleared_with_certificate,triangle,False,905.0,31,31,"[1, 4, 5, 6, 7, 8, 10, 12, 13, 14, 15, 16, 17, 19, 20]","[1, 4, 5, 6, 7, 8, 10, 12, 13, 14, 15, 16, 17, 19, 20]",full_mesh,14932.406476410173,0.04038516600000008,15,0,0,0,0,931,15,4,15,1.0,995.4937650940116,53612.03238205092,236,207,916
SELF-Q4-mixed-fixed_hash-160,160,mixed,fixed_hash,triangle_optical,True,all_sources_cleared_with_certificate,triangle,False,905.0,31,18,"[4, 6, 7, 8, 9, 10, 11, 12, 13, 14, 15, 16, 17, 18, 19, 20]","[4, 6, 7, 8, 9, 10, 11, 12, 13, 14, 15, 16, 17, 18, 19, 20]",count_upper_bound,10740.11008862632,0.0349358330000058,16,0,0,0,0,749,16,1,16,1.0,671.256880539145,37850.55044313159,151,136,733
SELF-Q4-mixed-fixed_hash-161,161,mixed,fixed_hash,triangle_optical,True,all_sources_cleared_with_certificate,triangle,False,905.0,31,31,"[1, 6, 7, 8, 10, 11, 15, 16, 17, 18]","[1, 6, 7, 8, 10, 11, 15, 16, 17, 18]",full_mesh,12861.91057042649,0.02516879099999869,10,0,0,0,0,492,10,8,10,1.0,1286.191057042649,45254.552852132496,391,360,482
SELF-Q4-mixed-fixed_hash-162,162,mixed,fixed_hash,triangle_optical,True,all_sources_cleared_with_certificate,triangle,False,905.0,31,31,"[2, 5, 7, 8, 10, 11, 13, 14, 15, 17, 19]","[2, 5, 7, 8, 10, 11, 13, 14, 15, 17, 19]",full_mesh,13300.201487796525,0.028625584000003812,11,0,0,0,0,582,11,1,11,1.0,1209.1092261633205,47401.007438982684,347,317,571
SELF-Q4-mixed-fixed_hash-163,163,mixed,fixed_hash,triangle_optical,True,all_sources_cleared_with_certificate,triangle,False,905.0,31,31,"[3, 4, 6, 10, 11, 14, 15, 16, 17, 18, 19, 20]","[3, 4, 6, 10, 11, 14, 15, 16, 17, 18, 19, 20]",full_mesh,12217.59699653403,0.025532750000003546,12,0,0,0,0,464,12,10,12,1.0,1018.1330830445025,43922.9849826702,341,312,452
SELF-Q4-mixed-fixed_hash-164,164,mixed,fixed_hash,triangle_optical,True,all_sources_cleared_with_certificate,triangle,False,905.0,31,31,"[1, 2, 4, 7, 9, 10, 11, 13, 14, 15, 16, 19, 20]","[1, 2, 4, 7, 9, 10, 11, 13, 14, 15, 16, 19, 20]",full_mesh,14030.918260790606,0.03321325000000286,13,0,0,0,0,712,13,3,13,1.0,1079.3014046762005,50014.591303953086,316,286,699
SELF-Q4-mixed-fixed_hash-165,165,mixed,fixed_hash,triangle_optical,True,all_sources_cleared_with_certificate,triangle,False,905.0,31,31,"[1, 2, 3, 4, 6, 7, 8, 10, 11, 14, 16, 17, 19, 20]","[1, 2, 3, 4, 6, 7, 8, 10, 11, 14, 16, 17, 19, 20]",full_mesh,15276.061712273486,0.03808929199999511,14,0,0,0,0,957,14,2,14,1.0,1091.147265162392,55045.308561367485,233,203,943
SELF-Q4-mixed-fixed_hash-166,166,mixed,fixed_hash,triangle_optical,True,all_sources_cleared_with_certificate,triangle,False,905.0,31,31,"[1, 2, 4, 5, 6, 8, 10, 11, 12, 14, 16, 17, 18, 19, 20]","[1, 2, 4, 5, 6, 8, 10, 11, 12, 14, 16, 17, 18, 19, 20]",full_mesh,15351.217674810869,0.03860149999999862,15,0,0,0,0,980,15,1,15,1.0,1023.414511654058,53501.0883740544,285,256,965
SELF-Q4-mixed-fixed_hash-167,167,mixed,fixed_hash,triangle_optical,True,all_sources_cleared_with_certificate,triangle,False,905.0,31,18,"[1, 2, 3, 4, 5, 7, 8, 9, 11, 12, 13, 14, 15, 16, 17, 18]","[1, 2, 3, 4, 5, 7, 8, 9, 11, 12, 13, 14, 15, 16, 17, 18]",count_upper_bound,11314.229191209452,0.035767333000002566,16,0,0,0,0,818,16,1,16,1.0,707.1393244505907,38861.14595604727,179,161,802
SELF-Q4-mixed-fixed_hash-168,168,mixed,fixed_hash,triangle_optical,True,all_sources_cleared_with_certificate,triangle,False,905.0,31,31,"[4, 6, 9, 12, 13, 14, 15, 17, 19, 20]","[4, 6, 9, 12, 13, 14, 15, 17, 19, 20]",full_mesh,14225.930507383655,0.031821250000000134,10,0,0,0,0,745,10,9,10,1.0,1422.5930507383655,48304.652536918344,390,360,735
SELF-Q4-mixed-fixed_hash-169,169,mixed,fixed_hash,triangle_optical,True,all_sources_cleared_with_certificate,triangle,False,905.0,31,31,"[4, 5, 6, 8, 9, 13, 15, 17, 18, 19, 20]","[4, 5, 6, 8, 9, 13, 15, 17, 18, 19, 20]",full_mesh,13489.780558380338,0.0321426659999986,11,0,0,0,0,682,11,10,11,1.0,1226.3436871254853,46243.902791901746,367,338,671
SELF-Q4-mixed-fixed_hash-170,170,mixed,fixed_hash,triangle_optical,True,all_sources_cleared_with_certificate,triangle,False,905.0,31,31,"[1, 2, 3, 4, 5, 6, 10, 11, 12, 15, 18, 19]","[1, 2, 3, 4, 5, 6, 10, 11, 12, 15, 18, 19]",full_mesh,11330.08268267423,0.023125583000002337,12,0,0,0,0,372,12,7,12,1.0,944.1735568895192,41105.41341337117,333,304,360
SELF-Q4-mixed-fixed_hash-171,171,mixed,fixed_hash,triangle_optical,True,all_sources_cleared_with_certificate,triangle,False,905.0,31,31,"[3, 4, 5, 6, 7, 9, 11, 13, 14, 15, 16, 18, 19]","[3, 4, 5, 6, 7, 9, 11, 13, 14, 15, 16, 18, 19]",full_mesh,15234.043828872062,0.038083040999993045,13,0,0,0,0,939,13,3,13,1.0,1171.849525297851,53165.219144360366,298,268,926
SELF-Q4-mixed-fixed_hash-172,172,mixed,fixed_hash,triangle_optical,True,all_sources_cleared_with_certificate,triangle,False,905.0,31,31,"[1, 4, 7, 8, 9, 10, 11, 12, 14, 15, 16, 18, 19, 20]","[1, 4, 7, 8, 9, 10, 11, 12, 14, 15, 16, 18, 19, 20]",full_mesh,15819.602631735777,0.040042083000003004,14,0,0,0,0,1045,14,5,14,1.0,1129.9716165525556,55718.01315867893,257,228,1031
SELF-Q4-mixed-fixed_hash-173,173,mixed,fixed_hash,triangle_optical,True,all_sources_cleared_with_certificate,triangle,False,905.0,31,31,"[1, 2, 3, 4, 6, 7, 8, 11, 12, 13, 14, 16, 17, 18, 19]","[1, 2, 3, 4, 6, 7, 8, 11, 12, 13, 14, 16, 17, 18, 19]",full_mesh,13523.98653697527,0.029825416999997856,15,0,0,0,0,586,15,14,15,1.0,901.599102465018,49109.93268487638,324,294,571
SELF-Q4-mixed-fixed_hash-174,174,mixed,fixed_hash,triangle_optical,True,all_sources_cleared_with_certificate,triangle,False,905.0,31,25,"[1, 2, 3, 4, 6, 7, 9, 10, 11, 12, 14, 15, 16, 17, 19, 20]","[1, 2, 3, 4, 6, 7, 9, 10, 11, 12, 14, 15, 16, 17, 19, 20]",count_upper_bound,14218.164451209024,0.04187879200000566,16,0,0,0,0,1016,16,10,16,1.0,888.635278200564,49265.822256045176,218,195,1000
SELF-Q4-mixed-fixed_hash-175,175,mixed,fixed_hash,triangle_optical,True,all_sources_cleared_with_certificate,triangle,False,905.0,31,31,"[2, 5, 7, 8, 9, 10, 15, 17, 18, 19]","[2, 5, 7, 8, 9, 10, 15, 17, 18, 19]",full_mesh,12362.774962871546,0.02420612499999919,10,0,0,0,0,458,10,8,10,1.0,1236.2774962871547,43233.874814357754,392,362,448
SELF-Q4-mixed-fixed_hash-176,176,mixed,fixed_hash,triangle_optical,True,all_sources_cleared_with_certificate,triangle,False,905.0,31,31,"[1, 2, 4, 6, 8, 10, 11, 13, 15, 16, 18]","[1, 2, 4, 6, 8, 10, 11, 13, 15, 16, 18]",full_mesh,13340.839116065321,0.030059834000006447,11,0,0,0,0,695,11,2,11,1.0,1212.8035560059382,47024.19558032665,310,279,684
SELF-Q4-mixed-fixed_hash-177,177,mixed,fixed_hash,triangle_optical,True,all_sources_cleared_with_certificate,triangle,False,905.0,31,31,"[1, 2, 5, 7, 10, 11, 13, 14, 16, 17, 19, 20]","[1, 2, 5, 7, 10, 11, 13, 14, 16, 17, 19, 20]",full_mesh,13473.011657783532,0.02961512499999941,12,0,0,0,0,679,12,2,12,1.0,1122.750971481961,48390.058288917695,294,264,667
SELF-Q4-mixed-fixed_hash-178,178,mixed,fixed_hash,triangle_optical,True,all_sources_cleared_with_certificate,triangle,False,905.0,31,31,"[2, 3, 4, 5, 8, 11, 12, 13, 15, 17, 18, 19, 20]","[2, 3, 4, 5, 8, 11, 12, 13, 15, 17, 18, 19, 20]",full_mesh,12661.188030518135,0.028502250000002505,13,0,0,0,0,531,13,9,13,1.0,973.9375408090873,45460.9401525907,330,300,518
SELF-Q4-mixed-fixed_hash-179,179,mixed,fixed_hash,triangle_optical,True,all_sources_cleared_with_certificate,triangle,False,905.0,31,31,"[1, 2, 3, 4, 5, 7, 8, 10, 11, 12, 13, 16, 18, 19]","[1, 2, 3, 4, 5, 7, 8, 10, 11, 12, 13, 16, 18, 19]",full_mesh,14472.150041921155,0.03436841700000315,14,0,0,0,0,762,14,9,14,1.0,1033.7250029943682,51970.75020960584,299,269,748
SELF-Q4-mixed-fixed_hash-180,180,mixed,fixed_hash,triangle_optical,True,all_sources_cleared_with_certificate,triangle,False,905.0,31,31,"[1, 2, 3, 4, 5, 6, 8, 9, 10, 11, 15, 16, 17, 18, 19]","[1, 2, 3, 4, 5, 6, 8, 9, 10, 11, 15, 16, 17, 18, 19]",full_mesh,16046.391385738309,0.041052374999999586,15,0,0,0,0,1065,15,1,15,1.0,1069.7594257158873,57301.95692869162,232,201,1050
SELF-Q4-mixed-fixed_hash-181,181,mixed,fixed_hash,triangle_optical,True,all_sources_cleared_with_certificate,triangle,False,905.0,31,18,"[1, 2, 4, 5, 6, 8, 9, 11, 13, 14, 15, 16, 17, 18, 19, 20]","[1, 2, 4, 5, 6, 8, 9, 11, 13, 14, 15, 16, 17, 18, 19, 20]",count_upper_bound,11714.972277377195,0.035821790999996495,16,0,0,0,0,853,16,4,16,1.0,732.1857673360747,40809.861386886,163,147,837
SELF-Q4-mixed-fixed_hash-182,182,mixed,fixed_hash,triangle_optical,True,all_sources_cleared_with_certificate,triangle,False,905.0,31,31,"[2, 5, 6, 8, 11, 12, 14, 15, 18, 19]","[2, 5, 6, 8, 11, 12, 14, 15, 18, 19]",full_mesh,13321.858680010988,0.026464832999998578,10,0,0,0,0,605,10,1,10,1.0,1332.1858680010987,46969.293400055,354,323,595
SELF-Q4-mixed-fixed_hash-183,183,mixed,fixed_hash,triangle_optical,True,all_sources_cleared_with_certificate,triangle,False,905.0,31,31,"[1, 2, 3, 4, 9, 10, 12, 13, 15, 18, 20]","[1, 2, 3, 4, 9, 10, 12, 13, 15, 18, 20]",full_mesh,13047.466841411755,0.02455374999999549,11,0,0,0,0,442,11,1,11,1.0,1186.1333492192505,46767.33420705878,396,366,431
SELF-Q4-mixed-fixed_hash-184,184,mixed,fixed_hash,triangle_optical,True,all_sources_cleared_with_certificate,triangle,False,905.0,31,31,"[1, 4, 6, 8, 9, 10, 11, 12, 13, 17, 18, 20]","[1, 4, 6, 8, 9, 10, 11, 12, 13, 17, 18, 20]",full_mesh,13503.096003518376,0.027340958999999998,12,0,0,0,0,591,12,10,12,1.0,1125.258000293198,49355.48001759193,311,280,579
SELF-Q4-mixed-fixed_hash-185,185,mixed,fixed_hash,triangle_optical,True,all_sources_cleared_with_certificate,triangle,False,905.0,31,31,"[1, 3, 4, 5, 7, 8, 10, 12, 16, 17, 18, 19, 20]","[1, 3, 4, 5, 7, 8, 10, 12, 16, 17, 18, 19, 20]",full_mesh,14770.375511520926,0.03530520800000403,13,0,0,0,0,837,13,7,13,1.0,1136.1827316554559,52741.877557604676,286,255,824
SELF-Q4-mixed-fixed_hash-186,186,mixed,fixed_hash,triangle_optical,True,all_sources_cleared_with_certificate,triangle,False,905.0,31,31,"[1, 2, 4, 6, 8, 9, 11, 13, 14, 15, 16, 18, 19, 20]","[1, 2, 4, 6, 8, 9, 11, 13, 14, 15, 16, 18, 19, 20]",full_mesh,14978.197699630553,0.039151666000002194,14,0,0,0,0,956,14,6,14,1.0,1069.8712642593252,53080.98849815287,249,221,942
SELF-Q4-mixed-fixed_hash-187,187,mixed,fixed_hash,triangle_optical,True,all_sources_cleared_with_certificate,triangle,False,905.0,31,31,"[1, 2, 3, 5, 6, 8, 10, 11, 12, 13, 14, 15, 16, 19, 20]","[1, 2, 3, 5, 6, 8, 10, 11, 12, 13, 14, 15, 16, 19, 20]",full_mesh,16144.622279030695,0.04222649999999817,15,0,0,0,0,1089,15,4,15,1.0,1076.3081519353796,56673.11139515353,257,228,1074
SELF-Q4-mixed-fixed_hash-188,188,mixed,fixed_hash,triangle_optical,True,all_sources_cleared_with_certificate,triangle,False,905.0,31,24,"[1, 2, 3, 5, 6, 7, 8, 9, 10, 12, 13, 14, 15, 18, 19, 20]","[1, 2, 3, 5, 6, 7, 8, 9, 10, 12, 13, 14, 15, 18, 19, 20]",count_upper_bound,12638.541415905862,0.0364845840000001,16,0,0,0,0,902,16,12,16,1.0,789.9088384941164,44907.70707952934,157,134,886
SELF-Q4-mixed-fixed_hash-189,189,mixed,fixed_hash,triangle_optical,True,all_sources_cleared_with_certificate,triangle,False,905.0,31,31,"[1, 4, 5, 9, 11, 12, 13, 14, 16, 19]","[1, 4, 5, 9, 11, 12, 13, 14, 16, 19]",full_mesh,12806.350002169353,0.026176374999998586,10,0,0,0,0,564,10,1,10,1.0,1280.6350002169352,44346.75001084679,376,345,554
SELF-Q4-mixed-fixed_hash-190,190,mixed,fixed_hash,triangle_optical,True,all_sources_cleared_with_certificate,triangle,False,905.0,31,31,"[2, 3, 4, 6, 7, 8, 11, 12, 16, 17, 20]","[2, 3, 4, 6, 7, 8, 11, 12, 16, 17, 20]",full_mesh,15171.853246673745,0.03424816700000122,11,0,0,0,0,895,11,9,11,1.0,1379.2593860612496,51884.26623336879,353,323,884
SELF-Q4-mixed-fixed_hash-191,191,mixed,fixed_hash,triangle_optical,True,all_sources_cleared_with_certificate,triangle,False,905.0,31,31,"[1, 2, 5, 7, 8, 11, 13, 15, 17, 18, 19, 20]","[1, 2, 5, 7, 8, 11, 13, 15, 17, 18, 19, 20]",full_mesh,12673.181016829158,0.027968874999999116,12,0,0,0,0,596,12,1,12,1.0,1056.0984180690964,45730.90508414583,291,260,584
SELF-Q4-mixed-fixed_hash-192,192,mixed,fixed_hash,triangle_optical,True,all_sources_cleared_with_certificate,triangle,False,905.0,31,31,"[3, 4, 5, 6, 7, 10, 11, 12, 14, 15, 17, 18, 19]","[3, 4, 5, 6, 7, 10, 11, 12, 14, 15, 17, 18, 19]",full_mesh,12252.132893249978,0.02805779199999847,13,0,0,0,0,538,13,3,13,1.0,942.4717610192291,45260.66446624991,265,235,525
SELF-Q4-mixed-fixed_hash-193,193,mixed,fixed_hash,triangle_optical,True,all_sources_cleared_with_certificate,triangle,False,905.0,31,31,"[1, 2, 3, 4, 5, 6, 8, 9, 10, 14, 15, 16, 18, 19]","[1, 2, 3, 4, 5, 6, 8, 9, 10, 14, 15, 16, 18, 19]",full_mesh,12398.03271949397,0.028450582999994367,14,0,0,0,0,483,14,13,14,1.0,885.5737656781406,45430.16359746985,311,280,469
SELF-Q4-mixed-fixed_hash-194,194,mixed,fixed_hash,triangle_optical,True,all_sources_cleared_with_certificate,triangle,False,905.0,31,31,"[2, 3, 5, 7, 8, 9, 10, 12, 13, 15, 16, 17, 18, 19, 20]","[2, 3, 5, 7, 8, 9, 10, 12, 13, 15, 16, 17, 18, 19, 20]",full_mesh,13907.302995509472,0.03481020800000323,15,0,0,0,0,791,15,11,15,1.0,927.1535330339648,51221.51497754741,215,185,776
SELF-Q4-mixed-fixed_hash-195,195,mixed,fixed_hash,triangle_optical,True,all_sources_cleared_with_certificate,triangle,False,905.0,31,17,"[2, 3, 4, 5, 6, 7, 10, 11, 13, 14, 15, 16, 17, 18, 19, 20]","[2, 3, 4, 5, 6, 7, 10, 11, 13, 14, 15, 16, 17, 18, 19, 20]",count_upper_bound,11755.541062865243,0.03613204100000189,16,0,0,0,0,881,16,2,16,1.0,734.7213164290777,40647.70531432627,161,146,865
SELF-Q4-mixed-fixed_hash-196,196,mixed,fixed_hash,triangle_optical,True,all_sources_cleared_with_certificate,triangle,False,905.0,31,31,"[1, 2, 3, 5, 7, 11, 12, 13, 14, 17]","[1, 2, 3, 5, 7, 11, 12, 13, 14, 17]",full_mesh,12578.358222040612,0.025175374999996336,10,0,0,0,0,503,10,9,10,1.0,1257.835822204061,43881.79111020307,384,353,493
SELF-Q4-mixed-fixed_hash-197,197,mixed,fixed_hash,triangle_optical,True,all_sources_cleared_with_certificate,triangle,False,905.0,31,31,"[1, 2, 4, 5, 6, 10, 12, 13, 16, 18, 19]","[1, 2, 4, 5, 6, 10, 12, 13, 16, 18, 19]",full_mesh,12777.19861627534,0.025094666000001098,11,0,0,0,0,517,11,8,11,1.0,1161.5635105704855,45285.99308137674,363,332,506
SELF-Q4-mixed-fixed_hash-198,198,mixed,fixed_hash,triangle_optical,True,all_sources_cleared_with_certificate,triangle,False,905.0,31,31,"[1, 2, 3, 4, 5, 7, 8, 9, 16, 17, 18, 19]","[1, 2, 3, 4, 5, 7, 8, 9, 16, 17, 18, 19]",full_mesh,15122.444394401582,0.03725295800000339,12,0,0,0,0,896,12,7,12,1.0,1260.2036995334652,53207.22197200797,300,269,884
SELF-Q4-mixed-fixed_hash-199,199,mixed,fixed_hash,triangle_optical,True,all_sources_cleared_with_certificate,triangle,False,905.0,31,31,"[1, 4, 5, 6, 7, 8, 9, 10, 12, 13, 14, 18, 20]","[1, 4, 5, 6, 7, 8, 9, 10, 12, 13, 14, 18, 20]",full_mesh,14785.304047013313,0.03606549999999942,13,0,0,0,0,865,13,1,13,1.0,1137.3310805394856,52781.52023506662,273,243,852
SELF-Q4-mixed-fixed_hash-200,200,mixed,fixed_hash,triangle_optical,True,all_sources_cleared_with_certificate,triangle,False,905.0,31,31,"[1, 2, 3, 4, 5, 7, 8, 9, 12, 13, 14, 15, 17, 18]","[1, 2, 3, 4, 5, 7, 8, 9, 12, 13, 14, 15, 17, 18]",full_mesh,12445.600827804465,0.027425708999999188,14,0,0,0,0,526,14,8,14,1.0,888.9714877003189,46343.004139022356,267,236,512
SELF-Q4-mixed-fixed_hash-201,201,mixed,fixed_hash,triangle_optical,True,all_sources_cleared_with_certificate,triangle,False,905.0,31,31,"[1, 3, 4, 5, 6, 8, 9, 10, 11, 12, 13, 14, 16, 18, 19]","[1, 3, 4, 5, 6, 8, 9, 10, 11, 12, 13, 14, 16, 18, 19]",full_mesh,13621.37235057709,0.030710167000002286,15,0,0,0,0,701,15,10,15,1.0,908.0914900384727,50666.86175288548,231,200,686
SELF-Q4-mixed-fixed_hash-202,202,mixed,fixed_hash,triangle_optical,True,all_sources_cleared_with_certificate,triangle,False,905.0,31,23,"[1, 2, 4, 6, 7, 8, 11, 12, 13, 14, 15, 16, 17, 18, 19, 20]","[1, 2, 4, 6, 7, 8, 11, 12, 13, 14, 15, 16, 17, 18, 19, 20]",count_upper_bound,11898.182296609324,0.030755583000001252,16,0,0,0,0,662,16,11,16,1.0,743.6363935380828,42340.91148304666,239,217,646
SELF-Q4-mixed-fixed_hash-203,203,mixed,fixed_hash,triangle_optical,True,all_sources_cleared_with_certificate,triangle,False,905.0,31,31,"[1, 2, 3, 4, 5, 7, 10, 13, 14, 16]","[1, 2, 3, 4, 5, 7, 10, 13, 14, 16]",full_mesh,14040.107145812353,0.03213954200000302,10,0,0,0,0,760,10,1,10,1.0,1404.0107145812353,48055.535729061805,360,329,750
SELF-Q4-mixed-fixed_hash-204,204,mixed,fixed_hash,triangle_optical,True,all_sources_cleared_with_certificate,triangle,False,905.0,31,31,"[2, 3, 5, 6, 7, 8, 10, 13, 14, 16, 19]","[2, 3, 5, 6, 7, 8, 10, 13, 14, 16, 19]",full_mesh,14273.592107897457,0.03142825000000471,11,0,0,0,0,700,11,6,11,1.0,1297.5992825361325,49752.96053948734,372,341,689
SELF-Q4-mixed-fixed_hash-205,205,mixed,fixed_hash,triangle_optical,True,all_sources_cleared_with_certificate,triangle,False,905.0,31,31,"[2, 3, 4, 9, 12, 13, 14, 15, 16, 18, 19, 20]","[2, 3, 4, 9, 12, 13, 14, 15, 16, 18, 19, 20]",full_mesh,15682.188154724066,0.039623624999997276,12,0,0,0,0,940,12,4,12,1.0,1306.8490128936721,53625.94077362039,357,328,928
SELF-Q4-mixed-fixed_hash-206,206,mixed,fixed_hash,triangle_optical,True,all_sources_cleared_with_certificate,triangle,False,905.0,31,31,"[1, 3, 4, 5, 6, 8, 9, 10, 12, 14, 15, 16, 19]","[1, 3, 4, 5, 6, 8, 9, 10, 12, 14, 15, 16, 19]",full_mesh,13367.553397077336,0.03135266700000017,13,0,0,0,0,684,13,11,13,1.0,1028.2733382367182,48472.76698538673,271,240,671
SELF-Q4-mixed-fixed_hash-207,207,mixed,fixed_hash,triangle_optical,True,all_sources_cleared_with_certificate,triangle,False,905.0,31,31,"[1, 2, 3, 6, 8, 10, 12, 14, 15, 16, 17, 18, 19, 20]","[1, 2, 3, 6, 8, 10, 12, 14, 15, 16, 17, 18, 19, 20]",full_mesh,15091.686839550848,0.038261167000001706,14,0,0,0,0,892,14,2,14,1.0,1077.9776313964892,52903.4341977543,306,277,878
SELF-Q4-mixed-fixed_hash-208,208,mixed,fixed_hash,triangle_optical,True,all_sources_cleared_with_certificate,triangle,False,905.0,31,31,"[2, 5, 6, 7, 8, 9, 10, 12, 13, 14, 15, 17, 18, 19, 20]","[2, 5, 6, 7, 8, 9, 10, 12, 13, 14, 15, 17, 18, 19, 20]",full_mesh,14307.59445783335,0.03358654199999478,15,0,0,0,0,733,15,4,15,1.0,953.8396305222233,51777.972289166784,292,263,718
SELF-Q4-mixed-fixed_hash-209,209,mixed,fixed_hash,triangle_optical,True,all_sources_cleared_with_certificate,triangle,False,905.0,31,27,"[1, 2, 3, 4, 6, 7, 10, 11, 12, 13, 14, 15, 16, 17, 18, 20]","[1, 2, 3, 4, 6, 7, 10, 11, 12, 13, 14, 15, 16, 17, 18, 20]",count_upper_bound,15284.345046517084,0.04370654200000246,16,0,0,0,0,1070,16,5,16,1.0,955.2715654073178,53201.725232585486,238,212,1054
SELF-Q4-mixed-fixed_hash-210,210,mixed,fixed_hash,triangle_optical,True,all_sources_cleared_with_certificate,triangle,False,905.0,31,31,"[1, 4, 5, 6, 11, 13, 15, 16, 19, 20]","[1, 4, 5, 6, 11, 13, 15, 16, 19, 20]",full_mesh,12484.373344813697,0.025208083999999076,10,0,0,0,0,529,10,3,10,1.0,1248.4373344813698,43981.866724068524,352,321,519
SELF-Q4-mixed-fixed_hash-211,211,mixed,fixed_hash,triangle_optical,True,all_sources_cleared_with_certificate,triangle,False,905.0,31,31,"[1, 6, 8, 9, 10, 11, 12, 14, 15, 16, 19]","[1, 6, 8, 9, 10, 11, 12, 14, 15, 16, 19]",full_mesh,12511.468210727595,0.02502804099999878,11,0,0,0,0,476,11,10,11,1.0,1137.4062009752358,44152.34105363801,377,346,465
SELF-Q4-mixed-fixed_hash-212,212,mixed,fixed_hash,triangle_optical,True,all_sources_cleared_with_certificate,triangle,False,905.0,31,31,"[1, 2, 3, 5, 6, 9, 10, 12, 13, 15, 16, 19]","[1, 2, 3, 5, 6, 9, 10, 12, 13, 15, 16, 19]",full_mesh,14839.074318243076,0.03279554200000234,12,0,0,0,0,793,12,2,12,1.0,1236.5895265202564,52880.371591215444,315,285,781
SELF-Q4-mixed-fixed_hash-213,213,mixed,fixed_hash,triangle_optical,True,all_sources_cleared_with_certificate,triangle,False,905.0,31,31,"[1, 3, 4, 5, 6, 7, 8, 9, 10, 13, 14, 19, 20]","[1, 3, 4, 5, 6, 7, 8, 9, 10, 13, 14, 19, 20]",full_mesh,15442.803719213098,0.03742383400000193,13,0,0,0,0,914,13,9,13,1.0,1187.9079784010075,53384.01859606554,338,308,901
SELF-Q4-mixed-fixed_hash-214,214,mixed,fixed_hash,triangle_optical,True,all_sources_cleared_with_certificate,triangle,False,905.0,31,31,"[1, 2, 4, 5, 6, 7, 10, 12, 14, 15, 16, 17, 18, 20]","[1, 2, 4, 5, 6, 7, 10, 12, 14, 15, 16, 17, 18, 20]",full_mesh,13821.270381935838,0.03287945800000358,14,0,0,0,0,748,14,3,14,1.0,987.2335987097027,49411.35190967924,283,252,734
SELF-Q4-mixed-fixed_hash-215,215,mixed,fixed_hash,triangle_optical,True,all_sources_cleared_with_certificate,triangle,False,905.0,31,31,"[1, 2, 4, 5, 6, 7, 8, 9, 10, 11, 13, 15, 17, 19, 20]","[1, 2, 4, 5, 6, 7, 8, 9, 10, 11, 13, 15, 17, 19, 20]",full_mesh,14818.9699872498,0.03555124999999748,15,0,0,0,0,811,15,14,15,1.0,987.93133248332,53649.849936249055,276,246,796
SELF-Q4-mixed-fixed_hash-216,216,mixed,fixed_hash,triangle_optical,True,all_sources_cleared_with_certificate,triangle,False,905.0,31,18,"[1, 2, 4, 5, 6, 7, 8, 9, 10, 14, 15, 16, 17, 18, 19, 20]","[1, 2, 4, 5, 6, 7, 8, 9, 10, 14, 15, 16, 17, 18, 19, 20]",count_upper_bound,12691.31640370825,0.04139091700000108,16,0,0,0,0,1012,16,7,16,1.0,793.2072752317656,42561.58201854129,188,171,996
SELF-Q4-mixed-fixed_hash-217,217,mixed,fixed_hash,triangle_optical,True,all_sources_cleared_with_certificate,triangle,False,905.0,31,31,"[2, 3, 5, 6, 8, 9, 10, 14, 18, 19]","[2, 3, 5, 6, 8, 9, 10, 14, 18, 19]",full_mesh,13083.93579747235,0.024990500000001248,10,0,0,0,0,498,10,7,10,1.0,1308.393579747235,46239.678987361774,392,362,488
SELF-Q4-mixed-fixed_hash-218,218,mixed,fixed_hash,triangle_optical,True,all_sources_cleared_with_certificate,triangle,False,905.0,31,31,"[1, 4, 6, 8, 9, 10, 11, 12, 14, 18, 19]","[1, 4, 6, 8, 9, 10, 11, 12, 14, 18, 19]",full_mesh,13356.582511622302,0.026686208000000988,11,0,0,0,0,577,11,4,11,1.0,1214.2347737838456,47097.91255811154,369,339,566
SELF-Q4-mixed-fixed_hash-219,219,mixed,fixed_hash,triangle_optical,True,all_sources_cleared_with_certificate,triangle,False,905.0,31,31,"[1, 2, 4, 5, 6, 7, 8, 11, 13, 14, 17, 20]","[1, 2, 4, 5, 6, 7, 8, 11, 13, 14, 17, 20]",full_mesh,13617.2411820315,0.030344833000000904,12,0,0,0,0,682,12,3,12,1.0,1134.770098502625,47986.205910157536,330,300,670
SELF-Q4-mixed-fixed_hash-220,220,mixed,fixed_hash,triangle_optical,True,all_sources_cleared_with_certificate,triangle,False,905.0,31,31,"[3, 4, 6, 7, 8, 9, 12, 13, 14, 15, 16, 19, 20]","[3, 4, 6, 7, 8, 9, 12, 13, 14, 15, 16, 19, 20]",full_mesh,14364.360355196935,0.03504179200000124,13,0,0,0,0,813,13,7,13,1.0,1104.9507965536104,50141.801775984735,317,286,800
SELF-Q4-mixed-fixed_hash-221,221,mixed,fixed_hash,triangle_optical,True,all_sources_cleared_with_certificate,triangle,False,905.0,31,31,"[1, 2, 3, 4, 6, 8, 9, 13, 14, 15, 16, 17, 19, 20]","[1, 2, 3, 4, 6, 8, 9, 13, 14, 15, 16, 17, 19, 20]",full_mesh,14010.690017462366,0.03238883299999884,14,0,0,0,0,716,14,5,14,1.0,1000.7635726758833,50768.45008731187,285,256,702
SELF-Q4-mixed-fixed_hash-222,222,mixed,fixed_hash,triangle_optical,True,all_sources_cleared_with_certificate,triangle,False,905.0,31,31,"[1, 2, 4, 8, 10, 11, 12, 13, 14, 15, 16, 17, 18, 19, 20]","[1, 2, 4, 8, 10, 11, 12, 13, 14, 15, 16, 17, 18, 19, 20]",full_mesh,15552.50067541131,0.0389816669999945,15,0,0,0,0,937,15,2,15,1.0,1036.8333783607538,55907.50337705659,260,230,922
SELF-Q4-mixed-fixed_hash-223,223,mixed,fixed_hash,triangle_optical,True,all_sources_cleared_with_certificate,triangle,False,905.0,31,27,"[1, 2, 5, 6, 7, 9, 11, 12, 13, 14, 15, 16, 17, 18, 19, 20]","[1, 2, 5, 6, 7, 9, 11, 12, 13, 14, 15, 16, 17, 18, 19, 20]",count_upper_bound,12665.561996038725,0.03483974999999617,16,0,0,0,0,746,16,6,16,1.0,791.5976247524203,45622.80998019363,216,191,730
SELF-Q4-mixed-fixed_hash-224,224,mixed,fixed_hash,triangle_optical,True,all_sources_cleared_with_certificate,triangle,False,905.0,31,31,"[2, 3, 7, 8, 9, 11, 15, 17, 19, 20]","[2, 3, 7, 8, 9, 11, 15, 17, 19, 20]",full_mesh,14714.999971338157,0.03131566700000121,10,0,0,0,0,775,10,1,10,1.0,1471.4999971338157,50564.99985669084,381,352,765
SELF-Q4-mixed-fixed_hash-225,225,mixed,fixed_hash,triangle_optical,True,all_sources_cleared_with_certificate,triangle,False,905.0,31,31,"[1, 3, 5, 6, 7, 8, 10, 12, 13, 14, 15]","[1, 3, 5, 6, 7, 8, 10, 12, 13, 14, 15]",full_mesh,12332.18507362238,0.024867041000000256,11,0,0,0,0,501,11,1,11,1.0,1121.107733965671,44290.92536811194,330,299,490
SELF-Q4-mixed-fixed_hash-226,226,mixed,fixed_hash,triangle_optical,True,all_sources_cleared_with_certificate,triangle,False,905.0,31,31,"[2, 6, 7, 8, 9, 12, 14, 15, 16, 18, 19, 20]","[2, 6, 7, 8, 9, 12, 14, 15, 16, 18, 19, 20]",full_mesh,13302.222365301805,0.029320250000004933,12,0,0,0,0,651,12,2,12,1.0,1108.5185304418171,47596.111826509055,306,276,639
SELF-Q4-mixed-fixed_hash-227,227,mixed,fixed_hash,triangle_optical,True,all_sources_cleared_with_certificate,triangle,False,905.0,31,31,"[1, 2, 3, 4, 5, 7, 8, 12, 13, 14, 15, 18, 19]","[1, 2, 3, 4, 5, 7, 8, 12, 13, 14, 15, 18, 19]",full_mesh,13619.970691982911,0.03556491599999845,13,0,0,0,0,735,13,2,13,1.0,1047.6900532294546,48129.853459914615,299,268,722
SELF-Q4-mixed-fixed_hash-228,228,mixed,fixed_hash,triangle_optical,True,all_sources_cleared_with_certificate,triangle,False,905.0,31,31,"[2, 3, 5, 6, 8, 10, 11, 12, 15, 16, 17, 18, 19, 20]","[2, 3, 5, 6, 8, 10, 11, 12, 15, 16, 17, 18, 19, 20]",full_mesh,14227.836649366456,0.03490512500000165,14,0,0,0,0,764,14,12,14,1.0,1016.2740463833183,50814.18324683233,296,265,750
SELF-Q4-mixed-fixed_hash-229,229,mixed,fixed_hash,triangle_optical,True,all_sources_cleared_with_certificate,triangle,False,905.0,31,31,"[1, 3, 4, 5, 8, 9, 10, 11, 12, 14, 16, 17, 18, 19, 20]","[1, 3, 4, 5, 8, 9, 10, 11, 12, 14, 16, 17, 18, 19, 20]",full_mesh,14418.248421563087,0.03733320799999973,15,0,0,0,0,886,15,1,15,1.0,961.2165614375391,51776.242107815495,234,205,871
SELF-Q4-mixed-fixed_hash-230,230,mixed,fixed_hash,triangle_optical,True,all_sources_cleared_with_certificate,triangle,False,905.0,31,28,"[1, 3, 5, 6, 7, 8, 9, 10, 11, 12, 13, 14, 15, 16, 17, 18]","[1, 3, 5, 6, 7, 8, 9, 10, 11, 12, 13, 14, 15, 16, 17, 18]",count_upper_bound,12673.167951223597,0.033392042000002675,16,0,0,0,0,661,16,11,16,1.0,792.0729969514748,45330.83975611802,270,242,645
SELF-Q4-mixed-fixed_hash-231,231,mixed,fixed_hash,triangle_optical,True,all_sources_cleared_with_certificate,triangle,False,905.0,31,31,"[1, 4, 5, 8, 10, 11, 13, 14, 18, 19]","[1, 4, 5, 8, 10, 11, 13, 14, 18, 19]",full_mesh,14085.720756274382,0.0287733750000001,10,0,0,0,0,678,10,7,10,1.0,1408.5720756274382,48763.60378137194,385,354,668
SELF-Q4-mixed-fixed_hash-232,232,mixed,fixed_hash,triangle_optical,True,all_sources_cleared_with_certificate,triangle,False,905.0,31,31,"[3, 4, 5, 7, 8, 9, 12, 14, 15, 16, 17]","[3, 4, 5, 7, 8, 9, 12, 14, 15, 16, 17]",full_mesh,15635.937919034326,0.03390829199999956,11,0,0,0,0,822,11,9,11,1.0,1421.4489017303933,54494.689595171665,380,349,811
SELF-Q4-mixed-fixed_hash-233,233,mixed,fixed_hash,triangle_optical,True,all_sources_cleared_with_certificate,triangle,False,905.0,31,31,"[1, 2, 4, 5, 6, 7, 8, 13, 14, 15, 16, 17]","[1, 2, 4, 5, 6, 7, 8, 13, 14, 15, 16, 17]",full_mesh,14362.837374308376,0.03414729100000358,12,0,0,0,0,779,12,11,12,1.0,1196.903114525698,49154.18687154193,367,336,767
SELF-Q4-mixed-fixed_hash-234,234,mixed,fixed_hash,triangle_optical,True,all_sources_cleared_with_certificate,triangle,False,905.0,31,31,"[2, 4, 5, 6, 8, 9, 11, 13, 14, 16, 17, 18, 20]","[2, 4, 5, 6, 8, 9, 11, 13, 14, 16, 17, 18, 20]",full_mesh,13272.58849864315,0.030597582999995154,13,0,0,0,0,652,13,5,13,1.0,1020.9683460494731,47512.94249321578,303,273,639
SELF-Q4-mixed-fixed_hash-235,235,mixed,fixed_hash,triangle_optical,True,all_sources_cleared_with_certificate,triangle,False,905.0,31,31,"[1, 2, 3, 5, 8, 10, 11, 12, 14, 15, 16, 17, 18, 19]","[1, 2, 3, 5, 8, 10, 11, 12, 14, 15, 16, 17, 18, 19]",full_mesh,15249.887179810621,0.036956625000001964,14,0,0,0,0,896,14,3,14,1.0,1089.2776557007587,53129.43589905316,323,293,882
SELF-Q4-mixed-fixed_hash-236,236,mixed,fixed_hash,triangle_optical,True,all_sources_cleared_with_certificate,triangle,False,905.0,31,31,"[3, 5, 7, 9, 10, 11, 12, 13, 14, 15, 16, 17, 18, 19, 20]","[3, 5, 7, 9, 10, 11, 12, 13, 14, 15, 16, 17, 18, 19, 20]",full_mesh,14313.015369831786,0.035692415999996285,15,0,0,0,0,778,15,12,15,1.0,954.2010246554524,51930.076849158984,265,238,763
SELF-Q4-mixed-fixed_hash-237,237,mixed,fixed_hash,triangle_optical,True,all_sources_cleared_with_certificate,triangle,False,905.0,31,26,"[1, 3, 4, 5, 6, 7, 8, 9, 11, 12, 14, 15, 16, 17, 19, 20]","[1, 3, 4, 5, 6, 7, 8, 9, 11, 12, 14, 15, 16, 17, 19, 20]",count_upper_bound,12281.083138834298,0.032362874999996905,16,0,0,0,0,674,16,12,16,1.0,767.5676961771436,43450.41569417149,260,237,658
SELF-Q4-mixed-fixed_hash-238,238,mixed,fixed_hash,triangle_optical,True,all_sources_cleared_with_certificate,triangle,False,905.0,31,31,"[2, 3, 9, 12, 13, 14, 15, 16, 17, 19]","[2, 3, 9, 12, 13, 14, 15, 16, 17, 19]",full_mesh,12042.803686473537,0.02157116700000472,10,0,0,0,0,354,10,9,10,1.0,1204.2803686473537,41969.01843236768,433,402,344
SELF-Q4-mixed-fixed_hash-239,239,mixed,fixed_hash,triangle_optical,True,all_sources_cleared_with_certificate,triangle,False,905.0,31,31,"[1, 4, 5, 6, 7, 14, 15, 17, 18, 19, 20]","[1, 4, 5, 6, 7, 14, 15, 17, 18, 19, 20]",full_mesh,14406.256503882492,0.033477458000000127,11,0,0,0,0,770,11,5,11,1.0,1309.6596821711357,50076.28251941254,348,319,759
SELF-Q4-mixed-fixed_hash-240,240,mixed,fixed_hash,triangle_optical,True,all_sources_cleared_with_certificate,triangle,False,905.0,31,31,"[1, 2, 5, 6, 9, 10, 11, 12, 13, 17, 19, 20]","[1, 2, 5, 6, 9, 10, 11, 12, 13, 17, 19, 20]",full_mesh,13547.538041406653,0.03066162500000047,12,0,0,0,0,667,12,2,12,1.0,1128.9615034505543,48282.69020703328,316,286,655
SELF-Q4-mixed-fixed_hash-241,241,mixed,fixed_hash,triangle_optical,True,all_sources_cleared_with_certificate,triangle,False,905.0,31,31,"[3, 4, 5, 6, 8, 9, 10, 11, 12, 14, 15, 17, 18]","[3, 4, 5, 6, 8, 9, 10, 11, 12, 14, 15, 17, 18]",full_mesh,15384.30772478684,0.03854566600000453,13,0,0,0,0,924,13,12,13,1.0,1183.4082865220646,54056.53862393427,301,270,911
SELF-Q4-mixed-fixed_hash-242,242,mixed,fixed_hash,triangle_optical,True,all_sources_cleared_with_certificate,triangle,False,905.0,31,31,"[1, 2, 3, 4, 5, 9, 10, 11, 12, 13, 16, 17, 18, 19]","[1, 2, 3, 4, 5, 9, 10, 11, 12, 13, 16, 17, 18, 19]",full_mesh,14190.163474859577,0.03428404099999938,14,0,0,0,0,755,14,10,14,1.0,1013.5831053471127,50785.81737429793,295,265,741
SELF-Q4-mixed-fixed_hash-243,243,mixed,fixed_hash,triangle_optical,True,all_sources_cleared_with_certificate,triangle,False,905.0,31,31,"[1, 2, 3, 5, 6, 7, 10, 11, 13, 14, 15, 17, 18, 19, 20]","[1, 2, 3, 5, 6, 7, 10, 11, 13, 14, 15, 17, 18, 19, 20]",full_mesh,15543.490400861805,0.04194387499999408,15,0,0,0,0,998,15,10,15,1.0,1036.232693390787,55507.452004309096,241,213,983
SELF-Q4-mixed-fixed_hash-244,244,mixed,fixed_hash,triangle_optical,True,all_sources_cleared_with_certificate,triangle,False,905.0,31,17,"[2, 3, 4, 5, 6, 7, 8, 11, 12, 13, 14, 15, 16, 17, 18, 19]","[2, 3, 4, 5, 6, 7, 8, 11, 12, 13, 14, 15, 16, 17, 18, 19]",count_upper_bound,12712.049298275904,0.041466999999997256,16,0,0,0,0,1017,16,2,16,1.0,794.503081142244,41690.24649137954,218,201,1001
SELF-Q4-mixed-fixed_hash-245,245,mixed,fixed_hash,triangle_optical,True,all_sources_cleared_with_certificate,triangle,False,905.0,31,31,"[3, 5, 6, 10, 11, 12, 13, 15, 16, 19]","[3, 5, 6, 10, 11, 12, 13, 15, 16, 19]",full_mesh,12247.351423161961,0.02525825000000026,10,0,0,0,0,442,10,8,10,1.0,1224.735142316196,42266.75711580982,413,383,432
SELF-Q4-mixed-fixed_hash-246,246,mixed,fixed_hash,triangle_optical,True,all_sources_cleared_with_certificate,triangle,False,905.0,31,31,"[2, 3, 6, 8, 10, 12, 13, 16, 17, 18, 19]","[2, 3, 6, 8, 10, 12, 13, 16, 17, 18, 19]",full_mesh,13525.709586115685,0.030386415999998917,11,0,0,0,0,669,11,9,11,1.0,1229.6099623741532,46978.54793057846,355,326,658
SELF-Q4-mixed-fixed_hash-247,247,mixed,fixed_hash,triangle_optical,True,all_sources_cleared_with_certificate,triangle,False,905.0,31,31,"[1, 3, 6, 7, 10, 11, 12, 13, 14, 15, 16, 18]","[1, 3, 6, 7, 10, 11, 12, 13, 14, 15, 16, 18]",full_mesh,12410.972196416853,0.026013542000001166,12,0,0,0,0,487,12,1,12,1.0,1034.2476830347377,44374.86098208427,347,316,475
SELF-Q4-mixed-fixed_hash-248,248,mixed,fixed_hash,triangle_optical,True,all_sources_cleared_with_certificate,triangle,False,905.0,31,31,"[2, 4, 5, 6, 7, 8, 10, 11, 12, 14, 15, 16, 17]","[2, 4, 5, 6, 7, 8, 10, 11, 12, 14, 15, 16, 17]",full_mesh,11153.591358819041,0.024202291999998238,13,0,0,0,0,379,13,7,13,1.0,857.9685660630032,41137.9567940952,299,268,366
SELF-Q4-mixed-fixed_hash-249,249,mixed,fixed_hash,triangle_optical,True,all_sources_cleared_with_certificate,triangle,False,905.0,31,31,"[1, 2, 5, 6, 7, 9, 10, 13, 14, 16, 17, 18, 19, 20]","[1, 2, 5, 6, 7, 9, 10, 13, 14, 16, 17, 18, 19, 20]",full_mesh,16210.835252845249,0.04026704099999989,14,0,0,0,0,1026,14,11,14,1.0,1157.9168037746606,56064.176264226306,320,292,1012
SELF-Q4-mixed-fixed_hash-250,250,mixed,fixed_hash,triangle_optical,True,all_sources_cleared_with_certificate,triangle,False,905.0,31,31,"[2, 3, 4, 5, 6, 7, 8, 9, 10, 11, 12, 13, 17, 18, 20]","[2, 3, 4, 5, 6, 7, 8, 9, 10, 11, 12, 13, 17, 18, 20]",full_mesh,12602.754833183093,0.030022374999994383,15,0,0,0,0,520,15,10,15,1.0,840.1836555455395,46183.77416591549,301,271,505
SELF-Q4-mixed-fixed_hash-251,251,mixed,fixed_hash,triangle_optical,True,all_sources_cleared_with_certificate,triangle,False,905.0,31,24,"[2, 4, 5, 7, 8, 9, 11, 12, 13, 14, 15, 16, 17, 18, 19, 20]","[2, 4, 5, 7, 8, 9, 11, 12, 13, 14, 15, 16, 17, 18, 19, 20]",count_upper_bound,11217.18213808406,0.03166912500000052,16,0,0,0,0,675,16,5,16,1.0,701.0738836302537,40700.91069042029,174,150,659
SELF-Q4-mixed-fixed_hash-252,252,mixed,fixed_hash,triangle_optical,True,all_sources_cleared_with_certificate,triangle,False,905.0,31,31,"[1, 5, 6, 7, 8, 10, 13, 14, 17, 20]","[1, 5, 6, 7, 8, 10, 13, 14, 17, 20]",full_mesh,11109.963424788964,0.021070334000000912,10,0,0,0,0,306,10,1,10,1.0,1110.9963424788964,39674.81712394485,378,347,296
SELF-Q4-mixed-fixed_hash-253,253,mixed,fixed_hash,triangle_optical,True,all_sources_cleared_with_certificate,triangle,False,905.0,31,31,"[2, 4, 5, 8, 11, 12, 13, 14, 15, 18, 20]","[2, 4, 5, 8, 11, 12, 13, 14, 15, 18, 20]",full_mesh,12690.461543913376,0.02593162499999835,11,0,0,0,0,541,11,3,11,1.0,1153.6783221739433,45512.30771956692,329,298,530
SELF-Q4-mixed-fixed_hash-254,254,mixed,fixed_hash,triangle_optical,True,all_sources_cleared_with_certificate,triangle,False,905.0,31,31,"[1, 3, 4, 6, 8, 9, 11, 12, 14, 17, 18, 20]","[1, 3, 4, 6, 8, 9, 11, 12, 14, 17, 18, 20]",full_mesh,12346.347600579347,0.025621542000003217,12,0,0,0,0,487,12,8,12,1.0,1028.862300048279,45396.73800289677,302,272,475
SELF-Q4-mixed-fixed_hash-255,255,mixed,fixed_hash,triangle_optical,True,all_sources_cleared_with_certificate,triangle,False,905.0,31,31,"[2, 5, 7, 8, 9, 11, 12, 13, 14, 15, 16, 19, 20]","[2, 5, 7, 8, 9, 11, 12, 13, 14, 15, 16, 19, 20]",full_mesh,15019.199631742431,0.03639366599999505,13,0,0,0,0,926,13,3,13,1.0,1155.3230485955717,51985.998158712224,308,278,913
SELF-Q4-mixed-fixed_hash-256,256,mixed,fixed_hash,triangle_optical,True,all_sources_cleared_with_certificate,triangle,False,905.0,31,31,"[1, 3, 4, 5, 6, 7, 8, 9, 10, 12, 13, 14, 16, 20]","[1, 3, 4, 5, 6, 7, 8, 9, 10, 12, 13, 14, 16, 20]",full_mesh,11031.093502219977,0.021359666999998694,14,0,0,0,0,313,14,6,14,1.0,787.9352501585698,42580.467511099894,263,233,299
SELF-Q4-mixed-fixed_hash-257,257,mixed,fixed_hash,triangle_optical,True,all_sources_cleared_with_certificate,triangle,False,905.0,31,31,"[1, 3, 4, 6, 7, 8, 9, 10, 11, 12, 14, 15, 17, 18, 19]","[1, 3, 4, 6, 7, 8, 9, 10, 11, 12, 14, 15, 17, 18, 19]",full_mesh,14584.413130734023,0.036895624999999654,15,0,0,0,0,813,15,10,15,1.0,972.2942087156015,51432.065653670186,310,279,798
SELF-Q4-mixed-fixed_hash-258,258,mixed,fixed_hash,triangle_optical,True,all_sources_cleared_with_certificate,triangle,False,905.0,31,18,"[1, 2, 3, 4, 5, 6, 7, 10, 11, 13, 14, 15, 16, 18, 19, 20]","[1, 2, 3, 4, 5, 6, 7, 10, 11, 13, 14, 15, 16, 18, 19, 20]",count_upper_bound,11354.708787370813,0.03331241699999765,16,0,0,0,0,728,16,3,16,1.0,709.6692992106758,40228.543936854076,185,168,712
SELF-Q4-mixed-fixed_hash-259,259,mixed,fixed_hash,triangle_optical,True,all_sources_cleared_with_certificate,triangle,False,905.0,31,31,"[1, 2, 3, 4, 11, 12, 14, 16, 18, 20]","[1, 2, 3, 4, 11, 12, 14, 16, 18, 20]",full_mesh,14488.104935181553,0.0315610000000035,10,0,0,0,0,746,10,9,10,1.0,1448.8104935181552,49095.52467590781,407,376,736
SELF-Q4-mixed-fixed_hash-260,260,mixed,fixed_hash,triangle_optical,True,all_sources_cleared_with_certificate,triangle,False,905.0,31,31,"[1, 2, 3, 5, 7, 10, 12, 14, 16, 17, 20]","[1, 2, 3, 5, 7, 10, 12, 14, 16, 17, 20]",full_mesh,13157.193900447463,0.028804999999998415,11,0,0,0,0,618,11,5,11,1.0,1196.1085364043147,46120.96950223737,348,317,607
SELF-Q4-mixed-fixed_hash-261,261,mixed,fixed_hash,triangle_optical,True,all_sources_cleared_with_certificate,triangle,False,905.0,31,31,"[1, 2, 3, 5, 6, 7, 8, 9, 11, 13, 14, 15]","[1, 2, 3, 5, 6, 7, 8, 9, 11, 13, 14, 15]",full_mesh,15260.891343250369,0.03575120799999354,12,0,0,0,0,847,12,7,12,1.0,1271.7409452708641,52954.45671625193,356,325,835
SELF-Q4-mixed-fixed_hash-262,262,mixed,fixed_hash,triangle_optical,True,all_sources_cleared_with_certificate,triangle,False,905.0,31,31,"[1, 4, 6, 7, 10, 11, 12, 14, 15, 17, 18, 19, 20]","[1, 4, 6, 7, 10, 11, 12, 14, 15, 17, 18, 19, 20]",full_mesh,14572.17691520825,0.03372379099999989,13,0,0,0,0,829,13,3,13,1.0,1120.9366857852501,51985.88457604131,282,252,816
SELF-Q4-mixed-fixed_hash-263,263,mixed,fixed_hash,triangle_optical,True,all_sources_cleared_with_certificate,triangle,False,905.0,31,31,"[1, 5, 6, 8, 9, 10, 11, 12, 13, 14, 15, 16, 17, 18]","[1, 5, 6, 8, 9, 10, 11, 12, 13, 14, 15, 16, 17, 18]",full_mesh,15463.604022979669,0.0391813750000054,14,0,0,0,0,967,14,3,14,1.0,1104.5431444985477,54338.02011489838,283,252,953
SELF-Q4-mixed-fixed_hash-264,264,mixed,fixed_hash,triangle_optical,True,all_sources_cleared_with_certificate,triangle,False,905.0,31,31,"[1, 2, 4, 5, 6, 7, 10, 11, 12, 14, 15, 16, 18, 19, 20]","[1, 2, 4, 5, 6, 7, 10, 11, 12, 14, 15, 16, 18, 19, 20]",full_mesh,15967.042140919082,0.03927462499999734,15,0,0,0,0,997,15,1,15,1.0,1064.4694760612722,57555.210704595476,244,215,982
SELF-Q4-mixed-fixed_hash-265,265,mixed,fixed_hash,triangle_optical,True,all_sources_cleared_with_certificate,triangle,False,905.0,31,22,"[1, 2, 3, 4, 5, 9, 10, 11, 12, 13, 14, 15, 16, 18, 19, 20]","[1, 2, 3, 4, 5, 9, 10, 11, 12, 13, 14, 15, 16, 18, 19, 20]",count_upper_bound,12154.68801302038,0.03651399999999683,16,0,0,0,0,762,16,8,16,1.0,759.6680008137738,42568.44006510194,224,203,746
SELF-Q4-mixed-fixed_hash-266,266,mixed,fixed_hash,triangle_optical,True,all_sources_cleared_with_certificate,triangle,False,905.0,31,31,"[1, 3, 4, 7, 9, 10, 14, 15, 16, 18]","[1, 3, 4, 7, 9, 10, 14, 15, 16, 18]",full_mesh,13216.923990794532,0.027598374999996622,10,0,0,0,0,586,10,2,10,1.0,1321.6923990794533,45499.6199539727,395,364,576
SELF-Q4-mixed-fixed_hash-267,267,mixed,fixed_hash,triangle_optical,True,all_sources_cleared_with_certificate,triangle,False,905.0,31,31,"[1, 4, 7, 8, 9, 11, 15, 16, 17, 18, 19]","[1, 4, 7, 8, 9, 11, 15, 16, 17, 18, 19]",full_mesh,12669.488730016355,0.02313325000000077,11,0,0,0,0,410,11,10,11,1.0,1151.7717027287597,44672.443650081805,419,388,399
SELF-Q4-mixed-fixed_hash-268,268,mixed,fixed_hash,triangle_optical,True,all_sources_cleared_with_certificate,triangle,False,905.0,31,31,"[2, 3, 4, 5, 10, 11, 12, 14, 16, 17, 18, 20]","[2, 3, 4, 5, 10, 11, 12, 14, 16, 17, 18, 20]",full_mesh,13734.098428776222,0.030040333000002306,12,0,0,0,0,670,12,1,12,1.0,1144.5082023980185,48565.49214388115,336,307,658
SELF-Q4-mixed-fixed_hash-269,269,mixed,fixed_hash,triangle_optical,True,all_sources_cleared_with_certificate,triangle,False,905.0,31,31,"[1, 2, 3, 5, 6, 7, 9, 10, 11, 13, 15, 18, 20]","[1, 2, 3, 5, 6, 7, 9, 10, 11, 13, 15, 18, 20]",full_mesh,14392.645829167326,0.03483562499999948,13,0,0,0,0,815,13,7,13,1.0,1107.1266022436405,51268.22914583672,283,253,802
SELF-Q4-mixed-fixed_hash-270,270,mixed,fixed_hash,triangle_optical,True,all_sources_cleared_with_certificate,triangle,False,905.0,31,31,"[1, 3, 5, 6, 8, 9, 10, 11, 12, 15, 16, 17, 18, 20]","[1, 3, 5, 6, 8, 9, 10, 11, 12, 15, 16, 17, 18, 20]",full_mesh,12824.64740889397,0.030779833000003975,14,0,0,0,0,629,14,11,14,1.0,916.0462434924265,46658.23704446992,268,238,615
SELF-Q4-mixed-fixed_hash-271,271,mixed,fixed_hash,triangle_optical,True,all_sources_cleared_with_certificate,triangle,False,905.0,31,31,"[2, 4, 6, 7, 8, 9, 10, 11, 12, 13, 14, 15, 16, 18, 19]","[2, 4, 6, 7, 8, 9, 10, 11, 12, 13, 14, 15, 16, 18, 19]",full_mesh,13852.996048294675,0.03379754200000207,15,0,0,0,0,698,15,11,15,1.0,923.5330698863116,50759.98024147341,268,237,683
SELF-Q4-mixed-fixed_hash-272,272,mixed,fixed_hash,triangle_optical,True,all_sources_cleared_with_certificate,triangle,False,905.0,31,28,"[2, 3, 4, 5, 6, 7, 9, 10, 11, 12, 13, 15, 16, 18, 19, 20]","[2, 3, 4, 5, 6, 7, 9, 10, 11, 12, 13, 15, 16, 18, 19, 20]",count_upper_bound,16681.589787866465,0.04792254200000201,16,0,0,0,0,1206,16,13,16,1.0,1042.599361741654,56232.94893933238,302,275,1190
SELF-Q4-mixed-fixed_hash-273,273,mixed,fixed_hash,triangle_optical,True,all_sources_cleared_with_certificate,triangle,False,905.0,31,31,"[2, 3, 4, 7, 8, 9, 10, 14, 17, 19]","[2, 3, 4, 7, 8, 9, 10, 14, 17, 19]",full_mesh,13344.841969402833,0.026930917000001386,10,0,0,0,0,547,10,9,10,1.0,1334.4841969402833,45699.209847014194,429,399,537
SELF-Q4-mixed-fixed_hash-274,274,mixed,fixed_hash,triangle_optical,True,all_sources_cleared_with_certificate,triangle,False,905.0,31,31,"[1, 2, 4, 5, 11, 12, 13, 14, 15, 17, 20]","[1, 2, 4, 5, 11, 12, 13, 14, 15, 17, 20]",full_mesh,11220.364779689397,0.02077008300000216,11,0,0,0,0,274,11,10,11,1.0,1020.0331617899451,40451.823898447,386,356,263
SELF-Q4-mixed-fixed_hash-275,275,mixed,fixed_hash,triangle_optical,True,all_sources_cleared_with_certificate,triangle,False,905.0,31,31,"[3, 4, 6, 10, 11, 12, 13, 14, 15, 16, 17, 19]","[3, 4, 6, 10, 11, 12, 13, 14, 15, 16, 17, 19]",full_mesh,12917.637560427647,0.029383375000001877,12,0,0,0,0,604,12,6,12,1.0,1076.469796702304,46323.18780213825,308,277,592
SELF-Q4-mixed-fixed_hash-276,276,mixed,fixed_hash,triangle_optical,True,all_sources_cleared_with_certificate,triangle,False,905.0,31,31,"[1, 3, 4, 5, 7, 8, 9, 11, 12, 13, 15, 18, 19]","[1, 3, 4, 5, 7, 8, 9, 11, 12, 13, 15, 18, 19]",full_mesh,12823.65776420571,0.02531708400000099,13,0,0,0,0,476,13,6,13,1.0,986.4352126312084,48268.2888210286,291,261,463
SELF-Q4-mixed-fixed_hash-277,277,mixed,fixed_hash,triangle_optical,True,all_sources_cleared_with_certificate,triangle,False,905.0,31,31,"[2, 3, 4, 5, 6, 7, 8, 10, 13, 14, 15, 17, 19, 20]","[2, 3, 4, 5, 6, 7, 8, 10, 13, 14, 15, 17, 19, 20]",full_mesh,15361.908165408637,0.03870183299999752,14,0,0,0,0,947,14,4,14,1.0,1097.2791546720455,54099.54082704325,284,253,933
SELF-Q4-mixed-fixed_hash-278,278,mixed,fixed_hash,triangle_optical,True,all_sources_cleared_with_certificate,triangle,False,905.0,31,31,"[2, 3, 4, 6, 7, 8, 9, 10, 11, 13, 14, 15, 16, 18, 19]","[2, 3, 4, 6, 7, 8, 9, 10, 11, 13, 14, 15, 16, 18, 19]",full_mesh,13676.763838758246,0.034900082999996584,15,0,0,0,0,741,15,13,15,1.0,911.7842559172165,49323.81919379128,265,234,726
SELF-Q4-mixed-fixed_hash-279,279,mixed,fixed_hash,triangle_optical,True,all_sources_cleared_with_certificate,triangle,False,905.0,31,20,"[1, 2, 3, 4, 5, 6, 7, 8, 10, 12, 13, 14, 15, 16, 17, 18]","[1, 2, 3, 4, 5, 6, 7, 8, 10, 12, 13, 14, 15, 16, 17, 18]",count_upper_bound,12546.966939308642,0.03745837499999993,16,0,0,0,0,914,16,7,16,1.0,784.1854337067901,42754.83469654323,207,187,898
SELF-Q4-mixed-fixed_hash-280,280,mixed,fixed_hash,triangle_optical,True,all_sources_cleared_with_certificate,triangle,False,905.0,31,31,"[1, 3, 6, 8, 9, 10, 15, 16, 17, 19]","[1, 3, 6, 8, 9, 10, 15, 16, 17, 19]",full_mesh,13464.514026472529,0.027354792000004124,10,0,0,0,0,616,10,1,10,1.0,1346.451402647253,47397.57013236268,358,327,606
SELF-Q4-mixed-fixed_hash-281,281,mixed,fixed_hash,triangle_optical,True,all_sources_cleared_with_certificate,triangle,False,905.0,31,31,"[1, 4, 8, 9, 10, 13, 14, 15, 17, 18, 20]","[1, 4, 8, 9, 10, 13, 14, 15, 17, 18, 20]",full_mesh,15042.969711475644,0.03511016699999914,11,0,0,0,0,842,11,5,11,1.0,1367.5427010432404,51974.84855737828,355,325,831
SELF-Q4-mixed-fixed_hash-282,282,mixed,fixed_hash,triangle_optical,True,all_sources_cleared_with_certificate,triangle,False,905.0,31,31,"[1, 2, 4, 5, 6, 9, 10, 11, 12, 13, 16, 20]","[1, 2, 4, 5, 6, 9, 10, 11, 12, 13, 16, 20]",full_mesh,14445.772014983944,0.033963249999999334,12,0,0,0,0,736,12,8,12,1.0,1203.8143345819954,50118.86007491976,370,340,724
SELF-Q4-mixed-fixed_hash-283,283,mixed,fixed_hash,triangle_optical,True,all_sources_cleared_with_certificate,triangle,False,905.0,31,31,"[1, 3, 4, 5, 7, 9, 10, 11, 12, 13, 14, 15, 17]","[1, 3, 4, 5, 7, 9, 10, 11, 12, 13, 14, 15, 17]",full_mesh,12747.923694510831,0.02777729200000323,13,0,0,0,0,574,13,1,13,1.0,980.6095149623717,46454.61847255417,290,259,561
SELF-Q4-mixed-fixed_hash-284,284,mixed,fixed_hash,triangle_optical,True,all_sources_cleared_with_certificate,triangle,False,905.0,31,31,"[2, 3, 4, 5, 8, 9, 10, 12, 13, 14, 15, 18, 19, 20]","[2, 3, 4, 5, 8, 9, 10, 12, 13, 14, 15, 18, 19, 20]",full_mesh,14306.533068504941,0.03261091699999952,14,0,0,0,0,710,14,6,14,1.0,1021.8952191789243,51232.66534252478,322,292,696
SELF-Q4-mixed-fixed_hash-285,285,mixed,fixed_hash,triangle_optical,True,all_sources_cleared_with_certificate,triangle,False,905.0,31,31,"[1, 3, 5, 6, 7, 8, 10, 12, 13, 14, 15, 16, 18, 19, 20]","[1, 3, 5, 6, 7, 8, 10, 12, 13, 14, 15, 16, 18, 19, 20]",full_mesh,17026.58200261891,0.045907708000001435,15,0,0,0,0,1177,15,11,15,1.0,1135.1054668412607,58982.91001309463,283,254,1162
SELF-Q4-mixed-fixed_hash-286,286,mixed,fixed_hash,triangle_optical,True,all_sources_cleared_with_certificate,triangle,False,905.0,31,26,"[1, 3, 4, 6, 7, 8, 9, 11, 12, 13, 14, 16, 17, 18, 19, 20]","[1, 3, 4, 6, 7, 8, 9, 11, 12, 13, 14, 16, 17, 18, 19, 20]",count_upper_bound,15522.757630698117,0.04545183300000133,16,0,0,0,0,1169,16,13,16,1.0,970.1723519186323,53733.78815349066,210,187,1153
SELF-Q4-mixed-fixed_hash-287,287,mixed,fixed_hash,triangle_optical,True,all_sources_cleared_with_certificate,triangle,False,905.0,31,31,"[1, 3, 4, 7, 9, 10, 11, 13, 17, 18]","[1, 3, 4, 7, 9, 10, 11, 13, 17, 18]",full_mesh,11697.16465914706,0.020707499999993217,10,0,0,0,0,308,10,4,10,1.0,1169.716465914706,41470.82329573532,415,384,298
SELF-Q4-mixed-fixed_hash-288,288,mixed,fixed_hash,triangle_optical,True,all_sources_cleared_with_certificate,triangle,False,905.0,31,31,"[1, 2, 7, 8, 9, 10, 11, 12, 16, 18, 19]","[1, 2, 7, 8, 9, 10, 11, 12, 16, 18, 19]",full_mesh,13441.352555523523,0.028806875000000787,11,0,0,0,0,556,11,10,11,1.0,1221.9411414112294,47596.762777617645,377,347,545
SELF-Q4-mixed-fixed_hash-289,289,mixed,fixed_hash,triangle_optical,True,all_sources_cleared_with_certificate,triangle,False,905.0,31,31,"[1, 3, 6, 7, 9, 11, 12, 13, 14, 15, 16, 17]","[1, 3, 6, 7, 9, 11, 12, 13, 14, 15, 16, 17]",full_mesh,14859.96181781455,0.034431875000002776,12,0,0,0,0,763,12,8,12,1.0,1238.330151484546,51879.809089072805,367,336,751
SELF-Q4-mixed-fixed_hash-290,290,mixed,fixed_hash,triangle_optical,True,all_sources_cleared_with_certificate,triangle,False,905.0,31,31,"[1, 2, 4, 5, 7, 8, 10, 11, 14, 16, 17, 18, 19]","[1, 2, 4, 5, 7, 8, 10, 11, 14, 16, 17, 18, 19]",full_mesh,12579.133188298307,0.02842933299999828,13,0,0,0,0,537,13,6,13,1.0,967.6256298691005,46910.66594149157,265,235,524
SELF-Q4-mixed-fixed_hash-291,291,mixed,fixed_hash,triangle_optical,True,all_sources_cleared_with_certificate,triangle,False,905.0,31,31,"[2, 3, 4, 5, 6, 10, 11, 12, 13, 14, 16, 17, 19, 20]","[2, 3, 4, 5, 6, 10, 11, 12, 13, 14, 16, 17, 19, 20]",full_mesh,15182.664103744337,0.03948116600000162,14,0,0,0,0,908,14,2,14,1.0,1084.4760074103099,53908.320518721746,280,249,894
SELF-Q4-mixed-fixed_hash-292,292,mixed,fixed_hash,triangle_optical,True,all_sources_cleared_with_certificate,triangle,False,905.0,31,31,"[1, 4, 5, 6, 7, 8, 9, 10, 11, 14, 15, 16, 18, 19, 20]","[1, 4, 5, 6, 7, 8, 9, 10, 11, 14, 15, 16, 18, 19, 20]",full_mesh,16852.872705084246,0.04575412499999487,15,0,0,0,0,1066,15,10,15,1.0,1123.5248470056165,59599.363525421315,289,260,1051
SELF-Q4-mixed-fixed_hash-293,293,mixed,fixed_hash,triangle_optical,True,all_sources_cleared_with_certificate,triangle,False,905.0,31,27,"[1, 2, 4, 6, 7, 8, 10, 11, 13, 14, 15, 16, 17, 18, 19, 20]","[1, 2, 4, 6, 7, 8, 10, 11, 13, 14, 15, 16, 17, 18, 19, 20]",count_upper_bound,12749.794638361984,0.03845170799999664,16,0,0,0,0,718,16,12,16,1.0,796.862164897624,44393.97319180995,285,260,702
SELF-Q4-mixed-fixed_hash-294,294,mixed,fixed_hash,triangle_optical,True,all_sources_cleared_with_certificate,triangle,False,905.0,31,31,"[2, 3, 6, 7, 10, 12, 13, 15, 16, 17]","[2, 3, 6, 7, 10, 12, 13, 15, 16, 17]",full_mesh,11714.766233090195,0.020893042000004414,10,0,0,0,0,333,10,7,10,1.0,1171.4766233090195,42173.831165450996,382,351,323
SELF-Q4-mixed-fixed_hash-295,295,mixed,fixed_hash,triangle_optical,True,all_sources_cleared_with_certificate,triangle,False,905.0,31,31,"[1, 3, 4, 5, 10, 11, 12, 13, 15, 16, 19]","[1, 3, 4, 5, 10, 11, 12, 13, 15, 16, 19]",full_mesh,15332.345473958127,0.03749104100000267,11,0,0,0,0,896,11,4,11,1.0,1393.8495885416478,52526.72736979072,358,327,885
SELF-Q4-mixed-fixed_hash-296,296,mixed,fixed_hash,triangle_optical,True,all_sources_cleared_with_certificate,triangle,False,905.0,31,31,"[1, 2, 3, 7, 9, 10, 11, 12, 14, 16, 17, 20]","[1, 2, 3, 7, 9, 10, 11, 12, 14, 16, 17, 20]",full_mesh,15292.95839894911,0.036545833000005246,12,0,0,0,0,904,12,5,12,1.0,1274.4131999124259,53604.791994745625,311,281,892
SELF-Q4-mixed-fixed_hash-297,297,mixed,fixed_hash,triangle_optical,True,all_sources_cleared_with_certificate,triangle,False,905.0,31,31,"[1, 2, 3, 7, 8, 11, 12, 13, 14, 15, 17, 19, 20]","[1, 2, 3, 7, 8, 11, 12, 13, 14, 15, 17, 19, 20]",full_mesh,14365.554519472047,0.033080457999993484,13,0,0,0,0,749,13,5,13,1.0,1105.0426553440036,51127.7725973603,316,287,736
SELF-Q4-mixed-fixed_hash-298,298,mixed,fixed_hash,triangle_optical,True,all_sources_cleared_with_certificate,triangle,False,905.0,31,31,"[1, 3, 6, 7, 8, 9, 10, 12, 13, 14, 16, 17, 18, 19]","[1, 3, 6, 7, 8, 9, 10, 12, 13, 14, 16, 17, 18, 19]",full_mesh,12692.405824567892,0.028669749999998828,14,0,0,0,0,528,14,5,14,1.0,906.6004160405637,45927.02912283947,321,290,514
SELF-Q4-mixed-fixed_hash-299,299,mixed,fixed_hash,triangle_optical,True,all_sources_cleared_with_certificate,triangle,False,905.0,31,31,"[1, 5, 6, 7, 8, 9, 10, 11, 12, 13, 15, 16, 17, 19, 20]","[1, 5, 6, 7, 8, 9, 10, 11, 12, 13, 15, 16, 17, 19, 20]",full_mesh,13912.013382492085,0.03319062499999603,15,0,0,0,0,691,15,12,15,1.0,927.4675588328057,52315.066912460476,229,201,676
SELF-Q4-mixed-fixed_hash-300,300,mixed,fixed_hash,triangle_optical,True,all_sources_cleared_with_certificate,triangle,False,905.0,31,24,"[1, 2, 3, 4, 6, 7, 9, 10, 11, 12, 14, 15, 16, 18, 19, 20]","[1, 2, 3, 4, 6, 7, 9, 10, 11, 12, 14, 15, 16, 18, 19, 20]",count_upper_bound,13042.275537778356,0.03866687499999699,16,0,0,0,0,882,16,10,16,1.0,815.1422211111473,45666.37768889181,209,186,866
SELF-Q4-mixed-fixed_hash-301,301,mixed,fixed_hash,triangle_optical,True,all_sources_cleared_with_certificate,triangle,False,905.0,31,31,"[2, 4, 5, 8, 10, 11, 13, 15, 16, 18]","[2, 4, 5, 8, 10, 11, 13, 15, 16, 18]",full_mesh,12235.764802421041,0.026735416000001067,10,0,0,0,0,496,10,9,10,1.0,1223.576480242104,41793.82401210522,400,369,486
SELF-Q4-mixed-fixed_hash-302,302,mixed,fixed_hash,triangle_optical,True,all_sources_cleared_with_certificate,triangle,False,905.0,31,31,"[1, 4, 7, 12, 14, 15, 16, 17, 18, 19, 20]","[1, 4, 7, 12, 14, 15, 16, 17, 18, 19, 20]",full_mesh,12518.196954178151,0.027436166999997624,11,0,0,0,0,478,11,9,11,1.0,1138.0179049252865,44650.984770890784,360,332,467
SELF-Q4-mixed-fixed_hash-303,303,mixed,fixed_hash,triangle_optical,True,all_sources_cleared_with_certificate,triangle,False,905.0,31,31,"[2, 3, 7, 8, 9, 10, 13, 16, 17, 18, 19, 20]","[2, 3, 7, 8, 9, 10, 13, 16, 17, 18, 19, 20]",full_mesh,14118.90179718015,0.031696333000006405,12,0,0,0,0,736,12,5,12,1.0,1176.5751497650124,49949.50898590081,321,292,724
SELF-Q4-mixed-fixed_hash-304,304,mixed,fixed_hash,triangle_optical,True,all_sources_cleared_with_certificate,triangle,False,905.0,31,31,"[1, 4, 5, 7, 10, 11, 13, 14, 15, 16, 17, 18, 20]","[1, 4, 5, 7, 10, 11, 13, 14, 15, 16, 17, 18, 20]",full_mesh,12280.131074038334,0.027926125000000468,13,0,0,0,0,478,13,1,13,1.0,944.625467233718,45185.6553701917,302,273,465
SELF-Q4-mixed-fixed_hash-305,305,mixed,fixed_hash,triangle_optical,True,all_sources_cleared_with_certificate,triangle,False,905.0,31,31,"[3, 5, 6, 8, 10, 11, 12, 13, 15, 16, 17, 18, 19, 20]","[3, 5, 6, 8, 10, 11, 12, 13, 15, 16, 17, 18, 19, 20]",full_mesh,17007.386534423385,0.044682000000001665,14,0,0,0,0,1153,14,4,14,1.0,1214.8133238873847,59501.93267211702,275,245,1139
SELF-Q4-mixed-fixed_hash-306,306,mixed,fixed_hash,triangle_optical,True,all_sources_cleared_with_certificate,triangle,False,905.0,31,31,"[1, 3, 7, 9, 10, 11, 12, 13, 14, 15, 16, 17, 18, 19, 20]","[1, 3, 7, 9, 10, 11, 12, 13, 14, 15, 16, 17, 18, 19, 20]",full_mesh,13220.347900885634,0.03125599999999906,15,0,0,0,0,607,15,2,15,1.0,881.3565267257089,48266.739504428224,291,261,592
SELF-Q4-mixed-fixed_hash-307,307,mixed,fixed_hash,triangle_optical,True,all_sources_cleared_with_certificate,triangle,False,905.0,31,26,"[1, 2, 4, 5, 6, 7, 8, 9, 10, 11, 15, 16, 17, 18, 19, 20]","[1, 2, 4, 5, 6, 7, 8, 9, 10, 11, 15, 16, 17, 18, 19, 20]",count_upper_bound,14864.125619334038,0.044432125000000156,16,0,0,0,0,1079,16,12,16,1.0,929.0078512083774,50485.628096670254,254,228,1063
SELF-Q4-mixed-fixed_hash-308,308,mixed,fixed_hash,triangle_optical,True,all_sources_cleared_with_certificate,triangle,False,905.0,31,31,"[3, 5, 6, 7, 9, 12, 13, 17, 18, 19]","[3, 5, 6, 7, 9, 12, 13, 17, 18, 19]",full_mesh,12075.470033972688,0.0228307920000006,10,0,0,0,0,366,10,5,10,1.0,1207.5470033972688,42842.35016986347,403,374,356
SELF-Q4-mixed-fixed_hash-309,309,mixed,fixed_hash,triangle_optical,True,all_sources_cleared_with_certificate,triangle,False,905.0,31,31,"[1, 3, 4, 5, 7, 8, 10, 13, 14, 15, 18]","[1, 3, 4, 5, 7, 8, 10, 13, 14, 15, 18]",full_mesh,13151.78619243086,0.0291939590000041,11,0,0,0,0,598,11,3,11,1.0,1195.6169265846236,46363.93096215436,349,318,587
SELF-Q4-mixed-fixed_hash-310,310,mixed,fixed_hash,triangle_optical,True,all_sources_cleared_with_certificate,triangle,False,905.0,31,31,"[3, 5, 6, 7, 8, 9, 10, 12, 16, 17, 18, 20]","[3, 5, 6, 7, 8, 9, 10, 12, 16, 17, 18, 20]",full_mesh,13954.827407734454,0.032111707999995076,12,0,0,0,0,679,12,4,12,1.0,1162.902283977871,49719.1370386723,330,300,667
SELF-Q4-mixed-fixed_hash-311,311,mixed,fixed_hash,triangle_optical,True,all_sources_cleared_with_certificate,triangle,False,905.0,31,31,"[1, 3, 4, 5, 7, 9, 12, 14, 15, 16, 18, 19, 20]","[1, 3, 4, 5, 7, 9, 12, 14, 15, 16, 18, 19, 20]",full_mesh,14296.805216530904,0.035594957999997234,13,0,0,0,0,780,13,12,13,1.0,1099.7542474254542,50894.026082654585,297,267,767
SELF-Q4-mixed-fixed_hash-312,312,mixed,fixed_hash,triangle_optical,True,all_sources_cleared_with_certificate,triangle,False,905.0,31,31,"[2, 4, 5, 6, 8, 10, 11, 13, 15, 16, 17, 18, 19, 20]","[2, 4, 5, 6, 8, 10, 11, 13, 15, 16, 17, 18, 19, 20]",full_mesh,15285.591249228204,0.04088683299999474,14,0,0,0,0,919,14,1,14,1.0,1091.8279463734432,53532.95624614108,304,274,905
SELF-Q4-mixed-fixed_hash-313,313,mixed,fixed_hash,triangle_optical,True,all_sources_cleared_with_certificate,triangle,False,905.0,31,31,"[1, 3, 4, 6, 7, 11, 12, 13, 14, 15, 16, 17, 18, 19, 20]","[1, 3, 4, 6, 7, 11, 12, 13, 14, 15, 16, 17, 18, 19, 20]",full_mesh,15353.873234616123,0.04115370799999596,15,0,0,0,0,958,15,8,15,1.0,1023.5915489744082,54079.3661730807,277,249,943
SELF-Q4-mixed-fixed_hash-314,314,mixed,fixed_hash,triangle_optical,True,all_sources_cleared_with_certificate,triangle,False,905.0,31,17,"[1, 2, 4, 5, 6, 7, 8, 11, 12, 14, 15, 16, 17, 18, 19, 20]","[1, 2, 4, 5, 6, 7, 8, 11, 12, 14, 15, 16, 17, 18, 19, 20]",count_upper_bound,11598.703392817424,0.03885166699999587,16,0,0,0,0,914,16,3,16,1.0,724.918962051089,40483.51696408714,124,108,898
SELF-Q4-mixed-fixed_hash-315,315,mixed,fixed_hash,triangle_optical,True,all_sources_cleared_with_certificate,triangle,False,905.0,31,31,"[1, 2, 3, 10, 11, 12, 14, 17, 18, 20]","[1, 2, 3, 10, 11, 12, 14, 17, 18, 20]",full_mesh,13421.42625091135,0.029513416999996878,10,0,0,0,0,586,10,5,10,1.0,1342.142625091135,45672.131254556756,423,394,576
SELF-Q4-mixed-fixed_hash-316,316,mixed,fixed_hash,triangle_optical,True,all_sources_cleared_with_certificate,triangle,False,905.0,31,31,"[1, 4, 8, 9, 11, 13, 14, 16, 17, 19, 20]","[1, 4, 8, 9, 11, 13, 14, 16, 17, 19, 20]",full_mesh,12285.44401026135,0.025816209000005585,11,0,0,0,0,452,11,2,11,1.0,1116.8585463873953,44787.22005130677,330,300,441
SELF-Q4-mixed-fixed_hash-317,317,mixed,fixed_hash,triangle_optical,True,all_sources_cleared_with_certificate,triangle,False,905.0,31,31,"[1, 4, 5, 7, 8, 9, 11, 12, 13, 15, 18, 19]","[1, 4, 5, 7, 8, 9, 11, 12, 13, 15, 18, 19]",full_mesh,13221.367445939024,0.028244209000000353,12,0,0,0,0,554,12,6,12,1.0,1101.7806204949186,47421.83722969516,347,316,542
SELF-Q4-mixed-fixed_hash-318,318,mixed,fixed_hash,triangle_optical,True,all_sources_cleared_with_certificate,triangle,False,905.0,31,31,"[2, 4, 5, 6, 7, 10, 11, 13, 14, 15, 16, 17, 18]","[2, 4, 5, 6, 7, 10, 11, 13, 14, 15, 16, 17, 18]",full_mesh,11773.868908212233,0.029295457999999996,13,0,0,0,0,523,13,7,13,1.0,905.6822237086333,43489.3445410612,252,221,510
SELF-Q4-mixed-fixed_hash-319,319,mixed,fixed_hash,triangle_optical,True,all_sources_cleared_with_certificate,triangle,False,905.0,31,31,"[2, 3, 4, 5, 6, 10, 11, 12, 13, 16, 17, 18, 19, 20]","[2, 3, 4, 5, 6, 10, 11, 12, 13, 16, 17, 18, 19, 20]",full_mesh,15091.922568496942,0.037381667000005336,14,0,0,0,0,849,14,12,14,1.0,1077.994469178353,52839.61284248479,330,299,835
SELF-Q4-mixed-fixed_hash-320,320,mixed,fixed_hash,triangle_optical,True,all_sources_cleared_with_certificate,triangle,False,905.0,31,31,"[2, 3, 4, 5, 6, 7, 8, 9, 11, 12, 15, 16, 17, 19, 20]","[2, 3, 4, 5, 6, 7, 8, 9, 11, 12, 15, 16, 17, 19, 20]",full_mesh,15855.515980516439,0.041150458000004164,15,0,0,0,0,1025,15,8,15,1.0,1057.0343987010958,56457.579902582285,248,219,1010
SELF-Q4-mixed-fixed_hash-321,321,mixed,fixed_hash,triangle_optical,True,all_sources_cleared_with_certificate,triangle,False,905.0,31,27,"[1, 2, 4, 5, 6, 7, 8, 9, 10, 11, 12, 13, 14, 15, 17, 18]","[1, 2, 4, 5, 6, 7, 8, 9, 10, 11, 12, 13, 14, 15, 17, 18]",count_upper_bound,13979.360420604744,0.040224250000001405,16,0,0,0,0,921,16,15,16,1.0,873.7100262877965,49306.80210302376,225,198,905
SELF-Q4-mixed-fixed_hash-322,322,mixed,fixed_hash,triangle_optical,True,all_sources_cleared_with_certificate,triangle,False,905.0,31,31,"[3, 5, 6, 8, 10, 13, 14, 16, 18, 19]","[3, 5, 6, 8, 10, 13, 14, 16, 18, 19]",full_mesh,10782.508679454639,0.019931333000002383,10,0,0,0,0,293,10,9,10,1.0,1078.2508679454638,38737.543397273206,361,331,283
SELF-Q4-mixed-fixed_hash-323,323,mixed,fixed_hash,triangle_optical,True,all_sources_cleared_with_certificate,triangle,False,905.0,31,31,"[2, 4, 5, 6, 7, 8, 10, 14, 15, 16, 20]","[2, 4, 5, 6, 7, 8, 10, 14, 15, 16, 20]",full_mesh,12800.456679576011,0.02694008300000661,11,0,0,0,0,498,11,8,11,1.0,1163.6778799614556,44547.283397880055,401,370,487
SELF-Q4-mixed-fixed_hash-324,324,mixed,fixed_hash,triangle_optical,True,all_sources_cleared_with_certificate,triangle,False,905.0,31,31,"[1, 2, 3, 5, 6, 9, 14, 16, 17, 18, 19, 20]","[1, 2, 3, 5, 6, 9, 14, 16, 17, 18, 19, 20]",full_mesh,14107.506694031981,0.03426458300000235,12,0,0,0,0,727,12,4,12,1.0,1175.6255578359985,48142.53347015993,384,354,715
SELF-Q4-mixed-fixed_hash-325,325,mixed,fixed_hash,triangle_optical,True,all_sources_cleared_with_certificate,triangle,False,905.0,31,31,"[1, 2, 3, 4, 5, 6, 10, 11, 13, 14, 16, 18, 20]","[1, 2, 3, 4, 5, 6, 10, 11, 13, 14, 16, 18, 20]",full_mesh,13337.405906499922,0.03330820900000475,13,0,0,0,0,673,13,2,13,1.0,1025.954300499994,47552.02953249966,302,272,660
SELF-Q4-mixed-fixed_hash-326,326,mixed,fixed_hash,triangle_optical,True,all_sources_cleared_with_certificate,triangle,False,905.0,31,31,"[1, 2, 3, 4, 5, 6, 7, 10, 11, 13, 14, 15, 16, 17]","[1, 2, 3, 4, 5, 6, 7, 10, 11, 13, 14, 15, 16, 17]",full_mesh,12741.937751838206,0.029139125000000377,14,0,0,0,0,565,14,6,14,1.0,910.1384108455861,46879.68875919104,279,248,551
SELF-Q4-mixed-fixed_hash-327,327,mixed,fixed_hash,triangle_optical,True,all_sources_cleared_with_certificate,triangle,False,905.0,31,31,"[1, 2, 3, 4, 5, 8, 9, 10, 11, 13, 14, 15, 17, 18, 20]","[1, 2, 3, 4, 5, 8, 9, 10, 11, 13, 14, 15, 17, 18, 20]",full_mesh,14604.025021289503,0.03743550000000084,15,0,0,0,0,887,15,4,15,1.0,973.6016680859668,52995.125106447595,224,194,872
SELF-Q4-mixed-fixed_hash-328,328,mixed,fixed_hash,triangle_optical,True,all_sources_cleared_with_certificate,triangle,False,905.0,31,25,"[3, 4, 5, 6, 7, 8, 9, 11, 12, 13, 14, 15, 16, 17, 19, 20]","[3, 4, 5, 6, 7, 8, 9, 11, 12, 13, 14, 15, 16, 17, 19, 20]",count_upper_bound,14600.985889903766,0.043163333999999054,16,0,0,0,0,1032,16,14,16,1.0,912.5616181189854,49984.92944951888,250,226,1016
SELF-Q4-mixed-fixed_hash-329,329,mixed,fixed_hash,triangle_optical,True,all_sources_cleared_with_certificate,triangle,False,905.0,31,31,"[2, 4, 5, 7, 8, 10, 11, 16, 17, 20]","[2, 4, 5, 7, 8, 10, 11, 16, 17, 20]",full_mesh,13587.643414082138,0.03101862500000152,10,0,0,0,0,679,10,1,10,1.0,1358.7643414082138,46943.217070410756,362,332,669
SELF-Q4-mixed-fixed_hash-330,330,mixed,fixed_hash,triangle_optical,True,all_sources_cleared_with_certificate,triangle,False,905.0,31,31,"[1, 2, 3, 6, 9, 10, 11, 13, 14, 15, 20]","[1, 2, 3, 6, 9, 10, 11, 13, 14, 15, 20]",full_mesh,15068.457599820546,0.033428917000001945,11,0,0,0,0,795,11,4,11,1.0,1369.8597818018677,52477.28799910281,366,336,784
SELF-Q4-mixed-fixed_hash-331,331,mixed,fixed_hash,triangle_optical,True,all_sources_cleared_with_certificate,triangle,False,905.0,31,31,"[4, 6, 7, 8, 10, 11, 13, 14, 16, 18, 19, 20]","[4, 6, 7, 8, 10, 11, 13, 14, 16, 18, 19, 20]",full_mesh,14762.989950591978,0.034524167000000716,12,0,0,0,0,801,12,10,12,1.0,1230.2491625493315,51364.94975295995,349,318,789
SELF-Q4-mixed-fixed_hash-332,332,mixed,fixed_hash,triangle_optical,True,all_sources_cleared_with_certificate,triangle,False,905.0,31,31,"[1, 2, 3, 4, 8, 9, 12, 13, 14, 16, 17, 18, 19]","[1, 2, 3, 4, 8, 9, 12, 13, 14, 16, 17, 18, 19]",full_mesh,13580.129938034543,0.032275124999998184,13,0,0,0,0,644,13,3,13,1.0,1044.625379848811,49085.64969017277,306,275,631
SELF-Q4-mixed-fixed_hash-333,333,mixed,fixed_hash,triangle_optical,True,all_sources_cleared_with_certificate,triangle,False,905.0,31,31,"[2, 4, 5, 6, 7, 9, 10, 12, 13, 14, 16, 17, 18, 19]","[2, 4, 5, 6, 7, 9, 10, 12, 13, 14, 16, 17, 18, 19]",full_mesh,15761.95472341157,0.043747457999998574,14,0,0,0,0,1105,14,6,14,1.0,1125.8539088151122,54984.77361705789,242,212,1091
SELF-Q4-mixed-fixed_hash-334,334,mixed,fixed_hash,triangle_optical,True,all_sources_cleared_with_certificate,triangle,False,905.0,31,31,"[1, 4, 5, 6, 7, 8, 12, 13, 14, 15, 16, 17, 18, 19, 20]","[1, 4, 5, 6, 7, 8, 12, 13, 14, 15, 16, 17, 18, 19, 20]",full_mesh,15129.121894224389,0.04278004200000396,15,0,0,0,0,928,15,1,15,1.0,1008.6081262816259,54075.609471122014,255,225,913
SELF-Q4-mixed-fixed_hash-335,335,mixed,fixed_hash,triangle_optical,True,all_sources_cleared_with_certificate,triangle,False,905.0,31,18,"[1, 2, 3, 4, 5, 6, 7, 8, 10, 11, 13, 14, 15, 17, 18, 19]","[1, 2, 3, 4, 5, 6, 7, 8, 10, 11, 13, 14, 15, 17, 18, 19]",count_upper_bound,13094.78256364562,0.04129008299999981,16,0,0,0,0,969,16,14,16,1.0,818.4239102278513,43758.91281822813,237,219,953
SELF-Q4-mixed-fixed_hash-336,336,mixed,fixed_hash,triangle_optical,True,all_sources_cleared_with_certificate,triangle,False,905.0,31,31,"[1, 3, 5, 7, 8, 12, 14, 16, 18, 20]","[1, 3, 5, 7, 8, 12, 14, 16, 18, 20]",full_mesh,11707.891116528466,0.022992125000001806,10,0,0,0,0,352,10,8,10,1.0,1170.7891116528467,41189.45558264237,404,374,342
SELF-Q4-mixed-fixed_hash-337,337,mixed,fixed_hash,triangle_optical,True,all_sources_cleared_with_certificate,triangle,False,905.0,31,31,"[1, 5, 6, 7, 8, 9, 12, 15, 16, 17, 19]","[1, 5, 6, 7, 8, 9, 12, 15, 16, 17, 19]",full_mesh,14281.54103368461,0.03217295800000386,11,0,0,0,0,770,11,6,11,1.0,1298.3219121531465,50602.705168423134,310,279,759
SELF-Q4-mixed-fixed_hash-338,338,mixed,fixed_hash,triangle_optical,True,all_sources_cleared_with_certificate,triangle,False,905.0,31,31,"[1, 4, 5, 8, 9, 10, 12, 14, 15, 16, 19, 20]","[1, 4, 5, 8, 9, 10, 12, 14, 15, 16, 19, 20]",full_mesh,14445.981451857959,0.03384666699999883,12,0,0,0,0,733,12,11,12,1.0,1203.83178765483,49739.90725928985,384,355,721
SELF-Q4-mixed-fixed_hash-339,339,mixed,fixed_hash,triangle_optical,True,all_sources_cleared_with_certificate,triangle,False,905.0,31,31,"[1, 2, 3, 5, 6, 8, 9, 10, 12, 15, 17, 18, 20]","[1, 2, 3, 5, 6, 8, 9, 10, 12, 15, 17, 18, 20]",full_mesh,14490.551859473384,0.034052291999998374,13,0,0,0,0,778,13,10,13,1.0,1114.6578353441064,50517.75929736698,343,312,765
SELF-Q4-mixed-fixed_hash-340,340,mixed,fixed_hash,triangle_optical,True,all_sources_cleared_with_certificate,triangle,False,905.0,31,31,"[3, 4, 5, 6, 9, 10, 13, 14, 15, 16, 17, 18, 19, 20]","[3, 4, 5, 6, 9, 10, 13, 14, 15, 16, 17, 18, 19, 20]",full_mesh,12650.456016811728,0.027521208000003128,14,0,0,0,0,481,14,3,14,1.0,903.6040012008377,47697.28008405866,278,250,467
SELF-Q4-mixed-fixed_hash-341,341,mixed,fixed_hash,triangle_optical,True,all_sources_cleared_with_certificate,triangle,False,905.0,31,31,"[1, 2, 5, 6, 8, 9, 10, 11, 12, 13, 14, 16, 17, 18, 19]","[1, 2, 5, 6, 8, 9, 10, 11, 12, 13, 14, 16, 17, 18, 19]",full_mesh,14674.34547502897,0.03493999999999886,15,0,0,0,0,745,15,12,15,1.0,978.2896983352646,52116.72737514491,336,306,730
SELF-Q4-mixed-fixed_hash-342,342,mixed,fixed_hash,triangle_optical,True,all_sources_cleared_with_certificate,triangle,False,905.0,31,22,"[1, 2, 3, 4, 5, 6, 7, 8, 9, 11, 12, 13, 17, 18, 19, 20]","[1, 2, 3, 4, 5, 6, 7, 8, 9, 11, 12, 13, 17, 18, 19, 20]",count_upper_bound,10482.355524420267,0.029772999999998717,16,0,0,0,0,521,16,12,16,1.0,655.1472202762667,38356.77762210135,206,186,505
SELF-Q4-mixed-fixed_hash-343,343,mixed,fixed_hash,triangle_optical,True,all_sources_cleared_with_certificate,triangle,False,905.0,31,31,"[1, 3, 5, 6, 7, 9, 15, 16, 18, 20]","[1, 3, 5, 6, 7, 9, 15, 16, 18, 20]",full_mesh,11947.972091499618,0.025760334000004548,10,0,0,0,0,463,10,5,10,1.0,1194.7972091499619,42194.860457498115,355,325,453
SELF-Q4-mixed-fixed_hash-344,344,mixed,fixed_hash,triangle_optical,True,all_sources_cleared_with_certificate,triangle,False,905.0,31,31,"[4, 5, 7, 10, 11, 12, 13, 14, 15, 16, 20]","[4, 5, 7, 10, 11, 12, 13, 14, 15, 16, 20]",full_mesh,13066.236485919933,0.02758333299999549,10,0,1,0,0,570,11,6,11,1.0,1187.8396805381758,46546.18242959969,342,312,560
SELF-Q4-mixed-fixed_hash-345,345,mixed,fixed_hash,triangle_optical,True,all_sources_cleared_with_certificate,triangle,False,905.0,31,31,"[1, 3, 4, 5, 6, 7, 10, 11, 12, 14, 16, 18]","[1, 3, 4, 5, 6, 7, 10, 11, 12, 14, 16, 18]",full_mesh,13169.319630489013,0.032138207999999224,12,0,0,0,0,644,12,11,12,1.0,1097.4433025407511,45601.59815244508,354,323,632
SELF-Q4-mixed-fixed_hash-346,346,mixed,fixed_hash,triangle_optical,True,all_sources_cleared_with_certificate,triangle,False,905.0,31,31,"[2, 3, 4, 7, 8, 9, 11, 12, 13, 14, 15, 17, 18]","[2, 3, 4, 7, 8, 9, 11, 12, 13, 14, 15, 17, 18]",full_mesh,12897.731666347016,0.029772833000002663,13,0,0,0,0,623,13,3,13,1.0,992.1332051036165,46918.65833173514,275,244,610
SELF-Q4-mixed-fixed_hash-347,347,mixed,fixed_hash,triangle_optical,True,all_sources_cleared_with_certificate,triangle,False,905.0,31,31,"[1, 3, 4, 5, 6, 7, 8, 9, 12, 16, 17, 18, 19, 20]","[1, 3, 4, 5, 6, 7, 8, 9, 12, 16, 17, 18, 19, 20]",full_mesh,15347.316098772428,0.039240708000001234,14,0,0,0,0,908,14,7,14,1.0,1096.2368641980306,54481.5804938622,288,259,894
SELF-Q4-mixed-fixed_hash-348,348,mixed,fixed_hash,triangle_optical,True,all_sources_cleared_with_certificate,triangle,False,905.0,31,31,"[1, 2, 3, 4, 6, 7, 8, 9, 11, 14, 15, 16, 17, 18, 19]","[1, 2, 3, 4, 6, 7, 8, 9, 11, 14, 15, 16, 17, 18, 19]",full_mesh,13302.046128098984,0.03230941700000045,15,0,0,0,0,638,15,3,15,1.0,886.8030752065989,49020.23064049494,264,234,623
SELF-Q4-mixed-fixed_hash-349,349,mixed,fixed_hash,triangle_optical,True,all_sources_cleared_with_certificate,triangle,False,905.0,31,17,"[1, 3, 4, 5, 6, 8, 9, 10, 13, 14, 15, 16, 17, 18, 19, 20]","[1, 3, 4, 5, 6, 8, 9, 10, 13, 14, 15, 16, 17, 18, 19, 20]",count_upper_bound,14043.410013323784,0.047525499999999,16,0,0,0,0,1231,16,12,16,1.0,877.7131258327365,45637.05006661899,201,186,1215
SELF-Q4-mixed-fixed_hash-350,350,mixed,fixed_hash,triangle_optical,True,all_sources_cleared_with_certificate,triangle,False,905.0,31,31,"[3, 5, 6, 10, 11, 12, 13, 14, 18, 20]","[3, 5, 6, 10, 11, 12, 13, 14, 18, 20]",full_mesh,13066.368865838604,0.028641749999998467,10,0,0,0,0,570,10,8,10,1.0,1306.6368865838604,45376.84432919305,382,351,560
SELF-Q4-mixed-fixed_hash-351,351,mixed,fixed_hash,triangle_optical,True,all_sources_cleared_with_certificate,triangle,False,905.0,31,31,"[5, 6, 7, 8, 9, 10, 11, 12, 18, 19, 20]","[5, 6, 7, 8, 9, 10, 11, 12, 18, 19, 20]",full_mesh,14324.383219254016,0.02991695800000116,11,0,0,0,0,694,11,4,11,1.0,1302.2166562958196,50571.91609627015,356,326,683
SELF-Q4-mixed-fixed_hash-352,352,mixed,fixed_hash,triangle_optical,True,all_sources_cleared_with_certificate,triangle,False,905.0,31,31,"[2, 3, 4, 5, 8, 9, 10, 14, 16, 17, 19, 20]","[2, 3, 4, 5, 8, 9, 10, 14, 16, 17, 19, 20]",full_mesh,12333.197215539614,0.02709620899999976,12,0,0,0,0,487,12,2,12,1.0,1027.766434628301,44580.98607769808,327,297,475
SELF-Q4-mixed-fixed_hash-353,353,mixed,fixed_hash,triangle_optical,True,all_sources_cleared_with_certificate,triangle,False,905.0,31,31,"[2, 3, 4, 6, 7, 8, 9, 10, 12, 13, 15, 16, 19]","[2, 3, 4, 6, 7, 8, 9, 10, 12, 13, 15, 16, 19]",full_mesh,14049.153433924024,0.0323429159999975,13,0,0,0,0,676,13,10,13,1.0,1080.704110301848,51220.76716962016,297,266,663
SELF-Q4-mixed-fixed_hash-354,354,mixed,fixed_hash,triangle_optical,True,all_sources_cleared_with_certificate,triangle,False,905.0,31,31,"[1, 2, 3, 4, 5, 7, 8, 10, 11, 16, 17, 18, 19, 20]","[1, 2, 3, 4, 5, 7, 8, 10, 11, 16, 17, 18, 19, 20]",full_mesh,13739.323875269563,0.03322041699999545,14,0,0,0,0,686,14,5,14,1.0,981.3802768049688,49536.61937634785,296,266,672
SELF-Q4-mixed-fixed_hash-355,355,mixed,fixed_hash,triangle_optical,True,all_sources_cleared_with_certificate,triangle,False,905.0,31,31,"[2, 3, 4, 5, 6, 7, 9, 10, 11, 13, 14, 15, 16, 19, 20]","[2, 3, 4, 5, 6, 7, 9, 10, 11, 13, 14, 15, 16, 19, 20]",full_mesh,14106.936445851215,0.03481433299999992,15,0,0,0,0,776,15,10,15,1.0,940.4624297234144,51544.6822292561,245,215,761
SELF-Q4-mixed-fixed_hash-356,356,mixed,fixed_hash,triangle_optical,True,all_sources_cleared_with_certificate,triangle,False,905.0,31,22,"[2, 4, 6, 7, 8, 9, 10, 11, 12, 13, 14, 15, 16, 17, 18, 19]","[2, 4, 6, 7, 8, 9, 10, 11, 12, 13, 14, 15, 16, 17, 18, 19]",count_upper_bound,11295.348006936983,0.034253833000001066,16,0,0,0,0,693,16,5,16,1.0,705.9592504335615,38586.74003468493,248,227,677
SELF-Q4-mixed-fixed_hash-357,357,mixed,fixed_hash,triangle_optical,True,all_sources_cleared_with_certificate,triangle,False,905.0,31,31,"[3, 4, 5, 6, 7, 8, 9, 12, 18, 20]","[3, 4, 5, 6, 7, 8, 9, 12, 18, 20]",full_mesh,12252.811783187124,0.024358665999997697,10,0,0,0,0,470,10,7,10,1.0,1225.2811783187124,42564.058915935646,390,360,460
SELF-Q4-mixed-fixed_hash-358,358,mixed,fixed_hash,triangle_optical,True,all_sources_cleared_with_certificate,triangle,False,905.0,31,31,"[1, 2, 3, 7, 8, 10, 11, 13, 14, 15, 19]","[1, 2, 3, 7, 8, 10, 11, 13, 14, 15, 19]",full_mesh,12829.884056950375,0.02702529199999759,11,0,0,0,0,498,11,4,11,1.0,1166.3530960863977,45354.4202847519,379,348,487
SELF-Q4-mixed-fixed_hash-359,359,mixed,fixed_hash,triangle_optical,True,all_sources_cleared_with_certificate,triangle,False,905.0,31,31,"[1, 2, 3, 7, 9, 10, 13, 15, 16, 17, 18, 19]","[1, 2, 3, 7, 9, 10, 13, 15, 16, 17, 18, 19]",full_mesh,14448.04025436093,0.033431165999999735,12,0,0,0,0,738,12,4,12,1.0,1204.0033545300776,50525.20127180471,356,325,726
SELF-Q4-mixed-fixed_hash-360,360,mixed,fixed_hash,triangle_optical,True,all_sources_cleared_with_certificate,triangle,False,905.0,31,31,"[2, 3, 4, 7, 8, 9, 10, 11, 13, 14, 15, 17, 20]","[2, 3, 4, 7, 8, 9, 10, 11, 13, 14, 15, 17, 20]",full_mesh,13383.168681884174,0.028831083000000035,13,0,0,0,0,603,13,6,13,1.0,1029.4745139910904,48710.84340942091,306,276,590
SELF-Q4-mixed-fixed_hash-361,361,mixed,fixed_hash,triangle_optical,True,all_sources_cleared_with_certificate,triangle,False,905.0,31,31,"[1, 3, 4, 5, 6, 7, 10, 11, 12, 13, 15, 16, 18, 20]","[1, 3, 4, 5, 6, 7, 10, 11, 12, 13, 15, 16, 18, 20]",full_mesh,17359.400389944363,0.047649124999999515,14,0,0,0,0,1240,14,10,14,1.0,1239.9571707103116,58907.001949721904,310,280,1226
SELF-Q4-mixed-fixed_hash-362,362,mixed,fixed_hash,triangle_optical,True,all_sources_cleared_with_certificate,triangle,False,905.0,31,31,"[3, 5, 6, 8, 9, 10, 11, 12, 13, 14, 16, 17, 18, 19, 20]","[3, 5, 6, 8, 9, 10, 11, 12, 13, 14, 16, 17, 18, 19, 20]",full_mesh,15446.097540736306,0.039957334000000344,15,0,0,0,0,934,15,10,15,1.0,1029.739836049087,54550.48770368159,289,259,919
SELF-Q4-mixed-fixed_hash-363,363,mixed,fixed_hash,triangle_optical,True,all_sources_cleared_with_certificate,triangle,False,905.0,31,18,"[2, 3, 6, 7, 9, 10, 11, 12, 13, 14, 15, 16, 17, 18, 19, 20]","[2, 3, 6, 7, 9, 10, 11, 12, 13, 14, 15, 16, 17, 18, 19, 20]",count_upper_bound,11065.61978808977,0.03411854200000164,16,0,0,0,0,740,16,6,16,1.0,691.6012367556107,38963.09894044886,173,156,724
SELF-Q4-mixed-fixed_hash-364,364,mixed,fixed_hash,triangle_optical,True,all_sources_cleared_with_certificate,triangle,False,905.0,31,31,"[1, 3, 4, 6, 9, 15, 16, 17, 19, 20]","[1, 3, 4, 6, 9, 15, 16, 17, 19, 20]",full_mesh,13005.873616544968,0.0279659580000029,10,0,0,0,0,562,10,4,10,1.0,1300.5873616544968,45224.368082724846,381,350,552
SELF-Q4-mixed-fixed_hash-365,365,mixed,fixed_hash,triangle_optical,True,all_sources_cleared_with_certificate,triangle,False,905.0,31,31,"[1, 3, 5, 7, 9, 10, 11, 13, 17, 18, 20]","[1, 3, 5, 7, 9, 10, 11, 13, 17, 18, 20]",full_mesh,13265.282821969146,0.030276708000002373,11,0,0,0,0,656,11,4,11,1.0,1205.934801997195,46716.41410984577,327,297,645
SELF-Q4-mixed-fixed_hash-366,366,mixed,fixed_hash,triangle_optical,True,all_sources_cleared_with_certificate,triangle,False,905.0,31,31,"[2, 3, 4, 5, 6, 7, 11, 12, 13, 15, 16, 20]","[2, 3, 4, 5, 6, 7, 11, 12, 13, 15, 16, 20]",full_mesh,13133.390077804466,0.030924583999997424,12,0,0,0,0,602,12,7,12,1.0,1094.4491731503722,45776.95038902237,363,333,590
SELF-Q4-mixed-fixed_hash-367,367,mixed,fixed_hash,triangle_optical,True,all_sources_cleared_with_certificate,triangle,False,905.0,31,31,"[1, 2, 4, 5, 7, 8, 9, 12, 14, 16, 17, 18, 19]","[1, 2, 4, 5, 7, 8, 9, 12, 14, 16, 17, 18, 19]",full_mesh,12236.252253754043,0.027215374999997266,13,0,0,0,0,477,13,4,13,1.0,941.2501733656956,44536.26126877022,317,287,464
SELF-Q4-mixed-fixed_hash-368,368,mixed,fixed_hash,triangle_optical,True,all_sources_cleared_with_certificate,triangle,False,905.0,31,31,"[2, 5, 7, 8, 9, 10, 11, 13, 14, 15, 16, 17, 18, 19]","[2, 5, 7, 8, 9, 10, 11, 13, 14, 15, 16, 17, 18, 19]",full_mesh,15396.37453420277,0.03845545799999428,14,0,0,0,0,911,14,6,14,1.0,1099.7410381573407,53821.87267101395,317,286,897
SELF-Q4-mixed-fixed_hash-369,369,mixed,fixed_hash,triangle_optical,True,all_sources_cleared_with_certificate,triangle,False,905.0,31,31,"[1, 2, 3, 4, 7, 8, 9, 10, 12, 13, 15, 16, 17, 18, 19]","[1, 2, 3, 4, 7, 8, 9, 10, 12, 13, 15, 16, 17, 18, 19]",full_mesh,15231.306406634963,0.04210308300000065,15,0,0,0,0,1014,15,6,15,1.0,1015.4204271089976,54801.532033174866,205,174,999
SELF-Q4-mixed-fixed_hash-370,370,mixed,fixed_hash,triangle_optical,True,all_sources_cleared_with_certificate,triangle,False,905.0,31,17,"[1, 3, 4, 5, 6, 8, 9, 10, 11, 12, 13, 14, 15, 16, 17, 19]","[1, 3, 4, 5, 6, 8, 9, 10, 11, 12, 13, 14, 15, 16, 17, 19]",count_upper_bound,11076.94350314239,0.03355524999999915,16,0,0,0,0,736,16,10,16,1.0,692.3089689463994,37969.71751571196,210,193,720
SELF-Q4-mixed-fixed_hash-371,371,mixed,fixed_hash,triangle_optical,True,all_sources_cleared_with_certificate,triangle,False,905.0,31,31,"[1, 4, 6, 8, 10, 13, 14, 17, 18, 19]","[1, 4, 6, 8, 10, 13, 14, 17, 18, 19]",full_mesh,12803.527719457748,0.028427458999999544,10,0,0,0,0,576,10,4,10,1.0,1280.3527719457747,44477.638597288795,365,335,566
SELF-Q4-mixed-fixed_hash-372,372,mixed,fixed_hash,triangle_optical,True,all_sources_cleared_with_certificate,triangle,False,905.0,31,31,"[3, 4, 7, 8, 9, 10, 12, 16, 18, 19, 20]","[3, 4, 7, 8, 9, 10, 12, 16, 18, 19, 20]",full_mesh,13995.284542842795,0.030934874999999806,11,0,0,0,0,608,11,7,11,1.0,1272.2985948038904,49436.42271421401,382,352,597
SELF-Q4-mixed-fixed_hash-373,373,mixed,fixed_hash,triangle_optical,True,all_sources_cleared_with_certificate,triangle,False,905.0,31,31,"[2, 4, 5, 6, 7, 8, 10, 12, 15, 16, 17, 19]","[2, 4, 5, 6, 7, 8, 10, 12, 15, 16, 17, 19]",full_mesh,13108.733413713771,0.027587415999995812,12,0,0,0,0,548,12,8,12,1.0,1092.3944511428142,46798.66706856891,352,321,536
SELF-Q4-mixed-fixed_hash-374,374,mixed,fixed_hash,triangle_optical,True,all_sources_cleared_with_certificate,triangle,False,905.0,31,31,"[4, 5, 8, 9, 11, 12, 13, 14, 15, 16, 17, 18, 19]","[4, 5, 8, 9, 11, 12, 13, 14, 15, 16, 17, 18, 19]",full_mesh,12049.857945038928,0.025394375000004743,13,0,0,0,0,447,13,7,13,1.0,926.9121496183791,45229.28972519464,278,247,434
SELF-Q4-mixed-fixed_hash-375,375,mixed,fixed_hash,triangle_optical,True,all_sources_cleared_with_certificate,triangle,False,905.0,31,31,"[3, 5, 6, 7, 8, 9, 12, 13, 14, 15, 16, 17, 19, 20]","[3, 5, 6, 7, 8, 9, 12, 13, 14, 15, 16, 17, 19, 20]",full_mesh,15070.504206332223,0.03802904200000512,14,0,0,0,0,883,14,11,14,1.0,1076.4645861665874,52782.521031661185,311,282,869
SELF-Q4-mixed-fixed_hash-376,376,mixed,fixed_hash,triangle_optical,True,all_sources_cleared_with_certificate,triangle,False,905.0,31,31,"[1, 3, 4, 6, 7, 8, 9, 10, 12, 13, 15, 16, 17, 18, 20]","[1, 3, 4, 6, 7, 8, 9, 10, 12, 13, 15, 16, 17, 18, 20]",full_mesh,15125.147267873313,0.040084207999996124,15,0,0,0,0,925,15,10,15,1.0,1008.3431511915543,54035.73633936662,257,228,910
SELF-Q4-mixed-fixed_hash-377,377,mixed,fixed_hash,triangle_optical,True,all_sources_cleared_with_certificate,triangle,False,905.0,31,18,"[1, 2, 3, 4, 6, 7, 8, 9, 11, 13, 14, 15, 17, 18, 19, 20]","[1, 2, 3, 4, 6, 7, 8, 9, 11, 13, 14, 15, 17, 18, 19, 20]",count_upper_bound,11835.843172492341,0.040098416999995834,16,0,0,0,0,912,16,6,16,1.0,739.7401982807713,39519.21586246172,197,179,896
SELF-Q4-mixed-fixed_hash-378,378,mixed,fixed_hash,triangle_optical,True,all_sources_cleared_with_certificate,triangle,False,905.0,31,31,"[1, 5, 7, 8, 10, 12, 13, 15, 17, 20]","[1, 5, 7, 8, 10, 12, 13, 15, 17, 20]",full_mesh,14019.64071293764,0.03171808399999776,10,0,0,0,0,701,10,3,10,1.0,1401.964071293764,48803.203564688236,361,331,691
SELF-Q4-mixed-fixed_hash-379,379,mixed,fixed_hash,triangle_optical,True,all_sources_cleared_with_certificate,triangle,False,905.0,31,31,"[1, 6, 7, 8, 10, 11, 13, 14, 16, 17, 18]","[1, 6, 7, 8, 10, 11, 13, 14, 16, 17, 18]",full_mesh,12818.088386154133,0.027337207999998725,11,0,0,0,0,534,11,8,11,1.0,1165.2807623776484,44725.44193077069,380,349,523
SELF-Q4-mixed-fixed_hash-380,380,mixed,fixed_hash,triangle_optical,True,all_sources_cleared_with_certificate,triangle,False,905.0,31,31,"[4, 5, 8, 9, 10, 11, 12, 13, 14, 15, 18, 20]","[4, 5, 8, 9, 10, 11, 12, 13, 14, 15, 18, 20]",full_mesh,15638.625387907485,0.0373596660000004,12,0,0,0,0,968,12,8,12,1.0,1303.2187823256238,53978.12693953751,324,295,956
SELF-Q4-mixed-fixed_hash-381,381,mixed,fixed_hash,triangle_optical,True,all_sources_cleared_with_certificate,triangle,False,905.0,31,31,"[1, 4, 5, 7, 9, 10, 11, 13, 14, 15, 16, 19, 20]","[1, 4, 5, 7, 9, 10, 11, 13, 14, 15, 16, 19, 20]",full_mesh,12898.920006175038,0.028777040999997894,13,0,0,0,0,575,13,7,13,1.0,992.2246158596183,47674.60003087521,274,243,562
SELF-Q4-mixed-fixed_hash-382,382,mixed,fixed_hash,triangle_optical,True,all_sources_cleared_with_certificate,triangle,False,905.0,31,31,"[1, 2, 3, 5, 6, 8, 9, 10, 11, 12, 13, 15, 16, 19]","[1, 2, 3, 5, 6, 8, 9, 10, 11, 12, 13, 15, 16, 19]",full_mesh,13973.033520225776,0.03470962499999786,14,0,0,0,0,741,14,12,14,1.0,998.0738228732697,49070.16760112889,323,293,727
SELF-Q4-mixed-fixed_hash-383,383,mixed,fixed_hash,triangle_optical,True,all_sources_cleared_with_certificate,triangle,False,905.0,31,31,"[2, 4, 5, 6, 8, 11, 12, 13, 14, 15, 16, 17, 18, 19, 20]","[2, 4, 5, 6, 8, 11, 12, 13, 14, 15, 16, 17, 18, 19, 20]",full_mesh,15793.028700670771,0.04228233400000647,15,0,0,0,0,1047,15,5,15,1.0,1052.868580044718,56625.1435033539,221,192,1032
SELF-Q4-mixed-fixed_hash-384,384,mixed,fixed_hash,triangle_optical,True,all_sources_cleared_with_certificate,triangle,False,905.0,31,17,"[1, 2, 4, 5, 7, 8, 9, 10, 12, 13, 15, 16, 17, 18, 19, 20]","[1, 2, 4, 5, 7, 8, 9, 10, 12, 13, 15, 16, 17, 18, 19, 20]",count_upper_bound,10615.480196957817,0.036074416999994696,16,0,0,0,0,765,16,8,16,1.0,663.4675123098635,36657.40098478908,162,147,749
SELF-Q4-mixed-fixed_hash-385,385,mixed,fixed_hash,triangle_optical,True,all_sources_cleared_with_certificate,triangle,False,905.0,31,31,"[1, 3, 4, 7, 10, 13, 14, 16, 17, 19]","[1, 3, 4, 7, 10, 13, 14, 16, 17, 19]",full_mesh,11793.716680245167,0.02387258299999928,10,0,0,0,0,421,10,6,10,1.0,1179.3716680245166,41063.58340122585,388,358,411
SELF-Q4-mixed-fixed_hash-386,386,mixed,fixed_hash,triangle_optical,True,all_sources_cleared_with_certificate,triangle,False,905.0,31,31,"[1, 4, 5, 9, 10, 11, 13, 14, 15, 17, 20]","[1, 4, 5, 9, 10, 11, 13, 14, 15, 17, 20]",full_mesh,13030.016581650774,0.02681358299999914,11,0,0,0,0,528,11,10,11,1.0,1184.5469619682522,44910.08290825392,412,382,517
SELF-Q4-mixed-fixed_hash-387,387,mixed,fixed_hash,triangle_optical,True,all_sources_cleared_with_certificate,triangle,False,905.0,31,31,"[2, 4, 5, 6, 7, 9, 10, 15, 17, 18, 19, 20]","[2, 4, 5, 6, 7, 9, 10, 15, 17, 18, 19, 20]",full_mesh,13788.139361376969,0.03142229199999491,12,0,0,0,0,676,12,2,12,1.0,1149.0116134480807,48680.69680688488,338,310,664
SELF-Q4-mixed-fixed_hash-388,388,mixed,fixed_hash,triangle_optical,True,all_sources_cleared_with_certificate,triangle,False,905.0,31,31,"[2, 3, 4, 6, 7, 8, 11, 12, 13, 14, 17, 19, 20]","[2, 3, 4, 6, 7, 8, 11, 12, 13, 14, 17, 19, 20]",full_mesh,13746.79782714921,0.03159025000000071,13,0,0,0,0,696,13,2,13,1.0,1057.4459867037854,49523.98913574612,293,263,683
SELF-Q4-mixed-fixed_hash-389,389,mixed,fixed_hash,triangle_optical,True,all_sources_cleared_with_certificate,triangle,False,905.0,31,31,"[1, 3, 4, 7, 8, 9, 12, 13, 14, 16, 17, 18, 19, 20]","[1, 3, 4, 7, 8, 9, 12, 13, 14, 16, 17, 18, 19, 20]",full_mesh,14548.507928505975,0.03636079200000353,14,0,0,0,0,862,14,8,14,1.0,1039.1791377504267,52227.53964252992,253,224,848
SELF-Q4-mixed-fixed_hash-390,390,mixed,fixed_hash,triangle_optical,True,all_sources_cleared_with_certificate,triangle,False,905.0,31,31,"[1, 3, 4, 5, 6, 9, 11, 13, 14, 15, 16, 17, 18, 19, 20]","[1, 3, 4, 5, 6, 9, 11, 13, 14, 15, 16, 17, 18, 19, 20]",full_mesh,18421.119975298017,0.05365387500000196,15,0,0,0,0,1496,15,5,15,1.0,1228.0746650198678,64255.59987649021,180,152,1481
SELF-Q4-mixed-fixed_hash-391,391,mixed,fixed_hash,triangle_optical,True,all_sources_cleared_with_certificate,triangle,False,905.0,31,18,"[1, 2, 4, 5, 6, 8, 10, 11, 12, 13, 14, 15, 16, 18, 19, 20]","[1, 2, 4, 5, 6, 8, 10, 11, 12, 13, 14, 15, 16, 18, 19, 20]",count_upper_bound,12137.19677576712,0.03985312500000049,16,0,0,0,0,946,16,2,16,1.0,758.574798485445,40635.983878835614,193,175,930
SELF-Q4-mixed-fixed_hash-392,392,mixed,fixed_hash,triangle_optical,True,all_sources_cleared_with_certificate,triangle,False,905.0,31,31,"[2, 4, 6, 7, 9, 15, 16, 18, 19, 20]","[2, 4, 6, 7, 9, 15, 16, 18, 19, 20]",full_mesh,13648.860270560483,0.029871291000006295,10,0,0,0,0,672,10,5,10,1.0,1364.8860270560483,46904.301352802446,377,347,662
SELF-Q4-mixed-fixed_hash-393,393,mixed,fixed_hash,triangle_optical,True,all_sources_cleared_with_certificate,triangle,False,905.0,31,31,"[1, 3, 4, 6, 8, 10, 11, 12, 14, 17, 19]","[1, 3, 4, 6, 8, 10, 11, 12, 14, 17, 19]",full_mesh,14505.624854916887,0.03332654099999388,11,0,0,0,0,808,11,2,11,1.0,1318.6931686288078,50403.12427458449,335,304,797
SELF-Q4-mixed-fixed_hash-394,394,mixed,fixed_hash,triangle_optical,True,all_sources_cleared_with_certificate,triangle,False,905.0,31,31,"[2, 3, 4, 6, 7, 8, 12, 14, 16, 17, 18, 20]","[2, 3, 4, 6, 7, 8, 12, 14, 16, 17, 18, 20]",full_mesh,14623.17094149744,0.034810749999998336,12,0,0,0,0,804,12,8,12,1.0,1218.5975784581199,50975.85470748722,337,307,792
SELF-Q4-mixed-fixed_hash-395,395,mixed,fixed_hash,triangle_optical,True,all_sources_cleared_with_certificate,triangle,False,905.0,31,31,"[1, 2, 3, 4, 5, 6, 7, 11, 12, 13, 14, 15, 17]","[1, 2, 3, 4, 5, 6, 7, 11, 12, 13, 14, 15, 17]",full_mesh,14388.870804622005,0.036117042000000765,13,0,0,0,0,763,13,9,13,1.0,1106.8362157401543,50474.35402311008,335,304,750
SELF-Q4-mixed-fixed_hash-396,396,mixed,fixed_hash,triangle_optical,True,all_sources_cleared_with_certificate,triangle,False,905.0,31,31,"[2, 4, 5, 6, 7, 9, 10, 12, 14, 15, 17, 18, 19, 20]","[2, 4, 5, 6, 7, 9, 10, 12, 14, 15, 17, 18, 19, 20]",full_mesh,14920.371419177112,0.037705375000001595,14,0,0,0,0,874,14,6,14,1.0,1065.740815655508,52981.85709588563,284,254,860
SELF-Q4-mixed-fixed_hash-397,397,mixed,fixed_hash,triangle_optical,True,all_sources_cleared_with_certificate,triangle,False,905.0,31,31,"[1, 2, 3, 4, 5, 7, 9, 10, 12, 13, 15, 17, 18, 19, 20]","[1, 2, 3, 4, 5, 7, 9, 10, 12, 13, 15, 17, 18, 19, 20]",full_mesh,13920.41071409487,0.03371129199999956,15,0,0,0,0,741,15,14,15,1.0,928.0273809396581,51527.053570474425,232,202,726
SELF-Q4-mixed-fixed_hash-398,398,mixed,fixed_hash,triangle_optical,True,all_sources_cleared_with_certificate,triangle,False,905.0,31,21,"[1, 2, 3, 4, 6, 8, 10, 11, 12, 13, 14, 15, 16, 17, 18, 20]","[1, 2, 3, 4, 6, 8, 10, 11, 12, 13, 14, 15, 16, 17, 18, 20]",count_upper_bound,10678.726081969915,0.029905665999997666,16,0,0,0,0,626,16,7,16,1.0,667.4203801231197,38183.6304098496,192,172,610
SELF-Q4-mixed-fixed_hash-399,399,mixed,fixed_hash,triangle_optical,True,all_sources_cleared_with_certificate,triangle,False,905.0,31,31,"[1, 2, 3, 4, 6, 8, 9, 11, 18, 20]","[1, 2, 3, 4, 6, 8, 9, 11, 18, 20]",full_mesh,15363.585292801818,0.03608012499999802,10,0,0,0,0,927,10,1,10,1.0,1536.3585292801818,52342.926464009164,354,324,917
SELF-Q4-mixed-fixed_hash-400,400,mixed,fixed_hash,triangle_optical,True,all_sources_cleared_with_certificate,triangle,False,905.0,31,31,"[3, 7, 8, 9, 10, 12, 13, 15, 16, 18, 19]","[3, 7, 8, 9, 10, 12, 13, 15, 16, 18, 19]",full_mesh,14557.857536686563,0.031121375000005003,11,0,0,0,0,684,11,5,11,1.0,1323.4415942442329,50304.28768343286,409,378,673
SELF-Q4-mixed-fixed_hash-401,401,mixed,fixed_hash,triangle_optical,True,all_sources_cleared_with_certificate,triangle,False,905.0,31,31,"[3, 4, 5, 6, 8, 9, 11, 13, 14, 15, 16, 20]","[3, 4, 5, 6, 8, 9, 11, 13, 14, 15, 16, 20]",full_mesh,14918.303875847163,0.0347277919999982,12,0,0,0,0,841,12,2,12,1.0,1243.1919896539302,52256.51937923589,325,295,829
SELF-Q4-mixed-fixed_hash-402,402,mixed,fixed_hash,triangle_optical,True,all_sources_cleared_with_certificate,triangle,False,905.0,31,31,"[1, 3, 4, 7, 8, 9, 10, 13, 14, 16, 17, 18, 20]","[1, 3, 4, 7, 8, 9, 10, 13, 14, 16, 17, 18, 20]",full_mesh,14387.890215788553,0.03271183300000047,13,0,0,0,0,738,13,10,13,1.0,1106.7607858298886,50954.45107894282,331,302,725
SELF-Q4-mixed-fixed_hash-403,403,mixed,fixed_hash,triangle_optical,True,all_sources_cleared_with_certificate,triangle,False,905.0,31,31,"[2, 3, 6, 7, 8, 9, 10, 11, 12, 13, 14, 16, 17, 20]","[2, 3, 6, 7, 8, 9, 10, 11, 12, 13, 14, 16, 17, 20]",full_mesh,13452.771595752562,0.030657458999996834,14,0,0,0,0,678,14,12,14,1.0,960.9122568394687,48853.85797876285,275,245,664
SELF-Q4-mixed-fixed_hash-404,404,mixed,fixed_hash,triangle_optical,True,all_sources_cleared_with_certificate,triangle,False,905.0,31,31,"[1, 2, 3, 6, 7, 10, 11, 12, 13, 14, 16, 17, 18, 19, 20]","[1, 2, 3, 6, 7, 10, 11, 12, 13, 14, 16, 17, 18, 19, 20]",full_mesh,15584.525162280564,0.038731417000001045,15,0,0,0,0,895,15,14,15,1.0,1038.9683441520376,56022.625811402875,282,255,880
SELF-Q4-mixed-fixed_hash-405,405,mixed,fixed_hash,triangle_optical,True,all_sources_cleared_with_certificate,triangle,False,905.0,31,24,"[1, 2, 4, 5, 6, 7, 9, 10, 11, 13, 14, 15, 16, 17, 18, 19]","[1, 2, 4, 5, 6, 7, 9, 10, 11, 13, 14, 15, 16, 17, 18, 19]",count_upper_bound,12417.93743852147,0.035960500000001616,16,0,0,0,0,807,16,9,16,1.0,776.1210899075919,44154.68719260737,193,169,791
SELF-Q4-mixed-fixed_hash-406,406,mixed,fixed_hash,triangle_optical,True,all_sources_cleared_with_certificate,triangle,False,905.0,31,31,"[1, 2, 3, 4, 5, 10, 13, 14, 15, 20]","[1, 2, 3, 4, 5, 10, 13, 14, 15, 20]",full_mesh,13539.018202806568,0.027323667000004548,10,0,0,0,0,600,10,2,10,1.0,1353.901820280657,46865.09101403289,396,366,590
SELF-Q4-mixed-fixed_hash-407,407,mixed,fixed_hash,triangle_optical,True,all_sources_cleared_with_certificate,triangle,False,905.0,31,31,"[4, 8, 9, 10, 11, 12, 13, 14, 16, 18, 19]","[4, 8, 9, 10, 11, 12, 13, 14, 16, 18, 19]",full_mesh,12116.59170581337,0.024969291999994425,11,0,0,0,0,424,11,7,11,1.0,1101.5083368921244,42112.95852906689,405,375,413
SELF-Q4-mixed-fixed_hash-408,408,mixed,fixed_hash,triangle_optical,True,all_sources_cleared_with_certificate,triangle,False,905.0,31,31,"[2, 4, 5, 7, 8, 9, 11, 14, 15, 17, 18, 19]","[2, 4, 5, 7, 8, 9, 11, 14, 15, 17, 18, 19]",full_mesh,13205.533115004457,0.029016790999996545,12,0,0,0,0,642,12,9,12,1.0,1100.461092917038,46652.66557502232,326,295,630
SELF-Q4-mixed-fixed_hash-409,409,mixed,fixed_hash,triangle_optical,True,all_sources_cleared_with_certificate,triangle,False,905.0,31,31,"[2, 4, 5, 7, 9, 11, 12, 13, 14, 16, 17, 18, 19]","[2, 4, 5, 7, 9, 11, 12, 13, 14, 16, 17, 18, 19]",full_mesh,15012.461739273314,0.0363888750000001,13,0,0,0,0,868,13,4,13,1.0,1154.8047491748703,52887.30869636663,306,275,855
SELF-Q4-mixed-fixed_hash-410,410,mixed,fixed_hash,triangle_optical,True,all_sources_cleared_with_certificate,triangle,False,905.0,31,31,"[1, 3, 4, 5, 8, 9, 10, 11, 12, 14, 16, 17, 19, 20]","[1, 3, 4, 5, 8, 9, 10, 11, 12, 14, 16, 17, 19, 20]",full_mesh,17118.88913510464,0.04590258300000016,14,0,0,0,0,1224,14,1,14,1.0,1222.777795364617,60189.44567552329,235,206,1210
SELF-Q4-mixed-fixed_hash-411,411,mixed,fixed_hash,triangle_optical,True,all_sources_cleared_with_certificate,triangle,False,905.0,31,31,"[1, 2, 4, 6, 7, 8, 9, 10, 11, 14, 15, 16, 17, 19, 20]","[1, 2, 4, 6, 7, 8, 9, 10, 11, 14, 15, 16, 17, 19, 20]",full_mesh,15421.59235854876,0.03831291699999895,15,0,0,0,0,942,15,2,15,1.0,1028.106157236584,56167.96179274384,227,197,927
SELF-Q4-mixed-fixed_hash-412,412,mixed,fixed_hash,triangle_optical,True,all_sources_cleared_with_certificate,triangle,False,905.0,31,17,"[1, 2, 4, 5, 6, 7, 8, 10, 11, 13, 14, 15, 16, 18, 19, 20]","[1, 2, 4, 5, 6, 7, 8, 10, 11, 13, 14, 15, 16, 18, 19, 20]",count_upper_bound,9876.442330849373,0.029823249999999746,16,0,0,0,0,674,16,6,16,1.0,617.2776456780858,34272.21165424687,164,148,658
SELF-Q4-mixed-fixed_hash-413,413,mixed,fixed_hash,triangle_optical,True,all_sources_cleared_with_certificate,triangle,False,905.0,31,31,"[3, 5, 6, 8, 9, 10, 11, 15, 18, 19]","[3, 5, 6, 8, 9, 10, 11, 15, 18, 19]",full_mesh,13204.470751161172,0.028286875000006262,10,0,0,0,0,621,10,5,10,1.0,1320.4470751161173,45452.353755805896,377,346,611
SELF-Q4-mixed-fixed_hash-414,414,mixed,fixed_hash,triangle_optical,True,all_sources_cleared_with_certificate,triangle,False,905.0,31,31,"[2, 3, 5, 6, 8, 9, 10, 12, 13, 14, 17]","[2, 3, 5, 6, 8, 9, 10, 12, 13, 14, 17]",full_mesh,13983.446994712787,0.030994624999998166,11,0,0,0,0,710,11,7,11,1.0,1271.2224540647987,49022.234973564,343,312,699
SELF-Q4-mixed-fixed_hash-415,415,mixed,fixed_hash,triangle_optical,True,all_sources_cleared_with_certificate,triangle,False,905.0,31,31,"[1, 2, 3, 7, 8, 9, 11, 13, 14, 15, 17, 18]","[1, 2, 3, 7, 8, 9, 11, 13, 14, 15, 17, 18]",full_mesh,12869.633686218218,0.02946204199999869,12,0,0,0,0,568,12,8,12,1.0,1072.4694738515182,45543.168431091115,344,313,556
SELF-Q4-mixed-fixed_hash-416,416,mixed,fixed_hash,triangle_optical,True,all_sources_cleared_with_certificate,triangle,False,905.0,31,31,"[1, 6, 8, 9, 10, 11, 12, 15, 16, 17, 18, 19, 20]","[1, 6, 8, 9, 10, 11, 12, 15, 16, 17, 18, 19, 20]",full_mesh,14668.605551900688,0.03412441700000102,13,0,0,0,0,811,13,11,13,1.0,1128.35427322313,52553.027759503486,288,259,798
SELF-Q4-mixed-fixed_hash-417,417,mixed,fixed_hash,triangle_optical,True,all_sources_cleared_with_certificate,triangle,False,905.0,31,31,"[1, 2, 3, 6, 7, 8, 9, 10, 11, 12, 13, 14, 15, 20]","[1, 2, 3, 6, 7, 8, 9, 10, 11, 12, 13, 14, 15, 20]",full_mesh,14328.81563894301,0.03378433299999983,14,0,0,0,0,760,14,1,14,1.0,1023.4868313530721,51374.07819471508,296,266,746
SELF-Q4-mixed-fixed_hash-418,418,mixed,fixed_hash,triangle_optical,True,all_sources_cleared_with_certificate,triangle,False,905.0,31,31,"[1, 3, 4, 5, 7, 8, 9, 10, 11, 12, 13, 15, 16, 18, 20]","[1, 3, 4, 5, 7, 8, 9, 10, 11, 12, 13, 15, 16, 18, 20]",full_mesh,13922.379638391225,0.032587499999998215,15,0,0,0,0,758,15,10,15,1.0,928.158642559415,49276.89819195616,299,268,743
SELF-Q4-mixed-fixed_hash-419,419,mixed,fixed_hash,triangle_optical,True,all_sources_cleared_with_certificate,triangle,False,905.0,31,17,"[1, 2, 3, 4, 5, 9, 10, 11, 12, 13, 14, 15, 16, 17, 19, 20]","[1, 2, 3, 4, 5, 9, 10, 11, 12, 13, 14, 15, 16, 17, 19, 20]",count_upper_bound,9817.778222414605,0.03190304099999963,16,0,0,0,0,681,16,15,16,1.0,613.6111389009128,33963.89111207301,161,145,665
SELF-Q4-mixed-fixed_hash-420,420,mixed,fixed_hash,triangle_optical,True,all_sources_cleared_with_certificate,triangle,False,905.0,31,31,"[1, 2, 4, 9, 11, 12, 13, 14, 15, 17]","[1, 2, 4, 9, 11, 12, 13, 14, 15, 17]",full_mesh,13170.963776677007,0.027329665999999975,10,0,0,0,0,605,10,1,10,1.0,1317.0963776677006,46634.81888338508,340,309,595
SELF-Q4-mixed-fixed_hash-421,421,mixed,fixed_hash,triangle_optical,True,all_sources_cleared_with_certificate,triangle,False,905.0,31,31,"[4, 6, 7, 8, 9, 10, 16, 17, 18, 19, 20]","[4, 6, 7, 8, 9, 10, 16, 17, 18, 19, 20]",full_mesh,12109.308455438684,0.02459379100000092,11,0,0,0,0,441,11,7,11,1.0,1100.8462232216987,42786.54227719345,373,342,430
SELF-Q4-mixed-fixed_hash-422,422,mixed,fixed_hash,triangle_optical,True,all_sources_cleared_with_certificate,triangle,False,905.0,31,31,"[1, 3, 4, 5, 8, 10, 11, 13, 16, 18, 19, 20]","[1, 3, 4, 5, 8, 10, 11, 13, 16, 18, 19, 20]",full_mesh,12291.229219608987,0.02481766599999702,12,0,0,0,0,494,12,1,12,1.0,1024.2691016340823,44681.14609804496,313,284,482
SELF-Q4-mixed-fixed_hash-423,423,mixed,fixed_hash,triangle_optical,True,all_sources_cleared_with_certificate,triangle,False,905.0,31,31,"[2, 4, 5, 6, 8, 9, 10, 11, 14, 15, 17, 18, 19]","[2, 4, 5, 6, 8, 9, 10, 11, 14, 15, 17, 18, 19]",full_mesh,14405.051388647218,0.03463299999999947,13,0,0,0,0,814,13,10,13,1.0,1108.080876049786,49690.256943236156,338,309,801
SELF-Q4-mixed-fixed_hash-424,424,mixed,fixed_hash,triangle_optical,True,all_sources_cleared_with_certificate,triangle,False,905.0,31,31,"[1, 2, 3, 4, 5, 7, 9, 13, 14, 15, 16, 17, 18, 19]","[1, 2, 3, 4, 5, 7, 9, 13, 14, 15, 16, 17, 18, 19]",full_mesh,13262.269336778641,0.03049670800000115,14,0,0,0,0,614,14,4,14,1.0,947.3049526270459,48741.34668389323,279,249,600
SELF-Q4-mixed-fixed_hash-425,425,mixed,fixed_hash,triangle_optical,True,all_sources_cleared_with_certificate,triangle,False,905.0,31,31,"[2, 3, 4, 5, 6, 9, 10, 11, 12, 13, 14, 15, 17, 18, 20]","[2, 3, 4, 5, 6, 9, 10, 11, 12, 13, 14, 15, 17, 18, 20]",full_mesh,16512.73389139241,0.043489749999999106,15,0,0,0,0,1143,15,9,15,1.0,1100.8489260928275,57888.66945696213,251,221,1128
SELF-Q4-mixed-fixed_hash-426,426,mixed,fixed_hash,triangle_optical,True,all_sources_cleared_with_certificate,triangle,False,905.0,31,27,"[1, 2, 3, 4, 5, 6, 7, 8, 9, 10, 11, 12, 13, 15, 19, 20]","[1, 2, 3, 4, 5, 6, 7, 8, 9, 10, 11, 12, 13, 15, 19, 20]",count_upper_bound,13928.824867560004,0.0372648749999982,16,0,0,0,0,854,16,12,16,1.0,870.5515542225003,49089.12433780007,257,232,838
SELF-Q4-mixed-fixed_hash-427,427,mixed,fixed_hash,triangle_optical,True,all_sources_cleared_with_certificate,triangle,False,905.0,31,31,"[1, 2, 5, 6, 11, 12, 16, 17, 18, 20]","[1, 2, 5, 6, 11, 12, 16, 17, 18, 20]",full_mesh,12694.521656551431,0.024052124999997204,10,0,0,0,0,444,10,9,10,1.0,1269.452165655143,43982.608282757166,429,401,434
SELF-Q4-mixed-fixed_hash-428,428,mixed,fixed_hash,triangle_optical,True,all_sources_cleared_with_certificate,triangle,False,905.0,31,31,"[2, 4, 5, 9, 10, 13, 15, 17, 18, 19, 20]","[2, 4, 5, 9, 10, 13, 15, 17, 18, 19, 20]",full_mesh,12584.08641174148,0.02658912500000099,11,0,0,0,0,538,11,5,11,1.0,1144.007855612862,45040.43205870743,328,300,527
SELF-Q4-mixed-fixed_hash-429,429,mixed,fixed_hash,triangle_optical,True,all_sources_cleared_with_certificate,triangle,False,905.0,31,31,"[1, 3, 4, 7, 8, 10, 11, 13, 16, 18, 19, 20]","[1, 3, 4, 7, 8, 10, 11, 13, 16, 18, 19, 20]",full_mesh,13553.328562621027,0.0316699170000021,12,0,0,0,0,738,12,2,12,1.0,1129.4440468850855,48591.64281310519,271,242,726
SELF-Q4-mixed-fixed_hash-430,430,mixed,fixed_hash,triangle_optical,True,all_sources_cleared_with_certificate,triangle,False,905.0,31,31,"[1, 2, 4, 5, 6, 7, 8, 9, 11, 13, 16, 17, 19]","[1, 2, 4, 5, 6, 7, 8, 9, 11, 13, 16, 17, 19]",full_mesh,15240.34782493054,0.03710850000000221,13,0,0,0,0,916,13,7,13,1.0,1172.33444807158,53511.73912465277,299,269,903
SELF-Q4-mixed-fixed_hash-431,431,mixed,fixed_hash,triangle_optical,True,all_sources_cleared_with_certificate,triangle,False,905.0,31,31,"[1, 2, 3, 4, 7, 9, 10, 11, 12, 13, 14, 15, 16, 19]","[1, 2, 3, 4, 7, 9, 10, 11, 12, 13, 14, 15, 16, 19]",full_mesh,14535.325059415798,0.034229082999999605,14,0,0,0,0,817,14,2,14,1.0,1038.2375042439855,51791.625297079045,288,258,803
SELF-Q4-mixed-fixed_hash-432,432,mixed,fixed_hash,triangle_optical,True,all_sources_cleared_with_certificate,triangle,False,905.0,31,31,"[1, 2, 3, 4, 7, 8, 9, 11, 12, 13, 14, 16, 18, 19, 20]","[1, 2, 3, 4, 7, 8, 9, 11, 12, 13, 14, 16, 18, 19, 20]",full_mesh,13261.915197125405,0.031014875000003883,15,0,0,0,0,672,15,6,15,1.0,884.1276798083603,48734.57598562706,250,219,657
SELF-Q4-mixed-fixed_hash-433,433,mixed,fixed_hash,triangle_optical,True,all_sources_cleared_with_certificate,triangle,False,905.0,31,18,"[2, 3, 4, 5, 6, 7, 8, 9, 10, 11, 12, 14, 15, 16, 17, 19]","[2, 3, 4, 5, 6, 7, 8, 9, 10, 11, 12, 14, 15, 16, 17, 19]",count_upper_bound,10436.955452729393,0.030961750000003008,16,0,0,0,0,683,16,6,16,1.0,652.3097157955871,37309.77726364697,152,134,667
SELF-Q4-mixed-fixed_hash-434,434,mixed,fixed_hash,triangle_optical,True,all_sources_cleared_with_certificate,triangle,False,905.0,31,31,"[1, 3, 5, 7, 9, 12, 13, 14, 17, 19]","[1, 3, 5, 7, 9, 12, 13, 14, 17, 19]",full_mesh,13527.790931505924,0.02795104200000509,10,0,0,0,0,624,10,8,10,1.0,1352.7790931505924,46663.95465752969,389,358,614
SELF-Q4-mixed-fixed_hash-435,435,mixed,fixed_hash,triangle_optical,True,all_sources_cleared_with_certificate,triangle,False,905.0,31,31,"[2, 6, 7, 8, 10, 12, 13, 15, 16, 17, 19]","[2, 6, 7, 8, 10, 12, 13, 15, 16, 17, 19]",full_mesh,14137.139021442166,0.030864792000002694,11,0,0,0,0,672,11,9,11,1.0,1285.1944564947423,48920.695107210886,391,360,661
SELF-Q4-mixed-fixed_hash-436,436,mixed,fixed_hash,triangle_optical,True,all_sources_cleared_with_certificate,triangle,False,905.0,31,31,"[2, 4, 6, 8, 9, 11, 13, 14, 15, 16, 19, 20]","[2, 4, 6, 8, 9, 11, 13, 14, 15, 16, 19, 20]",full_mesh,13300.918635377771,0.03009237500000239,12,0,0,0,0,635,12,10,12,1.0,1108.409886281481,47409.5931768889,320,290,623
SELF-Q4-mixed-fixed_hash-437,437,mixed,fixed_hash,triangle_optical,True,all_sources_cleared_with_certificate,triangle,False,905.0,31,31,"[1, 4, 5, 6, 8, 10, 11, 12, 13, 16, 17, 19, 20]","[1, 4, 5, 6, 8, 10, 11, 12, 13, 16, 17, 19, 20]",full_mesh,15575.093088892241,0.03701700000000585,13,0,0,0,0,896,13,6,13,1.0,1198.0840837609417,55360.46544446128,303,274,883
SELF-Q4-mixed-fixed_hash-438,438,mixed,fixed_hash,triangle_optical,True,all_sources_cleared_with_certificate,triangle,False,905.0,31,31,"[1, 2, 3, 7, 9, 10, 12, 13, 15, 16, 17, 18, 19, 20]","[1, 2, 3, 7, 9, 10, 12, 13, 15, 16, 17, 18, 19, 20]",full_mesh,15178.436918833388,0.036595749999996485,14,0,0,0,0,927,14,3,14,1.0,1084.1740656309562,52787.18459416702,307,277,913
SELF-Q4-mixed-fixed_hash-439,439,mixed,fixed_hash,triangle_optical,True,all_sources_cleared_with_certificate,triangle,False,905.0,31,31,"[2, 4, 5, 7, 8, 9, 10, 11, 12, 13, 14, 16, 17, 18, 20]","[2, 4, 5, 7, 8, 9, 10, 11, 12, 13, 14, 16, 17, 18, 20]",full_mesh,13318.686978413574,0.03261908399999669,15,0,0,0,0,624,15,12,15,1.0,887.9124652275716,48173.43489206793,302,272,609
SELF-Q4-mixed-fixed_hash-440,440,mixed,fixed_hash,triangle_optical,True,all_sources_cleared_with_certificate,triangle,False,905.0,31,18,"[1, 2, 3, 4, 6, 7, 8, 9, 10, 12, 14, 15, 16, 17, 18, 20]","[1, 2, 3, 4, 6, 7, 8, 9, 10, 12, 14, 15, 16, 17, 18, 20]",count_upper_bound,10528.626136742932,0.031771667000001,16,0,0,0,0,680,16,10,16,1.0,658.0391335464333,36368.13068371468,200,183,664
SELF-Q4-mixed-fixed_hash-441,441,mixed,fixed_hash,triangle_optical,True,all_sources_cleared_with_certificate,triangle,False,905.0,31,31,"[1, 5, 6, 7, 8, 10, 12, 13, 16, 18]","[1, 5, 6, 7, 8, 10, 12, 13, 16, 18]",full_mesh,12460.392616627365,0.02352866700000078,10,0,0,0,0,443,10,7,10,1.0,1246.0392616627364,44101.96308313684,387,356,433
SELF-Q4-mixed-fixed_hash-442,442,mixed,fixed_hash,triangle_optical,True,all_sources_cleared_with_certificate,triangle,False,905.0,31,31,"[3, 4, 6, 7, 8, 10, 12, 14, 15, 17, 19]","[3, 4, 6, 7, 8, 10, 12, 14, 15, 17, 19]",full_mesh,14596.581216985918,0.03362958299999974,11,0,0,0,0,768,11,7,11,1.0,1326.9619288169017,49532.906084929644,399,369,757
SELF-Q4-mixed-fixed_hash-443,443,mixed,fixed_hash,triangle_optical,True,all_sources_cleared_with_certificate,triangle,False,905.0,31,31,"[1, 2, 4, 5, 6, 9, 10, 11, 16, 18, 19, 20]","[1, 2, 4, 5, 6, 9, 10, 11, 16, 18, 19, 20]",full_mesh,13982.964857709787,0.03222087500000015,12,0,0,0,0,697,12,9,12,1.0,1165.2470714758156,49444.824288548974,335,304,685
SELF-Q4-mixed-fixed_hash-444,444,mixed,fixed_hash,triangle_optical,True,all_sources_cleared_with_certificate,triangle,False,905.0,31,31,"[1, 5, 8, 9, 10, 11, 12, 13, 14, 15, 16, 19, 20]","[1, 5, 8, 9, 10, 11, 12, 13, 14, 15, 16, 19, 20]",full_mesh,14285.115373614872,0.033067125000002306,13,0,0,0,0,784,13,8,13,1.0,1098.8550287396056,50115.576868074415,319,289,771
SELF-Q4-mixed-fixed_hash-445,445,mixed,fixed_hash,triangle_optical,True,all_sources_cleared_with_certificate,triangle,False,905.0,31,31,"[3, 5, 7, 8, 9, 10, 11, 13, 14, 16, 17, 18, 19, 20]","[3, 5, 7, 8, 9, 10, 11, 13, 14, 16, 17, 18, 19, 20]",full_mesh,15450.780306712872,0.037210125000001426,14,0,0,0,0,927,14,5,14,1.0,1103.6271647652052,55163.901533564414,273,244,913
SELF-Q4-mixed-fixed_hash-446,446,mixed,fixed_hash,triangle_optical,True,all_sources_cleared_with_certificate,triangle,False,905.0,31,31,"[1, 2, 4, 5, 6, 7, 10, 12, 13, 14, 15, 16, 18, 19, 20]","[1, 2, 4, 5, 6, 7, 10, 12, 13, 14, 15, 16, 18, 19, 20]",full_mesh,14347.841388573252,0.034697166999997364,15,0,0,0,0,798,15,14,15,1.0,956.5227592382167,51774.20694286631,266,239,783
SELF-Q4-mixed-fixed_hash-447,447,mixed,fixed_hash,triangle_optical,True,all_sources_cleared_with_certificate,triangle,False,905.0,31,26,"[1, 2, 3, 4, 5, 7, 9, 10, 11, 12, 13, 14, 16, 17, 19, 20]","[1, 2, 3, 4, 5, 7, 9, 10, 11, 12, 13, 14, 16, 17, 19, 20]",count_upper_bound,14428.315827914948,0.04011279099999854,16,0,0,0,0,969,16,15,16,1.0,901.7697392446843,49256.57913957477,277,253,953
SELF-Q4-mixed-fixed_hash-448,448,mixed,fixed_hash,triangle_optical,True,all_sources_cleared_with_certificate,triangle,False,905.0,31,31,"[1, 4, 6, 8, 9, 10, 13, 16, 17, 20]","[1, 4, 6, 8, 9, 10, 13, 16, 17, 20]",full_mesh,12340.417367682363,0.023411541999998065,10,0,0,0,0,426,10,7,10,1.0,1234.0417367682362,43482.086838411844,396,366,416
SELF-Q4-mixed-fixed_hash-449,449,mixed,fixed_hash,triangle_optical,True,all_sources_cleared_with_certificate,triangle,False,905.0,31,31,"[2, 4, 7, 8, 10, 11, 13, 14, 16, 19, 20]","[2, 4, 7, 8, 10, 11, 13, 14, 16, 19, 20]",full_mesh,13036.524192930921,0.02760183299999852,11,0,0,0,0,569,11,6,11,1.0,1185.1385629937201,45742.62096465463,365,334,558
SELF-Q4-mixed-fixed_hash-450,450,mixed,fixed_hash,triangle_optical,True,all_sources_cleared_with_certificate,triangle,False,905.0,31,31,"[1, 2, 4, 5, 8, 10, 12, 13, 16, 17, 19, 20]","[1, 2, 4, 5, 8, 10, 12, 13, 16, 17, 19, 20]",full_mesh,13726.685377116559,0.03098420799999957,12,0,0,0,0,675,12,10,12,1.0,1143.8904480930466,48688.42688558282,328,300,663
SELF-Q4-mixed-fixed_hash-451,451,mixed,fixed_hash,triangle_optical,True,all_sources_cleared_with_certificate,triangle,False,905.0,31,31,"[1, 2, 3, 5, 6, 11, 12, 13, 14, 16, 18, 19, 20]","[1, 2, 3, 5, 6, 11, 12, 13, 14, 16, 18, 19, 20]",full_mesh,12018.816763697641,0.026107541999998318,13,0,0,0,0,454,13,8,13,1.0,924.5243664382801,43374.08381848822,331,301,441
SELF-Q4-mixed-fixed_hash-452,452,mixed,fixed_hash,triangle_optical,True,all_sources_cleared_with_certificate,triangle,False,905.0,31,31,"[1, 2, 3, 4, 5, 8, 9, 10, 11, 12, 15, 17, 19, 20]","[1, 2, 3, 4, 5, 8, 9, 10, 11, 12, 15, 17, 19, 20]",full_mesh,13765.307498439719,0.032781916000004685,14,0,0,0,0,668,14,8,14,1.0,983.2362498885514,49311.53749219864,317,286,654
SELF-Q4-mixed-fixed_hash-453,453,mixed,fixed_hash,triangle_optical,True,all_sources_cleared_with_certificate,triangle,False,905.0,31,31,"[1, 3, 4, 6, 7, 8, 9, 12, 13, 14, 16, 17, 18, 19, 20]","[1, 3, 4, 6, 7, 8, 9, 12, 13, 14, 16, 17, 18, 19, 20]",full_mesh,13032.482785804723,0.03256641699999818,15,0,0,0,0,677,15,14,15,1.0,868.8321857203149,48592.41392902367,214,183,662
SELF-Q4-mixed-fixed_hash-454,454,mixed,fixed_hash,triangle_optical,True,all_sources_cleared_with_certificate,triangle,False,905.0,31,15,"[1, 3, 4, 5, 6, 7, 8, 9, 10, 11, 12, 14, 16, 17, 18, 19]","[1, 3, 4, 5, 6, 7, 8, 9, 10, 11, 12, 14, 16, 17, 18, 19]",count_upper_bound,9987.24778737089,0.033644125000002134,16,0,0,0,0,783,16,13,16,1.0,624.2029867106806,33361.23893685445,158,144,767
SELF-Q4-mixed-fixed_hash-455,455,mixed,fixed_hash,triangle_optical,True,all_sources_cleared_with_certificate,triangle,False,905.0,31,31,"[1, 2, 3, 6, 8, 11, 13, 15, 16, 18]","[1, 2, 3, 6, 8, 11, 13, 15, 16, 18]",full_mesh,13368.906929948249,0.027520834000000605,10,0,0,0,0,621,10,7,10,1.0,1336.8906929948248,47834.53464974132,325,294,611
SELF-Q4-mixed-fixed_hash-456,456,mixed,fixed_hash,triangle_optical,True,all_sources_cleared_with_certificate,triangle,False,905.0,31,31,"[2, 6, 9, 10, 12, 13, 14, 15, 16, 17, 20]","[2, 6, 9, 10, 12, 13, 14, 15, 16, 17, 20]",full_mesh,12828.058663917418,0.02414020899999514,11,0,0,0,0,477,11,8,11,1.0,1166.1871512652199,46200.29331958711,361,330,466
SELF-Q4-mixed-fixed_hash-457,457,mixed,fixed_hash,triangle_optical,True,all_sources_cleared_with_certificate,triangle,False,905.0,31,31,"[1, 3, 6, 9, 10, 11, 12, 13, 15, 18, 19, 20]","[1, 3, 6, 9, 10, 11, 12, 13, 15, 18, 19, 20]",full_mesh,13492.048681358721,0.031210792000003096,12,0,0,0,0,694,12,4,12,1.0,1124.3373901132268,48200.243406793634,296,266,682
SELF-Q4-mixed-fixed_hash-458,458,mixed,fixed_hash,triangle_optical,True,all_sources_cleared_with_certificate,triangle,False,905.0,31,31,"[1, 3, 5, 6, 8, 9, 11, 13, 14, 15, 17, 19, 20]","[1, 3, 5, 6, 8, 9, 11, 13, 14, 15, 17, 19, 20]",full_mesh,16315.701913165936,0.03942291700000311,13,0,0,0,0,1021,13,8,13,1.0,1255.0539933204566,57973.50956582977,277,247,1008
SELF-Q4-mixed-fixed_hash-459,459,mixed,fixed_hash,triangle_optical,True,all_sources_cleared_with_certificate,triangle,False,905.0,31,31,"[1, 2, 4, 5, 6, 7, 8, 13, 14, 15, 17, 18, 19, 20]","[1, 2, 4, 5, 6, 7, 8, 13, 14, 15, 17, 18, 19, 20]",full_mesh,14458.732027755375,0.035703500000003885,14,0,0,0,0,807,14,4,14,1.0,1032.7665734110983,51378.660138776904,294,264,793
SELF-Q4-mixed-fixed_hash-460,460,mixed,fixed_hash,triangle_optical,True,all_sources_cleared_with_certificate,triangle,False,905.0,31,31,"[1, 6, 7, 8, 9, 10, 11, 12, 13, 14, 16, 17, 18, 19, 20]","[1, 6, 7, 8, 9, 10, 11, 12, 13, 14, 16, 17, 18, 19, 20]",full_mesh,13317.982548326738,0.03223274999999859,15,0,0,0,0,730,15,1,15,1.0,887.8655032217825,49584.91274163372,202,171,715
SELF-Q4-mixed-fixed_hash-461,461,mixed,fixed_hash,triangle_optical,True,all_sources_cleared_with_certificate,triangle,False,905.0,31,18,"[2, 3, 4, 5, 6, 7, 8, 9, 10, 11, 12, 14, 15, 17, 18, 19]","[2, 3, 4, 5, 6, 7, 8, 9, 10, 11, 12, 14, 15, 17, 18, 19]",count_upper_bound,12065.268310936624,0.03765529199999662,16,0,0,0,0,856,16,2,16,1.0,754.079269433539,41146.341554683124,209,191,840
SELF-Q4-mixed-fixed_hash-462,462,mixed,fixed_hash,triangle_optical,True,all_sources_cleared_with_certificate,triangle,False,905.0,31,31,"[1, 2, 3, 5, 6, 10, 11, 13, 16, 19]","[1, 2, 3, 5, 6, 10, 11, 13, 16, 19]",full_mesh,14214.5176242425,0.031262208000001124,10,0,0,0,0,740,10,5,10,1.0,1421.45176242425,48987.58812121255,368,337,730
SELF-Q4-mixed-fixed_hash-463,463,mixed,fixed_hash,triangle_optical,True,all_sources_cleared_with_certificate,triangle,False,905.0,31,31,"[2, 3, 7, 8, 9, 10, 14, 16, 17, 18, 20]","[2, 3, 7, 8, 9, 10, 14, 16, 17, 18, 20]",full_mesh,12325.594637451011,0.025848499999995056,11,0,0,0,0,498,11,4,11,1.0,1120.5086034046374,43547.97318725509,355,325,487
SELF-Q4-mixed-fixed_hash-464,464,mixed,fixed_hash,triangle_optical,True,all_sources_cleared_with_certificate,triangle,False,905.0,31,31,"[2, 3, 5, 6, 8, 9, 13, 15, 17, 18, 19, 20]","[2, 3, 5, 6, 8, 9, 13, 15, 17, 18, 19, 20]",full_mesh,14064.64479939775,0.030916209000004358,12,0,0,0,0,659,12,7,12,1.0,1172.053733283146,49813.22399698879,355,326,647
SELF-Q4-mixed-fixed_hash-465,465,mixed,fixed_hash,triangle_optical,True,all_sources_cleared_with_certificate,triangle,False,905.0,31,31,"[1, 2, 3, 4, 6, 7, 8, 9, 11, 12, 13, 18, 20]","[1, 2, 3, 4, 6, 7, 8, 9, 11, 12, 13, 18, 20]",full_mesh,13471.191318071402,0.030552040999999974,13,0,0,0,0,687,13,6,13,1.0,1036.2454860054925,46985.95659035706,336,307,674
SELF-Q4-mixed-fixed_hash-466,466,mixed,fixed_hash,triangle_optical,True,all_sources_cleared_with_certificate,triangle,False,905.0,31,31,"[2, 3, 4, 5, 6, 7, 8, 9, 10, 13, 14, 15, 17, 19]","[2, 3, 4, 5, 6, 7, 8, 9, 10, 13, 14, 15, 17, 19]",full_mesh,15333.490494297728,0.03760387499999496,14,0,0,0,0,897,14,8,14,1.0,1095.2493210212663,54437.45247148871,293,262,883
SELF-Q4-mixed-fixed_hash-467,467,mixed,fixed_hash,triangle_optical,True,all_sources_cleared_with_certificate,triangle,False,905.0,31,31,"[1, 2, 3, 5, 7, 9, 12, 13, 14, 15, 16, 17, 18, 19, 20]","[1, 2, 3, 5, 7, 9, 12, 13, 14, 15, 16, 17, 18, 19, 20]",full_mesh,12318.479019800125,0.03086100000000158,15,0,0,0,0,631,15,5,15,1.0,821.2319346533417,45472.39509900069,222,191,616
SELF-Q4-mixed-fixed_hash-468,468,mixed,fixed_hash,triangle_optical,True,all_sources_cleared_with_certificate,triangle,False,905.0,31,30,"[1, 2, 3, 5, 6, 7, 8, 9, 11, 12, 13, 14, 15, 17, 19, 20]","[1, 2, 3, 5, 6, 7, 8, 9, 11, 12, 13, 14, 15, 17, 19, 20]",count_upper_bound,13159.058415059853,0.03432687499999787,16,0,0,0,0,748,16,3,16,1.0,822.4411509412408,47390.292075299294,239,210,732
SELF-Q4-mixed-fixed_hash-469,469,mixed,fixed_hash,triangle_optical,True,all_sources_cleared_with_certificate,triangle,False,905.0,31,31,"[1, 2, 5, 9, 10, 11, 12, 13, 14, 20]","[1, 2, 5, 9, 10, 11, 12, 13, 14, 20]",full_mesh,12988.98233442848,0.026445666000000756,10,0,0,0,0,556,10,1,10,1.0,1298.8982334428479,44989.91167214241,389,358,546
SELF-Q4-mixed-fixed_hash-470,470,mixed,fixed_hash,triangle_optical,True,all_sources_cleared_with_certificate,triangle,False,905.0,31,31,"[1, 2, 5, 6, 7, 12, 13, 15, 16, 19, 20]","[1, 2, 5, 6, 7, 12, 13, 15, 16, 19, 20]",full_mesh,14535.906971912176,0.034100750000000346,11,0,0,0,0,755,11,6,11,1.0,1321.4460883556524,49574.53485956093,394,364,744
SELF-Q4-mixed-fixed_hash-471,471,mixed,fixed_hash,triangle_optical,True,all_sources_cleared_with_certificate,triangle,False,905.0,31,31,"[2, 3, 4, 6, 8, 9, 10, 11, 12, 14, 15, 16]","[2, 3, 4, 6, 8, 9, 10, 11, 12, 14, 15, 16]",full_mesh,13372.06210569144,0.029998875000003977,12,0,0,0,0,650,12,1,12,1.0,1114.33850880762,48055.31052845724,303,272,638
SELF-Q4-mixed-fixed_hash-472,472,mixed,fixed_hash,triangle_optical,True,all_sources_cleared_with_certificate,triangle,False,905.0,31,31,"[1, 2, 3, 5, 6, 7, 11, 12, 13, 15, 17, 19, 20]","[1, 2, 3, 5, 6, 7, 11, 12, 13, 15, 17, 19, 20]",full_mesh,13287.790118221585,0.029585916999998574,13,0,0,0,0,645,13,2,13,1.0,1022.1377014016604,48168.950591107954,287,258,632
SELF-Q4-mixed-fixed_hash-473,473,mixed,fixed_hash,triangle_optical,True,all_sources_cleared_with_certificate,triangle,False,905.0,31,31,"[1, 2, 3, 5, 8, 11, 12, 13, 14, 15, 16, 17, 18, 20]","[1, 2, 3, 5, 8, 11, 12, 13, 14, 15, 16, 17, 18, 20]",full_mesh,13297.265161784553,0.03122000000000469,14,0,0,0,0,693,14,6,14,1.0,949.8046544131823,47846.325808922826,275,246,679
SELF-Q4-mixed-fixed_hash-474,474,mixed,fixed_hash,triangle_optical,True,all_sources_cleared_with_certificate,triangle,False,905.0,31,31,"[1, 2, 3, 4, 5, 6, 10, 12, 13, 14, 15, 16, 18, 19, 20]","[1, 2, 3, 4, 5, 6, 10, 12, 13, 14, 15, 16, 18, 19, 20]",full_mesh,13498.811302129254,0.032599750000002814,15,0,0,0,0,688,15,3,15,1.0,899.9207534752836,49394.0565106463,259,231,673
SELF-Q4-mixed-fixed_hash-475,475,mixed,fixed_hash,triangle_optical,True,all_sources_cleared_with_certificate,triangle,False,905.0,31,17,"[1, 2, 3, 5, 6, 8, 9, 10, 11, 12, 13, 14, 15, 17, 18, 20]","[1, 2, 3, 5, 6, 8, 9, 10, 11, 12, 13, 14, 15, 17, 18, 20]",count_upper_bound,14050.714097586484,0.044653624999995145,16,0,0,0,0,1219,16,5,16,1.0,878.1696310991553,46253.57048793246,188,171,1203
SELF-Q4-mixed-fixed_hash-476,476,mixed,fixed_hash,triangle_optical,True,all_sources_cleared_with_certificate,triangle,False,905.0,31,31,"[7, 8, 9, 12, 13, 14, 16, 17, 19, 20]","[7, 8, 9, 12, 13, 14, 16, 17, 19, 20]",full_mesh,11339.51743913865,0.0208742089999987,10,0,0,0,0,316,10,4,10,1.0,1133.951743913865,40877.587195693275,371,341,306
SELF-Q4-mixed-fixed_hash-477,477,mixed,fixed_hash,triangle_optical,True,all_sources_cleared_with_certificate,triangle,False,905.0,31,31,"[2, 3, 6, 7, 9, 10, 11, 14, 17, 19, 20]","[2, 3, 6, 7, 9, 10, 11, 14, 17, 19, 20]",full_mesh,11644.990675094643,0.021552374999998847,11,0,0,0,0,359,11,1,11,1.0,1058.6355159176949,40944.953375473255,398,367,348
SELF-Q4-mixed-fixed_hash-478,478,mixed,fixed_hash,triangle_optical,True,all_sources_cleared_with_certificate,triangle,False,905.0,31,31,"[1, 2, 4, 5, 6, 7, 9, 10, 11, 13, 17, 19]","[1, 2, 4, 5, 6, 7, 9, 10, 11, 13, 17, 19]",full_mesh,12196.164360493467,0.024864499999999623,12,0,0,0,0,528,12,5,12,1.0,1016.3470300411223,44425.821802467355,289,258,516
SELF-Q4-mixed-fixed_hash-479,479,mixed,fixed_hash,triangle_optical,True,all_sources_cleared_with_certificate,triangle,False,905.0,31,31,"[2, 3, 5, 9, 11, 12, 13, 14, 15, 17, 18, 19, 20]","[2, 3, 5, 9, 11, 12, 13, 14, 15, 17, 18, 19, 20]",full_mesh,13067.437528183611,0.02934383300000576,13,0,0,0,0,622,13,1,13,1.0,1005.18750216797,47472.18764091808,285,256,609
SELF-Q4-mixed-fixed_hash-480,480,mixed,fixed_hash,triangle_optical,True,all_sources_cleared_with_certificate,triangle,False,905.0,31,31,"[2, 4, 5, 8, 10, 11, 12, 13, 15, 16, 17, 18, 19, 20]","[2, 4, 5, 8, 10, 11, 12, 13, 15, 16, 17, 18, 19, 20]",full_mesh,13229.835324975042,0.031209249999996302,14,0,0,0,0,630,14,5,14,1.0,944.9882374982172,47379.17662487525,311,281,616
SELF-Q4-mixed-fixed_hash-481,481,mixed,fixed_hash,triangle_optical,True,all_sources_cleared_with_certificate,triangle,False,905.0,31,31,"[1, 2, 3, 4, 5, 6, 8, 9, 10, 11, 14, 15, 16, 18, 20]","[1, 2, 3, 4, 5, 6, 8, 9, 10, 11, 14, 15, 16, 18, 20]",full_mesh,14381.925904109305,0.03523125000000249,15,0,0,0,0,793,15,4,15,1.0,958.7950602739536,52454.629520546594,252,222,778
SELF-Q4-mixed-fixed_hash-482,482,mixed,fixed_hash,triangle_optical,True,all_sources_cleared_with_certificate,triangle,False,905.0,31,17,"[1, 3, 4, 5, 6, 7, 8, 9, 10, 13, 14, 16, 17, 18, 19, 20]","[1, 3, 4, 5, 6, 7, 8, 9, 10, 13, 14, 16, 17, 18, 19, 20]",count_upper_bound,11476.582896279546,0.036088665999997716,16,0,0,0,0,830,16,6,16,1.0,717.2864310174716,38447.91448139775,213,200,814
SELF-Q4-mixed-fixed_hash-483,483,mixed,fixed_hash,triangle_optical,True,all_sources_cleared_with_certificate,triangle,False,905.0,31,31,"[1, 3, 4, 9, 10, 11, 15, 17, 19, 20]","[1, 3, 4, 9, 10, 11, 15, 17, 19, 20]",full_mesh,12863.216584282512,0.027092000000003225,10,0,0,0,0,564,10,6,10,1.0,1286.3216584282513,44921.08292141259,366,337,554
SELF-Q4-mixed-fixed_hash-484,484,mixed,fixed_hash,triangle_optical,True,all_sources_cleared_with_certificate,triangle,False,905.0,31,31,"[2, 4, 6, 8, 11, 12, 14, 15, 16, 17, 19]","[2, 4, 6, 8, 11, 12, 14, 15, 16, 17, 19]",full_mesh,13126.525672139815,0.027705666999999323,11,0,0,0,0,592,11,5,11,1.0,1193.320515649074,46987.62836069909,327,296,581
SELF-Q4-mixed-fixed_hash-485,485,mixed,fixed_hash,triangle_optical,True,all_sources_cleared_with_certificate,triangle,False,905.0,31,31,"[2, 5, 6, 7, 8, 10, 11, 12, 13, 16, 18, 20]","[2, 5, 6, 7, 8, 10, 11, 12, 13, 16, 18, 20]",full_mesh,13771.244786788939,0.02976066600000138,12,0,0,0,0,607,12,6,12,1.0,1147.6037322324116,48651.2239339447,371,341,595
SELF-Q4-mixed-fixed_hash-486,486,mixed,fixed_hash,triangle_optical,True,all_sources_cleared_with_certificate,triangle,False,905.0,31,31,"[1, 4, 5, 6, 7, 8, 9, 12, 13, 14, 16, 19, 20]","[1, 4, 5, 6, 7, 8, 9, 12, 13, 14, 16, 19, 20]",full_mesh,12970.289798735543,0.029186040999995555,13,0,0,0,0,546,13,7,13,1.0,997.7145999027341,46661.44899367777,334,304,533
SELF-Q4-mixed-fixed_hash-487,487,mixed,fixed_hash,triangle_optical,True,all_sources_cleared_with_certificate,triangle,False,905.0,31,31,"[2, 4, 5, 6, 8, 9, 10, 11, 12, 13, 14, 16, 18, 20]","[2, 4, 5, 6, 8, 9, 10, 11, 12, 13, 14, 16, 18, 20]",full_mesh,14581.923195463005,0.034276667000000316,14,0,0,0,0,820,14,5,14,1.0,1041.5659425330718,52489.61597731508,271,241,806
SELF-Q4-mixed-fixed_hash-488,488,mixed,fixed_hash,triangle_optical,True,all_sources_cleared_with_certificate,triangle,False,905.0,31,31,"[2, 3, 4, 5, 6, 7, 8, 9, 10, 11, 13, 15, 17, 18, 19]","[2, 3, 4, 5, 6, 7, 8, 9, 10, 11, 13, 15, 17, 18, 19]",full_mesh,13176.705286988798,0.03275770899999486,15,0,0,0,0,667,15,5,15,1.0,878.4470191325865,48108.526434944026,259,229,652
SELF-Q4-mixed-fixed_hash-489,489,mixed,fixed_hash,triangle_optical,True,all_sources_cleared_with_certificate,triangle,False,905.0,31,18,"[1, 2, 3, 6, 7, 8, 9, 12, 13, 14, 15, 16, 17, 18, 19, 20]","[1, 2, 3, 6, 7, 8, 9, 12, 13, 14, 15, 16, 17, 18, 19, 20]",count_upper_bound,11554.315782573109,0.03455045799999823,16,0,0,0,0,791,16,4,16,1.0,722.1447364108193,40036.57891286556,193,177,775
SELF-Q4-mixed-fixed_hash-490,490,mixed,fixed_hash,triangle_optical,True,all_sources_cleared_with_certificate,triangle,False,905.0,31,31,"[3, 4, 6, 7, 8, 9, 10, 16, 18, 20]","[3, 4, 6, 7, 8, 9, 10, 16, 18, 20]",full_mesh,12740.546300555108,0.02495408299999724,10,0,0,0,0,486,10,7,10,1.0,1274.0546300555109,44492.731502775576,399,369,476
SELF-Q4-mixed-fixed_hash-491,491,mixed,fixed_hash,triangle_optical,True,all_sources_cleared_with_certificate,triangle,False,905.0,31,31,"[4, 6, 7, 8, 9, 11, 12, 13, 14, 16, 20]","[4, 6, 7, 8, 9, 11, 12, 13, 14, 16, 20]",full_mesh,12931.927795352041,0.026991125000002114,11,0,0,0,0,595,11,6,11,1.0,1175.6297995774582,45339.638976760245,348,317,584
SELF-Q4-mixed-fixed_hash-492,492,mixed,fixed_hash,triangle_optical,True,all_sources_cleared_with_certificate,triangle,False,905.0,31,31,"[1, 3, 4, 5, 10, 11, 12, 15, 16, 18, 19, 20]","[1, 3, 4, 5, 10, 11, 12, 15, 16, 18, 19, 20]",full_mesh,14695.678679474546,0.03192695799999967,12,0,0,0,0,723,12,2,12,1.0,1224.639889956212,51978.393397372776,356,327,711
SELF-Q4-mixed-fixed_hash-493,493,mixed,fixed_hash,triangle_optical,True,all_sources_cleared_with_certificate,triangle,False,905.0,31,31,"[1, 4, 5, 8, 9, 10, 11, 12, 14, 16, 17, 18, 20]","[1, 4, 5, 8, 9, 10, 11, 12, 14, 16, 17, 18, 20]",full_mesh,12849.811899493818,0.02748045799999943,13,0,0,0,0,533,13,4,13,1.0,988.4470691918322,47449.05949746911,294,265,520
SELF-Q4-mixed-fixed_hash-494,494,mixed,fixed_hash,triangle_optical,True,all_sources_cleared_with_certificate,triangle,False,905.0,31,31,"[1, 4, 5, 6, 7, 9, 11, 12, 14, 15, 16, 18, 19, 20]","[1, 4, 5, 6, 7, 9, 11, 12, 14, 15, 16, 18, 19, 20]",full_mesh,15120.034057257042,0.037214625000004276,14,0,0,0,0,908,14,7,14,1.0,1080.0024326612172,54340.17028628528,255,225,894
SELF-Q4-mixed-fixed_hash-495,495,mixed,fixed_hash,triangle_optical,True,all_sources_cleared_with_certificate,triangle,False,905.0,31,31,"[2, 3, 4, 5, 6, 7, 10, 11, 13, 14, 15, 17, 18, 19, 20]","[2, 3, 4, 5, 6, 7, 10, 11, 13, 14, 15, 17, 18, 19, 20]",full_mesh,16118.859760991545,0.043017374999998026,15,0,0,0,0,1010,15,13,15,1.0,1074.5906507327697,54854.29880495779,353,323,995
SELF-Q4-mixed-fixed_hash-496,496,mixed,fixed_hash,triangle_optical,True,all_sources_cleared_with_certificate,triangle,False,905.0,31,18,"[3, 4, 5, 7, 8, 9, 10, 11, 12, 13, 15, 16, 17, 18, 19, 20]","[3, 4, 5, 7, 8, 9, 10, 11, 12, 13, 15, 16, 17, 18, 19, 20]",count_upper_bound,13940.194568686382,0.045460541000004184,16,0,0,0,0,1164,16,7,16,1.0,871.2621605428989,46315.97284343193,195,178,1148
SELF-Q4-mixed-fixed_hash-497,497,mixed,fixed_hash,triangle_optical,True,all_sources_cleared_with_certificate,triangle,False,905.0,31,31,"[2, 4, 6, 7, 9, 10, 11, 12, 13, 18]","[2, 4, 6, 7, 9, 10, 11, 12, 13, 18]",full_mesh,12312.129903411169,0.024956875000000878,10,0,0,0,0,481,10,5,10,1.0,1231.212990341117,43840.64951705586,352,321,471
SELF-Q4-mixed-fixed_hash-498,498,mixed,fixed_hash,triangle_optical,True,all_sources_cleared_with_certificate,triangle,False,905.0,31,31,"[1, 7, 8, 10, 12, 14, 16, 17, 18, 19, 20]","[1, 7, 8, 10, 12, 14, 16, 17, 18, 19, 20]",full_mesh,14699.158916566561,0.03445975000000345,11,0,0,0,0,779,11,5,11,1.0,1336.2871742333236,51585.79458283287,342,313,768
SELF-Q4-mixed-fixed_hash-499,499,mixed,fixed_hash,triangle_optical,True,all_sources_cleared_with_certificate,triangle,False,905.0,31,31,"[2, 4, 5, 6, 9, 10, 11, 12, 13, 15, 16, 18]","[2, 4, 5, 6, 9, 10, 11, 12, 13, 15, 16, 18]",full_mesh,12832.12409537367,0.02865008300000227,12,0,0,0,0,573,12,7,12,1.0,1069.3436746144725,46060.620476868375,318,287,561
SELF-Q4-mixed-fixed_hash-0,0,mixed,fixed_hash,triangle_active,True,all_sources_cleared_with_certificate,triangle,True,905.0,31,31,"[2, 5, 6, 7, 8, 9, 13, 14, 16, 20]","[2, 5, 6, 7, 8, 9, 13, 14, 16, 20]",full_mesh,9954.64742123599,0.008883540999995887,0,13,10,0,0,0,10,4,10,1.0,995.464742123599,37563.23710617995,400,392,0
SELF-Q4-mixed-fixed_hash-1,1,mixed,fixed_hash,triangle_active,True,all_sources_cleared_with_certificate,triangle,True,905.0,31,31,"[3, 4, 5, 7, 8, 9, 11, 13, 14, 15, 19]","[3, 4, 5, 7, 8, 9, 11, 13, 14, 15, 19]",full_mesh,9891.800678184936,0.008803458999999236,0,27,11,0,0,0,11,4,11,1.0,899.2546071077214,37414.00339092466,395,379,0
SELF-Q4-mixed-fixed_hash-2,2,mixed,fixed_hash,triangle_active,True,all_sources_cleared_with_certificate,triangle,True,905.0,31,31,"[2, 3, 4, 5, 6, 10, 11, 12, 13, 15, 17, 19]","[2, 3, 4, 5, 6, 10, 11, 12, 13, 15, 17, 19]",full_mesh,10102.405991426029,0.010211832999999615,0,31,10,2,0,0,12,10,12,1.0,841.8671659521691,38337.02995713014,397,390,0
SELF-Q4-mixed-fixed_hash-3,3,mixed,fixed_hash,triangle_active,True,all_sources_cleared_with_certificate,triangle,True,905.0,31,31,"[1, 2, 5, 8, 10, 11, 12, 13, 14, 15, 18, 19, 20]","[1, 2, 5, 8, 10, 11, 12, 13, 14, 15, 18, 19, 20]",full_mesh,9736.85456531337,0.00827733300000233,0,16,12,1,0,0,13,5,13,1.0,748.988812716413,38279.27282656684,338,326,0
SELF-Q4-mixed-fixed_hash-4,4,mixed,fixed_hash,triangle_active,True,all_sources_cleared_with_certificate,triangle,True,905.0,31,31,"[1, 2, 3, 4, 5, 7, 8, 9, 10, 12, 13, 14, 16, 17]","[1, 2, 3, 4, 5, 7, 8, 9, 10, 12, 13, 14, 16, 17]",full_mesh,9765.103475283557,0.008413042000000814,0,28,12,2,0,0,14,9,14,1.0,697.5073910916826,39070.517376417774,315,306,0
SELF-Q4-mixed-fixed_hash-5,5,mixed,fixed_hash,triangle_active,True,all_sources_cleared_with_certificate,triangle,True,905.0,31,31,"[1, 2, 3, 4, 8, 9, 11, 12, 13, 14, 16, 17, 18, 19, 20]","[1, 2, 3, 4, 8, 9, 11, 12, 13, 14, 16, 17, 18, 19, 20]",full_mesh,10587.47864323277,0.010644625000004737,0,51,12,3,0,0,15,14,15,1.0,705.8319095488513,40602.393216163866,399,397,0
SELF-Q4-mixed-fixed_hash-6,6,mixed,fixed_hash,triangle_active,True,all_sources_cleared_with_certificate,triangle,True,905.0,31,29,"[1, 2, 3, 4, 6, 8, 9, 10, 11, 12, 14, 15, 16, 18, 19, 20]","[1, 2, 3, 4, 6, 8, 9, 10, 11, 12, 14, 15, 16, 18, 19, 20]",count_upper_bound,9865.845221939207,0.010505291000001193,1,50,12,3,3,17,16,12,16,1.0,616.6153263712005,39129.226109696036,320,312,16
SELF-Q4-mixed-fixed_hash-7,7,mixed,fixed_hash,triangle_active,True,all_sources_cleared_with_certificate,triangle,True,905.0,31,31,"[2, 3, 5, 6, 9, 10, 11, 13, 14, 17]","[2, 3, 5, 6, 9, 10, 11, 13, 14, 17]",full_mesh,9759.034833898331,0.008465917000002321,0,12,10,0,0,0,10,1,10,1.0,975.9034833898331,36565.17416949167,402,386,0
SELF-Q4-mixed-fixed_hash-8,8,mixed,fixed_hash,triangle_active,True,all_sources_cleared_with_certificate,triangle,True,905.0,31,31,"[1, 2, 3, 4, 5, 7, 8, 9, 12, 13, 19]","[1, 2, 3, 4, 5, 7, 8, 9, 12, 13, 19]",full_mesh,9924.46721066331,0.009080791000002364,0,16,11,0,0,0,11,4,11,1.0,902.2242918784827,37342.33605331654,402,391,0
SELF-Q4-mixed-fixed_hash-9,9,mixed,fixed_hash,triangle_active,True,all_sources_cleared_with_certificate,triangle,True,905.0,31,31,"[1, 2, 5, 6, 8, 9, 11, 12, 14, 15, 16, 18]","[1, 2, 5, 6, 8, 9, 11, 12, 14, 15, 16, 18]",full_mesh,10473.362503178178,0.0084942909999981,0,34,9,3,0,0,12,6,12,1.0,872.7802085981815,41216.81251589088,363,355,0
SELF-Q4-mixed-fixed_hash-10,10,mixed,fixed_hash,triangle_active,True,all_sources_cleared_with_certificate,triangle,True,905.0,31,31,"[1, 2, 3, 4, 5, 8, 11, 13, 14, 16, 17, 18, 19]","[1, 2, 3, 4, 5, 8, 11, 13, 14, 16, 17, 18, 19]",full_mesh,9905.10454353955,0.00913154199999866,0,23,12,1,0,0,13,6,13,1.0,761.9311187338116,38205.52271769775,368,359,0
SELF-Q4-mixed-fixed_hash-11,11,mixed,fixed_hash,triangle_active,True,all_sources_cleared_with_certificate,triangle,True,905.0,31,31,"[2, 3, 4, 7, 8, 9, 10, 11, 13, 15, 17, 18, 19, 20]","[2, 3, 4, 7, 8, 9, 10, 11, 13, 15, 17, 18, 19, 20]",full_mesh,9882.991565737098,0.008999959000000501,0,25,13,1,0,0,14,5,14,1.0,705.9279689812213,40004.95782868548,304,292,0
SELF-Q4-mixed-fixed_hash-12,12,mixed,fixed_hash,triangle_active,True,all_sources_cleared_with_certificate,triangle,True,905.0,31,31,"[1, 4, 5, 6, 7, 8, 9, 11, 12, 13, 14, 16, 17, 18, 20]","[1, 4, 5, 6, 7, 8, 9, 11, 12, 13, 14, 16, 17, 18, 20]",full_mesh,9578.981895180043,0.008955249999999637,0,17,14,1,0,0,15,3,15,1.0,638.5987930120028,39064.90947590022,284,271,0
SELF-Q4-mixed-fixed_hash-13,13,mixed,fixed_hash,triangle_active,True,all_sources_cleared_with_certificate,triangle,True,905.0,31,27,"[1, 2, 3, 4, 5, 6, 8, 9, 10, 11, 12, 13, 14, 15, 18, 19]","[1, 2, 3, 4, 5, 6, 8, 9, 10, 11, 12, 13, 14, 15, 18, 19]",count_upper_bound,9249.287349725157,0.010207000000001187,1,26,13,2,3,18,16,7,16,1.0,578.0804593578223,37536.43674862578,270,261,17
SELF-Q4-mixed-fixed_hash-14,14,mixed,fixed_hash,triangle_active,True,all_sources_cleared_with_certificate,triangle,True,905.0,31,31,"[2, 4, 5, 8, 9, 11, 12, 17, 18, 19]","[2, 4, 5, 8, 9, 11, 12, 17, 18, 19]",full_mesh,9930.768347451369,0.008716416999995147,0,24,9,1,0,0,10,5,10,1.0,993.0768347451369,37083.841737256844,413,399,0
SELF-Q4-mixed-fixed_hash-15,15,mixed,fixed_hash,triangle_active,True,all_sources_cleared_with_certificate,triangle,True,905.0,31,31,"[1, 2, 3, 4, 6, 7, 11, 13, 15, 17, 19]","[1, 2, 3, 4, 6, 7, 11, 13, 15, 17, 19]",full_mesh,9949.14730241951,0.009084833000002845,0,25,10,1,0,0,11,6,11,1.0,904.4679365835917,37915.73651209755,387,376,0
SELF-Q4-mixed-fixed_hash-16,16,mixed,fixed_hash,triangle_active,True,all_sources_cleared_with_certificate,triangle,True,905.0,31,31,"[1, 4, 5, 7, 8, 10, 11, 12, 14, 15, 16, 19]","[1, 4, 5, 7, 8, 10, 11, 12, 14, 15, 16, 19]",full_mesh,10006.868107667557,0.009016333000005261,0,28,10,2,0,0,12,11,12,1.0,833.9056756389631,37384.34053833778,413,405,0
SELF-Q4-mixed-fixed_hash-17,17,mixed,fixed_hash,triangle_active,True,all_sources_cleared_with_certificate,triangle,True,905.0,31,31,"[1, 2, 3, 5, 9, 10, 12, 13, 14, 17, 18, 19, 20]","[1, 2, 3, 5, 9, 10, 12, 13, 14, 17, 18, 19, 20]",full_mesh,10132.95653792111,0.009203417000001934,0,26,13,0,0,0,13,4,13,1.0,779.4581952247008,38794.78268960556,386,379,0
SELF-Q4-mixed-fixed_hash-18,18,mixed,fixed_hash,triangle_active,True,all_sources_cleared_with_certificate,triangle,True,905.0,31,31,"[3, 4, 5, 6, 8, 10, 11, 12, 13, 14, 15, 16, 17, 19]","[3, 4, 5, 6, 8, 10, 11, 12, 13, 14, 15, 16, 17, 19]",full_mesh,9802.365386825722,0.008981042000002049,0,15,14,0,0,0,14,4,14,1.0,700.1689562018373,38496.8269341286,341,328,0
SELF-Q4-mixed-fixed_hash-19,19,mixed,fixed_hash,triangle_active,True,all_sources_cleared_with_certificate,triangle,True,905.0,31,31,"[2, 3, 4, 5, 6, 7, 9, 10, 11, 12, 16, 17, 18, 19, 20]","[2, 3, 4, 5, 6, 7, 9, 10, 11, 12, 16, 17, 18, 19, 20]",full_mesh,9768.599634414777,0.009405999999998471,0,23,15,0,0,0,15,6,15,1.0,651.2399756276518,39227.99817207389,310,298,0
SELF-Q4-mixed-fixed_hash-20,20,mixed,fixed_hash,triangle_active,True,all_sources_cleared_with_certificate,triangle,True,905.0,31,23,"[1, 2, 3, 4, 5, 6, 7, 8, 9, 11, 12, 14, 16, 18, 19, 20]","[1, 2, 3, 4, 5, 6, 7, 8, 9, 11, 12, 14, 16, 18, 19, 20]",count_upper_bound,8723.320938005965,0.009699957999998787,1,18,6,10,5,3,16,4,16,1.0,545.2075586253728,33311.60469002983,330,322,3
SELF-Q4-mixed-fixed_hash-21,21,mixed,fixed_hash,triangle_active,True,all_sources_cleared_with_certificate,triangle,True,905.0,31,31,"[4, 6, 8, 9, 10, 13, 14, 16, 18, 19]","[4, 6, 8, 9, 10, 13, 14, 16, 18, 19]",full_mesh,9747.873530579938,0.007601542000003292,0,8,10,0,0,0,10,3,10,1.0,974.7873530579939,37034.36765289969,385,366,0
SELF-Q4-mixed-fixed_hash-22,22,mixed,fixed_hash,triangle_active,True,all_sources_cleared_with_certificate,triangle,True,905.0,31,31,"[1, 2, 5, 6, 8, 11, 12, 14, 15, 16, 17]","[1, 2, 5, 6, 8, 11, 12, 14, 15, 16, 17]",full_mesh,10109.454440032516,0.008572166999996966,0,25,9,2,0,0,11,4,11,1.0,919.0413127302287,37957.27220016258,412,403,0
SELF-Q4-mixed-fixed_hash-23,23,mixed,fixed_hash,triangle_active,True,all_sources_cleared_with_certificate,triangle,True,905.0,31,31,"[1, 3, 4, 5, 6, 7, 8, 9, 10, 14, 19, 20]","[1, 3, 4, 5, 6, 7, 8, 9, 10, 14, 19, 20]",full_mesh,9926.678235170988,0.008399875000002055,0,16,12,0,0,0,12,1,12,1.0,827.223186264249,39093.391175854915,344,328,0
SELF-Q4-mixed-fixed_hash-24,24,mixed,fixed_hash,triangle_active,True,all_sources_cleared_with_certificate,triangle,True,905.0,31,31,"[1, 2, 3, 4, 5, 6, 7, 11, 13, 14, 18, 19, 20]","[1, 2, 3, 4, 5, 6, 7, 11, 13, 14, 18, 19, 20]",full_mesh,9950.083009457552,0.009017208000003052,0,26,11,2,0,0,13,8,13,1.0,765.391000727504,38730.41504728778,358,349,0
SELF-Q4-mixed-fixed_hash-25,25,mixed,fixed_hash,triangle_active,True,all_sources_cleared_with_certificate,triangle,True,905.0,31,31,"[1, 2, 5, 7, 10, 12, 13, 14, 15, 16, 17, 18, 19, 20]","[1, 2, 5, 7, 10, 12, 13, 14, 15, 16, 17, 18, 19, 20]",full_mesh,9647.678849345444,0.009075709000001098,0,16,14,0,0,0,14,2,14,1.0,689.1199178103889,38898.39424672724,302,288,0
SELF-Q4-mixed-fixed_hash-26,26,mixed,fixed_hash,triangle_active,True,all_sources_cleared_with_certificate,triangle,True,905.0,31,31,"[1, 2, 3, 4, 5, 6, 7, 8, 9, 10, 11, 13, 14, 15, 20]","[1, 2, 3, 4, 5, 6, 7, 8, 9, 10, 11, 13, 14, 15, 20]",full_mesh,9961.84339064914,0.0088775830000003,0,25,15,0,0,0,15,4,15,1.0,664.1228927099426,40109.2169532457,312,305,0
SELF-Q4-mixed-fixed_hash-27,27,mixed,fixed_hash,triangle_active,True,all_sources_cleared_with_certificate,triangle,True,905.0,31,30,"[2, 3, 4, 5, 6, 7, 9, 10, 12, 13, 14, 15, 16, 17, 19, 20]","[2, 3, 4, 5, 6, 7, 9, 10, 12, 13, 14, 15, 16, 17, 19, 20]",count_upper_bound,10587.2172638271,0.01154412500000035,1,50,12,3,3,63,16,14,16,1.0,661.7010789891938,41236.0863191355,347,339,62
SELF-Q4-mixed-fixed_hash-28,28,mixed,fixed_hash,triangle_active,True,all_sources_cleared_with_certificate,triangle,True,905.0,31,31,"[3, 4, 5, 6, 7, 8, 11, 16, 18, 20]","[3, 4, 5, 6, 7, 8, 11, 16, 18, 20]",full_mesh,10117.633320102907,0.008690500000000156,0,16,9,1,0,0,10,4,10,1.0,1011.7633320102907,37638.16660051451,425,415,0
SELF-Q4-mixed-fixed_hash-29,29,mixed,fixed_hash,triangle_active,True,all_sources_cleared_with_certificate,triangle,True,905.0,31,31,"[1, 3, 6, 7, 9, 10, 11, 12, 13, 18, 19]","[1, 3, 6, 7, 9, 10, 11, 12, 13, 18, 19]",full_mesh,10111.317732104266,0.008638375000003862,0,12,9,2,0,0,11,2,11,1.0,919.2107029185696,38366.58866052132,399,388,0
SELF-Q4-mixed-fixed_hash-30,30,mixed,fixed_hash,triangle_active,True,all_sources_cleared_with_certificate,triangle,True,905.0,31,31,"[1, 2, 3, 7, 8, 9, 10, 11, 14, 17, 18, 20]","[1, 2, 3, 7, 8, 9, 10, 11, 14, 17, 18, 20]",full_mesh,10720.068376296338,0.00896333300000407,0,12,11,1,0,0,12,1,12,1.0,893.3390313580281,41045.34188148168,410,401,0
SELF-Q4-mixed-fixed_hash-31,31,mixed,fixed_hash,triangle_active,True,all_sources_cleared_with_certificate,triangle,True,905.0,31,31,"[1, 2, 3, 4, 5, 9, 11, 13, 15, 16, 17, 18, 20]","[1, 2, 3, 4, 5, 9, 11, 13, 15, 16, 17, 18, 20]",full_mesh,9714.360520318569,0.008137458000000208,0,42,11,2,0,0,13,12,13,1.0,747.2585015629668,37281.80260159284,367,358,0
SELF-Q4-mixed-fixed_hash-32,32,mixed,fixed_hash,triangle_active,True,all_sources_cleared_with_certificate,triangle,True,905.0,31,31,"[1, 2, 3, 5, 6, 7, 8, 9, 10, 12, 14, 16, 17, 19]","[1, 2, 3, 5, 6, 7, 8, 9, 10, 12, 14, 16, 17, 19]",full_mesh,9879.038240701168,0.009221916999997859,0,24,13,1,0,0,14,1,14,1.0,705.6455886215119,39915.19120350585,306,296,0
SELF-Q4-mixed-fixed_hash-33,33,mixed,fixed_hash,triangle_active,True,all_sources_cleared_with_certificate,triangle,True,905.0,31,31,"[3, 5, 6, 8, 9, 10, 11, 13, 14, 15, 16, 17, 18, 19, 20]","[3, 5, 6, 8, 9, 10, 11, 13, 14, 15, 16, 17, 18, 19, 20]",full_mesh,10062.461614914602,0.008430791999998632,0,41,13,2,0,0,15,8,15,1.0,670.8307743276401,40602.30807457302,313,302,0
SELF-Q4-mixed-fixed_hash-34,34,mixed,fixed_hash,triangle_active,True,all_sources_cleared_with_certificate,triangle,True,905.0,31,17,"[1, 2, 5, 6, 7, 8, 10, 11, 12, 13, 14, 15, 17, 18, 19, 20]","[1, 2, 5, 6, 7, 8, 10, 11, 12, 13, 14, 15, 17, 18, 19, 20]",count_upper_bound,6392.470933240132,0.006775083999997378,0,23,9,8,4,0,16,2,16,1.0,399.52943332750823,25927.354666200667,188,184,1
SELF-Q4-mixed-fixed_hash-35,35,mixed,fixed_hash,triangle_active,True,all_sources_cleared_with_certificate,triangle,True,905.0,31,31,"[1, 5, 7, 10, 11, 15, 16, 18, 19, 20]","[1, 5, 7, 10, 11, 15, 16, 18, 19, 20]",full_mesh,10248.463374531222,0.008721874999999102,0,32,7,3,1,0,10,9,10,1.0,1024.8463374531223,37472.31687265608,452,444,0
SELF-Q4-mixed-fixed_hash-36,36,mixed,fixed_hash,triangle_active,True,all_sources_cleared_with_certificate,triangle,True,905.0,31,31,"[1, 2, 3, 4, 5, 9, 10, 11, 16, 18, 20]","[1, 2, 3, 4, 5, 9, 10, 11, 16, 18, 20]",full_mesh,9975.57401298596,0.009995500000002266,1,38,6,5,2,3,11,7,11,1.0,906.8703648169055,37197.8700649298,413,407,3
SELF-Q4-mixed-fixed_hash-37,37,mixed,fixed_hash,triangle_active,True,all_sources_cleared_with_certificate,triangle,True,905.0,31,31,"[2, 3, 5, 8, 9, 11, 12, 13, 15, 17, 18, 20]","[2, 3, 5, 8, 9, 11, 12, 13, 15, 17, 18, 20]",full_mesh,9568.807388456065,0.008811583000003509,0,35,12,0,0,0,12,7,12,1.0,797.4006157046721,36814.03694228033,359,351,0
SELF-Q4-mixed-fixed_hash-38,38,mixed,fixed_hash,triangle_active,True,all_sources_cleared_with_certificate,triangle,True,905.0,31,31,"[1, 3, 4, 6, 8, 9, 10, 12, 13, 14, 16, 17, 20]","[1, 3, 4, 6, 8, 9, 10, 12, 13, 14, 16, 17, 20]",full_mesh,9682.642578030986,0.00882129100000384,0,31,12,1,0,0,13,5,13,1.0,744.8186598485373,37653.21289015492,350,337,0
SELF-Q4-mixed-fixed_hash-39,39,mixed,fixed_hash,triangle_active,True,all_sources_cleared_with_certificate,triangle,True,905.0,31,31,"[1, 3, 4, 5, 6, 7, 9, 10, 12, 13, 14, 16, 17, 20]","[1, 3, 4, 5, 6, 7, 9, 10, 12, 13, 14, 16, 17, 20]",full_mesh,9829.478460215047,0.008666666999999961,0,10,14,0,0,0,14,1,14,1.0,702.1056043010748,40227.392301075255,288,274,0
SELF-Q4-mixed-fixed_hash-40,40,mixed,fixed_hash,triangle_active,True,all_sources_cleared_with_certificate,triangle,True,905.0,31,31,"[2, 3, 4, 5, 6, 8, 9, 11, 12, 13, 14, 15, 17, 19, 20]","[2, 3, 4, 5, 6, 8, 9, 11, 12, 13, 14, 15, 17, 19, 20]",full_mesh,10260.157045514867,0.009345125000002952,0,28,12,3,0,0,15,14,15,1.0,684.0104697009912,39580.78522757434,379,374,0
SELF-Q4-mixed-fixed_hash-41,41,mixed,fixed_hash,triangle_active,True,all_sources_cleared_with_certificate,triangle,True,905.0,31,16,"[1, 4, 5, 6, 7, 8, 9, 10, 11, 12, 13, 14, 16, 17, 18, 20]","[1, 4, 5, 6, 7, 8, 9, 10, 11, 12, 13, 14, 16, 17, 18, 20]",count_upper_bound,6542.515987927956,0.007157124999999098,0,27,12,8,8,0,16,3,16,1.0,408.90724924549727,27007.579939639778,176,169,4
SELF-Q4-mixed-fixed_hash-42,42,mixed,fixed_hash,triangle_active,True,all_sources_cleared_with_certificate,triangle,True,905.0,31,31,"[1, 2, 3, 4, 8, 9, 11, 12, 17, 18]","[1, 2, 3, 4, 8, 9, 11, 12, 17, 18]",full_mesh,9892.133856919721,0.007919209000000649,0,13,10,0,0,0,10,2,10,1.0,989.2133856919721,37725.6692845986,386,367,0
SELF-Q4-mixed-fixed_hash-43,43,mixed,fixed_hash,triangle_active,True,all_sources_cleared_with_certificate,triangle,True,905.0,31,31,"[2, 5, 8, 10, 11, 12, 13, 15, 16, 19, 20]","[2, 5, 8, 10, 11, 12, 13, 15, 16, 19, 20]",full_mesh,9905.837636303544,0.008705374999998128,0,12,11,0,0,0,11,8,11,1.0,900.5306942094131,37214.188181517726,403,393,0
SELF-Q4-mixed-fixed_hash-44,44,mixed,fixed_hash,triangle_active,True,all_sources_cleared_with_certificate,triangle,True,905.0,31,31,"[1, 2, 4, 5, 6, 7, 12, 14, 17, 18, 19, 20]","[1, 2, 4, 5, 6, 7, 12, 14, 17, 18, 19, 20]",full_mesh,9811.406857628093,0.009255375000002175,0,21,12,0,0,0,12,2,12,1.0,817.6172381356745,37952.03428814046,362,351,0
SELF-Q4-mixed-fixed_hash-45,45,mixed,fixed_hash,triangle_active,True,all_sources_cleared_with_certificate,triangle,True,905.0,31,31,"[1, 2, 3, 5, 6, 8, 9, 12, 13, 14, 15, 16, 20]","[1, 2, 3, 5, 6, 8, 9, 12, 13, 14, 15, 16, 20]",full_mesh,9522.384884718347,0.00863975000000039,0,18,13,0,0,0,13,2,13,1.0,732.4911449783344,36986.92442359177,345,335,0
SELF-Q4-mixed-fixed_hash-46,46,mixed,fixed_hash,triangle_active,True,all_sources_cleared_with_certificate,triangle,True,905.0,31,31,"[1, 2, 3, 5, 6, 7, 8, 9, 10, 11, 12, 13, 18, 19]","[1, 2, 3, 5, 6, 7, 8, 9, 10, 11, 12, 13, 18, 19]",full_mesh,9453.23068249686,0.008697417000000485,0,18,14,0,0,0,14,1,14,1.0,675.23076303549,36751.1534124843,341,328,0
SELF-Q4-mixed-fixed_hash-47,47,mixed,fixed_hash,triangle_active,True,all_sources_cleared_with_certificate,triangle,True,905.0,31,31,"[1, 3, 5, 7, 8, 9, 10, 11, 12, 13, 14, 15, 16, 18, 20]","[1, 3, 5, 7, 8, 9, 10, 11, 12, 13, 14, 15, 16, 18, 20]",full_mesh,10070.787498063786,0.008640999999997234,0,28,15,0,0,0,15,5,15,1.0,671.3858332042524,40498.93749031891,317,311,0
SELF-Q4-mixed-fixed_hash-48,48,mixed,fixed_hash,triangle_active,True,all_sources_cleared_with_certificate,triangle,True,905.0,31,26,"[2, 3, 4, 5, 6, 7, 8, 10, 11, 12, 13, 15, 16, 17, 18, 20]","[2, 3, 4, 5, 6, 7, 8, 10, 11, 12, 13, 15, 16, 17, 18, 20]",count_upper_bound,8647.810120522518,0.008339749999997537,0,48,10,6,1,0,16,14,16,1.0,540.4881325326573,34679.05060261259,273,267,0
SELF-Q4-mixed-fixed_hash-49,49,mixed,fixed_hash,triangle_active,True,all_sources_cleared_with_certificate,triangle,True,905.0,31,31,"[1, 3, 4, 9, 11, 12, 13, 14, 16, 18]","[1, 3, 4, 9, 11, 12, 13, 14, 16, 18]",full_mesh,9967.097214664784,0.007666125000000079,0,13,10,0,0,0,10,1,10,1.0,996.7097214664784,38115.48607332391,385,369,0
SELF-Q4-mixed-fixed_hash-50,50,mixed,fixed_hash,triangle_active,True,all_sources_cleared_with_certificate,triangle,True,905.0,31,31,"[2, 4, 6, 8, 9, 12, 13, 14, 16, 19, 20]","[2, 4, 6, 8, 9, 12, 13, 14, 16, 19, 20]",full_mesh,10165.007207288063,0.010436124999998242,0,23,11,0,0,0,11,9,11,1.0,924.0915642989148,37050.036036440295,451,445,0
SELF-Q4-mixed-fixed_hash-51,51,mixed,fixed_hash,triangle_active,True,all_sources_cleared_with_certificate,triangle,True,905.0,31,31,"[4, 5, 6, 7, 8, 9, 13, 14, 16, 17, 18, 20]","[4, 5, 6, 7, 8, 9, 13, 14, 16, 17, 18, 20]",full_mesh,10191.40239203714,0.009096208000002548,0,32,11,1,0,0,12,9,12,1.0,849.2835326697617,38627.011960185686,402,396,0
SELF-Q4-mixed-fixed_hash-52,52,mixed,fixed_hash,triangle_active,True,all_sources_cleared_with_certificate,triangle,True,905.0,31,31,"[1, 2, 3, 6, 7, 8, 9, 12, 13, 15, 16, 17, 18]","[1, 2, 3, 6, 7, 8, 9, 12, 13, 15, 16, 17, 18]",full_mesh,9679.068638447792,0.008764833000000749,0,31,12,1,0,0,13,11,13,1.0,744.5437414190609,37510.34319223896,354,342,0
SELF-Q4-mixed-fixed_hash-53,53,mixed,fixed_hash,triangle_active,True,all_sources_cleared_with_certificate,triangle,True,905.0,31,31,"[1, 3, 6, 7, 8, 9, 10, 11, 12, 15, 16, 17, 18, 20]","[1, 3, 6, 7, 8, 9, 10, 11, 12, 15, 16, 17, 18, 20]",full_mesh,9958.905976885164,0.008992167000002382,0,21,14,0,0,0,14,12,14,1.0,711.3504269203688,37449.52988442582,401,394,0
SELF-Q4-mixed-fixed_hash-54,54,mixed,fixed_hash,triangle_active,True,all_sources_cleared_with_certificate,triangle,True,905.0,31,31,"[2, 4, 5, 6, 7, 8, 10, 12, 13, 14, 15, 16, 17, 18, 19]","[2, 4, 5, 6, 7, 8, 10, 12, 13, 14, 15, 16, 17, 18, 19]",full_mesh,9647.698002300618,0.00976891599999874,0,13,14,1,0,0,15,1,15,1.0,643.1798668200412,39013.49001150309,297,285,0
SELF-Q4-mixed-fixed_hash-55,55,mixed,fixed_hash,triangle_active,True,all_sources_cleared_with_certificate,triangle,True,905.0,31,16,"[2, 3, 4, 5, 6, 7, 8, 9, 10, 12, 13, 16, 17, 18, 19, 20]","[2, 3, 4, 5, 6, 7, 8, 9, 10, 12, 13, 16, 17, 18, 19, 20]",count_upper_bound,6023.227403791808,0.006096499999998173,0,24,10,6,4,0,16,6,16,1.0,376.451712736988,24511.137018959034,174,171,0
SELF-Q4-mixed-fixed_hash-56,56,mixed,fixed_hash,triangle_active,True,all_sources_cleared_with_certificate,triangle,True,905.0,31,31,"[1, 4, 7, 9, 10, 12, 13, 16, 17, 18]","[1, 4, 7, 9, 10, 12, 13, 16, 17, 18]",full_mesh,9444.405561159996,0.008172749999999951,0,19,9,1,0,0,10,2,10,1.0,944.4405561159996,35222.02780579998,394,380,0
SELF-Q4-mixed-fixed_hash-57,57,mixed,fixed_hash,triangle_active,True,all_sources_cleared_with_certificate,triangle,True,905.0,31,31,"[1, 2, 5, 7, 8, 11, 12, 13, 16, 17, 18]","[1, 2, 5, 7, 8, 11, 12, 13, 16, 17, 18]",full_mesh,9829.760598190865,0.007838375000005726,0,17,11,0,0,0,11,3,11,1.0,893.6145998355332,37728.80299095433,374,359,0
SELF-Q4-mixed-fixed_hash-58,58,mixed,fixed_hash,triangle_active,True,all_sources_cleared_with_certificate,triangle,True,905.0,31,31,"[2, 4, 5, 6, 7, 8, 11, 14, 17, 18, 19, 20]","[2, 4, 5, 6, 7, 8, 11, 14, 17, 18, 19, 20]",full_mesh,10624.514917109229,0.009476667000001271,0,29,12,0,0,0,12,10,12,1.0,885.3762430924357,39782.57458554614,436,428,0
SELF-Q4-mixed-fixed_hash-59,59,mixed,fixed_hash,triangle_active,True,all_sources_cleared_with_certificate,triangle,True,905.0,31,31,"[1, 3, 5, 8, 10, 11, 12, 13, 14, 15, 16, 17, 20]","[1, 3, 5, 8, 10, 11, 12, 13, 14, 15, 16, 17, 20]",full_mesh,11455.144891217838,0.012685750000002827,1,46,9,3,3,151,13,7,13,1.0,881.1649916321414,43755.72445608918,366,359,150
SELF-Q4-mixed-fixed_hash-60,60,mixed,fixed_hash,triangle_active,True,all_sources_cleared_with_certificate,triangle,True,905.0,31,31,"[1, 2, 3, 4, 5, 6, 8, 9, 10, 13, 14, 16, 17, 20]","[1, 2, 3, 4, 5, 6, 8, 9, 10, 13, 14, 16, 17, 20]",full_mesh,9924.385294795244,0.008130707999995934,0,18,14,0,0,0,14,1,14,1.0,708.8846639139459,39801.9264739762,318,304,0
SELF-Q4-mixed-fixed_hash-61,61,mixed,fixed_hash,triangle_active,True,all_sources_cleared_with_certificate,triangle,True,905.0,31,31,"[1, 4, 5, 6, 7, 8, 9, 11, 12, 13, 14, 16, 18, 19, 20]","[1, 4, 5, 6, 7, 8, 9, 11, 12, 13, 14, 16, 18, 19, 20]",full_mesh,9947.049509567421,0.008760667000004219,0,44,12,3,0,0,15,8,15,1.0,663.1366339711615,39595.2475478371,326,323,0
SELF-Q4-mixed-fixed_hash-62,62,mixed,fixed_hash,triangle_active,True,all_sources_cleared_with_certificate,triangle,True,905.0,31,22,"[1, 2, 3, 5, 6, 8, 9, 10, 11, 12, 13, 14, 15, 18, 19, 20]","[1, 2, 3, 5, 6, 8, 9, 10, 11, 12, 13, 14, 15, 18, 19, 20]",count_upper_bound,8987.880504149149,0.013369875000002196,2,40,11,6,10,97,16,14,16,1.0,561.7425315093218,34019.40252074572,303,295,98
SELF-Q4-mixed-fixed_hash-63,63,mixed,fixed_hash,triangle_active,True,all_sources_cleared_with_certificate,triangle,True,905.0,31,31,"[2, 7, 9, 10, 11, 12, 14, 15, 16, 20]","[2, 7, 9, 10, 11, 12, 14, 15, 16, 20]",full_mesh,9456.03557809016,0.007541374999995298,0,15,10,0,0,0,10,2,10,1.0,945.6035578090159,35870.177890450796,375,357,0
SELF-Q4-mixed-fixed_hash-64,64,mixed,fixed_hash,triangle_active,True,all_sources_cleared_with_certificate,triangle,True,905.0,31,31,"[1, 3, 4, 5, 7, 11, 12, 13, 16, 18, 19]","[1, 3, 4, 5, 7, 11, 12, 13, 16, 18, 19]",full_mesh,10357.401686991825,0.008737125000003232,0,21,10,1,0,0,11,2,11,1.0,941.5819715447113,39247.00843495912,410,403,0
SELF-Q4-mixed-fixed_hash-65,65,mixed,fixed_hash,triangle_active,True,all_sources_cleared_with_certificate,triangle,True,905.0,31,31,"[6, 7, 8, 9, 10, 13, 14, 15, 16, 17, 19, 20]","[6, 7, 8, 9, 10, 13, 14, 15, 16, 17, 19, 20]",full_mesh,9616.57022814771,0.009075166000002355,0,16,12,0,0,0,12,4,12,1.0,801.3808523456424,36342.851140738545,383,373,0
SELF-Q4-mixed-fixed_hash-66,66,mixed,fixed_hash,triangle_active,True,all_sources_cleared_with_certificate,triangle,True,905.0,31,31,"[2, 3, 5, 8, 9, 10, 13, 14, 15, 16, 17, 19, 20]","[2, 3, 5, 8, 9, 10, 13, 14, 15, 16, 17, 19, 20]",full_mesh,9816.763230196171,0.008548749999995664,0,25,13,0,0,0,13,9,13,1.0,755.1356330920132,37433.816150980834,379,370,0
SELF-Q4-mixed-fixed_hash-67,67,mixed,fixed_hash,triangle_active,True,all_sources_cleared_with_certificate,triangle,True,905.0,31,31,"[1, 3, 4, 5, 6, 7, 8, 10, 14, 15, 16, 17, 18, 19]","[1, 3, 4, 5, 6, 7, 8, 10, 14, 15, 16, 17, 18, 19]",full_mesh,10400.312471747653,0.008367833000001212,0,11,14,0,0,0,14,3,14,1.0,742.8794622676895,42656.56235873826,302,289,0
SELF-Q4-mixed-fixed_hash-68,68,mixed,fixed_hash,triangle_active,True,all_sources_cleared_with_certificate,triangle,True,905.0,31,31,"[2, 4, 5, 6, 8, 9, 11, 12, 13, 14, 15, 16, 17, 19, 20]","[2, 4, 5, 6, 8, 9, 11, 12, 13, 14, 15, 16, 17, 19, 20]",full_mesh,9829.84968035342,0.008518416999997669,0,48,12,3,0,0,15,11,15,1.0,655.3233120235614,38554.24840176711,342,334,0
SELF-Q4-mixed-fixed_hash-69,69,mixed,fixed_hash,triangle_active,True,all_sources_cleared_with_certificate,triangle,True,905.0,31,18,"[2, 3, 4, 5, 6, 7, 8, 9, 10, 11, 12, 13, 14, 16, 17, 18]","[2, 3, 4, 5, 6, 7, 8, 9, 10, 11, 12, 13, 14, 16, 17, 18]",count_upper_bound,8101.130866483795,0.016196833000002187,3,26,13,0,10,221,16,9,16,1.0,506.3206791552372,30505.654332418973,213,201,218
SELF-Q4-mixed-fixed_hash-70,70,mixed,fixed_hash,triangle_active,True,all_sources_cleared_with_certificate,triangle,True,905.0,31,31,"[2, 3, 4, 5, 6, 10, 11, 12, 15, 18]","[2, 3, 4, 5, 6, 10, 11, 12, 15, 18]",full_mesh,9810.152005105803,0.008459291999997731,0,26,9,1,0,0,10,4,10,1.0,981.0152005105804,36520.76002552903,411,401,0
SELF-Q4-mixed-fixed_hash-71,71,mixed,fixed_hash,triangle_active,True,all_sources_cleared_with_certificate,triangle,True,905.0,31,31,"[1, 2, 4, 5, 9, 11, 13, 14, 15, 16, 17]","[1, 2, 4, 5, 9, 11, 13, 14, 15, 16, 17]",full_mesh,10336.868950058351,0.00864412499999645,0,58,6,5,0,0,11,9,11,1.0,939.7153590962138,38889.34475029174,419,409,0
SELF-Q4-mixed-fixed_hash-72,72,mixed,fixed_hash,triangle_active,True,all_sources_cleared_with_certificate,triangle,True,905.0,31,31,"[3, 4, 6, 10, 11, 12, 15, 16, 17, 18, 19, 20]","[3, 4, 6, 10, 11, 12, 15, 16, 17, 18, 19, 20]",full_mesh,9894.892148304905,0.009161791000003916,0,14,10,2,0,0,12,7,12,1.0,824.5743456920754,37719.46074152452,383,376,0
SELF-Q4-mixed-fixed_hash-73,73,mixed,fixed_hash,triangle_active,True,all_sources_cleared_with_certificate,triangle,True,905.0,31,31,"[2, 4, 5, 6, 7, 8, 9, 10, 15, 16, 17, 19, 20]","[2, 4, 5, 6, 7, 8, 9, 10, 15, 16, 17, 19, 20]",full_mesh,10129.356477105932,0.009306250000001626,0,22,12,1,0,0,13,8,13,1.0,779.1812674696871,37741.78238552966,420,416,0
SELF-Q4-mixed-fixed_hash-74,74,mixed,fixed_hash,triangle_active,True,all_sources_cleared_with_certificate,triangle,True,905.0,31,31,"[2, 3, 4, 5, 6, 8, 9, 11, 13, 14, 16, 17, 18, 20]","[2, 3, 4, 5, 6, 8, 9, 11, 13, 14, 16, 17, 18, 20]",full_mesh,9913.53823866463,0.008516374999999243,0,16,14,0,0,0,14,5,14,1.0,708.1098741903307,40207.69119332314,302,292,0
SELF-Q4-mixed-fixed_hash-75,75,mixed,fixed_hash,triangle_active,True,all_sources_cleared_with_certificate,triangle,True,905.0,31,31,"[2, 3, 6, 8, 9, 11, 12, 13, 14, 15, 16, 17, 18, 19, 20]","[2, 3, 6, 8, 9, 11, 12, 13, 14, 15, 16, 17, 18, 19, 20]",full_mesh,9951.914545239859,0.009092250000001911,0,20,15,0,0,0,15,2,15,1.0,663.4609696826573,41744.5727261993,257,243,0
SELF-Q4-mixed-fixed_hash-76,76,mixed,fixed_hash,triangle_active,True,all_sources_cleared_with_certificate,triangle,True,905.0,31,19,"[1, 3, 4, 5, 6, 7, 8, 10, 12, 13, 15, 16, 17, 18, 19, 20]","[1, 3, 4, 5, 6, 7, 8, 10, 12, 13, 15, 16, 17, 18, 19, 20]",count_upper_bound,7170.806075610803,0.007299208999995699,0,23,12,4,1,0,16,4,16,1.0,448.1753797256752,28664.030378054023,227,223,0
SELF-Q4-mixed-fixed_hash-77,77,mixed,fixed_hash,triangle_active,True,all_sources_cleared_with_certificate,triangle,True,905.0,31,31,"[2, 5, 7, 8, 9, 11, 14, 17, 18, 20]","[2, 5, 7, 8, 9, 11, 14, 17, 18, 20]",full_mesh,10382.729516847225,0.009516249999997228,1,25,9,0,3,7,10,4,10,1.0,1038.2729516847226,37448.64758423612,473,460,6
SELF-Q4-mixed-fixed_hash-78,78,mixed,fixed_hash,triangle_active,True,all_sources_cleared_with_certificate,triangle,True,905.0,31,31,"[1, 3, 4, 7, 9, 10, 11, 13, 14, 15, 20]","[1, 3, 4, 7, 9, 10, 11, 13, 14, 15, 20]",full_mesh,9642.178318594652,0.008886000000003946,0,17,10,1,0,0,11,4,11,1.0,876.5616653267865,35320.891592973254,422,413,0
SELF-Q4-mixed-fixed_hash-79,79,mixed,fixed_hash,triangle_active,True,all_sources_cleared_with_certificate,triangle,True,905.0,31,31,"[2, 3, 4, 5, 6, 8, 12, 14, 15, 16, 17, 18]","[2, 3, 4, 5, 6, 8, 12, 14, 15, 16, 17, 18]",full_mesh,10279.80369105043,0.008629208000002109,0,12,12,0,0,0,12,1,12,1.0,856.6503075875358,39639.01845525215,384,372,0
SELF-Q4-mixed-fixed_hash-80,80,mixed,fixed_hash,triangle_active,True,all_sources_cleared_with_certificate,triangle,True,905.0,31,31,"[1, 4, 6, 7, 9, 12, 13, 14, 15, 17, 18, 19, 20]","[1, 4, 6, 7, 9, 12, 13, 14, 15, 17, 18, 19, 20]",full_mesh,10879.862984734233,0.011402750000002015,1,24,12,0,3,67,13,10,13,1.0,836.9125372872487,41339.314923671176,393,384,66
SELF-Q4-mixed-fixed_hash-81,81,mixed,fixed_hash,triangle_active,True,all_sources_cleared_with_certificate,triangle,True,905.0,31,31,"[1, 3, 6, 8, 10, 11, 12, 13, 14, 15, 16, 17, 19, 20]","[1, 3, 6, 8, 10, 11, 12, 13, 14, 15, 16, 17, 19, 20]",full_mesh,9586.628611368256,0.008231207999997991,0,49,12,2,0,0,14,12,14,1.0,684.759186526304,37533.14305684128,336,330,0
SELF-Q4-mixed-fixed_hash-82,82,mixed,fixed_hash,triangle_active,True,all_sources_cleared_with_certificate,triangle,True,905.0,31,31,"[1, 3, 5, 6, 7, 8, 10, 11, 12, 13, 14, 16, 17, 18, 20]","[1, 3, 5, 6, 7, 8, 10, 11, 12, 13, 14, 16, 17, 18, 20]",full_mesh,9877.105849610996,0.009112792000003367,0,20,15,0,0,0,15,4,15,1.0,658.4737233073997,40300.52924805499,292,282,0
SELF-Q4-mixed-fixed_hash-83,83,mixed,fixed_hash,triangle_active,True,all_sources_cleared_with_certificate,triangle,True,905.0,31,17,"[1, 2, 3, 4, 5, 7, 11, 12, 13, 14, 15, 16, 17, 18, 19, 20]","[1, 2, 3, 4, 5, 7, 11, 12, 13, 14, 15, 16, 17, 18, 19, 20]",count_upper_bound,7353.1151022235945,0.0077667919999981905,0,15,14,4,7,0,16,3,16,1.0,459.56969388897465,30535.575511117975,195,185,2
SELF-Q4-mixed-fixed_hash-84,84,mixed,fixed_hash,triangle_active,True,all_sources_cleared_with_certificate,triangle,True,905.0,31,31,"[1, 2, 4, 8, 9, 10, 11, 13, 14, 16]","[1, 2, 4, 8, 9, 10, 11, 13, 14, 16]",full_mesh,10114.3013058854,0.009376165999995578,0,26,9,1,0,0,10,6,10,1.0,1011.4301305885399,38101.50652942701,409,399,0
SELF-Q4-mixed-fixed_hash-85,85,mixed,fixed_hash,triangle_active,True,all_sources_cleared_with_certificate,triangle,True,905.0,31,31,"[4, 6, 7, 8, 10, 11, 13, 14, 16, 19, 20]","[4, 6, 7, 8, 10, 11, 13, 14, 16, 19, 20]",full_mesh,10042.753473140929,0.008291083000003141,0,17,11,0,0,0,11,7,11,1.0,912.9775884673571,38313.76736570465,389,380,0
SELF-Q4-mixed-fixed_hash-86,86,mixed,fixed_hash,triangle_active,True,all_sources_cleared_with_certificate,triangle,True,905.0,31,31,"[1, 2, 3, 5, 7, 9, 11, 12, 15, 18, 19, 20]","[1, 2, 3, 5, 7, 9, 11, 12, 15, 18, 19, 20]",full_mesh,10084.483300113126,0.008959250000003749,0,24,11,1,0,0,12,9,12,1.0,840.3736083427606,38197.41650056562,399,390,0
SELF-Q4-mixed-fixed_hash-87,87,mixed,fixed_hash,triangle_active,True,all_sources_cleared_with_certificate,triangle,True,905.0,31,31,"[1, 2, 4, 5, 6, 7, 9, 11, 13, 14, 15, 16, 18]","[1, 2, 4, 5, 6, 7, 9, 11, 13, 14, 15, 16, 18]",full_mesh,9879.989512823504,0.008554957999997725,0,23,11,2,0,0,13,5,13,1.0,759.9991932941157,39129.94756411752,333,324,0
SELF-Q4-mixed-fixed_hash-88,88,mixed,fixed_hash,triangle_active,True,all_sources_cleared_with_certificate,triangle,True,905.0,31,31,"[1, 3, 4, 6, 7, 8, 9, 11, 12, 13, 14, 16, 17, 20]","[1, 3, 4, 6, 7, 8, 9, 11, 12, 13, 14, 16, 17, 20]",full_mesh,10115.914769086361,0.009720667000003402,0,48,10,5,1,0,14,12,14,1.0,722.5653406490258,38389.573845431805,395,390,1
SELF-Q4-mixed-fixed_hash-89,89,mixed,fixed_hash,triangle_active,True,all_sources_cleared_with_certificate,triangle,True,905.0,31,31,"[2, 3, 4, 5, 6, 7, 8, 9, 10, 12, 14, 16, 17, 18, 20]","[2, 3, 4, 5, 6, 7, 8, 9, 10, 12, 14, 16, 17, 18, 20]",full_mesh,9673.751992551894,0.00923025000000166,0,26,14,1,0,0,15,8,15,1.0,644.9167995034596,38623.75996275947,314,304,0
SELF-Q4-mixed-fixed_hash-90,90,mixed,fixed_hash,triangle_active,True,all_sources_cleared_with_certificate,triangle,True,905.0,31,18,"[1, 2, 3, 5, 6, 7, 8, 9, 10, 11, 12, 13, 14, 16, 17, 18]","[1, 2, 3, 5, 6, 7, 8, 9, 10, 11, 12, 13, 14, 16, 17, 18]",count_upper_bound,6528.944822140076,0.007435375000000022,0,20,12,4,1,0,16,1,16,1.0,408.05905138375476,26849.724110700376,181,174,0
SELF-Q4-mixed-fixed_hash-91,91,mixed,fixed_hash,triangle_active,True,all_sources_cleared_with_certificate,triangle,True,905.0,31,31,"[3, 6, 8, 12, 13, 14, 15, 16, 18, 19]","[3, 6, 8, 12, 13, 14, 15, 16, 18, 19]",full_mesh,9687.301607820786,0.008293292000004726,0,16,10,0,0,0,10,8,10,1.0,968.7301607820785,35541.508039103916,424,409,0
SELF-Q4-mixed-fixed_hash-92,92,mixed,fixed_hash,triangle_active,True,all_sources_cleared_with_certificate,triangle,True,905.0,31,31,"[2, 3, 4, 8, 9, 10, 14, 15, 17, 18, 19]","[2, 3, 4, 8, 9, 10, 14, 15, 17, 18, 19]",full_mesh,10436.049879730888,0.008343959000001178,0,13,10,1,0,0,11,6,11,1.0,948.7318072482626,40390.249398654436,386,373,0
SELF-Q4-mixed-fixed_hash-93,93,mixed,fixed_hash,triangle_active,True,all_sources_cleared_with_certificate,triangle,True,905.0,31,31,"[1, 2, 3, 4, 6, 7, 12, 13, 14, 16, 19, 20]","[1, 2, 3, 4, 6, 7, 12, 13, 14, 16, 19, 20]",full_mesh,10610.803658764458,0.009231750000004979,0,27,12,0,0,0,12,10,12,1.0,884.2336382303715,41029.018293822286,392,385,0
SELF-Q4-mixed-fixed_hash-94,94,mixed,fixed_hash,triangle_active,True,all_sources_cleared_with_certificate,triangle,True,905.0,31,31,"[1, 4, 5, 6, 7, 8, 9, 10, 11, 14, 15, 18, 19]","[1, 4, 5, 6, 7, 8, 9, 10, 11, 14, 15, 18, 19]",full_mesh,10336.961476511904,0.00853541600000085,0,22,13,0,0,0,13,10,13,1.0,795.150882808608,39394.80738255953,400,393,0
SELF-Q4-mixed-fixed_hash-95,95,mixed,fixed_hash,triangle_active,True,all_sources_cleared_with_certificate,triangle,True,905.0,31,31,"[1, 2, 3, 4, 5, 10, 12, 13, 15, 16, 17, 18, 19, 20]","[1, 2, 3, 4, 5, 10, 12, 13, 15, 16, 17, 18, 19, 20]",full_mesh,10019.711162032101,0.009085666999993691,0,26,12,2,0,0,14,10,14,1.0,715.6936544308644,38193.55581016049,387,376,0
SELF-Q4-mixed-fixed_hash-96,96,mixed,fixed_hash,triangle_active,True,all_sources_cleared_with_certificate,triangle,True,905.0,31,31,"[1, 3, 4, 6, 7, 10, 11, 12, 13, 14, 15, 17, 18, 19, 20]","[1, 3, 4, 6, 7, 10, 11, 12, 13, 14, 15, 17, 18, 19, 20]",full_mesh,9731.901810515998,0.008392000000000621,0,24,14,1,0,0,15,6,15,1.0,648.7934540343998,38879.50905258,315,306,0
SELF-Q4-mixed-fixed_hash-97,97,mixed,fixed_hash,triangle_active,True,all_sources_cleared_with_certificate,triangle,True,905.0,31,24,"[1, 2, 4, 5, 6, 7, 9, 10, 12, 13, 14, 16, 17, 18, 19, 20]","[1, 2, 4, 5, 6, 7, 9, 10, 12, 13, 14, 16, 17, 18, 19, 20]",count_upper_bound,8788.169090533242,0.009300499999994827,1,38,13,5,10,14,16,11,16,1.0,549.2605681583276,34315.8454526662,301,292,16
SELF-Q4-mixed-fixed_hash-98,98,mixed,fixed_hash,triangle_active,True,all_sources_cleared_with_certificate,triangle,True,905.0,31,31,"[1, 2, 5, 8, 11, 12, 14, 17, 19, 20]","[1, 2, 5, 8, 11, 12, 14, 17, 19, 20]",full_mesh,9856.13936073378,0.009073333000003458,0,24,7,3,0,0,10,9,10,1.0,985.613936073378,34980.6968036689,470,460,0
SELF-Q4-mixed-fixed_hash-99,99,mixed,fixed_hash,triangle_active,True,all_sources_cleared_with_certificate,triangle,True,905.0,31,31,"[2, 3, 4, 5, 6, 7, 8, 13, 18, 19, 20]","[2, 3, 4, 5, 6, 7, 8, 13, 18, 19, 20]",full_mesh,10024.147957956191,0.009063625000003128,0,23,9,2,0,0,11,9,11,1.0,911.2861779960174,37515.73978978096,412,406,0
SELF-Q4-mixed-fixed_hash-100,100,mixed,fixed_hash,triangle_active,True,all_sources_cleared_with_certificate,triangle,True,905.0,31,31,"[2, 5, 6, 7, 9, 11, 12, 13, 15, 17, 18, 19]","[2, 5, 6, 7, 9, 11, 12, 13, 15, 17, 18, 19]",full_mesh,9619.381068844497,0.00896537499999539,0,14,12,0,0,0,12,2,12,1.0,801.6150890703748,37241.90534422248,354,341,0
SELF-Q4-mixed-fixed_hash-101,101,mixed,fixed_hash,triangle_active,True,all_sources_cleared_with_certificate,triangle,True,905.0,31,31,"[1, 4, 5, 7, 8, 9, 10, 11, 12, 15, 17, 18, 19]","[1, 4, 5, 7, 8, 9, 10, 11, 12, 15, 17, 18, 19]",full_mesh,9876.55251570082,0.008489667000006307,0,32,12,2,2,0,13,12,13,1.0,759.7348089000631,37967.76257850408,371,360,1
SELF-Q4-mixed-fixed_hash-102,102,mixed,fixed_hash,triangle_active,True,all_sources_cleared_with_certificate,triangle,True,905.0,31,31,"[1, 3, 5, 6, 7, 9, 10, 12, 13, 14, 17, 18, 19, 20]","[1, 3, 5, 6, 7, 9, 10, 12, 13, 14, 17, 18, 19, 20]",full_mesh,9828.237765429949,0.009790791000000354,0,48,9,5,0,0,14,13,14,1.0,702.0169832449964,37411.18882714973,380,376,0
SELF-Q4-mixed-fixed_hash-103,103,mixed,fixed_hash,triangle_active,True,all_sources_cleared_with_certificate,triangle,True,905.0,31,31,"[1, 2, 3, 4, 5, 6, 7, 8, 11, 12, 13, 15, 17, 18, 20]","[1, 2, 3, 4, 5, 6, 7, 8, 11, 12, 13, 15, 17, 18, 20]",full_mesh,9297.888335902884,0.009192792000000338,0,17,15,0,0,0,15,1,15,1.0,619.8592223935256,37404.441679514435,292,282,0
SELF-Q4-mixed-fixed_hash-104,104,mixed,fixed_hash,triangle_active,True,all_sources_cleared_with_certificate,triangle,True,905.0,31,19,"[1, 2, 3, 6, 7, 8, 9, 10, 11, 12, 13, 14, 15, 16, 17, 20]","[1, 2, 3, 6, 7, 8, 9, 10, 11, 12, 13, 14, 15, 16, 17, 20]",count_upper_bound,7951.379669517061,0.007903374999997936,0,14,11,6,5,0,16,6,16,1.0,496.96122934481633,31486.898347585306,263,256,1
SELF-Q4-mixed-fixed_hash-105,105,mixed,fixed_hash,triangle_active,True,all_sources_cleared_with_certificate,triangle,True,905.0,31,31,"[1, 4, 5, 6, 9, 10, 12, 13, 16, 19]","[1, 4, 5, 6, 9, 10, 12, 13, 16, 19]",full_mesh,9842.948781693096,0.00917850000000442,0,16,10,0,0,0,10,3,10,1.0,984.2948781693096,37099.74390846547,398,383,0
SELF-Q4-mixed-fixed_hash-106,106,mixed,fixed_hash,triangle_active,True,all_sources_cleared_with_certificate,triangle,True,905.0,31,31,"[1, 2, 4, 5, 8, 13, 16, 17, 18, 19, 20]","[1, 2, 4, 5, 8, 13, 16, 17, 18, 19, 20]",full_mesh,10443.54613319767,0.00936158300000045,0,14,10,1,0,0,11,6,11,1.0,949.4132848361518,38822.73066598837,439,429,0
SELF-Q4-mixed-fixed_hash-107,107,mixed,fixed_hash,triangle_active,True,all_sources_cleared_with_certificate,triangle,True,905.0,31,31,"[1, 2, 3, 5, 7, 8, 9, 10, 11, 14, 16, 19]","[1, 2, 3, 5, 7, 8, 9, 10, 11, 14, 16, 19]",full_mesh,9816.002615249292,0.008653541999997572,0,39,9,3,0,0,12,11,12,1.0,818.000217937441,37710.01307624646,370,364,0
SELF-Q4-mixed-fixed_hash-108,108,mixed,fixed_hash,triangle_active,True,all_sources_cleared_with_certificate,triangle,True,905.0,31,31,"[2, 3, 4, 5, 6, 9, 10, 12, 13, 15, 18, 19, 20]","[2, 3, 4, 5, 6, 9, 10, 12, 13, 15, 18, 19, 20]",full_mesh,9841.18841391671,0.007943208000000368,0,16,13,0,0,0,13,2,13,1.0,757.0144933782085,38510.94206958355,348,334,0
SELF-Q4-mixed-fixed_hash-109,109,mixed,fixed_hash,triangle_active,True,all_sources_cleared_with_certificate,triangle,True,905.0,31,31,"[2, 4, 5, 7, 8, 9, 10, 13, 15, 16, 17, 18, 19, 20]","[2, 4, 5, 7, 8, 9, 10, 13, 15, 16, 17, 18, 19, 20]",full_mesh,9386.145759559558,0.008484457999998085,0,33,14,0,0,0,14,4,14,1.0,670.4389828256827,37890.72879779778,292,278,0
SELF-Q4-mixed-fixed_hash-110,110,mixed,fixed_hash,triangle_active,True,all_sources_cleared_with_certificate,triangle,True,905.0,31,31,"[1, 2, 6, 7, 8, 9, 11, 12, 13, 14, 15, 16, 17, 18, 19]","[1, 2, 6, 7, 8, 9, 11, 12, 13, 14, 15, 16, 17, 18, 19]",full_mesh,9614.317007881013,0.00883204200000165,0,22,14,1,0,0,15,2,15,1.0,640.9544671920675,39326.58503940506,281,269,0
SELF-Q4-mixed-fixed_hash-111,111,mixed,fixed_hash,triangle_active,True,all_sources_cleared_with_certificate,triangle,True,905.0,31,18,"[2, 3, 4, 6, 7, 8, 10, 11, 13, 14, 15, 16, 17, 18, 19, 20]","[2, 3, 4, 6, 7, 8, 10, 11, 13, 14, 15, 16, 17, 18, 19, 20]",count_upper_bound,7170.896562316529,0.00967558299999638,2,23,11,4,7,26,16,7,16,1.0,448.18103514478304,28249.482811582635,229,221,25
SELF-Q4-mixed-fixed_hash-112,112,mixed,fixed_hash,triangle_active,True,all_sources_cleared_with_certificate,triangle,True,905.0,31,31,"[3, 4, 6, 10, 11, 13, 14, 15, 16, 19]","[3, 4, 6, 10, 11, 13, 14, 15, 16, 19]",full_mesh,9602.657535505987,0.00810549999999921,0,26,9,1,0,0,10,9,10,1.0,960.2657535505987,36183.28767752992,388,376,0
SELF-Q4-mixed-fixed_hash-113,113,mixed,fixed_hash,triangle_active,True,all_sources_cleared_with_certificate,triangle,True,905.0,31,31,"[1, 2, 3, 4, 5, 7, 9, 12, 16, 18, 20]","[1, 2, 3, 4, 5, 7, 9, 12, 16, 18, 20]",full_mesh,10194.78233171281,0.008546875000000398,0,36,11,1,2,0,11,10,11,1.0,926.7983937920736,38518.91165856405,407,398,1
SELF-Q4-mixed-fixed_hash-114,114,mixed,fixed_hash,triangle_active,True,all_sources_cleared_with_certificate,triangle,True,905.0,31,31,"[1, 3, 4, 8, 9, 10, 11, 14, 15, 17, 19, 20]","[1, 3, 4, 8, 9, 10, 11, 14, 15, 17, 19, 20]",full_mesh,10391.939687927848,0.008983166999996683,0,11,12,0,0,0,12,5,12,1.0,865.9949739939874,40604.69843963925,370,361,0
SELF-Q4-mixed-fixed_hash-115,115,mixed,fixed_hash,triangle_active,True,all_sources_cleared_with_certificate,triangle,True,905.0,31,31,"[4, 5, 6, 7, 8, 9, 10, 11, 12, 13, 14, 16, 18]","[4, 5, 6, 7, 8, 9, 10, 11, 12, 13, 14, 16, 18]",full_mesh,9718.647237992805,0.008001083999999992,0,11,13,0,0,0,13,1,13,1.0,747.5882490763696,38968.23618996403,313,295,0
SELF-Q4-mixed-fixed_hash-116,116,mixed,fixed_hash,triangle_active,True,all_sources_cleared_with_certificate,triangle,True,905.0,31,31,"[1, 3, 4, 5, 7, 8, 9, 10, 12, 13, 15, 16, 18, 20]","[1, 3, 4, 5, 7, 8, 9, 10, 12, 13, 15, 16, 18, 20]",full_mesh,9595.328126478522,0.008903042000000028,0,28,13,1,0,0,14,10,14,1.0,685.3805804627516,38081.6406323926,320,309,0
SELF-Q4-mixed-fixed_hash-117,117,mixed,fixed_hash,triangle_active,True,all_sources_cleared_with_certificate,triangle,True,905.0,31,31,"[2, 3, 4, 6, 7, 8, 9, 10, 13, 14, 16, 17, 18, 19, 20]","[2, 3, 4, 6, 7, 8, 9, 10, 13, 14, 16, 17, 18, 19, 20]",full_mesh,9663.083550657064,0.008189583000003609,0,19,15,0,0,0,15,1,15,1.0,644.2055700438043,39665.41775328532,278,265,0
SELF-Q4-mixed-fixed_hash-118,118,mixed,fixed_hash,triangle_active,True,all_sources_cleared_with_certificate,triangle,True,905.0,31,18,"[1, 2, 4, 5, 6, 7, 8, 10, 12, 13, 14, 15, 16, 17, 19, 20]","[1, 2, 4, 5, 6, 7, 8, 10, 12, 13, 14, 15, 16, 17, 19, 20]",count_upper_bound,7547.63095975176,0.008655666999999312,1,30,8,9,11,5,16,14,16,1.0,471.726934984485,29423.154798758802,262,255,6
SELF-Q4-mixed-fixed_hash-119,119,mixed,fixed_hash,triangle_active,True,all_sources_cleared_with_certificate,triangle,True,905.0,31,31,"[2, 3, 4, 6, 7, 10, 11, 14, 16, 18]","[2, 3, 4, 6, 7, 10, 11, 14, 16, 18]",full_mesh,9965.362940117535,0.008033416000003513,0,19,10,0,0,0,10,5,10,1.0,996.5362940117535,37641.81470058767,400,387,0
SELF-Q4-mixed-fixed_hash-120,120,mixed,fixed_hash,triangle_active,True,all_sources_cleared_with_certificate,triangle,True,905.0,31,31,"[3, 4, 5, 6, 7, 8, 13, 14, 15, 17, 20]","[3, 4, 5, 6, 7, 8, 13, 14, 15, 17, 20]",full_mesh,9962.650904344056,0.008354666000002453,0,28,10,1,0,0,11,6,11,1.0,905.6955367585506,38158.254521720286,381,371,0
SELF-Q4-mixed-fixed_hash-121,121,mixed,fixed_hash,triangle_active,True,all_sources_cleared_with_certificate,triangle,True,905.0,31,31,"[1, 3, 5, 6, 7, 11, 12, 13, 16, 17, 19, 20]","[1, 3, 5, 6, 7, 11, 12, 13, 16, 17, 19, 20]",full_mesh,10212.111617867815,0.009585125000000971,0,29,11,1,0,0,12,3,12,1.0,851.0093014889845,38720.55808933906,403,393,0
SELF-Q4-mixed-fixed_hash-122,122,mixed,fixed_hash,triangle_active,True,all_sources_cleared_with_certificate,triangle,True,905.0,31,31,"[2, 3, 4, 5, 7, 8, 10, 11, 12, 13, 17, 18, 20]","[2, 3, 4, 5, 7, 8, 10, 11, 12, 13, 17, 18, 20]",full_mesh,10552.500189527349,0.008913375000005885,0,32,11,2,0,0,13,8,13,1.0,811.7307838097961,40852.500947636734,387,382,0
SELF-Q4-mixed-fixed_hash-123,123,mixed,fixed_hash,triangle_active,True,all_sources_cleared_with_certificate,triangle,True,905.0,31,31,"[1, 2, 3, 6, 7, 9, 10, 11, 12, 14, 16, 17, 19, 20]","[1, 2, 3, 6, 7, 9, 10, 11, 12, 14, 16, 17, 19, 20]",full_mesh,10300.981478879254,0.008341958999999122,0,15,13,1,0,0,14,1,14,1.0,735.7843913485182,41189.90739439626,334,323,0
SELF-Q4-mixed-fixed_hash-124,124,mixed,fixed_hash,triangle_active,True,all_sources_cleared_with_certificate,triangle,True,905.0,31,31,"[1, 2, 3, 4, 5, 6, 7, 9, 12, 13, 15, 17, 18, 19, 20]","[1, 2, 3, 4, 5, 6, 7, 9, 12, 13, 15, 17, 18, 19, 20]",full_mesh,9716.21862716303,0.008706042000000025,0,13,15,0,0,0,15,1,15,1.0,647.7479084775354,40081.09313581516,273,260,0
SELF-Q4-mixed-fixed_hash-125,125,mixed,fixed_hash,triangle_active,True,all_sources_cleared_with_certificate,triangle,True,905.0,31,21,"[1, 2, 3, 4, 5, 6, 7, 8, 10, 11, 12, 13, 14, 15, 18, 20]","[1, 2, 3, 4, 5, 6, 7, 8, 10, 11, 12, 13, 14, 15, 18, 20]",count_upper_bound,8081.781786469393,0.008293416000000775,1,24,10,6,6,10,16,11,16,1.0,505.1113616543371,32173.90893234696,258,247,10
SELF-Q4-mixed-fixed_hash-126,126,mixed,fixed_hash,triangle_active,True,all_sources_cleared_with_certificate,triangle,True,905.0,31,31,"[2, 3, 4, 6, 8, 11, 15, 17, 18, 19]","[2, 3, 4, 6, 8, 11, 15, 17, 18, 19]",full_mesh,10151.418383223197,0.008572666999995704,0,26,10,0,0,0,10,3,10,1.0,1015.1418383223197,38377.09191611598,406,396,0
SELF-Q4-mixed-fixed_hash-127,127,mixed,fixed_hash,triangle_active,True,all_sources_cleared_with_certificate,triangle,True,905.0,31,31,"[1, 2, 4, 5, 7, 11, 14, 15, 17, 18, 19]","[1, 2, 4, 5, 7, 11, 14, 15, 17, 18, 19]",full_mesh,10665.782076313495,0.009796250000000839,1,14,10,0,3,65,11,7,11,1.0,969.6165523921359,39993.91038156747,406,390,64
SELF-Q4-mixed-fixed_hash-128,128,mixed,fixed_hash,triangle_active,True,all_sources_cleared_with_certificate,triangle,True,905.0,31,31,"[1, 3, 5, 6, 8, 9, 11, 12, 13, 16, 17, 20]","[1, 3, 5, 6, 8, 9, 11, 12, 13, 16, 17, 20]",full_mesh,9902.344734507447,0.008111249999998904,0,38,12,0,0,0,12,11,12,1.0,825.1953945422873,37711.723672537235,384,380,0
SELF-Q4-mixed-fixed_hash-129,129,mixed,fixed_hash,triangle_active,True,all_sources_cleared_with_certificate,triangle,True,905.0,31,31,"[2, 3, 4, 6, 9, 10, 11, 13, 14, 17, 18, 19, 20]","[2, 3, 4, 6, 9, 10, 11, 13, 14, 17, 18, 19, 20]",full_mesh,9743.61546654369,0.009558667000000298,0,41,11,2,0,0,13,11,13,1.0,749.5088820418223,36983.07733271845,382,372,0
SELF-Q4-mixed-fixed_hash-130,130,mixed,fixed_hash,triangle_active,True,all_sources_cleared_with_certificate,triangle,True,905.0,31,31,"[1, 2, 4, 5, 6, 9, 10, 11, 13, 14, 15, 17, 19, 20]","[1, 2, 4, 5, 6, 9, 10, 11, 13, 14, 15, 17, 19, 20]",full_mesh,10627.58003105645,0.009730582999999626,0,35,12,3,2,0,14,11,14,1.0,759.112859361175,41097.900155282245,390,385,1
SELF-Q4-mixed-fixed_hash-131,131,mixed,fixed_hash,triangle_active,True,all_sources_cleared_with_certificate,triangle,True,905.0,31,31,"[1, 2, 3, 5, 6, 7, 9, 10, 11, 12, 13, 17, 18, 19, 20]","[1, 2, 3, 5, 6, 7, 9, 10, 11, 12, 13, 17, 18, 19, 20]",full_mesh,10457.985572325302,0.00820570800000553,0,31,14,1,0,0,15,12,15,1.0,697.1990381550202,41409.92786162649,351,346,0
SELF-Q4-mixed-fixed_hash-132,132,mixed,fixed_hash,triangle_active,True,all_sources_cleared_with_certificate,triangle,True,905.0,31,18,"[1, 2, 3, 4, 5, 6, 8, 9, 11, 12, 14, 15, 17, 18, 19, 20]","[1, 2, 3, 4, 5, 6, 8, 9, 11, 12, 14, 15, 17, 18, 19, 20]",count_upper_bound,7617.6993050064375,0.00915645900000328,1,23,12,5,8,8,16,3,16,1.0,476.10620656290234,29638.496525032187,265,258,9
SELF-Q4-mixed-fixed_hash-133,133,mixed,fixed_hash,triangle_active,True,all_sources_cleared_with_certificate,triangle,True,905.0,31,31,"[1, 9, 10, 11, 12, 15, 16, 17, 19, 20]","[1, 9, 10, 11, 12, 15, 16, 17, 19, 20]",full_mesh,9937.163709970311,0.00849420800000189,0,19,10,0,0,0,10,2,10,1.0,993.7163709970312,36985.81854985156,417,405,0
SELF-Q4-mixed-fixed_hash-134,134,mixed,fixed_hash,triangle_active,True,all_sources_cleared_with_certificate,triangle,True,905.0,31,31,"[1, 2, 4, 5, 7, 8, 11, 13, 16, 17, 18]","[1, 2, 4, 5, 7, 8, 11, 13, 16, 17, 18]",full_mesh,10083.789550831903,0.010226541999998062,1,40,8,3,2,6,11,8,11,1.0,916.7081409847185,37988.94775415951,404,393,6
SELF-Q4-mixed-fixed_hash-135,135,mixed,fixed_hash,triangle_active,True,all_sources_cleared_with_certificate,triangle,True,905.0,31,31,"[1, 2, 3, 5, 8, 9, 10, 12, 14, 16, 19, 20]","[1, 2, 3, 5, 8, 9, 10, 12, 14, 16, 19, 20]",full_mesh,9707.300682706555,0.008507958000002702,0,30,10,2,0,0,12,6,12,1.0,808.9417235588795,37966.50341353279,344,334,0
SELF-Q4-mixed-fixed_hash-136,136,mixed,fixed_hash,triangle_active,True,all_sources_cleared_with_certificate,triangle,True,905.0,31,31,"[1, 2, 3, 4, 7, 8, 11, 13, 14, 15, 17, 19, 20]","[1, 2, 3, 4, 7, 8, 11, 13, 14, 15, 17, 19, 20]",full_mesh,10100.404223219208,0.008698041000002377,0,13,13,0,0,0,13,3,13,1.0,776.9541710168621,38787.02111609602,381,373,0
SELF-Q4-mixed-fixed_hash-137,137,mixed,fixed_hash,triangle_active,True,all_sources_cleared_with_certificate,triangle,True,905.0,31,31,"[1, 3, 4, 6, 7, 8, 9, 11, 13, 14, 16, 17, 18, 19]","[1, 3, 4, 6, 7, 8, 9, 11, 13, 14, 16, 17, 18, 19]",full_mesh,9630.006690247008,0.009555374999997923,0,30,13,1,0,0,14,9,14,1.0,687.8576207319292,38345.033451235046,317,306,0
SELF-Q4-mixed-fixed_hash-138,138,mixed,fixed_hash,triangle_active,True,all_sources_cleared_with_certificate,triangle,True,905.0,31,31,"[3, 4, 5, 6, 7, 8, 9, 10, 11, 13, 14, 15, 17, 18, 20]","[3, 4, 5, 6, 7, 8, 9, 10, 11, 13, 14, 15, 17, 18, 20]",full_mesh,10710.803319705663,0.009240541000004043,0,35,12,3,0,0,15,12,15,1.0,714.0535546470442,41349.016598528295,395,391,0
SELF-Q4-mixed-fixed_hash-139,139,mixed,fixed_hash,triangle_active,True,all_sources_cleared_with_certificate,triangle,True,905.0,31,16,"[1, 3, 4, 5, 6, 8, 9, 10, 11, 12, 13, 14, 16, 18, 19, 20]","[1, 3, 4, 5, 6, 8, 9, 10, 11, 12, 13, 14, 16, 18, 19, 20]",count_upper_bound,5877.247822538493,0.0068342910000041,0,17,11,6,3,0,16,3,16,1.0,367.3279889086558,24291.23911269246,157,151,1
SELF-Q4-mixed-fixed_hash-140,140,mixed,fixed_hash,triangle_active,True,all_sources_cleared_with_certificate,triangle,True,905.0,31,31,"[1, 2, 4, 9, 11, 12, 17, 18, 19, 20]","[1, 2, 4, 9, 11, 12, 17, 18, 19, 20]",full_mesh,9439.165829922216,0.008732832999996276,0,19,10,0,0,0,10,4,10,1.0,943.9165829922216,35950.82914961107,369,354,0
SELF-Q4-mixed-fixed_hash-141,141,mixed,fixed_hash,triangle_active,True,all_sources_cleared_with_certificate,triangle,True,905.0,31,31,"[1, 5, 6, 9, 11, 15, 16, 17, 18, 19, 20]","[1, 5, 6, 9, 11, 15, 16, 17, 18, 19, 20]",full_mesh,10075.770146974988,0.008657207999995364,0,23,10,1,0,0,11,7,11,1.0,915.9791042704535,37468.85073487493,423,412,0
SELF-Q4-mixed-fixed_hash-142,142,mixed,fixed_hash,triangle_active,True,all_sources_cleared_with_certificate,triangle,True,905.0,31,31,"[1, 2, 5, 6, 10, 12, 13, 15, 16, 18, 19, 20]","[1, 2, 5, 6, 10, 12, 13, 15, 16, 18, 19, 20]",full_mesh,10627.316034718146,0.008599292000006642,0,21,12,0,0,0,12,3,12,1.0,885.6096695598454,41736.58017359072,371,365,0
SELF-Q4-mixed-fixed_hash-143,143,mixed,fixed_hash,triangle_active,True,all_sources_cleared_with_certificate,triangle,True,905.0,31,31,"[1, 2, 3, 4, 5, 6, 7, 8, 10, 12, 14, 17, 19]","[1, 2, 3, 4, 5, 6, 7, 8, 10, 12, 14, 17, 19]",full_mesh,9906.174365490737,0.010010792000002766,0,24,12,1,0,0,13,10,13,1.0,762.0134127300566,36740.871827453695,417,408,0
SELF-Q4-mixed-fixed_hash-144,144,mixed,fixed_hash,triangle_active,True,all_sources_cleared_with_certificate,triangle,True,905.0,31,31,"[2, 3, 4, 6, 7, 8, 10, 11, 13, 14, 15, 16, 19, 20]","[2, 3, 4, 6, 7, 8, 10, 11, 13, 14, 15, 16, 19, 20]",full_mesh,10145.264986295364,0.007663209000000393,0,24,14,0,0,0,14,3,14,1.0,724.6617847353831,41206.32493147682,308,294,0
SELF-Q4-mixed-fixed_hash-145,145,mixed,fixed_hash,triangle_active,True,all_sources_cleared_with_certificate,triangle,True,905.0,31,31,"[1, 3, 5, 6, 8, 9, 11, 12, 13, 14, 15, 16, 17, 18, 19]","[1, 3, 5, 6, 8, 9, 11, 12, 13, 14, 15, 16, 17, 18, 19]",full_mesh,9864.975147693684,0.009341917000000421,0,49,11,4,0,0,15,14,15,1.0,657.6650098462455,38784.875738468414,340,333,0
SELF-Q4-mixed-fixed_hash-146,146,mixed,fixed_hash,triangle_active,True,all_sources_cleared_with_certificate,triangle,True,905.0,31,28,"[1, 2, 3, 4, 5, 6, 7, 8, 9, 10, 11, 14, 15, 16, 19, 20]","[1, 2, 3, 4, 5, 6, 7, 8, 9, 10, 11, 14, 15, 16, 19, 20]",count_upper_bound,9488.859934751474,0.012329416000000037,1,27,13,2,3,85,16,3,16,1.0,593.0537459219671,37224.299673757356,287,277,84
SELF-Q4-mixed-fixed_hash-147,147,mixed,fixed_hash,triangle_active,True,all_sources_cleared_with_certificate,triangle,True,905.0,31,31,"[3, 5, 7, 11, 12, 13, 15, 17, 19, 20]","[3, 5, 7, 11, 12, 13, 15, 17, 19, 20]",full_mesh,10255.662604522118,0.008756583000000262,0,35,8,2,0,0,10,8,10,1.0,1025.5662604522117,37388.31302261058,456,448,0
SELF-Q4-mixed-fixed_hash-148,148,mixed,fixed_hash,triangle_active,True,all_sources_cleared_with_certificate,triangle,True,905.0,31,31,"[2, 4, 5, 8, 10, 11, 12, 13, 14, 19, 20]","[2, 4, 5, 8, 10, 11, 12, 13, 14, 19, 20]",full_mesh,10236.690999468765,0.008106874999995739,0,15,10,1,0,0,11,5,11,1.0,930.6082726789787,38748.45499734382,408,392,0
SELF-Q4-mixed-fixed_hash-149,149,mixed,fixed_hash,triangle_active,True,all_sources_cleared_with_certificate,triangle,True,905.0,31,31,"[1, 3, 4, 5, 7, 9, 10, 13, 14, 15, 17, 20]","[1, 3, 4, 5, 7, 9, 10, 13, 14, 15, 17, 20]",full_mesh,10083.87024556538,0.008572125000000597,0,13,12,0,0,0,12,1,12,1.0,840.3225204637816,39009.351227826905,372,362,0
SELF-Q4-mixed-fixed_hash-150,150,mixed,fixed_hash,triangle_active,True,all_sources_cleared_with_certificate,triangle,True,905.0,31,31,"[2, 3, 5, 6, 7, 8, 10, 11, 13, 15, 17, 18, 19]","[2, 3, 5, 6, 7, 8, 10, 11, 13, 15, 17, 18, 19]",full_mesh,9958.349922339243,0.008789249999999527,0,26,12,1,0,0,13,5,13,1.0,766.0269171030187,39546.749611696214,332,324,0
SELF-Q4-mixed-fixed_hash-151,151,mixed,fixed_hash,triangle_active,True,all_sources_cleared_with_certificate,triangle,True,905.0,31,31,"[2, 7, 8, 10, 11, 12, 13, 14, 15, 16, 17, 18, 19, 20]","[2, 7, 8, 10, 11, 12, 13, 14, 15, 16, 17, 18, 19, 20]",full_mesh,10351.132608384778,0.008774707999997133,0,28,12,2,0,0,14,7,14,1.0,739.366614884627,40835.663041923886,354,344,0
SELF-Q4-mixed-fixed_hash-152,152,mixed,fixed_hash,triangle_active,True,all_sources_cleared_with_certificate,triangle,True,905.0,31,31,"[1, 2, 3, 5, 6, 7, 8, 10, 11, 12, 13, 14, 18, 19, 20]","[1, 2, 3, 5, 6, 7, 8, 10, 11, 12, 13, 14, 18, 19, 20]",full_mesh,10461.11144993494,0.009278792000003477,0,32,14,2,1,0,15,14,15,1.0,697.4074299956627,40765.557249674705,373,365,1
SELF-Q4-mixed-fixed_hash-153,153,mixed,fixed_hash,triangle_active,True,all_sources_cleared_with_certificate,triangle,True,905.0,31,17,"[2, 3, 4, 5, 6, 7, 9, 10, 11, 12, 13, 14, 15, 16, 17, 20]","[2, 3, 4, 5, 6, 7, 9, 10, 11, 12, 13, 14, 15, 16, 17, 20]",count_upper_bound,6794.602530599442,0.007163374999997529,0,18,13,4,6,0,16,6,16,1.0,424.6626581624651,27748.012652997204,195,187,1
SELF-Q4-mixed-fixed_hash-154,154,mixed,fixed_hash,triangle_active,True,all_sources_cleared_with_certificate,triangle,True,905.0,31,31,"[1, 5, 7, 8, 9, 13, 15, 16, 17, 20]","[1, 5, 7, 8, 9, 13, 15, 16, 17, 20]",full_mesh,10552.300567597924,0.008521666999996569,0,8,9,1,0,0,10,7,10,1.0,1055.2300567597924,38761.50283798961,461,445,0
SELF-Q4-mixed-fixed_hash-155,155,mixed,fixed_hash,triangle_active,True,all_sources_cleared_with_certificate,triangle,True,905.0,31,31,"[4, 5, 7, 9, 10, 14, 15, 17, 18, 19, 20]","[4, 5, 7, 9, 10, 14, 15, 17, 18, 19, 20]",full_mesh,9361.387051898124,0.009727208000001042,0,10,11,0,0,0,11,1,11,1.0,851.0351865361931,35296.93525949061,377,362,0
SELF-Q4-mixed-fixed_hash-156,156,mixed,fixed_hash,triangle_active,True,all_sources_cleared_with_certificate,triangle,True,905.0,31,31,"[3, 4, 5, 7, 8, 9, 12, 14, 16, 17, 18, 19]","[3, 4, 5, 7, 8, 9, 12, 14, 16, 17, 18, 19]",full_mesh,9925.317191870541,0.008433541999998795,0,29,10,2,0,0,12,6,12,1.0,827.1097659892117,36731.585959352706,422,409,0
SELF-Q4-mixed-fixed_hash-157,157,mixed,fixed_hash,triangle_active,True,all_sources_cleared_with_certificate,triangle,True,905.0,31,31,"[1, 2, 3, 4, 6, 8, 10, 13, 14, 16, 17, 19, 20]","[1, 2, 3, 4, 6, 8, 10, 13, 14, 16, 17, 19, 20]",full_mesh,9815.719571243242,0.008540207999999438,0,13,13,0,0,0,13,4,13,1.0,755.0553516340956,38438.5978562162,346,333,0
SELF-Q4-mixed-fixed_hash-158,158,mixed,fixed_hash,triangle_active,True,all_sources_cleared_with_certificate,triangle,True,905.0,31,31,"[1, 2, 4, 5, 8, 10, 11, 12, 13, 14, 16, 17, 18, 20]","[1, 2, 4, 5, 8, 10, 11, 12, 13, 14, 16, 17, 18, 20]",full_mesh,9783.355149452198,0.008708290999997814,0,32,14,0,0,0,14,5,14,1.0,698.8110821037284,39101.77574726099,317,308,0
SELF-Q4-mixed-fixed_hash-159,159,mixed,fixed_hash,triangle_active,True,all_sources_cleared_with_certificate,triangle,True,905.0,31,31,"[1, 4, 5, 6, 7, 8, 10, 12, 13, 14, 15, 16, 17, 19, 20]","[1, 4, 5, 6, 7, 8, 10, 12, 13, 14, 15, 16, 17, 19, 20]",full_mesh,9991.16717311981,0.009518667000001813,0,23,15,0,0,0,15,4,15,1.0,666.0778115413207,40745.83586559903,296,287,0
SELF-Q4-mixed-fixed_hash-160,160,mixed,fixed_hash,triangle_active,True,all_sources_cleared_with_certificate,triangle,True,905.0,31,18,"[4, 6, 7, 8, 9, 10, 11, 12, 13, 14, 15, 16, 17, 18, 19, 20]","[4, 6, 7, 8, 9, 10, 11, 12, 13, 14, 15, 16, 17, 18, 19, 20]",count_upper_bound,6814.80589248367,0.007972667000004208,1,14,12,3,4,9,16,1,16,1.0,425.92536828022935,27579.029462418337,200,195,8
SELF-Q4-mixed-fixed_hash-161,161,mixed,fixed_hash,triangle_active,True,all_sources_cleared_with_certificate,triangle,True,905.0,31,31,"[1, 6, 7, 8, 10, 11, 15, 16, 17, 18]","[1, 6, 7, 8, 10, 11, 15, 16, 17, 18]",full_mesh,10516.705499264925,0.0087415829999955,0,32,10,0,0,0,10,8,10,1.0,1051.6705499264924,39018.52749632461,445,438,0
SELF-Q4-mixed-fixed_hash-162,162,mixed,fixed_hash,triangle_active,True,all_sources_cleared_with_certificate,triangle,True,905.0,31,31,"[2, 5, 7, 8, 10, 11, 13, 14, 15, 17, 19]","[2, 5, 7, 8, 10, 11, 13, 14, 15, 17, 19]",full_mesh,10042.988017577969,0.008158625000000086,0,17,11,0,0,0,11,1,11,1.0,912.9989106889062,38389.94008788985,387,375,0
SELF-Q4-mixed-fixed_hash-163,163,mixed,fixed_hash,triangle_active,True,all_sources_cleared_with_certificate,triangle,True,905.0,31,31,"[3, 4, 6, 10, 11, 14, 15, 16, 17, 18, 19, 20]","[3, 4, 6, 10, 11, 14, 15, 16, 17, 18, 19, 20]",full_mesh,9926.312013762352,0.007989917000003288,0,24,9,3,0,0,12,10,12,1.0,827.1926678135293,37886.560068811756,383,374,0
SELF-Q4-mixed-fixed_hash-164,164,mixed,fixed_hash,triangle_active,True,all_sources_cleared_with_certificate,triangle,True,905.0,31,31,"[1, 2, 4, 7, 9, 10, 11, 13, 14, 15, 16, 19, 20]","[1, 2, 4, 7, 9, 10, 11, 13, 14, 15, 16, 19, 20]",full_mesh,9758.665063705452,0.008292833999995253,0,11,12,1,0,0,13,3,13,1.0,750.6665433619578,38008.32531852726,351,337,0
SELF-Q4-mixed-fixed_hash-165,165,mixed,fixed_hash,triangle_active,True,all_sources_cleared_with_certificate,triangle,True,905.0,31,31,"[1, 2, 3, 4, 6, 7, 8, 10, 11, 14, 16, 17, 19, 20]","[1, 2, 3, 4, 6, 7, 8, 10, 11, 14, 16, 17, 19, 20]",full_mesh,9495.084141129531,0.007616583000000787,0,17,14,0,0,0,14,2,14,1.0,678.2202957949665,38865.42070564766,278,262,0
SELF-Q4-mixed-fixed_hash-166,166,mixed,fixed_hash,triangle_active,True,all_sources_cleared_with_certificate,triangle,True,905.0,31,31,"[1, 2, 4, 5, 6, 8, 10, 11, 12, 14, 16, 17, 18, 19, 20]","[1, 2, 4, 5, 6, 8, 10, 11, 12, 14, 16, 17, 18, 19, 20]",full_mesh,9848.493177181708,0.010130166999999801,0,12,15,0,0,0,15,1,15,1.0,656.5662118121139,38877.46588590854,335,323,0
SELF-Q4-mixed-fixed_hash-167,167,mixed,fixed_hash,triangle_active,True,all_sources_cleared_with_certificate,triangle,True,905.0,31,18,"[1, 2, 3, 4, 5, 7, 8, 9, 11, 12, 13, 14, 15, 16, 17, 18]","[1, 2, 3, 4, 5, 7, 8, 9, 11, 12, 13, 14, 15, 16, 17, 18]",count_upper_bound,7268.010070322768,0.007314749999999037,0,11,11,6,4,0,16,1,16,1.0,454.250629395173,29385.050351613834,219,213,1
SELF-Q4-mixed-fixed_hash-168,168,mixed,fixed_hash,triangle_active,True,all_sources_cleared_with_certificate,triangle,True,905.0,31,31,"[4, 6, 9, 12, 13, 14, 15, 17, 19, 20]","[4, 6, 9, 12, 13, 14, 15, 17, 19, 20]",full_mesh,10058.614439490679,0.007928249999999082,0,29,8,2,0,0,10,9,10,1.0,1005.8614439490678,37098.07219745339,433,424,0
SELF-Q4-mixed-fixed_hash-169,169,mixed,fixed_hash,triangle_active,True,all_sources_cleared_with_certificate,triangle,True,905.0,31,31,"[4, 5, 6, 8, 9, 13, 15, 17, 18, 19, 20]","[4, 5, 6, 8, 9, 13, 15, 17, 18, 19, 20]",full_mesh,10125.43920439791,0.009269209000002832,0,25,11,0,0,0,11,10,11,1.0,920.4944731270826,37812.19602198952,419,413,0
SELF-Q4-mixed-fixed_hash-170,170,mixed,fixed_hash,triangle_active,True,all_sources_cleared_with_certificate,triangle,True,905.0,31,31,"[1, 2, 3, 4, 5, 6, 10, 11, 12, 15, 18, 19]","[1, 2, 3, 4, 5, 6, 10, 11, 12, 15, 18, 19]",full_mesh,9708.426930901795,0.009102790999996557,0,40,11,1,0,0,12,7,12,1.0,809.0355775751495,36307.13465450895,399,392,0
SELF-Q4-mixed-fixed_hash-171,171,mixed,fixed_hash,triangle_active,True,all_sources_cleared_with_certificate,triangle,True,905.0,31,31,"[3, 4, 5, 6, 7, 9, 11, 13, 14, 15, 16, 18, 19]","[3, 4, 5, 6, 7, 9, 11, 13, 14, 15, 16, 18, 19]",full_mesh,10035.746893010271,0.008692291999999213,0,16,12,1,0,0,13,3,13,1.0,771.9805302315593,39578.73446505136,344,335,0
SELF-Q4-mixed-fixed_hash-172,172,mixed,fixed_hash,triangle_active,True,all_sources_cleared_with_certificate,triangle,True,905.0,31,31,"[1, 4, 7, 8, 9, 10, 11, 12, 14, 15, 16, 18, 19, 20]","[1, 4, 7, 8, 9, 10, 11, 12, 14, 15, 16, 18, 19, 20]",full_mesh,9909.492515179756,0.008780541999996672,0,27,13,1,0,0,14,5,14,1.0,707.8208939414111,39797.46257589877,315,305,0
SELF-Q4-mixed-fixed_hash-173,173,mixed,fixed_hash,triangle_active,True,all_sources_cleared_with_certificate,triangle,True,905.0,31,31,"[1, 2, 3, 4, 6, 7, 8, 11, 12, 13, 14, 16, 17, 18, 19]","[1, 2, 3, 4, 6, 7, 8, 11, 12, 13, 14, 16, 17, 18, 19]",full_mesh,10378.661992120653,0.00972762500000357,0,29,13,3,2,0,15,14,15,1.0,691.9107994747102,40148.309960603256,380,371,1
SELF-Q4-mixed-fixed_hash-174,174,mixed,fixed_hash,triangle_active,True,all_sources_cleared_with_certificate,triangle,True,905.0,31,25,"[1, 2, 3, 4, 6, 7, 9, 10, 11, 12, 14, 15, 16, 17, 19, 20]","[1, 2, 3, 4, 6, 7, 9, 10, 11, 12, 14, 15, 16, 17, 19, 20]",count_upper_bound,8479.839504934775,0.010299249999995652,1,31,13,3,3,4,16,10,16,1.0,529.9899690584234,33264.19752467387,290,285,4
SELF-Q4-mixed-fixed_hash-175,175,mixed,fixed_hash,triangle_active,True,all_sources_cleared_with_certificate,triangle,True,905.0,31,31,"[2, 5, 7, 8, 9, 10, 15, 17, 18, 19]","[2, 5, 7, 8, 9, 10, 15, 17, 18, 19]",full_mesh,10054.843260932435,0.008504457999997328,0,32,9,1,0,0,10,8,10,1.0,1005.4843260932436,36754.21630466217,444,434,0
SELF-Q4-mixed-fixed_hash-176,176,mixed,fixed_hash,triangle_active,True,all_sources_cleared_with_certificate,triangle,True,905.0,31,31,"[1, 2, 4, 6, 8, 10, 11, 13, 15, 16, 18]","[1, 2, 4, 6, 8, 10, 11, 13, 15, 16, 18]",full_mesh,9517.892727041379,0.007457250000001636,0,15,11,0,0,0,11,2,11,1.0,865.2629751855799,37049.46363520688,345,328,0
SELF-Q4-mixed-fixed_hash-177,177,mixed,fixed_hash,triangle_active,True,all_sources_cleared_with_certificate,triangle,True,905.0,31,31,"[1, 2, 5, 7, 10, 11, 13, 14, 16, 17, 19, 20]","[1, 2, 5, 7, 10, 11, 13, 14, 16, 17, 19, 20]",full_mesh,10076.712118585796,0.008184541999995076,0,24,11,1,0,0,12,2,12,1.0,839.7260098821497,39848.56059292898,343,332,0
SELF-Q4-mixed-fixed_hash-178,178,mixed,fixed_hash,triangle_active,True,all_sources_cleared_with_certificate,triangle,True,905.0,31,31,"[2, 3, 4, 5, 8, 11, 12, 13, 15, 17, 18, 19, 20]","[2, 3, 4, 5, 8, 11, 12, 13, 15, 17, 18, 19, 20]",full_mesh,10549.270509234568,0.00933020900000514,0,37,10,3,0,0,13,9,13,1.0,811.4823468641976,40686.35254617285,392,387,0
SELF-Q4-mixed-fixed_hash-179,179,mixed,fixed_hash,triangle_active,True,all_sources_cleared_with_certificate,triangle,True,905.0,31,31,"[1, 2, 3, 4, 5, 7, 8, 10, 11, 12, 13, 16, 18, 19]","[1, 2, 3, 4, 5, 7, 8, 10, 11, 12, 13, 16, 18, 19]",full_mesh,10587.65986611427,0.009486125000002232,0,40,11,3,0,0,14,9,14,1.0,756.2614190081622,41628.299330571346,366,362,0
SELF-Q4-mixed-fixed_hash-180,180,mixed,fixed_hash,triangle_active,True,all_sources_cleared_with_certificate,triangle,True,905.0,31,31,"[1, 2, 3, 4, 5, 6, 8, 9, 10, 11, 15, 16, 17, 18, 19]","[1, 2, 3, 4, 5, 6, 8, 9, 10, 11, 15, 16, 17, 18, 19]",full_mesh,10010.987151260428,0.008058167000001504,0,19,15,0,0,0,15,1,15,1.0,667.3991434173619,41324.935756302126,281,266,0
SELF-Q4-mixed-fixed_hash-181,181,mixed,fixed_hash,triangle_active,True,all_sources_cleared_with_certificate,triangle,True,905.0,31,18,"[1, 2, 4, 5, 6, 8, 9, 11, 13, 14, 15, 16, 17, 18, 19, 20]","[1, 2, 4, 5, 6, 8, 9, 11, 13, 14, 15, 16, 17, 18, 19, 20]",count_upper_bound,7281.611734832896,0.007533917000003498,0,18,14,3,3,0,16,4,16,1.0,455.100733427056,29748.058674164487,209,204,1
SELF-Q4-mixed-fixed_hash-182,182,mixed,fixed_hash,triangle_active,True,all_sources_cleared_with_certificate,triangle,True,905.0,31,31,"[2, 5, 6, 8, 11, 12, 14, 15, 18, 19]","[2, 5, 6, 8, 11, 12, 14, 15, 18, 19]",full_mesh,9849.000484376716,0.008891374999997481,0,20,10,0,0,0,10,1,10,1.0,984.9000484376717,37085.00242188359,399,387,0
SELF-Q4-mixed-fixed_hash-183,183,mixed,fixed_hash,triangle_active,True,all_sources_cleared_with_certificate,triangle,True,905.0,31,31,"[1, 2, 3, 4, 9, 10, 12, 13, 15, 18, 20]","[1, 2, 3, 4, 9, 10, 12, 13, 15, 18, 20]",full_mesh,10264.14427188732,0.008558875000005628,0,7,11,0,0,0,11,1,11,1.0,933.1040247170291,38280.72135943659,427,418,0
SELF-Q4-mixed-fixed_hash-184,184,mixed,fixed_hash,triangle_active,True,all_sources_cleared_with_certificate,triangle,True,905.0,31,31,"[1, 4, 6, 8, 9, 10, 11, 12, 13, 17, 18, 20]","[1, 4, 6, 8, 9, 10, 11, 12, 13, 17, 18, 20]",full_mesh,10483.99897962155,0.009087958000002061,0,34,11,1,0,0,12,10,12,1.0,873.6665816351292,40904.99489810775,375,368,0
SELF-Q4-mixed-fixed_hash-185,185,mixed,fixed_hash,triangle_active,True,all_sources_cleared_with_certificate,triangle,True,905.0,31,31,"[1, 3, 4, 5, 7, 8, 10, 12, 16, 17, 18, 19, 20]","[1, 3, 4, 5, 7, 8, 10, 12, 16, 17, 18, 19, 20]",full_mesh,10208.522031248933,0.009058791000001065,0,39,12,1,0,0,13,7,13,1.0,785.2709254806871,40097.610156244664,355,349,0
SELF-Q4-mixed-fixed_hash-186,186,mixed,fixed_hash,triangle_active,True,all_sources_cleared_with_certificate,triangle,True,905.0,31,31,"[1, 2, 4, 6, 8, 9, 11, 13, 14, 15, 16, 18, 19, 20]","[1, 2, 4, 6, 8, 9, 11, 13, 14, 15, 16, 18, 19, 20]",full_mesh,10088.94898457972,0.01145291699999973,1,26,13,0,3,73,14,6,14,1.0,720.6392131842657,40019.74492289861,302,289,72
SELF-Q4-mixed-fixed_hash-187,187,mixed,fixed_hash,triangle_active,True,all_sources_cleared_with_certificate,triangle,True,905.0,31,31,"[1, 2, 3, 5, 6, 8, 10, 11, 12, 13, 14, 15, 16, 19, 20]","[1, 2, 3, 5, 6, 8, 10, 11, 12, 13, 14, 15, 16, 19, 20]",full_mesh,9879.848981248566,0.009501124999999888,0,22,15,0,0,0,15,4,15,1.0,658.6565987499044,39609.24490624285,315,308,0
SELF-Q4-mixed-fixed_hash-188,188,mixed,fixed_hash,triangle_active,True,all_sources_cleared_with_certificate,triangle,True,905.0,31,24,"[1, 2, 3, 5, 6, 7, 8, 9, 10, 12, 13, 14, 15, 18, 19, 20]","[1, 2, 3, 5, 6, 7, 8, 9, 10, 12, 13, 14, 15, 18, 19, 20]",count_upper_bound,7890.755372326997,0.00797220900000184,0,20,15,1,1,0,16,12,16,1.0,493.1722107704373,32753.776861634975,211,205,0
SELF-Q4-mixed-fixed_hash-189,189,mixed,fixed_hash,triangle_active,True,all_sources_cleared_with_certificate,triangle,True,905.0,31,31,"[1, 4, 5, 9, 11, 12, 13, 14, 16, 19]","[1, 4, 5, 9, 11, 12, 13, 14, 16, 19]",full_mesh,9684.307649094697,0.008030500000003826,0,14,10,0,0,0,10,1,10,1.0,968.4307649094696,35921.538245473486,411,395,0
SELF-Q4-mixed-fixed_hash-190,190,mixed,fixed_hash,triangle_active,True,all_sources_cleared_with_certificate,triangle,True,905.0,31,31,"[2, 3, 4, 6, 7, 8, 11, 12, 16, 17, 20]","[2, 3, 4, 6, 7, 8, 11, 12, 16, 17, 20]",full_mesh,9934.234953576946,0.009027166999999281,0,31,9,2,0,0,11,9,11,1.0,903.1122685069951,37296.174767884724,405,395,0
SELF-Q4-mixed-fixed_hash-191,191,mixed,fixed_hash,triangle_active,True,all_sources_cleared_with_certificate,triangle,True,905.0,31,31,"[1, 2, 5, 7, 8, 11, 13, 15, 17, 18, 19, 20]","[1, 2, 5, 7, 8, 11, 13, 15, 17, 18, 19, 20]",full_mesh,9300.90350782057,0.008023999999998921,0,19,11,1,0,0,12,1,12,1.0,775.0752923183809,36274.51753910284,333,321,0
SELF-Q4-mixed-fixed_hash-192,192,mixed,fixed_hash,triangle_active,True,all_sources_cleared_with_certificate,triangle,True,905.0,31,31,"[3, 4, 5, 6, 7, 10, 11, 12, 14, 15, 17, 18, 19]","[3, 4, 5, 6, 7, 10, 11, 12, 14, 15, 17, 18, 19]",full_mesh,9783.999963608796,0.007813708999997004,0,21,12,1,0,0,13,3,13,1.0,752.6153818160612,39334.99981804398,311,297,0
SELF-Q4-mixed-fixed_hash-193,193,mixed,fixed_hash,triangle_active,True,all_sources_cleared_with_certificate,triangle,True,905.0,31,31,"[1, 2, 3, 4, 5, 6, 8, 9, 10, 14, 15, 16, 18, 19]","[1, 2, 3, 4, 5, 6, 8, 9, 10, 14, 15, 16, 18, 19]",full_mesh,10410.952587455196,0.00999912500000022,0,59,10,4,0,0,14,13,14,1.0,743.639470532514,39744.762937275984,400,392,0
SELF-Q4-mixed-fixed_hash-194,194,mixed,fixed_hash,triangle_active,True,all_sources_cleared_with_certificate,triangle,True,905.0,31,31,"[2, 3, 5, 7, 8, 9, 10, 12, 13, 15, 16, 17, 18, 19, 20]","[2, 3, 5, 7, 8, 9, 10, 12, 13, 15, 16, 17, 18, 19, 20]",full_mesh,9500.78217467719,0.009941083000001072,0,70,13,2,0,0,15,11,15,1.0,633.3854783118127,37553.91087338597,320,315,0
SELF-Q4-mixed-fixed_hash-195,195,mixed,fixed_hash,triangle_active,True,all_sources_cleared_with_certificate,triangle,True,905.0,31,17,"[2, 3, 4, 5, 6, 7, 10, 11, 13, 14, 15, 16, 17, 18, 19, 20]","[2, 3, 4, 5, 6, 7, 10, 11, 13, 14, 15, 16, 17, 18, 19, 20]",count_upper_bound,6939.580325709808,0.008338334000001169,1,14,12,4,5,4,16,2,16,1.0,433.723770356863,28062.901628549032,207,200,4
SELF-Q4-mixed-fixed_hash-196,196,mixed,fixed_hash,triangle_active,True,all_sources_cleared_with_certificate,triangle,True,905.0,31,31,"[1, 2, 3, 5, 7, 11, 12, 13, 14, 17]","[1, 2, 3, 5, 7, 11, 12, 13, 14, 17]",full_mesh,10271.189512707298,0.00852050000000304,0,40,8,2,0,0,10,9,10,1.0,1027.11895127073,37795.947563536465,445,437,0
SELF-Q4-mixed-fixed_hash-197,197,mixed,fixed_hash,triangle_active,True,all_sources_cleared_with_certificate,triangle,True,905.0,31,31,"[1, 2, 4, 5, 6, 10, 12, 13, 16, 18, 19]","[1, 2, 4, 5, 6, 10, 12, 13, 16, 18, 19]",full_mesh,9974.81185493448,0.008870334000000923,0,21,9,2,0,0,11,8,11,1.0,906.8010777213163,37394.05927467238,408,401,0
SELF-Q4-mixed-fixed_hash-198,198,mixed,fixed_hash,triangle_active,True,all_sources_cleared_with_certificate,triangle,True,905.0,31,31,"[1, 2, 3, 4, 5, 7, 8, 9, 16, 17, 18, 19]","[1, 2, 3, 4, 5, 7, 8, 9, 16, 17, 18, 19]",full_mesh,9746.255544623755,0.008592292000002999,0,30,12,0,0,0,12,7,12,1.0,812.1879620519795,37816.27772311878,356,343,0
SELF-Q4-mixed-fixed_hash-199,199,mixed,fixed_hash,triangle_active,True,all_sources_cleared_with_certificate,triangle,True,905.0,31,31,"[1, 4, 5, 6, 7, 8, 9, 10, 12, 13, 14, 18, 20]","[1, 4, 5, 6, 7, 8, 9, 10, 12, 13, 14, 18, 20]",full_mesh,9404.13661453121,0.008432415999998,0,9,13,0,0,0,13,1,13,1.0,723.3951241947084,37430.68307265604,311,298,0
SELF-Q4-mixed-fixed_hash-200,200,mixed,fixed_hash,triangle_active,True,all_sources_cleared_with_certificate,triangle,True,905.0,31,31,"[1, 2, 3, 4, 5, 7, 8, 9, 12, 13, 14, 15, 17, 18]","[1, 2, 3, 4, 5, 7, 8, 9, 12, 13, 14, 15, 17, 18]",full_mesh,9901.941233773405,0.008794709000000012,0,38,10,4,0,0,14,8,14,1.0,707.2815166981003,39199.70616886702,333,327,0
SELF-Q4-mixed-fixed_hash-201,201,mixed,fixed_hash,triangle_active,True,all_sources_cleared_with_certificate,triangle,True,905.0,31,31,"[1, 3, 4, 5, 6, 8, 9, 10, 11, 12, 13, 14, 16, 18, 19]","[1, 3, 4, 5, 6, 8, 9, 10, 11, 12, 13, 14, 16, 18, 19]",full_mesh,9985.955944817273,0.009158207999995227,0,46,14,1,0,0,15,10,15,1.0,665.7303963211515,40224.77972408636,312,306,0
SELF-Q4-mixed-fixed_hash-202,202,mixed,fixed_hash,triangle_active,True,all_sources_cleared_with_certificate,triangle,True,905.0,31,23,"[1, 2, 4, 6, 7, 8, 11, 12, 13, 14, 15, 16, 17, 18, 19, 20]","[1, 2, 4, 6, 7, 8, 11, 12, 13, 14, 15, 16, 17, 18, 19, 20]",count_upper_bound,9117.735972430413,0.00987324999999828,2,37,10,4,8,45,16,11,16,1.0,569.8584982769008,35753.679862152065,295,283,43
SELF-Q4-mixed-fixed_hash-203,203,mixed,fixed_hash,triangle_active,True,all_sources_cleared_with_certificate,triangle,True,905.0,31,31,"[1, 2, 3, 4, 5, 7, 10, 13, 14, 16]","[1, 2, 3, 4, 5, 7, 10, 13, 14, 16]",full_mesh,9568.32703969942,0.00872216699999484,0,14,10,0,0,0,10,1,10,1.0,956.8327039699419,35666.6351984971,400,385,0
SELF-Q4-mixed-fixed_hash-204,204,mixed,fixed_hash,triangle_active,True,all_sources_cleared_with_certificate,triangle,True,905.0,31,31,"[2, 3, 5, 6, 7, 8, 10, 13, 14, 16, 19]","[2, 3, 5, 6, 7, 8, 10, 13, 14, 16, 19]",full_mesh,10147.362342099621,0.00880383399999829,0,16,10,1,0,0,11,6,11,1.0,922.4874856454201,38231.81171049809,410,396,0
SELF-Q4-mixed-fixed_hash-205,205,mixed,fixed_hash,triangle_active,True,all_sources_cleared_with_certificate,triangle,True,905.0,31,31,"[2, 3, 4, 9, 12, 13, 14, 15, 16, 18, 19, 20]","[2, 3, 4, 9, 12, 13, 14, 15, 16, 18, 19, 20]",full_mesh,10192.219934593679,0.009462083000002508,0,19,11,1,0,0,12,4,12,1.0,849.3516612161399,38516.0996729684,406,399,0
SELF-Q4-mixed-fixed_hash-206,206,mixed,fixed_hash,triangle_active,True,all_sources_cleared_with_certificate,triangle,True,905.0,31,31,"[1, 3, 4, 5, 6, 8, 9, 10, 12, 14, 15, 16, 19]","[1, 3, 4, 5, 6, 8, 9, 10, 12, 14, 15, 16, 19]",full_mesh,9754.08853610202,0.008817209000000048,0,25,11,2,0,0,13,11,13,1.0,750.3145027770784,38735.4426805101,326,312,0
SELF-Q4-mixed-fixed_hash-207,207,mixed,fixed_hash,triangle_active,True,all_sources_cleared_with_certificate,triangle,True,905.0,31,31,"[1, 2, 3, 6, 8, 10, 12, 14, 15, 16, 17, 18, 19, 20]","[1, 2, 3, 6, 8, 10, 12, 14, 15, 16, 17, 18, 19, 20]",full_mesh,9647.202548715839,0.008487541999997461,0,13,14,0,0,0,14,2,14,1.0,689.0858963368456,37576.012743579195,346,332,0
SELF-Q4-mixed-fixed_hash-208,208,mixed,fixed_hash,triangle_active,True,all_sources_cleared_with_certificate,triangle,True,905.0,31,31,"[2, 5, 6, 7, 8, 9, 10, 12, 13, 14, 15, 17, 18, 19, 20]","[2, 5, 6, 7, 8, 9, 10, 12, 13, 14, 15, 17, 18, 19, 20]",full_mesh,10212.1183018411,0.008743291999998348,0,13,14,1,0,0,15,4,15,1.0,680.8078867894067,40720.591509205515,334,323,0
SELF-Q4-mixed-fixed_hash-209,209,mixed,fixed_hash,triangle_active,True,all_sources_cleared_with_certificate,triangle,True,905.0,31,27,"[1, 2, 3, 4, 6, 7, 10, 11, 12, 13, 14, 15, 16, 17, 18, 20]","[1, 2, 3, 4, 6, 7, 10, 11, 12, 13, 14, 15, 16, 17, 18, 20]",count_upper_bound,10325.28565344462,0.014779875000002107,2,40,12,2,6,180,16,5,16,1.0,645.3303533402888,39471.42826722312,304,297,178
SELF-Q4-mixed-fixed_hash-210,210,mixed,fixed_hash,triangle_active,True,all_sources_cleared_with_certificate,triangle,True,905.0,31,31,"[1, 4, 5, 6, 11, 13, 15, 16, 19, 20]","[1, 4, 5, 6, 11, 13, 15, 16, 19, 20]",full_mesh,9446.653508986179,0.008779750000002196,0,17,9,1,0,0,10,3,10,1.0,944.6653508986179,35113.26754493088,397,389,0
SELF-Q4-mixed-fixed_hash-211,211,mixed,fixed_hash,triangle_active,True,all_sources_cleared_with_certificate,triangle,True,905.0,31,31,"[1, 6, 8, 9, 10, 11, 12, 14, 15, 16, 19]","[1, 6, 8, 9, 10, 11, 12, 14, 15, 16, 19]",full_mesh,10016.587934409465,0.008301125000002685,0,23,10,1,0,0,11,10,11,1.0,910.5989031281332,37317.939672047316,418,408,0
SELF-Q4-mixed-fixed_hash-212,212,mixed,fixed_hash,triangle_active,True,all_sources_cleared_with_certificate,triangle,True,905.0,31,31,"[1, 2, 3, 5, 6, 9, 10, 12, 13, 15, 16, 19]","[1, 2, 3, 5, 6, 9, 10, 12, 13, 15, 16, 19]",full_mesh,9999.499526814638,0.009569459000005054,0,27,12,0,0,0,12,2,12,1.0,833.2916272345532,38582.49763407319,372,363,0
SELF-Q4-mixed-fixed_hash-213,213,mixed,fixed_hash,triangle_active,True,all_sources_cleared_with_certificate,triangle,True,905.0,31,31,"[1, 3, 4, 5, 6, 7, 8, 9, 10, 13, 14, 19, 20]","[1, 3, 4, 5, 6, 7, 8, 9, 10, 13, 14, 19, 20]",full_mesh,10110.364730725882,0.009396791999996879,0,27,11,2,0,0,13,9,13,1.0,777.7203639019909,38481.823653629406,393,384,0
SELF-Q4-mixed-fixed_hash-214,214,mixed,fixed_hash,triangle_active,True,all_sources_cleared_with_certificate,triangle,True,905.0,31,31,"[1, 2, 4, 5, 6, 7, 10, 12, 14, 15, 16, 17, 18, 20]","[1, 2, 4, 5, 6, 7, 10, 12, 14, 15, 16, 17, 18, 20]",full_mesh,9708.16367596695,0.008836999999999762,0,19,14,0,0,0,14,3,14,1.0,693.440262569068,38230.81837983476,334,322,0
SELF-Q4-mixed-fixed_hash-215,215,mixed,fixed_hash,triangle_active,True,all_sources_cleared_with_certificate,triangle,True,905.0,31,31,"[1, 2, 4, 5, 6, 7, 8, 9, 10, 11, 13, 15, 17, 19, 20]","[1, 2, 4, 5, 6, 7, 8, 9, 10, 11, 13, 15, 17, 19, 20]",full_mesh,10731.281811211127,0.011379916000002765,1,41,12,2,3,73,15,14,15,1.0,715.4187874140752,41956.409056055636,343,334,72
SELF-Q4-mixed-fixed_hash-216,216,mixed,fixed_hash,triangle_active,True,all_sources_cleared_with_certificate,triangle,True,905.0,31,18,"[1, 2, 4, 5, 6, 7, 8, 9, 10, 14, 15, 16, 17, 18, 19, 20]","[1, 2, 4, 5, 6, 7, 8, 9, 10, 14, 15, 16, 17, 18, 19, 20]",count_upper_bound,6825.08312559619,0.007457750000000374,0,24,11,6,7,0,16,7,16,1.0,426.5676953497619,26575.415627980954,239,232,1
SELF-Q4-mixed-fixed_hash-217,217,mixed,fixed_hash,triangle_active,True,all_sources_cleared_with_certificate,triangle,True,905.0,31,31,"[2, 3, 5, 6, 8, 9, 10, 14, 18, 19]","[2, 3, 5, 6, 8, 9, 10, 14, 18, 19]",full_mesh,10182.900890207255,0.01002712500000058,0,22,8,2,0,0,10,7,10,1.0,1018.2900890207254,37429.504451036264,442,437,0
SELF-Q4-mixed-fixed_hash-218,218,mixed,fixed_hash,triangle_active,True,all_sources_cleared_with_certificate,triangle,True,905.0,31,31,"[1, 4, 6, 8, 9, 10, 11, 12, 14, 18, 19]","[1, 4, 6, 8, 9, 10, 11, 12, 14, 18, 19]",full_mesh,10623.563509858546,0.008669749999995702,0,31,9,2,0,0,11,4,11,1.0,965.7785008962314,40282.817549292726,420,412,0
SELF-Q4-mixed-fixed_hash-219,219,mixed,fixed_hash,triangle_active,True,all_sources_cleared_with_certificate,triangle,True,905.0,31,31,"[1, 2, 4, 5, 6, 7, 8, 11, 13, 14, 17, 20]","[1, 2, 4, 5, 6, 7, 8, 11, 13, 14, 17, 20]",full_mesh,9699.571188370755,0.008312374999995598,0,28,11,1,0,0,12,3,12,1.0,808.2975990308963,36817.85594185376,381,371,0
SELF-Q4-mixed-fixed_hash-220,220,mixed,fixed_hash,triangle_active,True,all_sources_cleared_with_certificate,triangle,True,905.0,31,31,"[3, 4, 6, 7, 8, 9, 12, 13, 14, 15, 16, 19, 20]","[3, 4, 6, 7, 8, 9, 12, 13, 14, 15, 16, 19, 20]",full_mesh,9775.452199227793,0.00968966700000351,0,37,13,0,1,0,13,7,13,1.0,751.957861479061,37072.26099613896,384,376,0
SELF-Q4-mixed-fixed_hash-221,221,mixed,fixed_hash,triangle_active,True,all_sources_cleared_with_certificate,triangle,True,905.0,31,31,"[1, 2, 3, 4, 6, 8, 9, 13, 14, 15, 16, 17, 19, 20]","[1, 2, 3, 4, 6, 8, 9, 13, 14, 15, 16, 17, 19, 20]",full_mesh,10112.821258258336,0.008211250000002224,0,21,13,1,0,0,14,5,14,1.0,722.3443755898812,40329.1062912917,331,322,0
SELF-Q4-mixed-fixed_hash-222,222,mixed,fixed_hash,triangle_active,True,all_sources_cleared_with_certificate,triangle,True,905.0,31,31,"[1, 2, 4, 8, 10, 11, 12, 13, 14, 15, 16, 17, 18, 19, 20]","[1, 2, 4, 8, 10, 11, 12, 13, 14, 15, 16, 17, 18, 19, 20]",full_mesh,10445.261161934613,0.009029041999994547,0,21,15,0,0,0,15,2,15,1.0,696.3507441289743,42501.30580967307,313,305,0
SELF-Q4-mixed-fixed_hash-223,223,mixed,fixed_hash,triangle_active,True,all_sources_cleared_with_certificate,triangle,True,905.0,31,27,"[1, 2, 5, 6, 7, 9, 11, 12, 13, 14, 15, 16, 17, 18, 19, 20]","[1, 2, 5, 6, 7, 9, 11, 12, 13, 14, 15, 16, 17, 18, 19, 20]",count_upper_bound,8699.065743491487,0.008631250000000534,0,33,15,1,1,0,16,6,16,1.0,543.6916089682179,34565.328717457436,285,281,0
SELF-Q4-mixed-fixed_hash-224,224,mixed,fixed_hash,triangle_active,True,all_sources_cleared_with_certificate,triangle,True,905.0,31,31,"[2, 3, 7, 8, 9, 11, 15, 17, 19, 20]","[2, 3, 7, 8, 9, 11, 15, 17, 19, 20]",full_mesh,10202.6325512555,0.007953125000000227,0,11,10,0,0,0,10,1,10,1.0,1020.2632551255499,38528.16275627749,410,397,0
SELF-Q4-mixed-fixed_hash-225,225,mixed,fixed_hash,triangle_active,True,all_sources_cleared_with_certificate,triangle,True,905.0,31,31,"[1, 3, 5, 6, 7, 8, 10, 12, 13, 14, 15]","[1, 3, 5, 6, 7, 8, 10, 12, 13, 14, 15]",full_mesh,9653.473743042647,0.00838362500000045,0,16,11,0,0,0,11,1,11,1.0,877.5885220947861,36922.368715213204,371,359,0
SELF-Q4-mixed-fixed_hash-226,226,mixed,fixed_hash,triangle_active,True,all_sources_cleared_with_certificate,triangle,True,905.0,31,31,"[2, 6, 7, 8, 9, 12, 14, 15, 16, 18, 19, 20]","[2, 6, 7, 8, 9, 12, 14, 15, 16, 18, 19, 20]",full_mesh,9689.610801965295,0.007964208000004191,0,12,12,0,0,0,12,2,12,1.0,807.4675668304412,38058.05400982649,339,323,0
SELF-Q4-mixed-fixed_hash-227,227,mixed,fixed_hash,triangle_active,True,all_sources_cleared_with_certificate,triangle,True,905.0,31,31,"[1, 2, 3, 4, 5, 7, 8, 12, 13, 14, 15, 18, 19]","[1, 2, 3, 4, 5, 7, 8, 12, 13, 14, 15, 18, 19]",full_mesh,9419.194598184478,0.009116790999996738,0,11,13,0,0,0,13,2,13,1.0,724.5534306295752,36585.97299092238,342,327,0
SELF-Q4-mixed-fixed_hash-228,228,mixed,fixed_hash,triangle_active,True,all_sources_cleared_with_certificate,triangle,True,905.0,31,31,"[2, 3, 5, 6, 8, 10, 11, 12, 15, 16, 17, 18, 19, 20]","[2, 3, 5, 6, 8, 10, 11, 12, 15, 16, 17, 18, 19, 20]",full_mesh,10432.020976462729,0.009427709000000561,1,36,12,1,3,14,14,12,14,1.0,745.1443554616235,41050.10488231363,354,343,13
SELF-Q4-mixed-fixed_hash-229,229,mixed,fixed_hash,triangle_active,True,all_sources_cleared_with_certificate,triangle,True,905.0,31,31,"[1, 3, 4, 5, 8, 9, 10, 11, 12, 14, 16, 17, 18, 19, 20]","[1, 3, 4, 5, 8, 9, 10, 11, 12, 14, 16, 17, 18, 19, 20]",full_mesh,10003.56667844648,0.009461500000000456,1,21,14,0,3,22,15,1,15,1.0,666.9044452297653,40842.83339223238,285,272,21
SELF-Q4-mixed-fixed_hash-230,230,mixed,fixed_hash,triangle_active,True,all_sources_cleared_with_certificate,triangle,True,905.0,31,28,"[1, 3, 5, 6, 7, 8, 9, 10, 11, 12, 13, 14, 15, 16, 17, 18]","[1, 3, 5, 6, 7, 8, 9, 10, 11, 12, 13, 14, 15, 16, 17, 18]",count_upper_bound,9326.215138737236,0.010787041999996916,1,24,11,4,5,15,16,11,16,1.0,582.8884461710772,36261.07569368618,327,317,14
SELF-Q4-mixed-fixed_hash-231,231,mixed,fixed_hash,triangle_active,True,all_sources_cleared_with_certificate,triangle,True,905.0,31,31,"[1, 4, 5, 8, 10, 11, 13, 14, 18, 19]","[1, 4, 5, 8, 10, 11, 13, 14, 18, 19]",full_mesh,10316.756747194631,0.008727958000001479,0,26,10,0,0,0,10,7,10,1.0,1031.6756747194631,38433.78373597313,431,425,0
SELF-Q4-mixed-fixed_hash-232,232,mixed,fixed_hash,triangle_active,True,all_sources_cleared_with_certificate,triangle,True,905.0,31,31,"[3, 4, 5, 7, 8, 9, 12, 14, 15, 16, 17]","[3, 4, 5, 7, 8, 9, 12, 14, 15, 16, 17]",full_mesh,10217.86913206794,0.009313583000000847,0,26,10,1,0,0,11,9,11,1.0,928.8971938243583,37964.345660339684,430,420,0
SELF-Q4-mixed-fixed_hash-233,233,mixed,fixed_hash,triangle_active,True,all_sources_cleared_with_certificate,triangle,True,905.0,31,31,"[1, 2, 4, 5, 6, 7, 8, 13, 14, 15, 16, 17]","[1, 2, 4, 5, 6, 7, 8, 13, 14, 15, 16, 17]",full_mesh,10290.893845588791,0.008660708000000739,0,38,11,1,0,0,12,11,12,1.0,857.5744871323992,38394.469227943955,426,422,0
SELF-Q4-mixed-fixed_hash-234,234,mixed,fixed_hash,triangle_active,True,all_sources_cleared_with_certificate,triangle,True,905.0,31,31,"[2, 4, 5, 6, 8, 9, 11, 13, 14, 16, 17, 18, 20]","[2, 4, 5, 6, 8, 9, 11, 13, 14, 16, 17, 18, 20]",full_mesh,9920.237247147821,0.008864750000000754,0,34,10,3,0,0,13,5,13,1.0,763.0951728575247,38421.1862357391,363,356,0
SELF-Q4-mixed-fixed_hash-235,235,mixed,fixed_hash,triangle_active,True,all_sources_cleared_with_certificate,triangle,True,905.0,31,31,"[1, 2, 3, 5, 8, 10, 11, 12, 14, 15, 16, 17, 18, 19]","[1, 2, 3, 5, 8, 10, 11, 12, 14, 15, 16, 17, 18, 19]",full_mesh,10029.175624373542,0.009397249999999246,0,34,14,0,0,0,14,3,14,1.0,716.369687455253,38290.87812186771,385,376,0
SELF-Q4-mixed-fixed_hash-236,236,mixed,fixed_hash,triangle_active,True,all_sources_cleared_with_certificate,triangle,True,905.0,31,31,"[3, 5, 7, 9, 10, 11, 12, 13, 14, 15, 16, 17, 18, 19, 20]","[3, 5, 7, 9, 10, 11, 12, 13, 14, 15, 16, 17, 18, 19, 20]",full_mesh,9962.493359386073,0.008973249999996824,0,32,15,0,0,0,15,12,15,1.0,664.1662239590715,39632.46679693036,328,321,0
SELF-Q4-mixed-fixed_hash-237,237,mixed,fixed_hash,triangle_active,True,all_sources_cleared_with_certificate,triangle,True,905.0,31,26,"[1, 3, 4, 5, 6, 7, 8, 9, 11, 12, 14, 15, 16, 17, 19, 20]","[1, 3, 4, 5, 6, 7, 8, 9, 11, 12, 14, 15, 16, 17, 19, 20]",count_upper_bound,9185.553678230557,0.009412957999998639,0,27,10,6,1,0,16,12,16,1.0,574.0971048894098,36092.768391152786,315,312,0
SELF-Q4-mixed-fixed_hash-238,238,mixed,fixed_hash,triangle_active,True,all_sources_cleared_with_certificate,triangle,True,905.0,31,31,"[2, 3, 9, 12, 13, 14, 15, 16, 17, 19]","[2, 3, 9, 12, 13, 14, 15, 16, 17, 19]",full_mesh,10477.647403511599,0.009182207999998582,0,28,7,3,0,0,10,9,10,1.0,1047.7647403511598,37688.237017557985,483,475,0
SELF-Q4-mixed-fixed_hash-239,239,mixed,fixed_hash,triangle_active,True,all_sources_cleared_with_certificate,triangle,True,905.0,31,31,"[1, 4, 5, 6, 7, 14, 15, 17, 18, 19, 20]","[1, 4, 5, 6, 7, 14, 15, 17, 18, 19, 20]",full_mesh,10300.638792803195,0.007906167000001574,0,20,11,0,0,0,11,5,11,1.0,936.4217084366541,39573.193964015954,390,381,0
SELF-Q4-mixed-fixed_hash-240,240,mixed,fixed_hash,triangle_active,True,all_sources_cleared_with_certificate,triangle,True,905.0,31,31,"[1, 2, 5, 6, 9, 10, 11, 12, 13, 17, 19, 20]","[1, 2, 5, 6, 9, 10, 11, 12, 13, 17, 19, 20]",full_mesh,9855.850981971771,0.008129790999994668,0,15,12,0,0,0,12,2,12,1.0,821.3209151643142,38404.254909858864,355,340,0
SELF-Q4-mixed-fixed_hash-241,241,mixed,fixed_hash,triangle_active,True,all_sources_cleared_with_certificate,triangle,True,905.0,31,31,"[3, 4, 5, 6, 8, 9, 10, 11, 12, 14, 15, 17, 18]","[3, 4, 5, 6, 8, 9, 10, 11, 12, 14, 15, 17, 18]",full_mesh,10819.883019461,0.010948417000001598,1,48,12,0,3,80,13,12,13,1.0,832.2986938046923,41484.41509730501,372,361,79
SELF-Q4-mixed-fixed_hash-242,242,mixed,fixed_hash,triangle_active,True,all_sources_cleared_with_certificate,triangle,True,905.0,31,31,"[1, 2, 3, 4, 5, 9, 10, 11, 12, 13, 16, 17, 18, 19]","[1, 2, 3, 4, 5, 9, 10, 11, 12, 13, 16, 17, 18, 19]",full_mesh,9884.016796064196,0.009481125000000645,0,29,11,3,0,0,14,10,14,1.0,706.0011997188711,38450.08398032099,355,349,0
SELF-Q4-mixed-fixed_hash-243,243,mixed,fixed_hash,triangle_active,True,all_sources_cleared_with_certificate,triangle,True,905.0,31,31,"[1, 2, 3, 5, 6, 7, 10, 11, 13, 14, 15, 17, 18, 19, 20]","[1, 2, 3, 5, 6, 7, 10, 11, 13, 14, 15, 17, 18, 19, 20]",full_mesh,9939.762976957354,0.008919167000001949,0,42,14,1,0,0,15,10,15,1.0,662.6508651304903,39958.81488478675,314,303,0
SELF-Q4-mixed-fixed_hash-244,244,mixed,fixed_hash,triangle_active,True,all_sources_cleared_with_certificate,triangle,True,905.0,31,17,"[2, 3, 4, 5, 6, 7, 8, 11, 12, 13, 14, 15, 16, 17, 18, 19]","[2, 3, 4, 5, 6, 7, 8, 11, 12, 13, 14, 15, 16, 17, 18, 19]",count_upper_bound,7658.35391242706,0.007999499999996829,0,12,13,5,13,0,16,2,16,1.0,478.64711952669126,30011.76956213531,263,255,2
SELF-Q4-mixed-fixed_hash-245,245,mixed,fixed_hash,triangle_active,True,all_sources_cleared_with_certificate,triangle,True,905.0,31,31,"[3, 5, 6, 10, 11, 12, 13, 15, 16, 19]","[3, 5, 6, 10, 11, 12, 13, 15, 16, 19]",full_mesh,10339.372571492308,0.008494292000001735,0,21,9,1,0,0,10,8,10,1.0,1033.9372571492308,37916.86285746154,452,446,0
SELF-Q4-mixed-fixed_hash-246,246,mixed,fixed_hash,triangle_active,True,all_sources_cleared_with_certificate,triangle,True,905.0,31,31,"[2, 3, 6, 8, 10, 12, 13, 16, 17, 18, 19]","[2, 3, 6, 8, 10, 12, 13, 16, 17, 18, 19]",full_mesh,9847.064489030588,0.008717042000000674,0,28,9,2,0,0,11,9,11,1.0,895.1876808209626,36955.32244515293,402,391,0
SELF-Q4-mixed-fixed_hash-247,247,mixed,fixed_hash,triangle_active,True,all_sources_cleared_with_certificate,triangle,True,905.0,31,31,"[1, 3, 6, 7, 10, 11, 12, 13, 14, 15, 16, 18]","[1, 3, 6, 7, 10, 11, 12, 13, 14, 15, 16, 18]",full_mesh,10567.012163029496,0.008858041999999955,0,19,12,0,0,0,12,1,12,1.0,880.5843469191246,40915.060815147466,389,379,0
SELF-Q4-mixed-fixed_hash-248,248,mixed,fixed_hash,triangle_active,True,all_sources_cleared_with_certificate,triangle,True,905.0,31,31,"[2, 4, 5, 6, 7, 8, 10, 11, 12, 14, 15, 16, 17]","[2, 4, 5, 6, 7, 8, 10, 11, 12, 14, 15, 16, 17]",full_mesh,9491.407076050584,0.008771916000000601,0,27,11,2,0,0,13,7,13,1.0,730.1082366192757,36597.035380252906,353,342,0
SELF-Q4-mixed-fixed_hash-249,249,mixed,fixed_hash,triangle_active,True,all_sources_cleared_with_certificate,triangle,True,905.0,31,31,"[1, 2, 5, 6, 7, 9, 10, 13, 14, 16, 17, 18, 19, 20]","[1, 2, 5, 6, 7, 9, 10, 13, 14, 16, 17, 18, 19, 20]",full_mesh,10260.43926410037,0.009416082999997855,0,60,8,6,0,0,14,11,14,1.0,732.8885188643122,38852.19632050185,404,400,0
SELF-Q4-mixed-fixed_hash-250,250,mixed,fixed_hash,triangle_active,True,all_sources_cleared_with_certificate,triangle,True,905.0,31,31,"[2, 3, 4, 5, 6, 7, 8, 9, 10, 11, 12, 13, 17, 18, 20]","[2, 3, 4, 5, 6, 7, 8, 9, 10, 11, 12, 13, 17, 18, 20]",full_mesh,10387.666696827499,0.009764207999999996,0,32,13,2,0,0,15,10,15,1.0,692.5111131218332,40638.33348413748,365,360,0
SELF-Q4-mixed-fixed_hash-251,251,mixed,fixed_hash,triangle_active,True,all_sources_cleared_with_certificate,triangle,True,905.0,31,24,"[2, 4, 5, 7, 8, 9, 11, 12, 13, 14, 15, 16, 17, 18, 19, 20]","[2, 4, 5, 7, 8, 9, 11, 12, 13, 14, 15, 16, 17, 18, 19, 20]",count_upper_bound,7734.410521115766,0.008440915999997856,0,20,12,5,3,0,16,5,16,1.0,483.40065756973536,31347.052605578814,232,222,1
SELF-Q4-mixed-fixed_hash-252,252,mixed,fixed_hash,triangle_active,True,all_sources_cleared_with_certificate,triangle,True,905.0,31,31,"[1, 5, 6, 7, 8, 10, 13, 14, 17, 20]","[1, 5, 6, 7, 8, 10, 13, 14, 17, 20]",full_mesh,9601.277481049072,0.008271374999999637,0,9,10,0,0,0,10,1,10,1.0,960.1277481049071,35581.38740524537,408,395,0
SELF-Q4-mixed-fixed_hash-253,253,mixed,fixed_hash,triangle_active,True,all_sources_cleared_with_certificate,triangle,True,905.0,31,31,"[2, 4, 5, 8, 11, 12, 13, 14, 15, 18, 20]","[2, 4, 5, 8, 11, 12, 13, 14, 15, 18, 20]",full_mesh,10133.18972694222,0.00820554100000237,0,24,10,1,0,0,11,3,11,1.0,921.1990660856565,39270.9486347111,373,359,0
SELF-Q4-mixed-fixed_hash-254,254,mixed,fixed_hash,triangle_active,True,all_sources_cleared_with_certificate,triangle,True,905.0,31,31,"[1, 3, 4, 6, 8, 9, 11, 12, 14, 17, 18, 20]","[1, 3, 4, 6, 8, 9, 11, 12, 14, 17, 18, 20]",full_mesh,10223.241981698386,0.00972541700000562,1,35,10,1,3,14,12,8,12,1.0,851.9368318081988,39921.20990849192,359,345,13
SELF-Q4-mixed-fixed_hash-255,255,mixed,fixed_hash,triangle_active,True,all_sources_cleared_with_certificate,triangle,True,905.0,31,31,"[2, 5, 7, 8, 9, 11, 12, 13, 14, 15, 16, 19, 20]","[2, 5, 7, 8, 9, 11, 12, 13, 14, 15, 16, 19, 20]",full_mesh,9456.227787044354,0.007934667000000672,0,15,12,1,0,0,13,3,13,1.0,727.4021374649503,36636.13893522177,346,334,0
SELF-Q4-mixed-fixed_hash-256,256,mixed,fixed_hash,triangle_active,True,all_sources_cleared_with_certificate,triangle,True,905.0,31,31,"[1, 3, 4, 5, 6, 7, 8, 9, 10, 12, 13, 14, 16, 20]","[1, 3, 4, 5, 6, 7, 8, 9, 10, 12, 13, 14, 16, 20]",full_mesh,10038.140258697662,0.009868582999999376,0,43,11,3,0,0,14,6,14,1.0,717.0100184784044,39760.70129348832,337,331,0
SELF-Q4-mixed-fixed_hash-257,257,mixed,fixed_hash,triangle_active,True,all_sources_cleared_with_certificate,triangle,True,905.0,31,31,"[1, 3, 4, 6, 7, 8, 9, 10, 11, 12, 14, 15, 17, 18, 19]","[1, 3, 4, 6, 7, 8, 9, 10, 11, 12, 14, 15, 17, 18, 19]",full_mesh,10534.342984805175,0.010189708000005737,0,22,14,1,2,0,15,10,15,1.0,702.289532320345,41366.714924025866,366,356,0
SELF-Q4-mixed-fixed_hash-258,258,mixed,fixed_hash,triangle_active,True,all_sources_cleared_with_certificate,triangle,True,905.0,31,18,"[1, 2, 3, 4, 5, 6, 7, 10, 11, 13, 14, 15, 16, 18, 19, 20]","[1, 2, 3, 4, 5, 6, 7, 10, 11, 13, 14, 15, 16, 18, 19, 20]",count_upper_bound,7432.600320713418,0.008181625000005965,1,21,12,4,8,12,16,3,16,1.0,464.53752004458863,29573.001603567074,235,227,12
SELF-Q4-mixed-fixed_hash-259,259,mixed,fixed_hash,triangle_active,True,all_sources_cleared_with_certificate,triangle,True,905.0,31,31,"[1, 2, 3, 4, 11, 12, 14, 16, 18, 20]","[1, 2, 3, 4, 11, 12, 14, 16, 18, 20]",full_mesh,9881.577330027281,0.007895707999999502,0,25,9,2,1,0,10,9,10,1.0,988.1577330027282,35792.88665013639,447,435,1
SELF-Q4-mixed-fixed_hash-260,260,mixed,fixed_hash,triangle_active,True,all_sources_cleared_with_certificate,triangle,True,905.0,31,31,"[1, 2, 3, 5, 7, 10, 12, 14, 16, 17, 20]","[1, 2, 3, 5, 7, 10, 12, 14, 16, 17, 20]",full_mesh,9909.675299392471,0.009939750000000913,0,27,10,1,0,0,11,5,11,1.0,900.8795726720429,37193.376496962344,404,396,0
SELF-Q4-mixed-fixed_hash-261,261,mixed,fixed_hash,triangle_active,True,all_sources_cleared_with_certificate,triangle,True,905.0,31,31,"[1, 2, 3, 5, 6, 7, 8, 9, 11, 13, 14, 15]","[1, 2, 3, 5, 6, 7, 8, 9, 11, 13, 14, 15]",full_mesh,10344.726394750345,0.009048667000001842,0,23,11,1,0,0,12,7,12,1.0,862.0605328958621,39413.631973751726,402,392,0
SELF-Q4-mixed-fixed_hash-262,262,mixed,fixed_hash,triangle_active,True,all_sources_cleared_with_certificate,triangle,True,905.0,31,31,"[1, 4, 6, 7, 10, 11, 12, 14, 15, 17, 18, 19, 20]","[1, 4, 6, 7, 10, 11, 12, 14, 15, 17, 18, 19, 20]",full_mesh,9984.68240724286,0.008163374999995199,0,23,13,0,0,0,13,3,13,1.0,768.0524928648355,39688.41203621432,332,322,0
SELF-Q4-mixed-fixed_hash-263,263,mixed,fixed_hash,triangle_active,True,all_sources_cleared_with_certificate,triangle,True,905.0,31,31,"[1, 5, 6, 8, 9, 10, 11, 12, 13, 14, 15, 16, 17, 18]","[1, 5, 6, 8, 9, 10, 11, 12, 13, 14, 15, 16, 17, 18]",full_mesh,10344.381755713619,0.009383124999999382,0,33,14,0,0,0,14,3,14,1.0,738.8844111224014,40996.90877856809,347,340,0
SELF-Q4-mixed-fixed_hash-264,264,mixed,fixed_hash,triangle_active,True,all_sources_cleared_with_certificate,triangle,True,905.0,31,31,"[1, 2, 4, 5, 6, 7, 10, 11, 12, 14, 15, 16, 18, 19, 20]","[1, 2, 4, 5, 6, 7, 10, 11, 12, 14, 15, 16, 18, 19, 20]",full_mesh,10314.286154467824,0.00864641700000135,0,22,15,0,0,0,15,1,15,1.0,687.6190769645216,42316.43077233911,298,286,0
SELF-Q4-mixed-fixed_hash-265,265,mixed,fixed_hash,triangle_active,True,all_sources_cleared_with_certificate,triangle,True,905.0,31,22,"[1, 2, 3, 4, 5, 9, 10, 11, 12, 13, 14, 15, 16, 18, 19, 20]","[1, 2, 3, 4, 5, 9, 10, 11, 12, 13, 14, 15, 16, 18, 19, 20]",count_upper_bound,8448.988290272293,0.008446375000005446,0,26,11,6,5,0,16,8,16,1.0,528.0617681420183,33394.94145136147,282,277,1
SELF-Q4-mixed-fixed_hash-266,266,mixed,fixed_hash,triangle_active,True,all_sources_cleared_with_certificate,triangle,True,905.0,31,31,"[1, 3, 4, 7, 9, 10, 14, 15, 16, 18]","[1, 3, 4, 7, 9, 10, 14, 15, 16, 18]",full_mesh,9814.46269972326,0.0085867499999992,0,13,10,0,0,0,10,2,10,1.0,981.446269972326,36017.313498616284,429,416,0
SELF-Q4-mixed-fixed_hash-267,267,mixed,fixed_hash,triangle_active,True,all_sources_cleared_with_certificate,triangle,True,905.0,31,31,"[1, 4, 7, 8, 9, 11, 15, 16, 17, 18, 19]","[1, 4, 7, 8, 9, 11, 15, 16, 17, 18, 19]",full_mesh,10712.964234216886,0.009368000000002041,0,32,8,3,0,0,11,10,11,1.0,973.9058394742624,39129.821171084426,473,467,0
SELF-Q4-mixed-fixed_hash-268,268,mixed,fixed_hash,triangle_active,True,all_sources_cleared_with_certificate,triangle,True,905.0,31,31,"[2, 3, 4, 5, 10, 11, 12, 14, 16, 17, 18, 20]","[2, 3, 4, 5, 10, 11, 12, 14, 16, 17, 18, 20]",full_mesh,9789.072296547949,0.00931849999999912,0,20,11,1,0,0,12,1,12,1.0,815.7560247123291,37075.36148273974,387,379,0
SELF-Q4-mixed-fixed_hash-269,269,mixed,fixed_hash,triangle_active,True,all_sources_cleared_with_certificate,triangle,True,905.0,31,31,"[1, 2, 3, 5, 6, 7, 9, 10, 11, 13, 15, 18, 20]","[1, 2, 3, 5, 6, 7, 9, 10, 11, 13, 15, 18, 20]",full_mesh,9494.62990916335,0.007980333000006112,0,24,13,0,0,0,13,7,13,1.0,730.3561468587193,37213.149545816756,332,327,0
SELF-Q4-mixed-fixed_hash-270,270,mixed,fixed_hash,triangle_active,True,all_sources_cleared_with_certificate,triangle,True,905.0,31,31,"[1, 3, 5, 6, 8, 9, 10, 11, 12, 15, 16, 17, 18, 20]","[1, 3, 5, 6, 8, 9, 10, 11, 12, 15, 16, 17, 18, 20]",full_mesh,9933.543343595204,0.008696125000000166,0,31,13,1,0,0,14,11,14,1.0,709.5388102568003,39622.71671797602,325,314,0
SELF-Q4-mixed-fixed_hash-271,271,mixed,fixed_hash,triangle_active,True,all_sources_cleared_with_certificate,triangle,True,905.0,31,31,"[2, 4, 6, 7, 8, 9, 10, 11, 12, 13, 14, 15, 16, 18, 19]","[2, 4, 6, 7, 8, 9, 10, 11, 12, 13, 14, 15, 16, 18, 19]",full_mesh,10249.808959814083,0.009956709000000785,0,37,13,2,0,0,15,11,15,1.0,683.3205973209389,40759.04479907041,338,333,0
SELF-Q4-mixed-fixed_hash-272,272,mixed,fixed_hash,triangle_active,True,all_sources_cleared_with_certificate,triangle,True,905.0,31,28,"[2, 3, 4, 5, 6, 7, 9, 10, 11, 12, 13, 15, 16, 18, 19, 20]","[2, 3, 4, 5, 6, 7, 9, 10, 11, 12, 13, 15, 16, 18, 19, 20]",count_upper_bound,10460.402076047962,0.013732375000003572,2,36,11,3,6,121,16,13,16,1.0,653.7751297529976,39252.01038023979,364,353,119
SELF-Q4-mixed-fixed_hash-273,273,mixed,fixed_hash,triangle_active,True,all_sources_cleared_with_certificate,triangle,True,905.0,31,31,"[2, 3, 4, 7, 8, 9, 10, 14, 17, 19]","[2, 3, 4, 7, 8, 9, 10, 14, 17, 19]",full_mesh,10406.397086521622,0.008537500000002751,0,18,9,1,0,0,10,9,10,1.0,1040.6397086521622,37916.9854326081,464,453,0
SELF-Q4-mixed-fixed_hash-274,274,mixed,fixed_hash,triangle_active,True,all_sources_cleared_with_certificate,triangle,True,905.0,31,31,"[1, 2, 4, 5, 11, 12, 13, 14, 15, 17, 20]","[1, 2, 4, 5, 11, 12, 13, 14, 15, 17, 20]",full_mesh,10023.179762938486,0.009132042000004503,0,22,9,2,0,0,11,10,11,1.0,911.198160267135,36935.89881469242,431,426,0
SELF-Q4-mixed-fixed_hash-275,275,mixed,fixed_hash,triangle_active,True,all_sources_cleared_with_certificate,triangle,True,905.0,31,31,"[3, 4, 6, 10, 11, 12, 13, 14, 15, 16, 17, 19]","[3, 4, 6, 10, 11, 12, 13, 14, 15, 16, 17, 19]",full_mesh,9664.597608979735,0.00849091700000315,0,29,10,2,0,0,12,6,12,1.0,805.3831340816446,37362.98804489869,357,347,0
SELF-Q4-mixed-fixed_hash-276,276,mixed,fixed_hash,triangle_active,True,all_sources_cleared_with_certificate,triangle,True,905.0,31,31,"[1, 3, 4, 5, 7, 8, 9, 11, 12, 13, 15, 18, 19]","[1, 3, 4, 5, 7, 8, 9, 11, 12, 13, 15, 18, 19]",full_mesh,10243.444172170806,0.009044166000002463,0,25,12,1,0,0,13,6,13,1.0,787.957244013139,40562.220860854046,346,336,0
SELF-Q4-mixed-fixed_hash-277,277,mixed,fixed_hash,triangle_active,True,all_sources_cleared_with_certificate,triangle,True,905.0,31,31,"[2, 3, 4, 5, 6, 7, 8, 10, 13, 14, 15, 17, 19, 20]","[2, 3, 4, 5, 6, 7, 8, 10, 13, 14, 15, 17, 19, 20]",full_mesh,9970.564646045877,0.009236166000000878,1,32,13,0,3,5,14,4,14,1.0,712.183189003277,39187.82323022937,344,331,4
SELF-Q4-mixed-fixed_hash-278,278,mixed,fixed_hash,triangle_active,True,all_sources_cleared_with_certificate,triangle,True,905.0,31,31,"[2, 3, 4, 6, 7, 8, 9, 10, 11, 13, 14, 15, 16, 18, 19]","[2, 3, 4, 6, 7, 8, 9, 10, 11, 13, 14, 15, 16, 18, 19]",full_mesh,10571.60919131673,0.009702708000006055,0,41,13,2,1,0,15,13,15,1.0,704.773946087782,42438.04595658363,336,329,0
SELF-Q4-mixed-fixed_hash-279,279,mixed,fixed_hash,triangle_active,True,all_sources_cleared_with_certificate,triangle,True,905.0,31,20,"[1, 2, 3, 4, 5, 6, 7, 8, 10, 12, 13, 14, 15, 16, 17, 18]","[1, 2, 3, 4, 5, 6, 7, 8, 10, 12, 13, 14, 15, 16, 17, 18]",count_upper_bound,7976.134166984976,0.008597375000000795,1,31,12,4,6,10,16,7,16,1.0,498.508385436561,31410.670834924862,265,259,10
SELF-Q4-mixed-fixed_hash-280,280,mixed,fixed_hash,triangle_active,True,all_sources_cleared_with_certificate,triangle,True,905.0,31,31,"[1, 3, 6, 8, 9, 10, 15, 16, 17, 19]","[1, 3, 6, 8, 9, 10, 15, 16, 17, 19]",full_mesh,9829.714372561859,0.00821112500000254,0,15,10,0,0,0,10,1,10,1.0,982.9714372561859,37028.5718628093,398,384,0
SELF-Q4-mixed-fixed_hash-281,281,mixed,fixed_hash,triangle_active,True,all_sources_cleared_with_certificate,triangle,True,905.0,31,31,"[1, 4, 8, 9, 10, 13, 14, 15, 17, 18, 20]","[1, 4, 8, 9, 10, 13, 14, 15, 17, 18, 20]",full_mesh,10285.33945649541,0.00791124999999937,0,16,10,1,0,0,11,5,11,1.0,935.030859681401,39446.69728247706,392,381,0
SELF-Q4-mixed-fixed_hash-282,282,mixed,fixed_hash,triangle_active,True,all_sources_cleared_with_certificate,triangle,True,905.0,31,31,"[1, 2, 4, 5, 6, 9, 10, 11, 12, 13, 16, 20]","[1, 2, 4, 5, 6, 9, 10, 11, 12, 13, 16, 20]",full_mesh,9923.464289781332,0.009242000000000417,0,24,12,0,0,0,12,8,12,1.0,826.9553574817777,36787.32144890667,419,411,0
SELF-Q4-mixed-fixed_hash-283,283,mixed,fixed_hash,triangle_active,True,all_sources_cleared_with_certificate,triangle,True,905.0,31,31,"[1, 3, 4, 5, 7, 9, 10, 11, 12, 13, 14, 15, 17]","[1, 3, 4, 5, 7, 9, 10, 11, 12, 13, 14, 15, 17]",full_mesh,9620.149799343852,0.008743582999997557,0,18,13,0,0,0,13,1,13,1.0,740.0115230264502,37750.74899671925,336,325,0
SELF-Q4-mixed-fixed_hash-284,284,mixed,fixed_hash,triangle_active,True,all_sources_cleared_with_certificate,triangle,True,905.0,31,31,"[2, 3, 4, 5, 8, 9, 10, 12, 13, 14, 15, 18, 19, 20]","[2, 3, 4, 5, 8, 9, 10, 12, 13, 14, 15, 18, 19, 20]",full_mesh,10072.208147200234,0.00921391699999674,0,15,14,0,0,0,14,6,14,1.0,719.443439085731,38976.04073600117,369,362,0
SELF-Q4-mixed-fixed_hash-285,285,mixed,fixed_hash,triangle_active,True,all_sources_cleared_with_certificate,triangle,True,905.0,31,31,"[1, 3, 5, 6, 7, 8, 10, 12, 13, 14, 15, 16, 18, 19, 20]","[1, 3, 5, 6, 7, 8, 10, 12, 13, 14, 15, 16, 18, 19, 20]",full_mesh,10493.752855124476,0.011513459000006776,1,50,13,1,3,46,15,11,15,1.0,699.583523674965,40533.76427562239,364,357,45
SELF-Q4-mixed-fixed_hash-286,286,mixed,fixed_hash,triangle_active,True,all_sources_cleared_with_certificate,triangle,True,905.0,31,26,"[1, 3, 4, 6, 7, 8, 9, 11, 12, 13, 14, 16, 17, 18, 19, 20]","[1, 3, 4, 6, 7, 8, 9, 11, 12, 13, 14, 16, 17, 18, 19, 20]",count_upper_bound,8849.787620379317,0.008506375000003175,0,39,13,5,4,0,16,13,16,1.0,553.1117262737073,35433.93810189658,281,272,2
SELF-Q4-mixed-fixed_hash-287,287,mixed,fixed_hash,triangle_active,True,all_sources_cleared_with_certificate,triangle,True,905.0,31,31,"[1, 3, 4, 7, 9, 10, 11, 13, 17, 18]","[1, 3, 4, 7, 9, 10, 11, 13, 17, 18]",full_mesh,10165.262111183441,0.008391709000001413,0,15,9,1,0,0,10,4,10,1.0,1016.5262111183441,37151.310555917196,449,440,0
SELF-Q4-mixed-fixed_hash-288,288,mixed,fixed_hash,triangle_active,True,all_sources_cleared_with_certificate,triangle,True,905.0,31,31,"[1, 2, 7, 8, 9, 10, 11, 12, 16, 18, 19]","[1, 2, 7, 8, 9, 10, 11, 12, 16, 18, 19]",full_mesh,10221.554928765567,0.009068332999994766,0,19,10,1,0,0,11,10,11,1.0,929.2322662514151,38372.774643827834,417,407,0
SELF-Q4-mixed-fixed_hash-289,289,mixed,fixed_hash,triangle_active,True,all_sources_cleared_with_certificate,triangle,True,905.0,31,31,"[1, 3, 6, 7, 9, 11, 12, 13, 14, 15, 16, 17]","[1, 3, 6, 7, 9, 11, 12, 13, 14, 15, 16, 17]",full_mesh,10379.095915152993,0.008601334000005068,0,27,12,0,0,0,12,8,12,1.0,864.9246595960827,39150.47957576498,416,409,0
SELF-Q4-mixed-fixed_hash-290,290,mixed,fixed_hash,triangle_active,True,all_sources_cleared_with_certificate,triangle,True,905.0,31,31,"[1, 2, 4, 5, 7, 8, 10, 11, 14, 16, 17, 18, 19]","[1, 2, 4, 5, 7, 8, 10, 11, 14, 16, 17, 18, 19]",full_mesh,9696.261797159485,0.008260791000004986,0,33,12,1,0,0,13,6,13,1.0,745.8662920891911,38416.30898579743,326,318,0
SELF-Q4-mixed-fixed_hash-291,291,mixed,fixed_hash,triangle_active,True,all_sources_cleared_with_certificate,triangle,True,905.0,31,31,"[2, 3, 4, 5, 6, 10, 11, 12, 13, 14, 16, 17, 19, 20]","[2, 3, 4, 5, 6, 10, 11, 12, 13, 14, 16, 17, 19, 20]",full_mesh,9768.193092518559,0.007752458999995326,0,16,14,0,0,0,14,2,14,1.0,697.72807803704,38950.96546259278,320,308,0
SELF-Q4-mixed-fixed_hash-292,292,mixed,fixed_hash,triangle_active,True,all_sources_cleared_with_certificate,triangle,True,905.0,31,31,"[1, 4, 5, 6, 7, 8, 9, 10, 11, 14, 15, 16, 18, 19, 20]","[1, 4, 5, 6, 7, 8, 9, 10, 11, 14, 15, 16, 18, 19, 20]",full_mesh,10161.600369215252,0.010625916999998708,0,37,11,4,0,0,15,10,15,1.0,677.4400246143501,39648.001846076266,360,357,0
SELF-Q4-mixed-fixed_hash-293,293,mixed,fixed_hash,triangle_active,True,all_sources_cleared_with_certificate,triangle,True,905.0,31,27,"[1, 2, 4, 6, 7, 8, 10, 11, 13, 14, 15, 16, 17, 18, 19, 20]","[1, 2, 4, 6, 7, 8, 10, 11, 13, 14, 15, 16, 17, 18, 19, 20]",count_upper_bound,9038.340735416985,0.008992083999999068,0,20,15,1,1,0,16,12,16,1.0,564.8962959635616,34656.70367708492,339,332,0
SELF-Q4-mixed-fixed_hash-294,294,mixed,fixed_hash,triangle_active,True,all_sources_cleared_with_certificate,triangle,True,905.0,31,31,"[2, 3, 6, 7, 10, 12, 13, 15, 16, 17]","[2, 3, 6, 7, 10, 12, 13, 15, 16, 17]",full_mesh,10152.61141968642,0.008993334000003017,0,37,9,1,0,0,10,7,10,1.0,1015.261141968642,37368.057098432095,440,429,0
SELF-Q4-mixed-fixed_hash-295,295,mixed,fixed_hash,triangle_active,True,all_sources_cleared_with_certificate,triangle,True,905.0,31,31,"[1, 3, 4, 5, 10, 11, 12, 13, 15, 16, 19]","[1, 3, 4, 5, 10, 11, 12, 13, 15, 16, 19]",full_mesh,9861.001173203798,0.008778167000002668,0,15,11,0,0,0,11,4,11,1.0,896.4546521094362,37210.005866018975,396,384,0
SELF-Q4-mixed-fixed_hash-296,296,mixed,fixed_hash,triangle_active,True,all_sources_cleared_with_certificate,triangle,True,905.0,31,31,"[1, 2, 3, 7, 9, 10, 11, 12, 14, 16, 17, 20]","[1, 2, 3, 7, 9, 10, 11, 12, 14, 16, 17, 20]",full_mesh,9923.11202921973,0.010104124999998021,1,27,11,1,2,5,12,5,12,1.0,826.9260024349775,38315.56014609864,366,355,5
SELF-Q4-mixed-fixed_hash-297,297,mixed,fixed_hash,triangle_active,True,all_sources_cleared_with_certificate,triangle,True,905.0,31,31,"[1, 2, 3, 7, 8, 11, 12, 13, 14, 15, 17, 19, 20]","[1, 2, 3, 7, 8, 11, 12, 13, 14, 15, 17, 19, 20]",full_mesh,10156.28319274025,0.00982179099999314,1,26,11,1,3,17,13,5,13,1.0,781.2525532877115,39171.41596370121,370,359,16
SELF-Q4-mixed-fixed_hash-298,298,mixed,fixed_hash,triangle_active,True,all_sources_cleared_with_certificate,triangle,True,905.0,31,31,"[1, 3, 6, 7, 8, 9, 10, 12, 13, 14, 16, 17, 18, 19]","[1, 3, 6, 7, 8, 9, 10, 12, 13, 14, 16, 17, 18, 19]",full_mesh,10142.746911809943,0.009324792000001025,0,10,14,0,0,0,14,5,14,1.0,724.4819222721388,39523.73455904972,363,353,0
SELF-Q4-mixed-fixed_hash-299,299,mixed,fixed_hash,triangle_active,True,all_sources_cleared_with_certificate,triangle,True,905.0,31,31,"[1, 5, 6, 7, 8, 9, 10, 11, 12, 13, 15, 16, 17, 19, 20]","[1, 5, 6, 7, 8, 9, 10, 11, 12, 13, 15, 16, 17, 19, 20]",full_mesh,9990.302163908416,0.0091621669999995,0,32,15,0,0,0,15,12,15,1.0,666.0201442605611,40816.51081954208,293,287,0
SELF-Q4-mixed-fixed_hash-300,300,mixed,fixed_hash,triangle_active,True,all_sources_cleared_with_certificate,triangle,True,905.0,31,24,"[1, 2, 3, 4, 6, 7, 9, 10, 11, 12, 14, 15, 16, 18, 19, 20]","[1, 2, 3, 4, 6, 7, 9, 10, 11, 12, 14, 15, 16, 18, 19, 20]",count_upper_bound,8476.223363279087,0.00896120899999886,0,30,14,4,4,0,16,10,16,1.0,529.7639602049429,33791.116816395435,273,267,2
SELF-Q4-mixed-fixed_hash-301,301,mixed,fixed_hash,triangle_active,True,all_sources_cleared_with_certificate,triangle,True,905.0,31,31,"[2, 4, 5, 8, 10, 11, 13, 15, 16, 18]","[2, 4, 5, 8, 10, 11, 13, 15, 16, 18]",full_mesh,9952.890781687764,0.009274874999995575,1,37,8,1,3,2,10,9,10,1.0,995.2890781687763,35904.4539084388,455,444,1
SELF-Q4-mixed-fixed_hash-302,302,mixed,fixed_hash,triangle_active,True,all_sources_cleared_with_certificate,triangle,True,905.0,31,31,"[1, 4, 7, 12, 14, 15, 16, 17, 18, 19, 20]","[1, 4, 7, 12, 14, 15, 16, 17, 18, 19, 20]",full_mesh,10327.732502971068,0.00884695899999599,0,21,10,1,0,0,11,9,11,1.0,938.8847729973699,39153.66251485534,408,402,0
SELF-Q4-mixed-fixed_hash-303,303,mixed,fixed_hash,triangle_active,True,all_sources_cleared_with_certificate,triangle,True,905.0,31,31,"[2, 3, 7, 8, 9, 10, 13, 16, 17, 18, 19, 20]","[2, 3, 7, 8, 9, 10, 13, 16, 17, 18, 19, 20]",full_mesh,10410.401529047982,0.007907875000000786,0,28,12,0,0,0,12,5,12,1.0,867.5334607539985,40617.0076452399,373,362,0
SELF-Q4-mixed-fixed_hash-304,304,mixed,fixed_hash,triangle_active,True,all_sources_cleared_with_certificate,triangle,True,905.0,31,31,"[1, 4, 5, 7, 10, 11, 13, 14, 15, 16, 17, 18, 20]","[1, 4, 5, 7, 10, 11, 13, 14, 15, 16, 17, 18, 20]",full_mesh,10086.986983003919,0.008854999999996949,0,16,13,0,0,0,13,1,13,1.0,775.922075615686,39829.93491501959,345,331,0
SELF-Q4-mixed-fixed_hash-305,305,mixed,fixed_hash,triangle_active,True,all_sources_cleared_with_certificate,triangle,True,905.0,31,31,"[3, 5, 6, 8, 10, 11, 12, 13, 15, 16, 17, 18, 19, 20]","[3, 5, 6, 8, 10, 11, 12, 13, 15, 16, 17, 18, 19, 20]",full_mesh,10182.618646984185,0.00877750000000077,0,25,14,0,0,0,14,4,14,1.0,727.3299033560132,40728.09323492092,329,322,0
SELF-Q4-mixed-fixed_hash-306,306,mixed,fixed_hash,triangle_active,True,all_sources_cleared_with_certificate,triangle,True,905.0,31,31,"[1, 3, 7, 9, 10, 11, 12, 13, 14, 15, 16, 17, 18, 19, 20]","[1, 3, 7, 9, 10, 11, 12, 13, 14, 15, 16, 17, 18, 19, 20]",full_mesh,10005.901697121915,0.009405208000003995,0,18,14,1,0,0,15,2,15,1.0,667.060113141461,39434.508485609585,342,334,0
SELF-Q4-mixed-fixed_hash-307,307,mixed,fixed_hash,triangle_active,True,all_sources_cleared_with_certificate,triangle,True,905.0,31,26,"[1, 2, 4, 5, 6, 7, 8, 9, 10, 11, 15, 16, 17, 18, 19, 20]","[1, 2, 4, 5, 6, 7, 8, 9, 10, 11, 15, 16, 17, 18, 19, 20]",count_upper_bound,9109.097154742783,0.011221749999997144,2,41,12,3,10,32,16,12,16,1.0,569.318572171424,35095.485773713925,322,307,31
SELF-Q4-mixed-fixed_hash-308,308,mixed,fixed_hash,triangle_active,True,all_sources_cleared_with_certificate,triangle,True,905.0,31,31,"[3, 5, 6, 7, 9, 12, 13, 17, 18, 19]","[3, 5, 6, 7, 9, 12, 13, 17, 18, 19]",full_mesh,10091.610065733517,0.008425500000001307,0,6,10,0,0,0,10,5,10,1.0,1009.1610065733518,37473.050328667574,427,412,0
SELF-Q4-mixed-fixed_hash-309,309,mixed,fixed_hash,triangle_active,True,all_sources_cleared_with_certificate,triangle,True,905.0,31,31,"[1, 3, 4, 5, 7, 8, 10, 13, 14, 15, 18]","[1, 3, 4, 5, 7, 8, 10, 13, 14, 15, 18]",full_mesh,9629.476020839462,0.008485667000002195,0,9,11,0,0,0,11,3,11,1.0,875.4069109854056,36412.380104197306,384,372,0
SELF-Q4-mixed-fixed_hash-310,310,mixed,fixed_hash,triangle_active,True,all_sources_cleared_with_certificate,triangle,True,905.0,31,31,"[3, 5, 6, 7, 8, 9, 10, 12, 16, 17, 18, 20]","[3, 5, 6, 7, 8, 9, 10, 12, 16, 17, 18, 20]",full_mesh,10116.667451138352,0.009263208000000134,0,17,12,0,0,0,12,4,12,1.0,843.0556209281959,38998.33725569175,378,367,0
SELF-Q4-mixed-fixed_hash-311,311,mixed,fixed_hash,triangle_active,True,all_sources_cleared_with_certificate,triangle,True,905.0,31,31,"[1, 3, 4, 5, 7, 9, 12, 14, 15, 16, 18, 19, 20]","[1, 3, 4, 5, 7, 9, 12, 14, 15, 16, 18, 19, 20]",full_mesh,9712.708233476173,0.00836058399999473,0,29,12,1,0,0,13,12,13,1.0,747.1314025750902,37718.541167380856,352,344,0
SELF-Q4-mixed-fixed_hash-312,312,mixed,fixed_hash,triangle_active,True,all_sources_cleared_with_certificate,triangle,True,905.0,31,31,"[2, 4, 5, 6, 8, 10, 11, 13, 15, 16, 17, 18, 19, 20]","[2, 4, 5, 6, 8, 10, 11, 13, 15, 16, 17, 18, 19, 20]",full_mesh,10210.690004539167,0.010745750000005216,0,21,14,0,0,0,14,1,14,1.0,729.3350003242261,40228.450022695826,351,340,0
SELF-Q4-mixed-fixed_hash-313,313,mixed,fixed_hash,triangle_active,True,all_sources_cleared_with_certificate,triangle,True,905.0,31,31,"[1, 3, 4, 6, 7, 11, 12, 13, 14, 15, 16, 17, 18, 19, 20]","[1, 3, 4, 6, 7, 11, 12, 13, 14, 15, 16, 17, 18, 19, 20]",full_mesh,9981.292981641243,0.009346292000003587,0,27,14,1,0,0,15,8,15,1.0,665.4195321094162,39466.464908206195,337,328,0
SELF-Q4-mixed-fixed_hash-314,314,mixed,fixed_hash,triangle_active,True,all_sources_cleared_with_certificate,triangle,True,905.0,31,17,"[1, 2, 4, 5, 6, 7, 8, 11, 12, 14, 15, 16, 17, 18, 19, 20]","[1, 2, 4, 5, 6, 7, 8, 11, 12, 14, 15, 16, 17, 18, 19, 20]",count_upper_bound,6745.870223392282,0.009195374999997341,2,35,13,2,9,36,16,3,16,1.0,421.61688896201764,27299.351116961407,185,176,35
SELF-Q4-mixed-fixed_hash-315,315,mixed,fixed_hash,triangle_active,True,all_sources_cleared_with_certificate,triangle,True,905.0,31,31,"[1, 2, 3, 10, 11, 12, 14, 17, 18, 20]","[1, 2, 3, 10, 11, 12, 14, 17, 18, 20]",full_mesh,10158.203119334115,0.008706416000002548,0,19,9,1,0,0,10,5,10,1.0,1015.8203119334115,36776.01559667057,460,453,0
SELF-Q4-mixed-fixed_hash-316,316,mixed,fixed_hash,triangle_active,True,all_sources_cleared_with_certificate,triangle,True,905.0,31,31,"[1, 4, 8, 9, 11, 13, 14, 16, 17, 19, 20]","[1, 4, 8, 9, 11, 13, 14, 16, 17, 19, 20]",full_mesh,9746.870133076869,0.008272834000003115,0,9,10,1,0,0,11,2,11,1.0,886.0791030069881,37684.35066538436,362,345,0
SELF-Q4-mixed-fixed_hash-317,317,mixed,fixed_hash,triangle_active,True,all_sources_cleared_with_certificate,triangle,True,905.0,31,31,"[1, 4, 5, 7, 8, 9, 11, 12, 13, 15, 18, 19]","[1, 4, 5, 7, 8, 9, 11, 12, 13, 15, 18, 19]",full_mesh,10291.361606404178,0.008767374999997912,0,17,12,0,0,0,12,6,12,1.0,857.6134672003482,39466.80803202088,391,383,0
SELF-Q4-mixed-fixed_hash-318,318,mixed,fixed_hash,triangle_active,True,all_sources_cleared_with_certificate,triangle,True,905.0,31,31,"[2, 4, 5, 6, 7, 10, 11, 13, 14, 15, 16, 17, 18]","[2, 4, 5, 6, 7, 10, 11, 13, 14, 15, 16, 17, 18]",full_mesh,9262.856309771767,0.007758666999997388,0,29,13,0,0,0,13,7,13,1.0,712.527408443982,36924.28154885884,305,288,0
SELF-Q4-mixed-fixed_hash-319,319,mixed,fixed_hash,triangle_active,True,all_sources_cleared_with_certificate,triangle,True,905.0,31,31,"[2, 3, 4, 5, 6, 10, 11, 12, 13, 16, 17, 18, 19, 20]","[2, 3, 4, 5, 6, 10, 11, 12, 13, 16, 17, 18, 19, 20]",full_mesh,10480.474814893852,0.009306875000000048,0,43,9,5,0,0,14,12,14,1.0,748.6053439209894,40227.37407446925,395,390,0
SELF-Q4-mixed-fixed_hash-320,320,mixed,fixed_hash,triangle_active,True,all_sources_cleared_with_certificate,triangle,True,905.0,31,31,"[2, 3, 4, 5, 6, 7, 8, 9, 11, 12, 15, 16, 17, 19, 20]","[2, 3, 4, 5, 6, 7, 8, 9, 11, 12, 15, 16, 17, 19, 20]",full_mesh,9802.398360702167,0.009237541000004512,0,19,15,0,0,0,15,8,15,1.0,653.4932240468112,39566.991803510835,303,299,0
SELF-Q4-mixed-fixed_hash-321,321,mixed,fixed_hash,triangle_active,True,all_sources_cleared_with_certificate,triangle,True,905.0,31,27,"[1, 2, 4, 5, 6, 7, 8, 9, 10, 11, 12, 13, 14, 15, 17, 18]","[1, 2, 4, 5, 6, 7, 8, 9, 10, 11, 12, 13, 14, 15, 17, 18]",count_upper_bound,9460.122853046578,0.011433999999994171,1,56,13,2,5,79,16,15,16,1.0,591.2576783154111,36585.6142652329,306,299,78
SELF-Q4-mixed-fixed_hash-322,322,mixed,fixed_hash,triangle_active,True,all_sources_cleared_with_certificate,triangle,True,905.0,31,31,"[3, 5, 6, 8, 10, 13, 14, 16, 18, 19]","[3, 5, 6, 8, 10, 13, 14, 16, 18, 19]",full_mesh,10361.11843696186,0.011958666999994705,1,35,8,1,3,92,10,9,10,1.0,1036.111843696186,37805.592184809306,415,402,91
SELF-Q4-mixed-fixed_hash-323,323,mixed,fixed_hash,triangle_active,True,all_sources_cleared_with_certificate,triangle,True,905.0,31,31,"[2, 4, 5, 6, 7, 8, 10, 14, 15, 16, 20]","[2, 4, 5, 6, 7, 8, 10, 14, 15, 16, 20]",full_mesh,10487.000276351719,0.009424459000001661,0,33,9,2,0,0,11,8,11,1.0,953.3636614865198,38600.00138175859,454,442,0
SELF-Q4-mixed-fixed_hash-324,324,mixed,fixed_hash,triangle_active,True,all_sources_cleared_with_certificate,triangle,True,905.0,31,31,"[1, 2, 3, 5, 6, 9, 14, 16, 17, 18, 19, 20]","[1, 2, 3, 5, 6, 9, 14, 16, 17, 18, 19, 20]",full_mesh,9922.952767446439,0.009266166999999825,0,12,11,1,0,0,12,4,12,1.0,826.9127306205365,36674.76383723218,423,413,0
SELF-Q4-mixed-fixed_hash-325,325,mixed,fixed_hash,triangle_active,True,all_sources_cleared_with_certificate,triangle,True,905.0,31,31,"[1, 2, 3, 4, 5, 6, 10, 11, 13, 14, 16, 18, 20]","[1, 2, 3, 4, 5, 6, 10, 11, 13, 14, 16, 18, 20]",full_mesh,9903.90826392673,0.00908258300000142,0,31,12,1,0,0,13,2,13,1.0,761.8390972251332,38379.54131963365,362,353,0
SELF-Q4-mixed-fixed_hash-326,326,mixed,fixed_hash,triangle_active,True,all_sources_cleared_with_certificate,triangle,True,905.0,31,31,"[1, 2, 3, 4, 5, 6, 7, 10, 11, 13, 14, 15, 16, 17]","[1, 2, 3, 4, 5, 6, 7, 10, 11, 13, 14, 15, 16, 17]",full_mesh,9833.102679005784,0.009413209000001643,0,33,13,1,0,0,14,6,14,1.0,702.3644770718417,38595.51339502891,342,334,0
SELF-Q4-mixed-fixed_hash-327,327,mixed,fixed_hash,triangle_active,True,all_sources_cleared_with_certificate,triangle,True,905.0,31,31,"[1, 2, 3, 4, 5, 8, 9, 10, 11, 13, 14, 15, 17, 18, 20]","[1, 2, 3, 4, 5, 8, 9, 10, 11, 13, 14, 15, 17, 18, 20]",full_mesh,9474.69281069524,0.007388875000003736,0,8,15,0,0,0,15,4,15,1.0,631.6461873796827,39243.46405347621,261,246,0
SELF-Q4-mixed-fixed_hash-328,328,mixed,fixed_hash,triangle_active,True,all_sources_cleared_with_certificate,triangle,True,905.0,31,25,"[3, 4, 5, 6, 7, 8, 9, 11, 12, 13, 14, 15, 16, 17, 19, 20]","[3, 4, 5, 6, 7, 8, 9, 11, 12, 13, 14, 15, 16, 17, 19, 20]",count_upper_bound,8688.96976094703,0.010100124999993909,1,34,12,5,6,3,16,14,16,1.0,543.0606100591893,33639.84880473516,313,304,4
SELF-Q4-mixed-fixed_hash-329,329,mixed,fixed_hash,triangle_active,True,all_sources_cleared_with_certificate,triangle,True,905.0,31,31,"[2, 4, 5, 7, 8, 10, 11, 16, 17, 20]","[2, 4, 5, 7, 8, 10, 11, 16, 17, 20]",full_mesh,9651.211953504717,0.008595583000001739,0,22,10,0,0,0,10,1,10,1.0,965.1211953504717,35836.05976752358,408,394,0
SELF-Q4-mixed-fixed_hash-330,330,mixed,fixed_hash,triangle_active,True,all_sources_cleared_with_certificate,triangle,True,905.0,31,31,"[1, 2, 3, 6, 9, 10, 11, 13, 14, 15, 20]","[1, 2, 3, 6, 9, 10, 11, 13, 14, 15, 20]",full_mesh,10557.389334547435,0.008489582999999357,0,20,10,1,0,0,11,4,11,1.0,959.7626667770396,40226.94667273717,411,402,0
SELF-Q4-mixed-fixed_hash-331,331,mixed,fixed_hash,triangle_active,True,all_sources_cleared_with_certificate,triangle,True,905.0,31,31,"[4, 6, 7, 8, 10, 11, 13, 14, 16, 18, 19, 20]","[4, 6, 7, 8, 10, 11, 13, 14, 16, 18, 19, 20]",full_mesh,9986.88812670526,0.009887583000001143,0,49,9,3,0,0,12,10,12,1.0,832.2406772254384,37004.4406335263,422,416,0
SELF-Q4-mixed-fixed_hash-332,332,mixed,fixed_hash,triangle_active,True,all_sources_cleared_with_certificate,triangle,True,905.0,31,31,"[1, 2, 3, 4, 8, 9, 12, 13, 14, 16, 17, 18, 19]","[1, 2, 3, 4, 8, 9, 12, 13, 14, 16, 17, 18, 19]",full_mesh,9997.952762344814,0.008359125000005463,0,15,13,0,0,0,13,3,13,1.0,769.0732894111395,39359.76381172406,346,331,0
SELF-Q4-mixed-fixed_hash-333,333,mixed,fixed_hash,triangle_active,True,all_sources_cleared_with_certificate,triangle,True,905.0,31,31,"[2, 4, 5, 6, 7, 9, 10, 12, 13, 14, 16, 17, 18, 19]","[2, 4, 5, 6, 7, 9, 10, 12, 13, 14, 16, 17, 18, 19]",full_mesh,9637.128598528992,0.008335125000002108,0,30,11,3,0,0,14,6,14,1.0,688.3663284663565,38900.64299264498,300,287,0
SELF-Q4-mixed-fixed_hash-334,334,mixed,fixed_hash,triangle_active,True,all_sources_cleared_with_certificate,triangle,True,905.0,31,31,"[1, 4, 5, 6, 7, 8, 12, 13, 14, 15, 16, 17, 18, 19, 20]","[1, 4, 5, 6, 7, 8, 12, 13, 14, 15, 16, 17, 18, 19, 20]",full_mesh,9769.631569532467,0.008805834000000345,0,15,15,0,0,0,15,1,15,1.0,651.3087713021645,39508.15784766234,301,288,0
SELF-Q4-mixed-fixed_hash-335,335,mixed,fixed_hash,triangle_active,True,all_sources_cleared_with_certificate,triangle,True,905.0,31,18,"[1, 2, 3, 4, 5, 6, 7, 8, 10, 11, 13, 14, 15, 17, 18, 19]","[1, 2, 3, 4, 5, 6, 7, 8, 10, 11, 13, 14, 15, 17, 18, 19]",count_upper_bound,7873.087609428828,0.008670958999999812,1,22,12,5,17,10,16,14,16,1.0,492.06797558930174,30370.43804714415,283,271,11
SELF-Q4-mixed-fixed_hash-336,336,mixed,fixed_hash,triangle_active,True,all_sources_cleared_with_certificate,triangle,True,905.0,31,31,"[1, 3, 5, 7, 8, 12, 14, 16, 18, 20]","[1, 3, 5, 7, 8, 12, 14, 16, 18, 20]",full_mesh,10112.244773540717,0.008856500000000267,0,19,8,2,0,0,10,8,10,1.0,1011.2244773540717,37016.22386770358,445,434,0
SELF-Q4-mixed-fixed_hash-337,337,mixed,fixed_hash,triangle_active,True,all_sources_cleared_with_certificate,triangle,True,905.0,31,31,"[1, 5, 6, 7, 8, 9, 12, 15, 16, 17, 19]","[1, 5, 6, 7, 8, 9, 12, 15, 16, 17, 19]",full_mesh,9686.574226888202,0.008473250000001542,0,37,10,1,0,0,11,6,11,1.0,880.5976569898365,37137.87113444101,369,359,0
SELF-Q4-mixed-fixed_hash-338,338,mixed,fixed_hash,triangle_active,True,all_sources_cleared_with_certificate,triangle,True,905.0,31,31,"[1, 4, 5, 8, 9, 10, 12, 14, 15, 16, 19, 20]","[1, 4, 5, 8, 9, 10, 12, 14, 15, 16, 19, 20]",full_mesh,10186.903490323793,0.009504665999997997,0,28,8,4,0,0,12,11,12,1.0,848.9086241936494,37624.51745161895,435,427,0
SELF-Q4-mixed-fixed_hash-339,339,mixed,fixed_hash,triangle_active,True,all_sources_cleared_with_certificate,triangle,True,905.0,31,31,"[1, 2, 3, 5, 6, 8, 9, 10, 12, 15, 17, 18, 20]","[1, 2, 3, 5, 6, 8, 9, 10, 12, 15, 17, 18, 20]",full_mesh,10651.311623949447,0.009460250000003612,0,39,11,3,1,0,13,10,13,1.0,819.3316633807267,40696.55811974721,408,404,1
SELF-Q4-mixed-fixed_hash-340,340,mixed,fixed_hash,triangle_active,True,all_sources_cleared_with_certificate,triangle,True,905.0,31,31,"[3, 4, 5, 6, 9, 10, 13, 14, 15, 16, 17, 18, 19, 20]","[3, 4, 5, 6, 9, 10, 13, 14, 15, 16, 17, 18, 19, 20]",full_mesh,10173.704470211922,0.008391750000001252,0,17,14,0,0,0,14,3,14,1.0,726.6931764437087,40903.52235105961,322,313,0
SELF-Q4-mixed-fixed_hash-341,341,mixed,fixed_hash,triangle_active,True,all_sources_cleared_with_certificate,triangle,True,905.0,31,31,"[1, 2, 5, 6, 8, 9, 10, 11, 12, 13, 14, 16, 17, 18, 19]","[1, 2, 5, 6, 8, 9, 10, 11, 12, 13, 14, 16, 17, 18, 19]",full_mesh,10154.99750929226,0.01096433300000399,0,29,13,2,0,0,15,12,15,1.0,676.9998339528173,38449.9875464613,399,395,0
SELF-Q4-mixed-fixed_hash-342,342,mixed,fixed_hash,triangle_active,True,all_sources_cleared_with_certificate,triangle,True,905.0,31,22,"[1, 2, 3, 4, 5, 6, 7, 8, 9, 11, 12, 13, 17, 18, 19, 20]","[1, 2, 3, 4, 5, 6, 7, 8, 9, 11, 12, 13, 17, 18, 19, 20]",count_upper_bound,8300.896437156885,0.00917183399999999,0,46,11,8,4,0,16,12,16,1.0,518.8060273223053,32649.482185784425,281,277,3
SELF-Q4-mixed-fixed_hash-343,343,mixed,fixed_hash,triangle_active,True,all_sources_cleared_with_certificate,triangle,True,905.0,31,31,"[1, 3, 5, 6, 7, 9, 15, 16, 18, 20]","[1, 3, 5, 6, 7, 9, 15, 16, 18, 20]",full_mesh,9672.994925693589,0.008634499999999434,0,28,9,1,0,0,10,5,10,1.0,967.2994925693589,35924.97462846792,408,398,0
SELF-Q4-mixed-fixed_hash-344,344,mixed,fixed_hash,triangle_active,True,all_sources_cleared_with_certificate,triangle,True,905.0,31,31,"[4, 5, 7, 10, 11, 12, 13, 14, 15, 16, 20]","[4, 5, 7, 10, 11, 12, 13, 14, 15, 16, 20]",full_mesh,9773.615005318248,0.007851416999997696,0,21,10,1,0,0,11,6,11,1.0,888.5104550289317,37158.07502659124,383,372,0
SELF-Q4-mixed-fixed_hash-345,345,mixed,fixed_hash,triangle_active,True,all_sources_cleared_with_certificate,triangle,True,905.0,31,31,"[1, 3, 4, 5, 6, 7, 10, 11, 12, 14, 16, 18]","[1, 3, 4, 5, 6, 7, 10, 11, 12, 14, 16, 18]",full_mesh,9960.2416750179,0.00910441599999956,0,29,11,1,0,0,12,11,12,1.0,830.020139584825,37356.2083750895,406,399,0
SELF-Q4-mixed-fixed_hash-346,346,mixed,fixed_hash,triangle_active,True,all_sources_cleared_with_certificate,triangle,True,905.0,31,31,"[2, 3, 4, 7, 8, 9, 11, 12, 13, 14, 15, 17, 18]","[2, 3, 4, 7, 8, 9, 11, 12, 13, 14, 15, 17, 18]",full_mesh,9581.125285953081,0.007573166999996772,0,22,12,1,0,0,13,3,13,1.0,737.0096373810063,38115.626429765405,318,303,0
SELF-Q4-mixed-fixed_hash-347,347,mixed,fixed_hash,triangle_active,True,all_sources_cleared_with_certificate,triangle,True,905.0,31,31,"[1, 3, 4, 5, 6, 7, 8, 9, 12, 16, 17, 18, 19, 20]","[1, 3, 4, 5, 6, 7, 8, 9, 12, 16, 17, 18, 19, 20]",full_mesh,10238.753667097022,0.008820999999997525,0,16,13,1,0,0,14,7,14,1.0,731.3395476497873,40848.76833548511,335,324,0
SELF-Q4-mixed-fixed_hash-348,348,mixed,fixed_hash,triangle_active,True,all_sources_cleared_with_certificate,triangle,True,905.0,31,31,"[1, 2, 3, 4, 6, 7, 8, 9, 11, 14, 15, 16, 17, 18, 19]","[1, 2, 3, 4, 6, 7, 8, 9, 11, 14, 15, 16, 17, 18, 19]",full_mesh,9927.525858329316,0.008000582999997619,0,17,15,0,0,0,15,3,15,1.0,661.8350572219545,40112.62929164658,307,295,0
SELF-Q4-mixed-fixed_hash-349,349,mixed,fixed_hash,triangle_active,True,all_sources_cleared_with_certificate,triangle,True,905.0,31,17,"[1, 3, 4, 5, 6, 8, 9, 10, 13, 14, 15, 16, 17, 18, 19, 20]","[1, 3, 4, 5, 6, 8, 9, 10, 13, 14, 15, 16, 17, 18, 19, 20]",count_upper_bound,8282.900872382212,0.013915584000002923,3,27,8,5,13,177,16,12,16,1.0,517.6813045238882,31024.50436191104,248,236,174
SELF-Q4-mixed-fixed_hash-350,350,mixed,fixed_hash,triangle_active,True,all_sources_cleared_with_certificate,triangle,True,905.0,31,31,"[3, 5, 6, 10, 11, 12, 13, 14, 18, 20]","[3, 5, 6, 10, 11, 12, 13, 14, 18, 20]",full_mesh,10069.192680642956,0.008105374999999526,0,16,10,0,0,0,10,8,10,1.0,1006.9192680642957,37680.96340321477,416,403,0
SELF-Q4-mixed-fixed_hash-351,351,mixed,fixed_hash,triangle_active,True,all_sources_cleared_with_certificate,triangle,True,905.0,31,31,"[5, 6, 7, 8, 9, 10, 11, 12, 18, 19, 20]","[5, 6, 7, 8, 9, 10, 11, 12, 18, 19, 20]",full_mesh,10494.7082881459,0.007932208999996249,0,17,10,1,0,0,11,4,11,1.0,954.0643898314454,40463.541440729474,393,382,0
SELF-Q4-mixed-fixed_hash-352,352,mixed,fixed_hash,triangle_active,True,all_sources_cleared_with_certificate,triangle,True,905.0,31,31,"[2, 3, 4, 5, 8, 9, 10, 14, 16, 17, 19, 20]","[2, 3, 4, 5, 8, 9, 10, 14, 16, 17, 19, 20]",full_mesh,9984.892939259627,0.009238500000002148,0,18,12,0,0,0,12,2,12,1.0,832.074411604969,38484.46469629814,373,363,0
SELF-Q4-mixed-fixed_hash-353,353,mixed,fixed_hash,triangle_active,True,all_sources_cleared_with_certificate,triangle,True,905.0,31,31,"[2, 3, 4, 6, 7, 8, 9, 10, 12, 13, 15, 16, 19]","[2, 3, 4, 6, 7, 8, 9, 10, 12, 13, 15, 16, 19]",full_mesh,10315.172456837972,0.007449582999996096,0,28,13,1,2,0,13,10,13,1.0,793.4748043721518,40955.862284189876,345,331,1
SELF-Q4-mixed-fixed_hash-354,354,mixed,fixed_hash,triangle_active,True,all_sources_cleared_with_certificate,triangle,True,905.0,31,31,"[1, 2, 3, 4, 5, 7, 8, 10, 11, 16, 17, 18, 19, 20]","[1, 2, 3, 4, 5, 7, 8, 10, 11, 16, 17, 18, 19, 20]",full_mesh,10141.762230263274,0.00913262499999945,0,14,14,0,0,0,14,5,14,1.0,724.4115878759482,40108.81115131636,343,335,0
SELF-Q4-mixed-fixed_hash-355,355,mixed,fixed_hash,triangle_active,True,all_sources_cleared_with_certificate,triangle,True,905.0,31,31,"[2, 3, 4, 5, 6, 7, 9, 10, 11, 13, 14, 15, 16, 19, 20]","[2, 3, 4, 5, 6, 7, 9, 10, 11, 13, 14, 15, 16, 19, 20]",full_mesh,9907.630042300387,0.00941595799999817,0,34,13,2,0,0,15,10,15,1.0,660.5086694866925,39928.15021150193,309,302,0
SELF-Q4-mixed-fixed_hash-356,356,mixed,fixed_hash,triangle_active,True,all_sources_cleared_with_certificate,triangle,True,905.0,31,22,"[2, 4, 6, 7, 8, 9, 10, 11, 12, 13, 14, 15, 16, 17, 18, 19]","[2, 4, 6, 7, 8, 9, 10, 11, 12, 13, 14, 15, 16, 17, 18, 19]",count_upper_bound,8655.556726870198,0.011391625000001682,1,20,14,3,8,75,16,5,16,1.0,540.9722954293874,32937.783634351,295,285,76
SELF-Q4-mixed-fixed_hash-357,357,mixed,fixed_hash,triangle_active,True,all_sources_cleared_with_certificate,triangle,True,905.0,31,31,"[3, 4, 5, 6, 7, 8, 9, 12, 18, 20]","[3, 4, 5, 6, 7, 8, 9, 12, 18, 20]",full_mesh,9819.331107360898,0.008679333000003453,0,29,9,1,0,0,10,7,10,1.0,981.9331107360898,35766.65553680448,438,426,0
SELF-Q4-mixed-fixed_hash-358,358,mixed,fixed_hash,triangle_active,True,all_sources_cleared_with_certificate,triangle,True,905.0,31,31,"[1, 2, 3, 7, 8, 10, 11, 13, 14, 15, 19]","[1, 2, 3, 7, 8, 10, 11, 13, 14, 15, 19]",full_mesh,10245.150916266433,0.008833707999997387,0,14,11,0,0,0,11,4,11,1.0,931.3773560242212,38460.754581332156,418,408,0
SELF-Q4-mixed-fixed_hash-359,359,mixed,fixed_hash,triangle_active,True,all_sources_cleared_with_certificate,triangle,True,905.0,31,31,"[1, 2, 3, 7, 9, 10, 13, 15, 16, 17, 18, 19]","[1, 2, 3, 7, 9, 10, 13, 15, 16, 17, 18, 19]",full_mesh,9670.241643756928,0.009185041999998589,0,9,12,0,0,0,12,4,12,1.0,805.8534703130773,36351.20821878464,392,380,0
SELF-Q4-mixed-fixed_hash-360,360,mixed,fixed_hash,triangle_active,True,all_sources_cleared_with_certificate,triangle,True,905.0,31,31,"[2, 3, 4, 7, 8, 9, 10, 11, 13, 14, 15, 17, 20]","[2, 3, 4, 7, 8, 9, 10, 11, 13, 14, 15, 17, 20]",full_mesh,10313.923133133385,0.008347457999995811,0,19,12,1,0,0,13,6,13,1.0,793.3787025487219,40914.615665666926,346,336,0
SELF-Q4-mixed-fixed_hash-361,361,mixed,fixed_hash,triangle_active,True,all_sources_cleared_with_certificate,triangle,True,905.0,31,31,"[1, 3, 4, 5, 6, 7, 10, 11, 12, 13, 15, 16, 18, 20]","[1, 3, 4, 5, 6, 7, 10, 11, 12, 13, 15, 16, 18, 20]",full_mesh,10162.687037514226,0.009375374999997632,0,47,12,2,0,0,14,10,14,1.0,725.9062169653018,39063.43518757112,381,375,0
SELF-Q4-mixed-fixed_hash-362,362,mixed,fixed_hash,triangle_active,True,all_sources_cleared_with_certificate,triangle,True,905.0,31,31,"[3, 5, 6, 8, 9, 10, 11, 12, 13, 14, 16, 17, 18, 19, 20]","[3, 5, 6, 8, 9, 10, 11, 12, 13, 14, 16, 17, 18, 19, 20]",full_mesh,10088.589101011254,0.009736166999999796,0,40,12,3,0,0,15,10,15,1.0,672.5726067340836,39347.94550505626,358,354,0
SELF-Q4-mixed-fixed_hash-363,363,mixed,fixed_hash,triangle_active,True,all_sources_cleared_with_certificate,triangle,True,905.0,31,18,"[2, 3, 6, 7, 9, 10, 11, 12, 13, 14, 15, 16, 17, 18, 19, 20]","[2, 3, 6, 7, 9, 10, 11, 12, 13, 14, 15, 16, 17, 18, 19, 20]",count_upper_bound,6750.450715728405,0.007649499999999421,0,28,13,5,5,0,16,6,16,1.0,421.9031697330253,26347.253578642038,233,230,2
SELF-Q4-mixed-fixed_hash-364,364,mixed,fixed_hash,triangle_active,True,all_sources_cleared_with_certificate,triangle,True,905.0,31,31,"[1, 3, 4, 6, 9, 15, 16, 17, 19, 20]","[1, 3, 4, 6, 9, 15, 16, 17, 19, 20]",full_mesh,10756.106477297417,0.01090012499999915,1,30,9,0,3,57,10,4,10,1.0,1075.6106477297417,39820.53238648709,431,419,56
SELF-Q4-mixed-fixed_hash-365,365,mixed,fixed_hash,triangle_active,True,all_sources_cleared_with_certificate,triangle,True,905.0,31,31,"[1, 3, 5, 7, 9, 10, 11, 13, 17, 18, 20]","[1, 3, 5, 7, 9, 10, 11, 13, 17, 18, 20]",full_mesh,9764.28784599911,0.00939441599999924,0,26,9,2,0,0,11,4,11,1.0,887.6625314544646,37216.43922999553,379,371,0
SELF-Q4-mixed-fixed_hash-366,366,mixed,fixed_hash,triangle_active,True,all_sources_cleared_with_certificate,triangle,True,905.0,31,31,"[2, 3, 4, 5, 6, 7, 11, 12, 13, 15, 16, 20]","[2, 3, 4, 5, 6, 7, 11, 12, 13, 15, 16, 20]",full_mesh,10221.72102467397,0.010868791000000044,0,48,11,1,0,0,12,7,12,1.0,851.8100853894975,37593.60512336984,441,438,0
SELF-Q4-mixed-fixed_hash-367,367,mixed,fixed_hash,triangle_active,True,all_sources_cleared_with_certificate,triangle,True,905.0,31,31,"[1, 2, 4, 5, 7, 8, 9, 12, 14, 16, 17, 18, 19]","[1, 2, 4, 5, 7, 8, 9, 12, 14, 16, 17, 18, 19]",full_mesh,10059.212466810726,0.008964042000002337,0,25,13,0,0,0,13,4,13,1.0,773.7855743700559,39021.06233405363,367,355,0
SELF-Q4-mixed-fixed_hash-368,368,mixed,fixed_hash,triangle_active,True,all_sources_cleared_with_certificate,triangle,True,905.0,31,31,"[2, 5, 7, 8, 9, 10, 11, 13, 14, 15, 16, 17, 18, 19]","[2, 5, 7, 8, 9, 10, 11, 13, 14, 15, 16, 17, 18, 19]",full_mesh,10266.415533240192,0.009351958999999965,0,23,14,0,0,0,14,6,14,1.0,733.3153952314423,39932.077666200945,370,360,0
SELF-Q4-mixed-fixed_hash-369,369,mixed,fixed_hash,triangle_active,True,all_sources_cleared_with_certificate,triangle,True,905.0,31,31,"[1, 2, 3, 4, 7, 8, 9, 10, 12, 13, 15, 16, 17, 18, 19]","[1, 2, 3, 4, 7, 8, 9, 10, 12, 13, 15, 16, 17, 18, 19]",full_mesh,9522.521582566358,0.008966667000002815,0,43,14,1,0,0,15,6,15,1.0,634.8347721710905,38917.60791283181,279,269,0
SELF-Q4-mixed-fixed_hash-370,370,mixed,fixed_hash,triangle_active,True,all_sources_cleared_with_certificate,triangle,True,905.0,31,17,"[1, 3, 4, 5, 6, 8, 9, 10, 11, 12, 13, 14, 15, 16, 17, 19]","[1, 3, 4, 5, 6, 8, 9, 10, 11, 12, 13, 14, 15, 16, 17, 19]",count_upper_bound,8004.789953169628,0.009606292000000849,1,19,10,7,11,3,16,10,16,1.0,500.2993720731017,31748.949765848138,262,253,4
SELF-Q4-mixed-fixed_hash-371,371,mixed,fixed_hash,triangle_active,True,all_sources_cleared_with_certificate,triangle,True,905.0,31,31,"[1, 4, 6, 8, 10, 13, 14, 17, 18, 19]","[1, 4, 6, 8, 10, 13, 14, 17, 18, 19]",full_mesh,9777.567691792088,0.007700667000001715,0,16,10,0,0,0,10,4,10,1.0,977.7567691792088,36802.83845896043,397,382,0
SELF-Q4-mixed-fixed_hash-372,372,mixed,fixed_hash,triangle_active,True,all_sources_cleared_with_certificate,triangle,True,905.0,31,31,"[3, 4, 7, 8, 9, 10, 12, 16, 18, 19, 20]","[3, 4, 7, 8, 9, 10, 12, 16, 18, 19, 20]",full_mesh,10275.698774918417,0.008729334000001643,0,14,11,0,0,0,11,7,11,1.0,934.1544340834924,38618.49387459209,418,407,0
SELF-Q4-mixed-fixed_hash-373,373,mixed,fixed_hash,triangle_active,True,all_sources_cleared_with_certificate,triangle,True,905.0,31,31,"[2, 4, 5, 6, 7, 8, 10, 12, 15, 16, 17, 19]","[2, 4, 5, 6, 7, 8, 10, 12, 15, 16, 17, 19]",full_mesh,10171.046339950974,0.009124792000001491,0,26,11,1,0,0,12,8,12,1.0,847.5871949959145,38535.23169975488,402,394,0
SELF-Q4-mixed-fixed_hash-374,374,mixed,fixed_hash,triangle_active,True,all_sources_cleared_with_certificate,triangle,True,905.0,31,31,"[4, 5, 8, 9, 11, 12, 13, 14, 15, 16, 17, 18, 19]","[4, 5, 8, 9, 11, 12, 13, 14, 15, 16, 17, 18, 19]",full_mesh,9687.943232709213,0.009172499999998251,0,17,13,0,0,0,13,7,13,1.0,745.2264025160932,38339.716163546065,328,315,0
SELF-Q4-mixed-fixed_hash-375,375,mixed,fixed_hash,triangle_active,True,all_sources_cleared_with_certificate,triangle,True,905.0,31,31,"[3, 5, 6, 7, 8, 9, 12, 13, 14, 15, 16, 17, 19, 20]","[3, 5, 6, 7, 8, 9, 12, 13, 14, 15, 16, 17, 19, 20]",full_mesh,10073.533520459721,0.009311457999999107,0,42,14,0,0,0,14,11,14,1.0,719.5381086042659,38617.66760229862,381,375,0
SELF-Q4-mixed-fixed_hash-376,376,mixed,fixed_hash,triangle_active,True,all_sources_cleared_with_certificate,triangle,True,905.0,31,31,"[1, 3, 4, 6, 7, 8, 9, 10, 12, 13, 15, 16, 17, 18, 20]","[1, 3, 4, 6, 7, 8, 9, 10, 12, 13, 15, 16, 17, 18, 20]",full_mesh,9710.044268791382,0.009210416999998472,0,25,14,2,1,0,15,10,15,1.0,647.3362845860921,38860.2213439569,312,300,1
SELF-Q4-mixed-fixed_hash-377,377,mixed,fixed_hash,triangle_active,True,all_sources_cleared_with_certificate,triangle,True,905.0,31,18,"[1, 2, 3, 4, 6, 7, 8, 9, 11, 13, 14, 15, 17, 18, 19, 20]","[1, 2, 3, 4, 6, 7, 8, 9, 11, 13, 14, 15, 17, 18, 19, 20]",count_upper_bound,6932.569193015328,0.007957083999997394,0,29,9,8,3,0,16,6,16,1.0,433.285574563458,26697.845965076653,252,250,1
SELF-Q4-mixed-fixed_hash-378,378,mixed,fixed_hash,triangle_active,True,all_sources_cleared_with_certificate,triangle,True,905.0,31,31,"[1, 5, 7, 8, 10, 12, 13, 15, 17, 20]","[1, 5, 7, 8, 10, 12, 13, 15, 17, 20]",full_mesh,10342.16540548231,0.008068916999995679,0,10,10,0,0,0,10,3,10,1.0,1034.216540548231,39700.827027411535,394,382,0
SELF-Q4-mixed-fixed_hash-379,379,mixed,fixed_hash,triangle_active,True,all_sources_cleared_with_certificate,triangle,True,905.0,31,31,"[1, 6, 7, 8, 10, 11, 13, 14, 16, 17, 18]","[1, 6, 7, 8, 10, 11, 13, 14, 16, 17, 18]",full_mesh,9976.722892323602,0.009430375000000879,0,21,11,0,0,0,11,8,11,1.0,906.9748083930547,36903.614461617995,425,416,0
SELF-Q4-mixed-fixed_hash-380,380,mixed,fixed_hash,triangle_active,True,all_sources_cleared_with_certificate,triangle,True,905.0,31,31,"[4, 5, 8, 9, 10, 11, 12, 13, 14, 15, 18, 20]","[4, 5, 8, 9, 10, 11, 12, 13, 14, 15, 18, 20]",full_mesh,9718.324563573786,0.008270750000001215,0,32,11,1,0,0,12,8,12,1.0,809.8603802978155,36986.622817868934,378,371,0
SELF-Q4-mixed-fixed_hash-381,381,mixed,fixed_hash,triangle_active,True,all_sources_cleared_with_certificate,triangle,True,905.0,31,31,"[1, 4, 5, 7, 9, 10, 11, 13, 14, 15, 16, 19, 20]","[1, 4, 5, 7, 9, 10, 11, 13, 14, 15, 16, 19, 20]",full_mesh,10084.835714666911,0.008179790999996328,0,28,13,0,0,0,13,7,13,1.0,775.7565934359162,40274.17857333455,329,320,0
SELF-Q4-mixed-fixed_hash-382,382,mixed,fixed_hash,triangle_active,True,all_sources_cleared_with_certificate,triangle,True,905.0,31,31,"[1, 2, 3, 5, 6, 8, 9, 10, 11, 12, 13, 15, 16, 19]","[1, 2, 3, 5, 6, 8, 9, 10, 11, 12, 13, 15, 16, 19]",full_mesh,10144.515208282111,0.01026408399999923,0,46,12,2,0,0,14,12,14,1.0,724.608229163008,38517.57604141055,397,386,0
SELF-Q4-mixed-fixed_hash-383,383,mixed,fixed_hash,triangle_active,True,all_sources_cleared_with_certificate,triangle,True,905.0,31,31,"[2, 4, 5, 6, 8, 11, 12, 13, 14, 15, 16, 17, 18, 19, 20]","[2, 4, 5, 6, 8, 11, 12, 13, 14, 15, 16, 17, 18, 19, 20]",full_mesh,9472.676208728739,0.009175249999998414,0,34,14,1,0,0,15,5,15,1.0,631.5117472485825,38388.3810436437,288,280,0
SELF-Q4-mixed-fixed_hash-384,384,mixed,fixed_hash,triangle_active,True,all_sources_cleared_with_certificate,triangle,True,905.0,31,17,"[1, 2, 4, 5, 7, 8, 9, 10, 12, 13, 15, 16, 17, 18, 19, 20]","[1, 2, 4, 5, 7, 8, 9, 10, 12, 13, 15, 16, 17, 18, 19, 20]",count_upper_bound,7098.777305137995,0.007474667000003876,0,30,13,9,12,0,16,8,16,1.0,443.6735815711247,28498.886525689966,218,211,6
SELF-Q4-mixed-fixed_hash-385,385,mixed,fixed_hash,triangle_active,True,all_sources_cleared_with_certificate,triangle,True,905.0,31,31,"[1, 3, 4, 7, 10, 13, 14, 16, 17, 19]","[1, 3, 4, 7, 10, 13, 14, 16, 17, 19]",full_mesh,9769.771607620154,0.007859375000002444,0,20,9,1,0,0,10,6,10,1.0,976.9771607620154,35933.85803810076,424,413,0
SELF-Q4-mixed-fixed_hash-386,386,mixed,fixed_hash,triangle_active,True,all_sources_cleared_with_certificate,triangle,True,905.0,31,31,"[1, 4, 5, 9, 10, 11, 13, 14, 15, 17, 20]","[1, 4, 5, 9, 10, 11, 13, 14, 15, 17, 20]",full_mesh,10217.818141708036,0.009356500000002654,0,30,7,5,1,0,11,10,11,1.0,928.8925583370942,37054.09070854015,460,449,1
SELF-Q4-mixed-fixed_hash-387,387,mixed,fixed_hash,triangle_active,True,all_sources_cleared_with_certificate,triangle,True,905.0,31,31,"[2, 4, 5, 6, 7, 9, 10, 15, 17, 18, 19, 20]","[2, 4, 5, 6, 7, 9, 10, 15, 17, 18, 19, 20]",full_mesh,10141.35411441792,0.008844833000004826,0,18,11,1,0,0,12,2,12,1.0,845.11284286816,39006.7705720896,382,370,0
SELF-Q4-mixed-fixed_hash-388,388,mixed,fixed_hash,triangle_active,True,all_sources_cleared_with_certificate,triangle,True,905.0,31,31,"[2, 3, 4, 6, 7, 8, 11, 12, 13, 14, 17, 19, 20]","[2, 3, 4, 6, 7, 8, 11, 12, 13, 14, 17, 19, 20]",full_mesh,10140.340829209214,0.008928916999998648,0,29,13,0,0,0,13,2,13,1.0,780.026217631478,39906.70414604609,351,339,0
SELF-Q4-mixed-fixed_hash-389,389,mixed,fixed_hash,triangle_active,True,all_sources_cleared_with_certificate,triangle,True,905.0,31,31,"[1, 3, 4, 7, 8, 9, 12, 13, 14, 16, 17, 18, 19, 20]","[1, 3, 4, 7, 8, 9, 12, 13, 14, 16, 17, 18, 19, 20]",full_mesh,9767.96326540121,0.00895670899999601,0,34,13,1,0,0,14,8,14,1.0,697.7116618143721,39009.81632700605,317,311,0
SELF-Q4-mixed-fixed_hash-390,390,mixed,fixed_hash,triangle_active,True,all_sources_cleared_with_certificate,triangle,True,905.0,31,31,"[1, 3, 4, 5, 6, 9, 11, 13, 14, 15, 16, 17, 18, 19, 20]","[1, 3, 4, 5, 6, 9, 11, 13, 14, 15, 16, 17, 18, 19, 20]",full_mesh,9398.619218164784,0.008814874999998779,0,39,14,1,0,0,15,5,15,1.0,626.5746145443189,39083.09609082393,253,242,0
SELF-Q4-mixed-fixed_hash-391,391,mixed,fixed_hash,triangle_active,True,all_sources_cleared_with_certificate,triangle,True,905.0,31,18,"[1, 2, 4, 5, 6, 8, 10, 11, 12, 13, 14, 15, 16, 18, 19, 20]","[1, 2, 4, 5, 6, 8, 10, 11, 12, 13, 14, 15, 16, 18, 19, 20]",count_upper_bound,7006.884084587731,0.008301291999998739,0,14,16,2,11,0,16,2,16,1.0,437.9302552867332,27549.42042293866,237,226,2
SELF-Q4-mixed-fixed_hash-392,392,mixed,fixed_hash,triangle_active,True,all_sources_cleared_with_certificate,triangle,True,905.0,31,31,"[2, 4, 6, 7, 9, 15, 16, 18, 19, 20]","[2, 4, 6, 7, 9, 15, 16, 18, 19, 20]",full_mesh,9780.64315576118,0.008829458999997541,0,27,9,1,0,0,10,5,10,1.0,978.0643155761179,35868.21577880589,428,417,0
SELF-Q4-mixed-fixed_hash-393,393,mixed,fixed_hash,triangle_active,True,all_sources_cleared_with_certificate,triangle,True,905.0,31,31,"[1, 3, 4, 6, 8, 10, 11, 12, 14, 17, 19]","[1, 3, 4, 6, 8, 10, 11, 12, 14, 17, 19]",full_mesh,9871.948011212848,0.00882558400000022,0,5,11,0,0,0,11,2,11,1.0,897.449819201168,38074.74005606424,369,357,0
SELF-Q4-mixed-fixed_hash-394,394,mixed,fixed_hash,triangle_active,True,all_sources_cleared_with_certificate,triangle,True,905.0,31,31,"[2, 3, 4, 6, 7, 8, 12, 14, 16, 17, 18, 20]","[2, 3, 4, 6, 7, 8, 12, 14, 16, 17, 18, 20]",full_mesh,9992.134773471054,0.008751750000001834,0,18,12,0,0,0,12,8,12,1.0,832.6778977892545,38315.67386735527,380,369,0
SELF-Q4-mixed-fixed_hash-395,395,mixed,fixed_hash,triangle_active,True,all_sources_cleared_with_certificate,triangle,True,905.0,31,31,"[1, 2, 3, 4, 5, 6, 7, 11, 12, 13, 14, 15, 17]","[1, 2, 3, 4, 5, 6, 7, 11, 12, 13, 14, 15, 17]",full_mesh,10199.218839107658,0.008364083000003575,0,21,13,0,0,0,13,9,13,1.0,784.5552953159737,39341.094195538295,379,371,0
SELF-Q4-mixed-fixed_hash-396,396,mixed,fixed_hash,triangle_active,True,all_sources_cleared_with_certificate,triangle,True,905.0,31,31,"[2, 4, 5, 6, 7, 9, 10, 12, 14, 15, 17, 18, 19, 20]","[2, 4, 5, 6, 7, 9, 10, 12, 14, 15, 17, 18, 19, 20]",full_mesh,10001.70395324309,0.009280375000003005,0,36,12,2,0,0,14,6,14,1.0,714.4074252316493,39238.51976621544,349,339,0
SELF-Q4-mixed-fixed_hash-397,397,mixed,fixed_hash,triangle_active,True,all_sources_cleared_with_certificate,triangle,True,905.0,31,31,"[1, 2, 3, 4, 5, 7, 9, 10, 12, 13, 15, 17, 18, 19, 20]","[1, 2, 3, 4, 5, 7, 9, 10, 12, 13, 15, 17, 18, 19, 20]",full_mesh,9971.395704658895,0.01086216600000256,1,50,10,5,2,6,15,14,15,1.0,664.7597136439264,40101.97852329448,311,303,6
SELF-Q4-mixed-fixed_hash-398,398,mixed,fixed_hash,triangle_active,True,all_sources_cleared_with_certificate,triangle,True,905.0,31,21,"[1, 2, 3, 4, 6, 8, 10, 11, 12, 13, 14, 15, 16, 17, 18, 20]","[1, 2, 3, 4, 6, 8, 10, 11, 12, 13, 14, 15, 16, 17, 18, 20]",count_upper_bound,8312.352995731415,0.009816166000000237,1,31,13,3,7,68,16,7,16,1.0,519.5220622332134,32771.76497865707,247,239,68
SELF-Q4-mixed-fixed_hash-399,399,mixed,fixed_hash,triangle_active,True,all_sources_cleared_with_certificate,triangle,True,905.0,31,31,"[1, 2, 3, 4, 6, 8, 9, 11, 18, 20]","[1, 2, 3, 4, 6, 8, 9, 11, 18, 20]",full_mesh,9803.7160565793,0.00848579100000535,0,9,10,0,0,0,10,1,10,1.0,980.37160565793,37203.580282896495,388,373,0
SELF-Q4-mixed-fixed_hash-400,400,mixed,fixed_hash,triangle_active,True,all_sources_cleared_with_certificate,triangle,True,905.0,31,31,"[3, 7, 8, 9, 10, 12, 13, 15, 16, 18, 19]","[3, 7, 8, 9, 10, 12, 13, 15, 16, 18, 19]",full_mesh,10567.257557663297,0.009645333000001699,0,15,9,2,0,0,11,5,11,1.0,960.6597779693907,39161.28778831646,448,440,0
SELF-Q4-mixed-fixed_hash-401,401,mixed,fixed_hash,triangle_active,True,all_sources_cleared_with_certificate,triangle,True,905.0,31,31,"[3, 4, 5, 6, 8, 9, 11, 13, 14, 15, 16, 20]","[3, 4, 5, 6, 8, 9, 11, 13, 14, 15, 16, 20]",full_mesh,9731.934992170849,0.008726375000001951,0,15,12,0,0,0,12,2,12,1.0,810.994582680904,37439.67496085424,366,354,0
SELF-Q4-mixed-fixed_hash-402,402,mixed,fixed_hash,triangle_active,True,all_sources_cleared_with_certificate,triangle,True,905.0,31,31,"[1, 3, 4, 7, 8, 9, 10, 13, 14, 16, 17, 18, 20]","[1, 3, 4, 7, 8, 9, 10, 13, 14, 16, 17, 18, 20]",full_mesh,10117.794713696758,0.00957887500000254,0,29,11,2,0,0,13,10,13,1.0,778.2919010535968,38653.97356848379,388,382,0
SELF-Q4-mixed-fixed_hash-403,403,mixed,fixed_hash,triangle_active,True,all_sources_cleared_with_certificate,triangle,True,905.0,31,31,"[2, 3, 6, 7, 8, 9, 10, 11, 12, 13, 14, 16, 17, 20]","[2, 3, 6, 7, 8, 9, 10, 11, 12, 13, 14, 16, 17, 20]",full_mesh,10086.081391271464,0.009442083999999795,0,30,13,1,0,0,14,12,14,1.0,720.4343850908189,40110.40695635731,334,324,0
SELF-Q4-mixed-fixed_hash-404,404,mixed,fixed_hash,triangle_active,True,all_sources_cleared_with_certificate,triangle,True,905.0,31,31,"[1, 2, 3, 6, 7, 10, 11, 12, 13, 14, 16, 17, 18, 19, 20]","[1, 2, 3, 6, 7, 10, 11, 12, 13, 14, 16, 17, 18, 19, 20]",full_mesh,10718.30299760292,0.009560041000000297,0,41,14,2,1,0,15,14,15,1.0,714.553533173528,42526.51498801459,357,350,1
SELF-Q4-mixed-fixed_hash-405,405,mixed,fixed_hash,triangle_active,True,all_sources_cleared_with_certificate,triangle,True,905.0,31,24,"[1, 2, 4, 5, 6, 7, 9, 10, 11, 13, 14, 15, 16, 17, 18, 19]","[1, 2, 4, 5, 6, 7, 9, 10, 11, 13, 14, 15, 16, 17, 18, 19]",count_upper_bound,7969.974847873445,0.008020124999994493,0,42,13,4,3,0,16,9,16,1.0,498.1234279920903,31634.874239367215,261,255,1
SELF-Q4-mixed-fixed_hash-406,406,mixed,fixed_hash,triangle_active,True,all_sources_cleared_with_certificate,triangle,True,905.0,31,31,"[1, 2, 3, 4, 5, 10, 13, 14, 15, 20]","[1, 2, 3, 4, 5, 10, 13, 14, 15, 20]",full_mesh,10019.901454927234,0.00872237499999784,0,18,8,2,0,0,10,2,10,1.0,1001.9901454927234,36909.50727463616,433,423,0
SELF-Q4-mixed-fixed_hash-407,407,mixed,fixed_hash,triangle_active,True,all_sources_cleared_with_certificate,triangle,True,905.0,31,31,"[4, 8, 9, 10, 11, 12, 13, 14, 16, 18, 19]","[4, 8, 9, 10, 11, 12, 13, 14, 16, 18, 19]",full_mesh,10059.688392533868,0.00864945800000072,0,26,10,1,0,0,11,7,11,1.0,914.517126593988,36558.441962669334,450,443,0
SELF-Q4-mixed-fixed_hash-408,408,mixed,fixed_hash,triangle_active,True,all_sources_cleared_with_certificate,triangle,True,905.0,31,31,"[2, 4, 5, 7, 8, 9, 11, 14, 15, 17, 18, 19]","[2, 4, 5, 7, 8, 9, 11, 14, 15, 17, 18, 19]",full_mesh,10061.616538590626,0.008744790999998031,0,22,12,0,0,0,12,9,12,1.0,838.4680448825521,38873.08269295314,373,362,0
SELF-Q4-mixed-fixed_hash-409,409,mixed,fixed_hash,triangle_active,True,all_sources_cleared_with_certificate,triangle,True,905.0,31,31,"[2, 4, 5, 7, 9, 11, 12, 13, 14, 16, 17, 18, 19]","[2, 4, 5, 7, 9, 11, 12, 13, 14, 16, 17, 18, 19]",full_mesh,9925.008354258896,0.008815000000005568,0,26,13,0,0,0,13,4,13,1.0,763.4621810968382,38650.04177129448,357,345,0
SELF-Q4-mixed-fixed_hash-410,410,mixed,fixed_hash,triangle_active,True,all_sources_cleared_with_certificate,triangle,True,905.0,31,31,"[1, 3, 4, 5, 8, 9, 10, 11, 12, 14, 16, 17, 19, 20]","[1, 3, 4, 5, 8, 9, 10, 11, 12, 14, 16, 17, 19, 20]",full_mesh,9479.536492987923,0.008127292000004616,0,17,14,0,0,0,14,1,14,1.0,677.1097494991374,38687.6824649396,281,267,0
SELF-Q4-mixed-fixed_hash-411,411,mixed,fixed_hash,triangle_active,True,all_sources_cleared_with_certificate,triangle,True,905.0,31,31,"[1, 2, 4, 6, 7, 8, 9, 10, 11, 14, 15, 16, 17, 19, 20]","[1, 2, 4, 6, 7, 8, 9, 10, 11, 14, 15, 16, 17, 19, 20]",full_mesh,9413.192503271575,0.007861624999996764,0,13,14,1,0,0,15,2,15,1.0,627.5461668847717,38705.96251635787,268,257,0
SELF-Q4-mixed-fixed_hash-412,412,mixed,fixed_hash,triangle_active,True,all_sources_cleared_with_certificate,triangle,True,905.0,31,17,"[1, 2, 4, 5, 6, 7, 8, 10, 11, 13, 14, 15, 16, 18, 19, 20]","[1, 2, 4, 5, 6, 7, 8, 10, 11, 13, 14, 15, 16, 18, 19, 20]",count_upper_bound,6536.9107427030085,0.008172625000000266,0,18,13,4,5,0,16,6,16,1.0,408.55692141893803,25884.553713515048,214,207,1
SELF-Q4-mixed-fixed_hash-413,413,mixed,fixed_hash,triangle_active,True,all_sources_cleared_with_certificate,triangle,True,905.0,31,31,"[3, 5, 6, 8, 9, 10, 11, 15, 18, 19]","[3, 5, 6, 8, 9, 10, 11, 15, 18, 19]",full_mesh,9711.01376328181,0.008861250000002485,0,22,10,0,0,0,10,5,10,1.0,971.101376328181,35725.068816409046,421,411,0
SELF-Q4-mixed-fixed_hash-414,414,mixed,fixed_hash,triangle_active,True,all_sources_cleared_with_certificate,triangle,True,905.0,31,31,"[2, 3, 5, 6, 8, 9, 10, 12, 13, 14, 17]","[2, 3, 5, 6, 8, 9, 10, 12, 13, 14, 17]",full_mesh,10034.551535003402,0.00966349999999494,0,24,10,1,0,0,11,7,11,1.0,912.231957727582,38027.757675017005,397,389,0
SELF-Q4-mixed-fixed_hash-415,415,mixed,fixed_hash,triangle_active,True,all_sources_cleared_with_certificate,triangle,True,905.0,31,31,"[1, 2, 3, 7, 8, 9, 11, 13, 14, 15, 17, 18]","[1, 2, 3, 7, 8, 9, 11, 13, 14, 15, 17, 18]",full_mesh,10222.978282956243,0.009103166999999246,0,19,9,3,0,0,12,8,12,1.0,851.9148569130202,39304.89141478122,386,372,0
SELF-Q4-mixed-fixed_hash-416,416,mixed,fixed_hash,triangle_active,True,all_sources_cleared_with_certificate,triangle,True,905.0,31,31,"[1, 6, 8, 9, 10, 11, 12, 15, 16, 17, 18, 19, 20]","[1, 6, 8, 9, 10, 11, 12, 15, 16, 17, 18, 19, 20]",full_mesh,9996.871913412482,0.009185209000001748,0,33,11,2,0,0,13,11,13,1.0,768.9901471855756,39239.3595670624,349,339,0
SELF-Q4-mixed-fixed_hash-417,417,mixed,fixed_hash,triangle_active,True,all_sources_cleared_with_certificate,triangle,True,905.0,31,31,"[1, 2, 3, 6, 7, 8, 9, 10, 11, 12, 13, 14, 15, 20]","[1, 2, 3, 6, 7, 8, 9, 10, 11, 12, 13, 14, 15, 20]",full_mesh,10080.000578864334,0.009588125000000502,0,17,13,1,0,0,14,1,14,1.0,720.0000413474525,39765.00289432167,345,332,0
SELF-Q4-mixed-fixed_hash-418,418,mixed,fixed_hash,triangle_active,True,all_sources_cleared_with_certificate,triangle,True,905.0,31,31,"[1, 3, 4, 5, 7, 8, 9, 10, 11, 12, 13, 15, 16, 18, 20]","[1, 3, 4, 5, 7, 8, 9, 10, 11, 12, 13, 15, 16, 18, 20]",full_mesh,9870.061767293339,0.010903249999998366,0,36,14,1,0,0,15,10,15,1.0,658.0041178195559,37855.30883646667,372,364,0
SELF-Q4-mixed-fixed_hash-419,419,mixed,fixed_hash,triangle_active,True,all_sources_cleared_with_certificate,triangle,True,905.0,31,17,"[1, 2, 3, 4, 5, 9, 10, 11, 12, 13, 14, 15, 16, 17, 19, 20]","[1, 2, 3, 4, 5, 9, 10, 11, 12, 13, 14, 15, 16, 17, 19, 20]",count_upper_bound,6868.799079075779,0.009549041999996177,1,45,10,7,6,30,16,15,16,1.0,429.2999424422362,26398.9953953789,237,231,31
SELF-Q4-mixed-fixed_hash-420,420,mixed,fixed_hash,triangle_active,True,all_sources_cleared_with_certificate,triangle,True,905.0,31,31,"[1, 2, 4, 9, 11, 12, 13, 14, 15, 17]","[1, 2, 4, 9, 11, 12, 13, 14, 15, 17]",full_mesh,10074.043001948654,0.008472624999996015,0,16,9,1,0,0,10,1,10,1.0,1007.4043001948654,38770.21500974327,381,365,0
SELF-Q4-mixed-fixed_hash-421,421,mixed,fixed_hash,triangle_active,True,all_sources_cleared_with_certificate,triangle,True,905.0,31,31,"[4, 6, 7, 8, 9, 10, 16, 17, 18, 19, 20]","[4, 6, 7, 8, 9, 10, 16, 17, 18, 19, 20]",full_mesh,9794.672147003175,0.009547208000000751,0,29,9,2,0,0,11,7,11,1.0,890.4247406366522,35943.36073501587,427,416,0
SELF-Q4-mixed-fixed_hash-422,422,mixed,fixed_hash,triangle_active,True,all_sources_cleared_with_certificate,triangle,True,905.0,31,31,"[1, 3, 4, 5, 8, 10, 11, 13, 16, 18, 19, 20]","[1, 3, 4, 5, 8, 10, 11, 13, 16, 18, 19, 20]",full_mesh,9800.143813665545,0.009022250000001009,0,11,12,0,0,0,12,1,12,1.0,816.6786511387954,38210.71906832772,352,338,0
SELF-Q4-mixed-fixed_hash-423,423,mixed,fixed_hash,triangle_active,True,all_sources_cleared_with_certificate,triangle,True,905.0,31,31,"[2, 4, 5, 6, 8, 9, 10, 11, 14, 15, 17, 18, 19]","[2, 4, 5, 6, 8, 9, 10, 11, 14, 15, 17, 18, 19]",full_mesh,9908.66828547705,0.00997412499999939,0,41,11,2,0,0,13,10,13,1.0,762.2052527290039,37063.34142738524,406,401,0
SELF-Q4-mixed-fixed_hash-424,424,mixed,fixed_hash,triangle_active,True,all_sources_cleared_with_certificate,triangle,True,905.0,31,31,"[1, 2, 3, 4, 5, 7, 9, 13, 14, 15, 16, 17, 18, 19]","[1, 2, 3, 4, 5, 7, 9, 13, 14, 15, 16, 17, 18, 19]",full_mesh,10052.01844064624,0.009017792000001634,0,22,13,1,0,0,14,4,14,1.0,718.0013171890171,40030.092203231194,331,321,0
SELF-Q4-mixed-fixed_hash-425,425,mixed,fixed_hash,triangle_active,True,all_sources_cleared_with_certificate,triangle,True,905.0,31,31,"[2, 3, 4, 5, 6, 9, 10, 11, 12, 13, 14, 15, 17, 18, 20]","[2, 3, 4, 5, 6, 9, 10, 11, 12, 13, 14, 15, 17, 18, 20]",full_mesh,9700.463555416398,0.010011666000004027,1,30,14,1,2,7,15,9,15,1.0,646.6975703610932,38737.317777081975,312,297,7
SELF-Q4-mixed-fixed_hash-426,426,mixed,fixed_hash,triangle_active,True,all_sources_cleared_with_certificate,triangle,True,905.0,31,27,"[1, 2, 3, 4, 5, 6, 7, 8, 9, 10, 11, 12, 13, 15, 19, 20]","[1, 2, 3, 4, 5, 6, 7, 8, 9, 10, 11, 12, 13, 15, 19, 20]",count_upper_bound,9149.035304792085,0.008854542000001686,0,39,16,0,2,0,16,12,16,1.0,571.8147065495053,35645.17652396043,324,320,0
SELF-Q4-mixed-fixed_hash-427,427,mixed,fixed_hash,triangle_active,True,all_sources_cleared_with_certificate,triangle,True,905.0,31,31,"[1, 2, 5, 6, 11, 12, 16, 17, 18, 20]","[1, 2, 5, 6, 11, 12, 16, 17, 18, 20]",full_mesh,10326.955270159835,0.008829583000000696,0,17,8,2,0,0,10,9,10,1.0,1032.6955270159835,37519.77635079917,464,453,0
SELF-Q4-mixed-fixed_hash-428,428,mixed,fixed_hash,triangle_active,True,all_sources_cleared_with_certificate,triangle,True,905.0,31,31,"[2, 4, 5, 9, 10, 13, 15, 17, 18, 19, 20]","[2, 4, 5, 9, 10, 13, 15, 17, 18, 19, 20]",full_mesh,10034.896611856659,0.008882708000001571,0,22,11,0,0,0,11,5,11,1.0,912.2633283506053,38669.48305928328,376,366,0
SELF-Q4-mixed-fixed_hash-429,429,mixed,fixed_hash,triangle_active,True,all_sources_cleared_with_certificate,triangle,True,905.0,31,31,"[1, 3, 4, 7, 8, 10, 11, 13, 16, 18, 19, 20]","[1, 3, 4, 7, 8, 10, 11, 13, 16, 18, 19, 20]",full_mesh,9703.320539969563,0.008440499999998963,0,14,12,0,0,0,12,2,12,1.0,808.6100449974637,38841.60269984781,315,300,0
SELF-Q4-mixed-fixed_hash-430,430,mixed,fixed_hash,triangle_active,True,all_sources_cleared_with_certificate,triangle,True,905.0,31,31,"[1, 2, 4, 5, 6, 7, 8, 9, 11, 13, 16, 17, 19]","[1, 2, 4, 5, 6, 7, 8, 9, 11, 13, 16, 17, 19]",full_mesh,9574.998202695631,0.007781334000000584,0,12,12,1,0,0,13,7,13,1.0,736.5383232842794,37579.99101347815,334,324,0
SELF-Q4-mixed-fixed_hash-431,431,mixed,fixed_hash,triangle_active,True,all_sources_cleared_with_certificate,triangle,True,905.0,31,31,"[1, 2, 3, 4, 7, 9, 10, 11, 12, 13, 14, 15, 16, 19]","[1, 2, 3, 4, 7, 9, 10, 11, 12, 13, 14, 15, 16, 19]",full_mesh,10286.899885007728,0.009515540999998962,0,17,13,1,0,0,14,2,14,1.0,734.7785632148377,40984.49942503862,338,330,0
SELF-Q4-mixed-fixed_hash-432,432,mixed,fixed_hash,triangle_active,True,all_sources_cleared_with_certificate,triangle,True,905.0,31,31,"[1, 2, 3, 4, 7, 8, 9, 11, 12, 13, 14, 16, 18, 19, 20]","[1, 2, 3, 4, 7, 8, 9, 11, 12, 13, 14, 16, 18, 19, 20]",full_mesh,10041.221937824506,0.00890579200000019,0,21,14,1,0,0,15,6,15,1.0,669.4147958549671,40656.10968912253,307,300,0
SELF-Q4-mixed-fixed_hash-433,433,mixed,fixed_hash,triangle_active,True,all_sources_cleared_with_certificate,triangle,True,905.0,31,18,"[2, 3, 4, 5, 6, 7, 8, 9, 10, 11, 12, 14, 15, 16, 17, 19]","[2, 3, 4, 5, 6, 7, 8, 9, 10, 11, 12, 14, 15, 16, 17, 19]",count_upper_bound,6657.92791156184,0.008374708999994596,0,30,14,4,4,0,16,6,16,1.0,416.120494472615,26464.639557809194,214,209,2
SELF-Q4-mixed-fixed_hash-434,434,mixed,fixed_hash,triangle_active,True,all_sources_cleared_with_certificate,triangle,True,905.0,31,31,"[1, 3, 5, 7, 9, 12, 13, 14, 17, 19]","[1, 3, 5, 7, 9, 12, 13, 14, 17, 19]",full_mesh,9810.1735239619,0.008492084000003786,0,34,8,2,0,0,10,8,10,1.0,981.01735239619,35675.8676198095,439,430,0
SELF-Q4-mixed-fixed_hash-435,435,mixed,fixed_hash,triangle_active,True,all_sources_cleared_with_certificate,triangle,True,905.0,31,31,"[2, 6, 7, 8, 10, 12, 13, 15, 16, 17, 19]","[2, 6, 7, 8, 10, 12, 13, 15, 16, 17, 19]",full_mesh,10473.649813086118,0.009648167000001706,0,24,9,2,0,0,11,9,11,1.0,952.149983007829,38973.24906543059,439,429,0
SELF-Q4-mixed-fixed_hash-436,436,mixed,fixed_hash,triangle_active,True,all_sources_cleared_with_certificate,triangle,True,905.0,31,31,"[2, 4, 6, 8, 9, 11, 13, 14, 15, 16, 19, 20]","[2, 4, 6, 8, 9, 11, 13, 14, 15, 16, 19, 20]",full_mesh,9834.490621098523,0.00871041700000319,0,40,10,2,0,0,12,10,12,1.0,819.5408850915436,37352.45310549261,385,379,0
SELF-Q4-mixed-fixed_hash-437,437,mixed,fixed_hash,triangle_active,True,all_sources_cleared_with_certificate,triangle,True,905.0,31,31,"[1, 4, 5, 6, 8, 10, 11, 12, 13, 16, 17, 19, 20]","[1, 4, 5, 6, 8, 10, 11, 12, 13, 16, 17, 19, 20]",full_mesh,10285.051810992776,0.009376625000001582,0,33,12,1,0,0,13,6,13,1.0,791.157831614829,40100.25905496387,368,360,0
SELF-Q4-mixed-fixed_hash-438,438,mixed,fixed_hash,triangle_active,True,all_sources_cleared_with_certificate,triangle,True,905.0,31,31,"[1, 2, 3, 7, 9, 10, 12, 13, 15, 16, 17, 18, 19, 20]","[1, 2, 3, 7, 9, 10, 12, 13, 15, 16, 17, 18, 19, 20]",full_mesh,9849.465777399748,0.009892791999995154,0,18,14,0,0,0,14,3,14,1.0,703.5332698142677,38172.32888699874,359,350,0
SELF-Q4-mixed-fixed_hash-439,439,mixed,fixed_hash,triangle_active,True,all_sources_cleared_with_certificate,triangle,True,905.0,31,31,"[2, 4, 5, 7, 8, 9, 10, 11, 12, 13, 14, 16, 17, 18, 20]","[2, 4, 5, 7, 8, 9, 10, 11, 12, 13, 14, 16, 17, 18, 20]",full_mesh,9849.857907059615,0.008915957999995783,0,17,14,1,0,0,15,12,15,1.0,656.6571938039743,38484.28953529808,348,338,0
SELF-Q4-mixed-fixed_hash-440,440,mixed,fixed_hash,triangle_active,True,all_sources_cleared_with_certificate,triangle,True,905.0,31,18,"[1, 2, 3, 4, 6, 7, 8, 9, 10, 12, 14, 15, 16, 17, 18, 20]","[1, 2, 3, 4, 6, 7, 8, 9, 10, 12, 14, 15, 16, 17, 18, 20]",count_upper_bound,7132.303036136448,0.007918916999997805,1,30,12,4,10,9,16,10,16,1.0,445.768939758528,27581.51518068224,253,244,9
SELF-Q4-mixed-fixed_hash-441,441,mixed,fixed_hash,triangle_active,True,all_sources_cleared_with_certificate,triangle,True,905.0,31,31,"[1, 5, 6, 7, 8, 10, 12, 13, 16, 18]","[1, 5, 6, 7, 8, 10, 12, 13, 16, 18]",full_mesh,10257.97198620802,0.008531417000000374,0,27,9,1,0,0,10,7,10,1.0,1025.797198620802,38074.859931040104,434,423,0
SELF-Q4-mixed-fixed_hash-442,442,mixed,fixed_hash,triangle_active,True,all_sources_cleared_with_certificate,triangle,True,905.0,31,31,"[3, 4, 6, 7, 8, 10, 12, 14, 15, 17, 19]","[3, 4, 6, 7, 8, 10, 12, 14, 15, 17, 19]",full_mesh,10152.063533270248,0.010261167000003013,0,25,10,1,0,0,11,7,11,1.0,922.9148666609316,37005.317666351235,451,441,0
SELF-Q4-mixed-fixed_hash-443,443,mixed,fixed_hash,triangle_active,True,all_sources_cleared_with_certificate,triangle,True,905.0,31,31,"[1, 2, 4, 5, 6, 9, 10, 11, 16, 18, 19, 20]","[1, 2, 4, 5, 6, 9, 10, 11, 16, 18, 19, 20]",full_mesh,10398.256688754505,0.01002716600000042,0,28,9,3,0,0,12,9,12,1.0,866.5213907295421,39901.28344377252,394,388,0
SELF-Q4-mixed-fixed_hash-444,444,mixed,fixed_hash,triangle_active,True,all_sources_cleared_with_certificate,triangle,True,905.0,31,31,"[1, 5, 8, 9, 10, 11, 12, 13, 14, 15, 16, 19, 20]","[1, 5, 8, 9, 10, 11, 12, 13, 14, 15, 16, 19, 20]",full_mesh,10164.105927508343,0.009545834000000752,0,20,13,0,0,0,13,8,13,1.0,781.8543021160264,39495.52963754172,369,355,0
SELF-Q4-mixed-fixed_hash-445,445,mixed,fixed_hash,triangle_active,True,all_sources_cleared_with_certificate,triangle,True,905.0,31,31,"[3, 5, 7, 8, 9, 10, 11, 13, 14, 16, 17, 18, 19, 20]","[3, 5, 7, 8, 9, 10, 11, 13, 14, 16, 17, 18, 19, 20]",full_mesh,9927.968512707932,0.010055666999996049,0,34,13,1,0,0,14,5,14,1.0,709.1406080505666,38964.842563539656,345,340,0
SELF-Q4-mixed-fixed_hash-446,446,mixed,fixed_hash,triangle_active,True,all_sources_cleared_with_certificate,triangle,True,905.0,31,31,"[1, 2, 4, 5, 6, 7, 10, 12, 13, 14, 15, 16, 18, 19, 20]","[1, 2, 4, 5, 6, 7, 10, 12, 13, 14, 15, 16, 18, 19, 20]",full_mesh,10050.966826999513,0.00892412500000006,0,41,14,1,0,0,15,14,15,1.0,670.0644551333008,39829.834134997574,336,330,0
SELF-Q4-mixed-fixed_hash-447,447,mixed,fixed_hash,triangle_active,True,all_sources_cleared_with_certificate,triangle,True,905.0,31,26,"[1, 2, 3, 4, 5, 7, 9, 10, 11, 12, 13, 14, 16, 17, 19, 20]","[1, 2, 3, 4, 5, 7, 9, 10, 11, 12, 13, 14, 16, 17, 19, 20]",count_upper_bound,9595.019132009858,0.012433958000002576,1,35,11,5,7,86,16,15,16,1.0,599.6886957506161,36165.0956600493,339,329,86
SELF-Q4-mixed-fixed_hash-448,448,mixed,fixed_hash,triangle_active,True,all_sources_cleared_with_certificate,triangle,True,905.0,31,31,"[1, 4, 6, 8, 9, 10, 13, 16, 17, 20]","[1, 4, 6, 8, 9, 10, 13, 16, 17, 20]",full_mesh,10157.531494430012,0.009720624999999927,0,27,7,3,0,0,10,7,10,1.0,1015.7531494430011,37197.65747215005,446,438,0
SELF-Q4-mixed-fixed_hash-449,449,mixed,fixed_hash,triangle_active,True,all_sources_cleared_with_certificate,triangle,True,905.0,31,31,"[2, 4, 7, 8, 10, 11, 13, 14, 16, 19, 20]","[2, 4, 7, 8, 10, 11, 13, 14, 16, 19, 20]",full_mesh,10161.067040715345,0.008237917000002426,0,17,11,0,0,0,11,6,11,1.0,923.7333673377586,38595.33520357671,400,387,0
SELF-Q4-mixed-fixed_hash-450,450,mixed,fixed_hash,triangle_active,True,all_sources_cleared_with_certificate,triangle,True,905.0,31,31,"[1, 2, 4, 5, 8, 10, 12, 13, 16, 17, 19, 20]","[1, 2, 4, 5, 8, 10, 12, 13, 16, 17, 19, 20]",full_mesh,10135.287804018797,0.00908066699999921,0,33,9,3,0,0,12,10,12,1.0,844.6073170015665,38931.439020094,383,374,0
SELF-Q4-mixed-fixed_hash-451,451,mixed,fixed_hash,triangle_active,True,all_sources_cleared_with_certificate,triangle,True,905.0,31,31,"[1, 2, 3, 5, 6, 11, 12, 13, 14, 16, 18, 19, 20]","[1, 2, 3, 5, 6, 11, 12, 13, 14, 16, 18, 19, 20]",full_mesh,10030.244697642149,0.009850041999996506,0,30,12,2,2,0,13,8,13,1.0,771.5572844340114,38191.22348821076,389,379,1
SELF-Q4-mixed-fixed_hash-452,452,mixed,fixed_hash,triangle_active,True,all_sources_cleared_with_certificate,triangle,True,905.0,31,31,"[1, 2, 3, 4, 5, 8, 9, 10, 11, 12, 15, 17, 19, 20]","[1, 2, 3, 4, 5, 8, 9, 10, 11, 12, 15, 17, 19, 20]",full_mesh,10145.047843085196,0.008901958999999238,0,19,13,1,0,0,14,8,14,1.0,724.6462745060854,39485.239215425965,364,358,0
SELF-Q4-mixed-fixed_hash-453,453,mixed,fixed_hash,triangle_active,True,all_sources_cleared_with_certificate,triangle,True,905.0,31,31,"[1, 3, 4, 6, 7, 8, 9, 12, 13, 14, 16, 17, 18, 19, 20]","[1, 3, 4, 6, 7, 8, 9, 12, 13, 14, 16, 17, 18, 19, 20]",full_mesh,9948.38118458606,0.00839566700000205,0,36,15,0,0,0,15,14,15,1.0,663.2254123057373,41046.90592293028,279,269,0
SELF-Q4-mixed-fixed_hash-454,454,mixed,fixed_hash,triangle_active,True,all_sources_cleared_with_certificate,triangle,True,905.0,31,15,"[1, 3, 4, 5, 6, 7, 8, 9, 10, 11, 12, 14, 16, 17, 18, 19]","[1, 3, 4, 5, 6, 7, 8, 9, 10, 11, 12, 14, 16, 17, 18, 19]",count_upper_bound,6251.233054515577,0.006946124999998915,0,25,12,5,8,0,16,13,16,1.0,390.7020659072236,24601.165272577884,209,203,1
SELF-Q4-mixed-fixed_hash-455,455,mixed,fixed_hash,triangle_active,True,all_sources_cleared_with_certificate,triangle,True,905.0,31,31,"[1, 2, 3, 6, 8, 11, 13, 15, 16, 18]","[1, 2, 3, 6, 8, 11, 13, 15, 16, 18]",full_mesh,9858.590041939828,0.008822625000000528,0,25,9,1,0,0,10,7,10,1.0,985.8590041939827,37842.950209699135,375,365,0
SELF-Q4-mixed-fixed_hash-456,456,mixed,fixed_hash,triangle_active,True,all_sources_cleared_with_certificate,triangle,True,905.0,31,31,"[2, 6, 9, 10, 12, 13, 14, 15, 16, 17, 20]","[2, 6, 9, 10, 12, 13, 14, 15, 16, 17, 20]",full_mesh,10064.000687593141,0.008172082999998054,0,22,11,0,0,0,11,8,11,1.0,914.9091534175583,37980.00343796571,404,393,0
SELF-Q4-mixed-fixed_hash-457,457,mixed,fixed_hash,triangle_active,True,all_sources_cleared_with_certificate,triangle,True,905.0,31,31,"[1, 3, 6, 9, 10, 11, 12, 13, 15, 18, 19, 20]","[1, 3, 6, 9, 10, 11, 12, 13, 15, 18, 19, 20]",full_mesh,9590.795395768655,0.008954916999996954,0,16,12,0,0,0,12,4,12,1.0,799.232949647388,37438.97697884326,343,328,0
SELF-Q4-mixed-fixed_hash-458,458,mixed,fixed_hash,triangle_active,True,all_sources_cleared_with_certificate,triangle,True,905.0,31,31,"[1, 3, 5, 6, 8, 9, 11, 13, 14, 15, 17, 19, 20]","[1, 3, 5, 6, 8, 9, 11, 13, 14, 15, 17, 19, 20]",full_mesh,10230.586210981824,0.008568083000000115,0,32,12,1,0,0,13,8,13,1.0,786.968170075525,40812.931054909124,335,328,0
SELF-Q4-mixed-fixed_hash-459,459,mixed,fixed_hash,triangle_active,True,all_sources_cleared_with_certificate,triangle,True,905.0,31,31,"[1, 2, 4, 5, 6, 7, 8, 13, 14, 15, 17, 18, 19, 20]","[1, 2, 4, 5, 6, 7, 8, 13, 14, 15, 17, 18, 19, 20]",full_mesh,9915.821905842893,0.007722959000005858,0,14,14,0,0,0,14,4,14,1.0,708.2729932744924,39399.10952921446,330,316,0
SELF-Q4-mixed-fixed_hash-460,460,mixed,fixed_hash,triangle_active,True,all_sources_cleared_with_certificate,triangle,True,905.0,31,31,"[1, 6, 7, 8, 9, 10, 11, 12, 13, 14, 16, 17, 18, 19, 20]","[1, 6, 7, 8, 9, 10, 11, 12, 13, 14, 16, 17, 18, 19, 20]",full_mesh,9307.658495104184,0.008580207999997924,0,20,15,0,0,0,15,1,15,1.0,620.510566340279,38433.29247552094,260,246,0
SELF-Q4-mixed-fixed_hash-461,461,mixed,fixed_hash,triangle_active,True,all_sources_cleared_with_certificate,triangle,True,905.0,31,18,"[2, 3, 4, 5, 6, 7, 8, 9, 10, 11, 12, 14, 15, 17, 18, 19]","[2, 3, 4, 5, 6, 7, 8, 9, 10, 11, 12, 14, 15, 17, 18, 19]",count_upper_bound,7493.781940881354,0.007512083999998254,0,17,6,10,4,0,16,2,16,1.0,468.3613713050846,29628.909704406764,249,243,0
SELF-Q4-mixed-fixed_hash-462,462,mixed,fixed_hash,triangle_active,True,all_sources_cleared_with_certificate,triangle,True,905.0,31,31,"[1, 2, 3, 5, 6, 10, 11, 13, 16, 19]","[1, 2, 3, 5, 6, 10, 11, 13, 16, 19]",full_mesh,9851.60053630299,0.00764845799999847,0,23,9,1,0,0,10,5,10,1.0,985.1600536302991,36853.002681514954,407,396,0
SELF-Q4-mixed-fixed_hash-463,463,mixed,fixed_hash,triangle_active,True,all_sources_cleared_with_certificate,triangle,True,905.0,31,31,"[2, 3, 7, 8, 9, 10, 14, 16, 17, 18, 20]","[2, 3, 7, 8, 9, 10, 14, 16, 17, 18, 20]",full_mesh,9831.442261081453,0.009517333999994548,0,18,10,1,0,0,11,4,11,1.0,893.7674782801321,36877.21130540725,402,391,0
SELF-Q4-mixed-fixed_hash-464,464,mixed,fixed_hash,triangle_active,True,all_sources_cleared_with_certificate,triangle,True,905.0,31,31,"[2, 3, 5, 6, 8, 9, 13, 15, 17, 18, 19, 20]","[2, 3, 5, 6, 8, 9, 13, 15, 17, 18, 19, 20]",full_mesh,10102.375987490825,0.00921741599999848,0,15,12,0,0,0,12,7,12,1.0,841.8646656242354,38306.879937454134,399,386,0
SELF-Q4-mixed-fixed_hash-465,465,mixed,fixed_hash,triangle_active,True,all_sources_cleared_with_certificate,triangle,True,905.0,31,31,"[1, 2, 3, 4, 6, 7, 8, 9, 11, 12, 13, 18, 20]","[1, 2, 3, 4, 6, 7, 8, 9, 11, 12, 13, 18, 20]",full_mesh,9566.902337908143,0.009794500000005257,0,16,10,3,0,0,13,6,13,1.0,735.9155644544725,36104.511689540734,382,371,0
SELF-Q4-mixed-fixed_hash-466,466,mixed,fixed_hash,triangle_active,True,all_sources_cleared_with_certificate,triangle,True,905.0,31,31,"[2, 3, 4, 5, 6, 7, 8, 9, 10, 13, 14, 15, 17, 19]","[2, 3, 4, 5, 6, 7, 8, 9, 10, 13, 14, 15, 17, 19]",full_mesh,9885.58258141224,0.008986791999994637,0,32,11,3,0,0,14,8,14,1.0,706.1130415294457,38507.91290706121,354,344,0
SELF-Q4-mixed-fixed_hash-467,467,mixed,fixed_hash,triangle_active,True,all_sources_cleared_with_certificate,triangle,True,905.0,31,31,"[1, 2, 3, 5, 7, 9, 12, 13, 14, 15, 16, 17, 18, 19, 20]","[1, 2, 3, 5, 7, 9, 12, 13, 14, 15, 16, 17, 18, 19, 20]",full_mesh,9067.06525535209,0.009367666000002828,0,34,14,1,0,0,15,5,15,1.0,604.4710170234727,36205.32627676046,294,281,0
SELF-Q4-mixed-fixed_hash-468,468,mixed,fixed_hash,triangle_active,True,all_sources_cleared_with_certificate,triangle,True,905.0,31,30,"[1, 2, 3, 5, 6, 7, 8, 9, 11, 12, 13, 14, 15, 17, 19, 20]","[1, 2, 3, 5, 6, 7, 8, 9, 11, 12, 13, 14, 15, 17, 19, 20]",count_upper_bound,10072.258242682137,0.010780665999995165,1,15,14,1,3,42,16,3,16,1.0,629.5161401676336,40826.29121341069,286,274,41
SELF-Q4-mixed-fixed_hash-469,469,mixed,fixed_hash,triangle_active,True,all_sources_cleared_with_certificate,triangle,True,905.0,31,31,"[1, 2, 5, 9, 10, 11, 12, 13, 14, 20]","[1, 2, 5, 9, 10, 11, 12, 13, 14, 20]",full_mesh,10192.463487613479,0.00859966699999859,0,16,10,0,0,0,10,1,10,1.0,1019.2463487613479,37967.31743806737,427,414,0
SELF-Q4-mixed-fixed_hash-470,470,mixed,fixed_hash,triangle_active,True,all_sources_cleared_with_certificate,triangle,True,905.0,31,31,"[1, 2, 5, 6, 7, 12, 13, 15, 16, 19, 20]","[1, 2, 5, 6, 7, 12, 13, 15, 16, 19, 20]",full_mesh,10181.242536493331,0.009687124999999241,0,21,10,1,0,0,11,6,11,1.0,925.5675033175756,37451.21268246664,441,431,0
SELF-Q4-mixed-fixed_hash-471,471,mixed,fixed_hash,triangle_active,True,all_sources_cleared_with_certificate,triangle,True,905.0,31,31,"[2, 3, 4, 6, 8, 9, 10, 11, 12, 14, 15, 16]","[2, 3, 4, 6, 8, 9, 10, 11, 12, 14, 15, 16]",full_mesh,10048.382312294027,0.008275625000003117,0,18,12,0,0,0,12,1,12,1.0,837.3651926911689,39601.91156147013,347,333,0
SELF-Q4-mixed-fixed_hash-472,472,mixed,fixed_hash,triangle_active,True,all_sources_cleared_with_certificate,triangle,True,905.0,31,31,"[1, 2, 3, 5, 6, 7, 11, 12, 13, 15, 17, 19, 20]","[1, 2, 3, 5, 6, 7, 11, 12, 13, 15, 17, 19, 20]",full_mesh,10087.565245245121,0.007824041999995757,0,20,13,0,0,0,13,2,13,1.0,775.9665573265478,40217.8262262256,332,319,0
SELF-Q4-mixed-fixed_hash-473,473,mixed,fixed_hash,triangle_active,True,all_sources_cleared_with_certificate,triangle,True,905.0,31,31,"[1, 2, 3, 5, 8, 11, 12, 13, 14, 15, 16, 17, 18, 20]","[1, 2, 3, 5, 8, 11, 12, 13, 14, 15, 16, 17, 18, 20]",full_mesh,9482.653737363798,0.009297332999999242,0,22,13,1,0,0,14,6,14,1.0,677.3324098116999,37248.268686819,328,323,0
SELF-Q4-mixed-fixed_hash-474,474,mixed,fixed_hash,triangle_active,True,all_sources_cleared_with_certificate,triangle,True,905.0,31,31,"[1, 2, 3, 4, 5, 6, 10, 12, 13, 14, 15, 16, 18, 19, 20]","[1, 2, 3, 4, 5, 6, 10, 12, 13, 14, 15, 16, 18, 19, 20]",full_mesh,9618.534023317012,0.008457499999998674,0,9,15,0,0,0,15,3,15,1.0,641.2356015544675,38872.67011658506,297,284,0
SELF-Q4-mixed-fixed_hash-475,475,mixed,fixed_hash,triangle_active,True,all_sources_cleared_with_certificate,triangle,True,905.0,31,17,"[1, 2, 3, 5, 6, 8, 9, 10, 11, 12, 13, 14, 15, 17, 18, 20]","[1, 2, 3, 5, 6, 8, 9, 10, 11, 12, 13, 14, 15, 17, 18, 20]",count_upper_bound,7368.361897775889,0.01152537499999795,1,30,11,4,8,94,16,5,16,1.0,460.52261861099305,27721.809488879448,245,240,93
SELF-Q4-mixed-fixed_hash-476,476,mixed,fixed_hash,triangle_active,True,all_sources_cleared_with_certificate,triangle,True,905.0,31,31,"[7, 8, 9, 12, 13, 14, 16, 17, 19, 20]","[7, 8, 9, 12, 13, 14, 16, 17, 19, 20]",full_mesh,9818.716776287909,0.008080208000002642,0,22,8,2,0,0,10,4,10,1.0,981.8716776287908,36538.58388143954,412,401,0
SELF-Q4-mixed-fixed_hash-477,477,mixed,fixed_hash,triangle_active,True,all_sources_cleared_with_certificate,triangle,True,905.0,31,31,"[2, 3, 6, 7, 9, 10, 11, 14, 17, 19, 20]","[2, 3, 6, 7, 9, 10, 11, 14, 17, 19, 20]",full_mesh,9775.15758633394,0.008826208000002111,0,16,11,0,0,0,11,1,11,1.0,888.6506896667219,35615.78793166969,435,422,0
SELF-Q4-mixed-fixed_hash-478,478,mixed,fixed_hash,triangle_active,True,all_sources_cleared_with_certificate,triangle,True,905.0,31,31,"[1, 2, 4, 5, 6, 7, 9, 10, 11, 13, 17, 19]","[1, 2, 4, 5, 6, 7, 9, 10, 11, 13, 17, 19]",full_mesh,9613.346064338471,0.011134874999996214,0,31,10,2,0,0,12,5,12,1.0,801.1121720282059,37321.730321692376,350,339,0
SELF-Q4-mixed-fixed_hash-479,479,mixed,fixed_hash,triangle_active,True,all_sources_cleared_with_certificate,triangle,True,905.0,31,31,"[2, 3, 5, 9, 11, 12, 13, 14, 15, 17, 18, 19, 20]","[2, 3, 5, 9, 11, 12, 13, 14, 15, 17, 18, 19, 20]",full_mesh,9778.090663953892,0.008237375000000213,0,21,13,0,0,0,13,1,13,1.0,752.1608203041455,38610.45331976946,334,321,0
SELF-Q4-mixed-fixed_hash-480,480,mixed,fixed_hash,triangle_active,True,all_sources_cleared_with_certificate,triangle,True,905.0,31,31,"[2, 4, 5, 8, 10, 11, 12, 13, 15, 16, 17, 18, 19, 20]","[2, 4, 5, 8, 10, 11, 12, 13, 15, 16, 17, 18, 19, 20]",full_mesh,9739.444347728653,0.00867129099999886,0,12,14,0,0,0,14,5,14,1.0,695.6745962663324,37807.221738643246,353,343,0
SELF-Q4-mixed-fixed_hash-481,481,mixed,fixed_hash,triangle_active,True,all_sources_cleared_with_certificate,triangle,True,905.0,31,31,"[1, 2, 3, 4, 5, 6, 8, 9, 10, 11, 14, 15, 16, 18, 20]","[1, 2, 3, 4, 5, 6, 8, 9, 10, 11, 14, 15, 16, 18, 20]",full_mesh,9943.666852841367,0.009129874999999288,0,26,15,0,0,0,15,4,15,1.0,662.9111235227577,40068.33426420684,311,300,0
SELF-Q4-mixed-fixed_hash-482,482,mixed,fixed_hash,triangle_active,True,all_sources_cleared_with_certificate,triangle,True,905.0,31,17,"[1, 3, 4, 5, 6, 7, 8, 9, 10, 13, 14, 16, 17, 18, 19, 20]","[1, 3, 4, 5, 6, 7, 8, 9, 10, 13, 14, 16, 17, 18, 19, 20]",count_upper_bound,7118.999812470948,0.009138834000005147,2,16,10,5,13,24,16,6,16,1.0,444.93748827943426,27284.99906235474,254,243,23
SELF-Q4-mixed-fixed_hash-483,483,mixed,fixed_hash,triangle_active,True,all_sources_cleared_with_certificate,triangle,True,905.0,31,31,"[1, 3, 4, 9, 10, 11, 15, 17, 19, 20]","[1, 3, 4, 9, 10, 11, 15, 17, 19, 20]",full_mesh,9682.13705193979,0.008042166999999267,0,25,9,1,0,0,10,6,10,1.0,968.213705193979,35975.68525969895,408,397,0
SELF-Q4-mixed-fixed_hash-484,484,mixed,fixed_hash,triangle_active,True,all_sources_cleared_with_certificate,triangle,True,905.0,31,31,"[2, 4, 6, 8, 11, 12, 14, 15, 16, 17, 19]","[2, 4, 6, 8, 11, 12, 14, 15, 16, 17, 19]",full_mesh,9909.445267438306,0.008122333000002868,0,19,10,1,0,0,11,5,11,1.0,900.8586606762096,38257.22633719151,369,358,0
SELF-Q4-mixed-fixed_hash-485,485,mixed,fixed_hash,triangle_active,True,all_sources_cleared_with_certificate,triangle,True,905.0,31,31,"[2, 5, 6, 7, 8, 10, 11, 12, 13, 16, 18, 20]","[2, 5, 6, 7, 8, 10, 11, 12, 13, 16, 18, 20]",full_mesh,10270.291134730409,0.008657458000001839,0,13,12,0,0,0,12,6,12,1.0,855.8575945608674,38891.45567365204,407,397,0
SELF-Q4-mixed-fixed_hash-486,486,mixed,fixed_hash,triangle_active,True,all_sources_cleared_with_certificate,triangle,True,905.0,31,31,"[1, 4, 5, 6, 7, 8, 9, 12, 13, 14, 16, 19, 20]","[1, 4, 5, 6, 7, 8, 9, 12, 13, 14, 16, 19, 20]",full_mesh,10156.81690983773,0.009076709000005678,0,31,10,3,0,0,13,7,13,1.0,781.2936084490561,38869.08454918865,388,378,0
SELF-Q4-mixed-fixed_hash-487,487,mixed,fixed_hash,triangle_active,True,all_sources_cleared_with_certificate,triangle,True,905.0,31,31,"[2, 4, 5, 6, 8, 9, 10, 11, 12, 13, 14, 16, 18, 20]","[2, 4, 5, 6, 8, 9, 10, 11, 12, 13, 14, 16, 18, 20]",full_mesh,9265.68004349224,0.009036291999997559,0,14,14,0,0,0,14,5,14,1.0,661.8342888208743,36398.40021746119,321,311,0
SELF-Q4-mixed-fixed_hash-488,488,mixed,fixed_hash,triangle_active,True,all_sources_cleared_with_certificate,triangle,True,905.0,31,31,"[2, 3, 4, 5, 6, 7, 8, 9, 10, 11, 13, 15, 17, 18, 19]","[2, 3, 4, 5, 6, 7, 8, 9, 10, 11, 13, 15, 17, 18, 19]",full_mesh,9808.209854766663,0.009536208000000101,0,31,14,1,0,0,15,5,15,1.0,653.8806569844442,38981.04927383332,324,317,0
SELF-Q4-mixed-fixed_hash-489,489,mixed,fixed_hash,triangle_active,True,all_sources_cleared_with_certificate,triangle,True,905.0,31,18,"[1, 2, 3, 6, 7, 8, 9, 12, 13, 14, 15, 16, 17, 18, 19, 20]","[1, 2, 3, 6, 7, 8, 9, 12, 13, 14, 15, 16, 17, 18, 19, 20]",count_upper_bound,7303.105169399554,0.007646250000000521,0,18,15,1,4,0,16,4,16,1.0,456.44407308747213,28930.525846997767,240,237,0
SELF-Q4-mixed-fixed_hash-490,490,mixed,fixed_hash,triangle_active,True,all_sources_cleared_with_certificate,triangle,True,905.0,31,31,"[3, 4, 6, 7, 8, 9, 10, 16, 18, 20]","[3, 4, 6, 7, 8, 9, 10, 16, 18, 20]",full_mesh,10056.881405521322,0.008833916999996916,0,23,10,0,0,0,10,7,10,1.0,1005.6881405521323,36819.40702760662,442,433,0
SELF-Q4-mixed-fixed_hash-491,491,mixed,fixed_hash,triangle_active,True,all_sources_cleared_with_certificate,triangle,True,905.0,31,31,"[4, 6, 7, 8, 9, 11, 12, 13, 14, 16, 20]","[4, 6, 7, 8, 9, 11, 12, 13, 14, 16, 20]",full_mesh,9700.66904493645,0.008315875000000972,0,14,11,0,0,0,11,6,11,1.0,881.8790040851319,36668.34522468225,387,377,0
SELF-Q4-mixed-fixed_hash-492,492,mixed,fixed_hash,triangle_active,True,all_sources_cleared_with_certificate,triangle,True,905.0,31,31,"[1, 3, 4, 5, 10, 11, 12, 15, 16, 18, 19, 20]","[1, 3, 4, 5, 10, 11, 12, 15, 16, 18, 19, 20]",full_mesh,10476.276807841323,0.008403249999993534,0,16,11,1,0,0,12,2,12,1.0,873.0230673201103,40281.38403920662,395,385,0
SELF-Q4-mixed-fixed_hash-493,493,mixed,fixed_hash,triangle_active,True,all_sources_cleared_with_certificate,triangle,True,905.0,31,31,"[1, 4, 5, 8, 9, 10, 11, 12, 14, 16, 17, 18, 20]","[1, 4, 5, 8, 9, 10, 11, 12, 14, 16, 17, 18, 20]",full_mesh,10170.539631226113,0.009879874999995764,0,25,12,1,0,0,13,4,13,1.0,782.3492024020087,39957.69815613057,353,349,0
SELF-Q4-mixed-fixed_hash-494,494,mixed,fixed_hash,triangle_active,True,all_sources_cleared_with_certificate,triangle,True,905.0,31,31,"[1, 4, 5, 6, 7, 9, 11, 12, 14, 15, 16, 18, 19, 20]","[1, 4, 5, 6, 7, 9, 11, 12, 14, 15, 16, 18, 19, 20]",full_mesh,9481.833550637804,0.008332166999998947,0,28,12,2,0,0,14,7,14,1.0,677.2738250455575,37779.16775318903,311,301,0
SELF-Q4-mixed-fixed_hash-495,495,mixed,fixed_hash,triangle_active,True,all_sources_cleared_with_certificate,triangle,True,905.0,31,31,"[2, 3, 4, 5, 6, 7, 10, 11, 13, 14, 15, 17, 18, 19, 20]","[2, 3, 4, 5, 6, 7, 10, 11, 13, 14, 15, 17, 18, 19, 20]",full_mesh,10402.222067078863,0.010064792000001432,0,26,14,1,0,0,15,13,15,1.0,693.4814711385909,39361.11033539431,410,405,0
SELF-Q4-mixed-fixed_hash-496,496,mixed,fixed_hash,triangle_active,True,all_sources_cleared_with_certificate,triangle,True,905.0,31,18,"[3, 4, 5, 7, 8, 9, 10, 11, 12, 13, 15, 16, 17, 18, 19, 20]","[3, 4, 5, 7, 8, 9, 10, 11, 12, 13, 15, 16, 17, 18, 19, 20]",count_upper_bound,7460.074225986985,0.010164584000001753,1,23,11,7,11,55,16,7,16,1.0,466.25463912418655,28585.371129934916,250,242,57
SELF-Q4-mixed-fixed_hash-497,497,mixed,fixed_hash,triangle_active,True,all_sources_cleared_with_certificate,triangle,True,905.0,31,31,"[2, 4, 6, 7, 9, 10, 11, 12, 13, 18]","[2, 4, 6, 7, 9, 10, 11, 12, 13, 18]",full_mesh,9693.405685983085,0.00723387499999717,0,26,8,2,0,0,10,5,10,1.0,969.3405685983086,36437.02842991541,394,386,0
SELF-Q4-mixed-fixed_hash-498,498,mixed,fixed_hash,triangle_active,True,all_sources_cleared_with_certificate,triangle,True,905.0,31,31,"[1, 7, 8, 10, 12, 14, 16, 17, 18, 19, 20]","[1, 7, 8, 10, 12, 14, 16, 17, 18, 19, 20]",full_mesh,10111.313119024546,0.008607875000002707,0,15,10,1,0,0,11,5,11,1.0,919.210283547686,38871.56559512272,382,372,0
SELF-Q4-mixed-fixed_hash-499,499,mixed,fixed_hash,triangle_active,True,all_sources_cleared_with_certificate,triangle,True,905.0,31,31,"[2, 4, 5, 6, 9, 10, 11, 12, 13, 15, 16, 18]","[2, 4, 5, 6, 9, 10, 11, 12, 13, 15, 16, 18]",full_mesh,9896.874614203878,0.008671625000005179,0,23,11,1,0,0,12,7,12,1.0,824.7395511836565,38319.37307101938,364,353,0
