case_id,seed,mode,error_mode,variant,completed,stop_reason,grid,active,side,stations_total,stations_visited,discovered_channels,cleared_channels,discovery_certificate,virtual_time_s,runtime_s,fallback_channels,no_signal_localization,safe_clears,optimistic_clears,active_queries,fallback_attempts,source_count,directional_count,cleared,clear_ratio,time_per_source_s,distance_m,measures,switches,clear_failures
SELF-Q4-edge_outward-plus_one-10000,10000,edge_outward,plus_one,triangle_active,True,all_sources_cleared_with_certificate,triangle,True,905.0,31,31,"[1, 2, 3, 4, 5, 6, 7, 9, 10, 11, 12, 13, 14, 15, 16, 19]","[1, 2, 3, 4, 5, 6, 7, 9, 10, 11, 12, 13, 14, 15, 16, 19]",count_upper_bound,12413.151364550993,0.016363708000000088,5,41,11,4,22,151,16,15,16,1.0,775.8219602844371,46415.75682275501,437,415,150
SELF-Q4-edge_outward-plus_one-10001,10001,edge_outward,plus_one,triangle_active,True,all_sources_cleared_with_certificate,triangle,True,905.0,31,30,"[1, 2, 3, 4, 5, 9, 10, 11, 12, 14, 15, 16, 17, 18, 19, 20]","[1, 2, 3, 4, 5, 9, 10, 11, 12, 14, 15, 16, 17, 18, 19, 20]",count_upper_bound,12710.480146890988,0.018520875000000103,7,56,9,2,23,236,16,15,16,1.0,794.4050091806868,46597.40073445495,440,418,231
SELF-Q4-edge_outward-plus_one-10002,10002,edge_outward,plus_one,triangle_active,True,all_sources_cleared_with_certificate,triangle,True,905.0,31,30,"[1, 2, 3, 4, 5, 6, 8, 9, 10, 11, 12, 13, 14, 16, 18, 19]","[1, 2, 3, 4, 5, 6, 8, 9, 10, 11, 12, 13, 14, 16, 18, 19]",count_upper_bound,12829.069755421697,0.018754708999999536,6,56,10,1,19,268,16,15,16,1.0,801.816859713856,46470.34877710853,448,426,263
SELF-Q4-edge_outward-plus_one-10003,10003,edge_outward,plus_one,triangle_active,True,all_sources_cleared_with_certificate,triangle,True,905.0,31,31,"[1, 2, 3, 5, 6, 7, 8, 9, 13, 14, 15, 16, 17, 18, 19, 20]","[1, 2, 3, 5, 6, 7, 8, 9, 13, 14, 15, 16, 17, 18, 19, 20]",count_upper_bound,14336.878609156693,0.02242866699999979,9,54,7,1,28,316,16,15,16,1.0,896.0549130722933,51079.393045783494,525,492,308
SELF-Q4-edge_outward-plus_one-10004,10004,edge_outward,plus_one,triangle_active,True,all_sources_cleared_with_certificate,triangle,True,905.0,31,26,"[1, 3, 5, 7, 8, 9, 10, 11, 12, 14, 15, 16, 17, 18, 19, 20]","[1, 3, 5, 7, 8, 9, 10, 11, 12, 14, 15, 16, 17, 18, 19, 20]",count_upper_bound,12325.293254070279,0.02142058300000116,10,61,5,2,31,303,16,15,16,1.0,770.3308283793924,43771.466270351404,440,409,294
SELF-Q4-edge_outward-plus_one-10005,10005,edge_outward,plus_one,triangle_active,True,all_sources_cleared_with_certificate,triangle,True,905.0,31,31,"[1, 2, 3, 4, 6, 7, 8, 9, 10, 12, 14, 15, 16, 17, 18, 19]","[1, 2, 3, 4, 6, 7, 8, 9, 10, 12, 14, 15, 16, 17, 18, 19]",count_upper_bound,13159.870335149113,0.020259124999995493,7,69,9,1,22,290,16,15,16,1.0,822.4918959468196,47744.35167574559,450,429,284
SELF-Q4-edge_outward-plus_one-10006,10006,edge_outward,plus_one,triangle_active,True,all_sources_cleared_with_certificate,triangle,True,905.0,31,30,"[1, 2, 3, 5, 6, 7, 8, 9, 10, 11, 15, 16, 17, 18, 19, 20]","[1, 2, 3, 5, 6, 7, 8, 9, 10, 11, 15, 16, 17, 18, 19, 20]",count_upper_bound,13495.084661816722,0.02064695800000038,7,45,9,3,24,273,16,15,16,1.0,843.4427913635451,48590.42330908363,486,460,269
SELF-Q4-edge_outward-plus_one-10007,10007,edge_outward,plus_one,triangle_active,True,all_sources_cleared_with_certificate,triangle,True,905.0,31,31,"[1, 2, 3, 4, 5, 6, 7, 8, 9, 10, 11, 15, 16, 17, 18, 20]","[1, 2, 3, 4, 5, 6, 7, 8, 9, 10, 11, 15, 16, 17, 18, 20]",count_upper_bound,15444.437180890294,0.025799374999998292,9,64,7,2,30,447,16,15,16,1.0,965.2773238056434,55167.18590445152,506,481,440
SELF-Q4-edge_outward-plus_one-10008,10008,edge_outward,plus_one,triangle_active,True,all_sources_cleared_with_certificate,triangle,True,905.0,31,31,"[1, 2, 3, 5, 7, 8, 9, 10, 11, 12, 14, 15, 16, 17, 19, 20]","[1, 2, 3, 5, 7, 8, 9, 10, 11, 12, 14, 15, 16, 17, 19, 20]",count_upper_bound,13987.40870755036,0.02126637500000328,8,62,8,1,26,303,16,15,16,1.0,874.2130442218975,51207.04353775182,468,438,296
SELF-Q4-edge_outward-plus_one-10009,10009,edge_outward,plus_one,triangle_active,True,all_sources_cleared_with_certificate,triangle,True,905.0,31,30,"[1, 2, 3, 4, 5, 7, 8, 10, 11, 12, 13, 14, 15, 17, 19, 20]","[1, 2, 3, 4, 5, 7, 8, 10, 11, 12, 13, 14, 15, 17, 19, 20]",count_upper_bound,12803.020193824332,0.01948204199999992,7,42,9,2,25,240,16,15,16,1.0,800.1887621140207,45890.1009691217,478,450,235
SELF-Q4-edge_outward-plus_one-10010,10010,edge_outward,plus_one,triangle_active,True,all_sources_cleared_with_certificate,triangle,True,905.0,31,29,"[1, 4, 6, 7, 8, 9, 10, 11, 12, 13, 14, 16, 17, 18, 19, 20]","[1, 4, 6, 7, 8, 9, 10, 11, 12, 13, 14, 16, 17, 18, 19, 20]",count_upper_bound,13295.004458356261,0.022344250000003285,8,62,8,2,28,356,16,15,16,1.0,830.9377786472663,47965.022291781315,433,407,350
SELF-Q4-edge_outward-plus_one-10011,10011,edge_outward,plus_one,triangle_active,True,all_sources_cleared_with_certificate,triangle,True,905.0,31,30,"[1, 3, 4, 5, 6, 7, 9, 10, 11, 13, 14, 15, 16, 17, 18, 20]","[1, 3, 4, 5, 6, 7, 9, 10, 11, 13, 14, 15, 16, 17, 18, 20]",count_upper_bound,12823.62161047194,0.019514749999999026,8,57,8,0,24,276,16,15,16,1.0,801.4763506544963,46993.10805235977,428,401,268
SELF-Q4-edge_outward-plus_one-10012,10012,edge_outward,plus_one,triangle_active,True,all_sources_cleared_with_certificate,triangle,True,905.0,31,30,"[1, 2, 3, 4, 6, 7, 9, 10, 11, 13, 14, 15, 17, 18, 19, 20]","[1, 2, 3, 4, 6, 7, 9, 10, 11, 13, 14, 15, 17, 18, 19, 20]",count_upper_bound,14425.454207342731,0.022936458000003768,8,68,7,4,28,389,16,15,16,1.0,901.5908879589207,52127.27103671372,465,443,384
SELF-Q4-edge_outward-plus_one-10013,10013,edge_outward,plus_one,triangle_active,True,all_sources_cleared_with_certificate,triangle,True,905.0,31,30,"[1, 3, 4, 5, 6, 7, 8, 10, 11, 12, 13, 15, 16, 17, 19, 20]","[1, 3, 4, 5, 6, 7, 8, 10, 11, 12, 13, 15, 16, 17, 19, 20]",count_upper_bound,14476.641299645678,0.026180374999995593,10,76,6,4,36,440,16,15,16,1.0,904.7900812278549,51068.20649822844,485,456,434
SELF-Q4-edge_outward-plus_one-10014,10014,edge_outward,plus_one,triangle_active,True,all_sources_cleared_with_certificate,triangle,True,905.0,31,25,"[2, 3, 4, 6, 7, 8, 9, 10, 12, 13, 14, 15, 17, 18, 19, 20]","[2, 3, 4, 6, 7, 8, 9, 10, 12, 13, 14, 15, 17, 18, 19, 20]",count_upper_bound,12220.43103608104,0.02016845900000419,8,46,8,2,27,297,16,15,16,1.0,763.776939755065,43702.15518040521,426,397,291
SELF-Q4-edge_outward-plus_one-10015,10015,edge_outward,plus_one,triangle_active,True,all_sources_cleared_with_certificate,triangle,True,905.0,31,30,"[1, 2, 3, 4, 5, 7, 8, 10, 11, 12, 13, 15, 16, 17, 18, 20]","[1, 2, 3, 4, 5, 7, 8, 10, 11, 12, 13, 15, 16, 17, 18, 20]",count_upper_bound,12915.193302639782,0.018828749999997285,6,53,10,2,20,260,16,15,16,1.0,807.1995814149864,47145.96651319894,443,423,256
SELF-Q4-edge_outward-plus_one-10016,10016,edge_outward,plus_one,triangle_active,True,all_sources_cleared_with_certificate,triangle,True,905.0,31,31,"[1, 2, 3, 5, 6, 10, 11, 12, 13, 14, 15, 16, 17, 18, 19, 20]","[1, 2, 3, 5, 6, 10, 11, 12, 13, 14, 15, 16, 17, 18, 19, 20]",count_upper_bound,13601.683630773694,0.020558666999995978,7,58,9,2,22,326,16,15,16,1.0,850.1052269233559,50443.4181538685,415,395,321
SELF-Q4-edge_outward-plus_one-10017,10017,edge_outward,plus_one,triangle_active,True,all_sources_cleared_with_certificate,triangle,True,905.0,31,30,"[1, 3, 4, 6, 7, 8, 9, 10, 11, 13, 14, 15, 17, 18, 19, 20]","[1, 3, 4, 6, 7, 8, 9, 10, 11, 13, 14, 15, 17, 18, 19, 20]",count_upper_bound,14282.543621470242,0.023215708000002167,8,54,8,1,27,414,16,15,16,1.0,892.6589763418901,51162.71810735126,462,439,407
SELF-Q4-edge_outward-plus_one-10018,10018,edge_outward,plus_one,triangle_active,True,all_sources_cleared_with_certificate,triangle,True,905.0,31,31,"[1, 2, 3, 4, 5, 6, 7, 9, 11, 12, 13, 15, 16, 17, 18, 19]","[1, 2, 3, 4, 5, 6, 7, 9, 11, 12, 13, 15, 16, 17, 18, 19]",count_upper_bound,14208.631834385464,0.022567625000000646,8,53,8,3,26,326,16,15,16,1.0,888.0394896490915,51258.15917192736,490,464,321
SELF-Q4-edge_outward-plus_one-10019,10019,edge_outward,plus_one,triangle_active,True,all_sources_cleared_with_certificate,triangle,True,905.0,31,31,"[1, 2, 3, 4, 6, 7, 8, 9, 10, 11, 13, 14, 15, 16, 18, 20]","[1, 2, 3, 4, 6, 7, 8, 9, 10, 11, 13, 14, 15, 16, 18, 20]",count_upper_bound,13889.374348419746,0.021371915999999658,8,44,8,3,28,291,16,15,16,1.0,868.0858967762341,50336.871742098796,486,454,286
SELF-Q4-edge_outward-plus_one-10020,10020,edge_outward,plus_one,triangle_active,True,all_sources_cleared_with_certificate,triangle,True,905.0,31,31,"[1, 2, 3, 4, 5, 6, 7, 8, 10, 11, 12, 13, 16, 17, 19, 20]","[1, 2, 3, 4, 5, 6, 7, 8, 10, 11, 12, 13, 16, 17, 19, 20]",count_upper_bound,14666.074690977619,0.02351683399999871,10,71,6,0,30,363,16,15,16,1.0,916.6296681861012,53255.37345488811,485,451,353
SELF-Q4-edge_outward-plus_one-10021,10021,edge_outward,plus_one,triangle_active,True,all_sources_cleared_with_certificate,triangle,True,905.0,31,30,"[1, 4, 5, 6, 7, 8, 10, 11, 12, 13, 14, 15, 16, 17, 19, 20]","[1, 4, 5, 6, 7, 8, 10, 11, 12, 13, 14, 15, 16, 17, 19, 20]",count_upper_bound,13719.688011831597,0.022544624999994767,9,67,7,0,27,350,16,15,16,1.0,857.4805007394748,50468.44005915803,425,398,341
SELF-Q4-edge_outward-plus_one-10022,10022,edge_outward,plus_one,triangle_active,True,all_sources_cleared_with_certificate,triangle,True,905.0,31,30,"[1, 3, 4, 5, 6, 8, 9, 10, 11, 12, 13, 15, 17, 18, 19, 20]","[1, 3, 4, 5, 6, 8, 9, 10, 11, 12, 13, 15, 17, 18, 19, 20]",count_upper_bound,12751.175987896644,0.019424209000000303,6,52,10,6,24,248,16,15,16,1.0,796.9484992435403,47055.87993948328,423,401,248
SELF-Q4-edge_outward-plus_one-10023,10023,edge_outward,plus_one,triangle_active,True,all_sources_cleared_with_certificate,triangle,True,905.0,31,31,"[1, 2, 4, 5, 6, 9, 10, 11, 12, 14, 15, 16, 17, 18, 19, 20]","[1, 2, 4, 5, 6, 9, 10, 11, 12, 14, 15, 16, 17, 18, 19, 20]",count_upper_bound,13078.990266612418,0.019782374999998353,6,58,10,3,21,269,16,15,16,1.0,817.4368916632761,48144.95133306211,432,412,266
SELF-Q4-edge_outward-plus_one-10024,10024,edge_outward,plus_one,triangle_active,True,all_sources_cleared_with_certificate,triangle,True,905.0,31,31,"[1, 2, 4, 5, 6, 8, 9, 10, 11, 13, 14, 15, 16, 17, 18, 20]","[1, 2, 4, 5, 6, 8, 9, 10, 11, 13, 14, 15, 16, 17, 18, 20]",count_upper_bound,13439.929456513382,0.020852542000000085,7,67,9,3,26,284,16,15,16,1.0,839.9955910320864,48904.64728256694,460,439,280
SELF-Q4-edge_outward-plus_one-10025,10025,edge_outward,plus_one,triangle_active,True,all_sources_cleared_with_certificate,triangle,True,905.0,31,30,"[1, 3, 4, 5, 6, 9, 10, 11, 12, 13, 15, 16, 17, 18, 19, 20]","[1, 3, 4, 5, 6, 9, 10, 11, 12, 13, 15, 16, 17, 18, 19, 20]",count_upper_bound,12312.462483197798,0.017265041999998232,6,56,10,1,19,222,16,15,16,1.0,769.5289051998624,45982.31241598898,401,380,217
SELF-Q4-edge_outward-plus_one-10026,10026,edge_outward,plus_one,triangle_active,True,all_sources_cleared_with_certificate,triangle,True,905.0,31,31,"[1, 2, 4, 5, 6, 7, 8, 9, 10, 12, 13, 14, 16, 17, 19, 20]","[1, 2, 4, 5, 6, 7, 8, 9, 10, 12, 13, 14, 16, 17, 19, 20]",count_upper_bound,14580.83430012352,0.02382275000000078,9,63,7,1,29,371,16,15,16,1.0,911.30214375772,52589.17150061764,487,459,363
SELF-Q4-edge_outward-plus_one-10027,10027,edge_outward,plus_one,triangle_active,True,all_sources_cleared_with_certificate,triangle,True,905.0,31,30,"[1, 2, 3, 4, 5, 7, 8, 9, 12, 13, 14, 15, 16, 17, 19, 20]","[1, 2, 3, 4, 5, 7, 8, 9, 12, 13, 14, 15, 16, 17, 19, 20]",count_upper_bound,12378.627895720803,0.017946291999997754,6,53,10,3,22,172,16,15,16,1.0,773.6642434825502,44863.139478604004,474,449,169
SELF-Q4-edge_outward-plus_one-10028,10028,edge_outward,plus_one,triangle_active,True,all_sources_cleared_with_certificate,triangle,True,905.0,31,31,"[3, 4, 5, 7, 9, 10, 11, 12, 13, 14, 15, 16, 17, 18, 19, 20]","[3, 4, 5, 7, 9, 10, 11, 12, 13, 14, 15, 16, 17, 18, 19, 20]",count_upper_bound,15212.132284334724,0.025073666999993804,9,62,7,4,34,424,16,15,16,1.0,950.7582677709203,54555.661421673685,499,469,419
SELF-Q4-edge_outward-plus_one-10029,10029,edge_outward,plus_one,triangle_active,True,all_sources_cleared_with_certificate,triangle,True,905.0,31,31,"[1, 2, 3, 4, 5, 6, 8, 9, 12, 13, 14, 15, 16, 17, 18, 20]","[1, 2, 3, 4, 5, 6, 8, 9, 12, 13, 14, 15, 16, 17, 18, 20]",count_upper_bound,13013.58041845684,0.01804387499999649,5,45,11,5,24,229,16,15,16,1.0,813.3487761535525,47072.90209228422,476,452,229
SELF-Q4-edge_outward-plus_one-10030,10030,edge_outward,plus_one,triangle_active,True,all_sources_cleared_with_certificate,triangle,True,905.0,31,30,"[1, 4, 6, 7, 8, 9, 10, 11, 12, 13, 15, 16, 17, 18, 19, 20]","[1, 4, 6, 7, 8, 9, 10, 11, 12, 13, 15, 16, 17, 18, 19, 20]",count_upper_bound,13908.729208666988,0.024404416999999512,10,71,6,4,32,341,16,15,16,1.0,869.2955755416867,49973.64604333499,476,449,335
SELF-Q4-edge_outward-plus_one-10031,10031,edge_outward,plus_one,triangle_active,True,all_sources_cleared_with_certificate,triangle,True,905.0,31,31,"[2, 3, 4, 5, 6, 7, 8, 9, 10, 11, 12, 16, 17, 18, 19, 20]","[2, 3, 4, 5, 6, 7, 8, 9, 10, 11, 12, 16, 17, 18, 19, 20]",count_upper_bound,13674.241784868438,0.021544416999994098,8,63,8,3,28,276,16,15,16,1.0,854.6401115542774,48261.208924342245,526,499,271
SELF-Q4-edge_outward-plus_one-10032,10032,edge_outward,plus_one,triangle_active,True,all_sources_cleared_with_certificate,triangle,True,905.0,31,30,"[1, 2, 3, 4, 5, 6, 7, 8, 9, 11, 12, 13, 14, 15, 16, 17]","[1, 2, 3, 4, 5, 6, 7, 8, 9, 11, 12, 13, 14, 15, 16, 17]",count_upper_bound,12228.014622326018,0.01571837499999873,3,45,13,5,18,159,16,15,16,1.0,764.2509138953761,44490.07311163013,464,447,161
SELF-Q4-edge_outward-plus_one-10033,10033,edge_outward,plus_one,triangle_active,True,all_sources_cleared_with_certificate,triangle,True,905.0,31,30,"[1, 2, 5, 6, 7, 8, 10, 11, 12, 14, 15, 16, 17, 18, 19, 20]","[1, 2, 5, 6, 7, 8, 10, 11, 12, 14, 15, 16, 17, 18, 19, 20]",count_upper_bound,12175.454883070706,0.016770334000000275,5,49,11,4,23,152,16,15,16,1.0,760.9659301919191,45287.274415353546,435,410,151
SELF-Q4-edge_outward-plus_one-10034,10034,edge_outward,plus_one,triangle_active,True,all_sources_cleared_with_certificate,triangle,True,905.0,31,28,"[1, 2, 4, 6, 7, 9, 11, 12, 13, 14, 15, 16, 17, 18, 19, 20]","[1, 2, 4, 6, 7, 9, 11, 12, 13, 14, 15, 16, 17, 18, 19, 20]",count_upper_bound,13616.279959626492,0.023123166000004858,8,70,8,2,28,393,16,15,16,1.0,851.0174974766558,48186.3997981325,461,433,387
SELF-Q4-edge_outward-plus_one-10035,10035,edge_outward,plus_one,triangle_active,True,all_sources_cleared_with_certificate,triangle,True,905.0,31,31,"[1, 2, 4, 5, 6, 7, 9, 10, 11, 12, 13, 14, 15, 17, 19, 20]","[1, 2, 4, 5, 6, 7, 9, 10, 11, 12, 13, 14, 15, 17, 19, 20]",count_upper_bound,12491.570472582373,0.017231582999997386,6,57,10,3,23,176,16,15,16,1.0,780.7231545363983,45867.85236291187,457,434,173
SELF-Q4-edge_outward-plus_one-10036,10036,edge_outward,plus_one,triangle_active,True,all_sources_cleared_with_certificate,triangle,True,905.0,31,31,"[2, 3, 5, 6, 7, 8, 10, 11, 12, 13, 14, 16, 17, 18, 19, 20]","[2, 3, 5, 6, 7, 8, 10, 11, 12, 13, 14, 16, 17, 18, 19, 20]",count_upper_bound,13245.804321787682,0.019259417000000667,8,69,8,3,26,201,16,15,16,1.0,827.8627701117301,48354.02160893843,489,462,196
SELF-Q4-edge_outward-plus_one-10037,10037,edge_outward,plus_one,triangle_active,True,all_sources_cleared_with_certificate,triangle,True,905.0,31,31,"[1, 3, 4, 5, 6, 8, 9, 10, 11, 13, 14, 15, 16, 18, 19, 20]","[1, 3, 4, 5, 6, 8, 9, 10, 11, 13, 14, 15, 16, 18, 19, 20]",count_upper_bound,11696.115915244547,0.016000416000004236,6,65,10,2,22,130,16,15,16,1.0,731.0072447027842,43815.57957622275,417,390,126
SELF-Q4-edge_outward-plus_one-10038,10038,edge_outward,plus_one,triangle_active,True,all_sources_cleared_with_certificate,triangle,True,905.0,31,31,"[1, 2, 3, 4, 6, 7, 8, 9, 11, 13, 14, 15, 16, 18, 19, 20]","[1, 2, 3, 4, 6, 7, 8, 9, 11, 13, 14, 15, 16, 18, 19, 20]",count_upper_bound,12622.940447989737,0.016938082999999438,5,64,11,3,19,209,16,15,16,1.0,788.9337779993585,47004.70223994872,423,406,207
SELF-Q4-edge_outward-plus_one-10039,10039,edge_outward,plus_one,triangle_active,True,all_sources_cleared_with_certificate,triangle,True,905.0,31,30,"[1, 3, 5, 6, 7, 8, 9, 10, 13, 14, 15, 16, 17, 18, 19, 20]","[1, 3, 5, 6, 7, 8, 9, 10, 13, 14, 15, 16, 17, 18, 19, 20]",count_upper_bound,13603.784835890283,0.021086875000001726,7,68,9,2,23,368,16,15,16,1.0,850.2365522431427,49288.92417945143,433,412,363
SELF-Q4-edge_outward-plus_one-10040,10040,edge_outward,plus_one,triangle_active,True,all_sources_cleared_with_certificate,triangle,True,905.0,31,31,"[2, 3, 4, 5, 6, 8, 9, 10, 11, 12, 13, 14, 15, 17, 18, 20]","[2, 3, 4, 5, 6, 8, 9, 10, 11, 12, 13, 14, 15, 17, 18, 20]",count_upper_bound,13706.210914734735,0.02105437500000562,9,65,7,1,28,255,16,15,16,1.0,856.6381821709209,49561.054573673704,500,473,247
SELF-Q4-edge_outward-plus_one-10041,10041,edge_outward,plus_one,triangle_active,True,all_sources_cleared_with_certificate,triangle,True,905.0,31,30,"[1, 2, 3, 4, 5, 7, 8, 10, 11, 13, 14, 15, 16, 18, 19, 20]","[1, 2, 3, 4, 5, 7, 8, 10, 11, 13, 14, 15, 16, 18, 19, 20]",count_upper_bound,12198.668167460295,0.017744499999999164,7,65,9,3,23,174,16,15,16,1.0,762.4167604662684,45023.34083730147,438,414,170
SELF-Q4-edge_outward-plus_one-10042,10042,edge_outward,plus_one,triangle_active,True,all_sources_cleared_with_certificate,triangle,True,905.0,31,31,"[1, 2, 3, 4, 5, 6, 8, 9, 10, 11, 12, 13, 14, 17, 19, 20]","[1, 2, 3, 4, 5, 6, 8, 9, 10, 11, 12, 13, 14, 17, 19, 20]",count_upper_bound,13011.462894919216,0.017996875000001467,6,57,10,0,18,255,16,15,16,1.0,813.216430932451,48012.31447459608,434,412,249
SELF-Q4-edge_outward-plus_one-10043,10043,edge_outward,plus_one,triangle_active,True,all_sources_cleared_with_certificate,triangle,True,905.0,31,31,"[1, 2, 3, 4, 5, 7, 8, 9, 10, 11, 12, 13, 14, 16, 18, 20]","[1, 2, 3, 4, 5, 7, 8, 9, 10, 11, 12, 13, 14, 16, 18, 20]",count_upper_bound,11763.957518382033,0.015296333999998524,6,56,10,1,20,127,16,15,16,1.0,735.247344898877,43584.78759191017,437,416,122
SELF-Q4-edge_outward-plus_one-10044,10044,edge_outward,plus_one,triangle_active,True,all_sources_cleared_with_certificate,triangle,True,905.0,31,31,"[1, 2, 4, 6, 7, 9, 10, 11, 12, 13, 14, 15, 16, 17, 18, 20]","[1, 2, 4, 6, 7, 9, 10, 11, 12, 13, 14, 15, 16, 17, 18, 20]",count_upper_bound,14719.26045974348,0.025329083000002584,12,75,4,1,38,358,16,15,16,1.0,919.9537787339675,53391.302298717455,493,455,347
SELF-Q4-edge_outward-plus_one-10045,10045,edge_outward,plus_one,triangle_active,True,all_sources_cleared_with_certificate,triangle,True,905.0,31,30,"[1, 3, 4, 5, 6, 8, 9, 11, 12, 14, 15, 16, 17, 18, 19, 20]","[1, 3, 4, 5, 6, 8, 9, 11, 12, 14, 15, 16, 17, 18, 19, 20]",count_upper_bound,13663.95053245626,0.022159750000000145,7,65,9,4,27,355,16,15,16,1.0,853.9969082785162,49334.75266228134,448,421,352
SELF-Q4-edge_outward-plus_one-10046,10046,edge_outward,plus_one,triangle_active,True,all_sources_cleared_with_certificate,triangle,True,905.0,31,28,"[2, 3, 4, 5, 8, 9, 10, 11, 12, 13, 14, 15, 16, 17, 18, 20]","[2, 3, 4, 5, 8, 9, 10, 11, 12, 13, 14, 15, 16, 17, 18, 20]",count_upper_bound,12593.663315933145,0.019918500000002837,8,68,7,3,28,292,16,15,16,1.0,787.1039572458216,45708.31657966575,423,399,286
SELF-Q4-edge_outward-plus_one-10047,10047,edge_outward,plus_one,triangle_active,True,all_sources_cleared_with_certificate,triangle,True,905.0,31,30,"[1, 2, 5, 6, 7, 9, 10, 11, 13, 14, 15, 16, 17, 18, 19, 20]","[1, 2, 5, 6, 7, 9, 10, 11, 13, 14, 15, 16, 17, 18, 19, 20]",count_upper_bound,12310.161855957325,0.016782458000001554,6,43,10,1,17,166,16,15,16,1.0,769.3851159973328,45235.809279786656,454,430,161
SELF-Q4-edge_outward-plus_one-10048,10048,edge_outward,plus_one,triangle_active,True,all_sources_cleared_with_certificate,triangle,True,905.0,31,31,"[1, 2, 5, 6, 7, 8, 9, 10, 12, 13, 14, 16, 17, 18, 19, 20]","[1, 2, 5, 6, 7, 8, 9, 10, 12, 13, 14, 16, 17, 18, 19, 20]",count_upper_bound,11843.872456040759,0.015015583000000277,4,57,11,5,19,123,16,15,16,1.0,740.2420285025474,43954.3622802038,437,419,123
SELF-Q4-edge_outward-plus_one-10049,10049,edge_outward,plus_one,triangle_active,True,all_sources_cleared_with_certificate,triangle,True,905.0,31,31,"[1, 2, 4, 5, 6, 7, 11, 12, 13, 14, 15, 16, 17, 18, 19, 20]","[1, 2, 4, 5, 6, 7, 11, 12, 13, 14, 15, 16, 17, 18, 19, 20]",count_upper_bound,14321.055479767218,0.02438745799999964,11,72,4,2,32,366,16,15,16,1.0,895.0659674854511,51805.277398836115,474,442,356
SELF-Q4-edge_outward-minus_one-10000,10000,edge_outward,minus_one,triangle_active,True,all_sources_cleared_with_certificate,triangle,True,905.0,31,31,"[1, 2, 3, 4, 5, 6, 7, 9, 10, 11, 12, 13, 14, 15, 16, 19]","[1, 2, 3, 4, 5, 6, 7, 9, 10, 11, 12, 13, 14, 15, 16, 19]",count_upper_bound,12340.688433903986,0.01867874999999941,7,39,9,2,19,166,16,15,16,1.0,771.2930271189991,46078.44216951998,431,407,161
SELF-Q4-edge_outward-minus_one-10001,10001,edge_outward,minus_one,triangle_active,True,all_sources_cleared_with_certificate,triangle,True,905.0,31,30,"[1, 2, 3, 4, 5, 9, 10, 11, 12, 14, 15, 16, 17, 18, 19, 20]","[1, 2, 3, 4, 5, 9, 10, 11, 12, 14, 15, 16, 17, 18, 19, 20]",count_upper_bound,13161.635019722542,0.020658791999998982,7,59,9,4,27,288,16,15,16,1.0,822.6021887326589,47913.17509861275,445,419,285
SELF-Q4-edge_outward-minus_one-10002,10002,edge_outward,minus_one,triangle_active,True,all_sources_cleared_with_certificate,triangle,True,905.0,31,30,"[1, 2, 3, 4, 5, 6, 8, 9, 10, 11, 12, 13, 14, 16, 18, 19]","[1, 2, 3, 4, 5, 6, 8, 9, 10, 11, 12, 13, 14, 16, 18, 19]",count_upper_bound,12609.679248023938,0.020234334000001297,8,62,8,2,22,228,16,15,16,1.0,788.1049530014961,45788.39624011971,455,431,222
SELF-Q4-edge_outward-minus_one-10003,10003,edge_outward,minus_one,triangle_active,True,all_sources_cleared_with_certificate,triangle,True,905.0,31,31,"[1, 2, 3, 5, 6, 7, 8, 9, 13, 14, 15, 16, 17, 18, 19, 20]","[1, 2, 3, 5, 6, 7, 8, 9, 13, 14, 15, 16, 17, 18, 19, 20]",count_upper_bound,14269.245047052773,0.02228770800000035,9,53,7,1,28,311,16,15,16,1.0,891.8278154407983,50881.2252352639,523,489,303
SELF-Q4-edge_outward-minus_one-10004,10004,edge_outward,minus_one,triangle_active,True,all_sources_cleared_with_certificate,triangle,True,905.0,31,26,"[1, 3, 5, 7, 8, 9, 10, 11, 12, 14, 15, 16, 17, 18, 19, 20]","[1, 3, 5, 7, 8, 9, 10, 11, 12, 14, 15, 16, 17, 18, 19, 20]",count_upper_bound,12906.456944419511,0.023050375000003953,10,61,6,0,31,380,16,15,16,1.0,806.6535590262195,45542.28472209759,440,408,370
SELF-Q4-edge_outward-minus_one-10005,10005,edge_outward,minus_one,triangle_active,True,all_sources_cleared_with_certificate,triangle,True,905.0,31,31,"[1, 2, 3, 4, 6, 7, 8, 9, 10, 12, 14, 15, 16, 17, 18, 19]","[1, 2, 3, 4, 6, 7, 8, 9, 10, 12, 14, 15, 16, 17, 18, 19]",count_upper_bound,12954.469468060395,0.01953258300000016,7,67,9,2,24,245,16,15,16,1.0,809.6543417537747,47382.34734030199,450,428,240
SELF-Q4-edge_outward-minus_one-10006,10006,edge_outward,minus_one,triangle_active,True,all_sources_cleared_with_certificate,triangle,True,905.0,31,30,"[1, 2, 3, 5, 6, 7, 8, 9, 10, 11, 15, 16, 17, 18, 19, 20]","[1, 2, 3, 5, 6, 7, 8, 9, 10, 11, 15, 16, 17, 18, 19, 20]",count_upper_bound,13355.244302960276,0.020009875000006616,7,48,9,4,25,238,16,15,16,1.0,834.7027689350173,48241.22151480138,491,467,235
SELF-Q4-edge_outward-minus_one-10007,10007,edge_outward,minus_one,triangle_active,True,all_sources_cleared_with_certificate,triangle,True,905.0,31,31,"[1, 2, 3, 4, 5, 6, 7, 8, 9, 10, 11, 15, 16, 17, 18, 20]","[1, 2, 3, 4, 5, 6, 7, 8, 9, 10, 11, 15, 16, 17, 18, 20]",count_upper_bound,14858.376980185654,0.02373850000000033,9,65,7,3,32,362,16,15,16,1.0,928.6485612616034,53381.88490092832,510,484,356
SELF-Q4-edge_outward-minus_one-10008,10008,edge_outward,minus_one,triangle_active,True,all_sources_cleared_with_certificate,triangle,True,905.0,31,31,"[1, 2, 3, 5, 7, 8, 9, 10, 11, 12, 14, 15, 16, 17, 19, 20]","[1, 2, 3, 5, 7, 8, 9, 10, 11, 12, 14, 15, 16, 17, 19, 20]",count_upper_bound,14439.628416247291,0.02284987500000568,8,67,8,4,30,346,16,15,16,1.0,902.4767760154557,52428.14208123648,479,453,342
SELF-Q4-edge_outward-minus_one-10009,10009,edge_outward,minus_one,triangle_active,True,all_sources_cleared_with_certificate,triangle,True,905.0,31,30,"[1, 2, 3, 4, 5, 7, 8, 10, 11, 12, 13, 14, 15, 17, 19, 20]","[1, 2, 3, 4, 5, 7, 8, 10, 11, 12, 13, 14, 15, 17, 19, 20]",count_upper_bound,13296.002217923904,0.021128374999996424,7,39,8,3,23,323,16,15,16,1.0,831.000138620244,47155.01108961955,476,451,318
SELF-Q4-edge_outward-minus_one-10010,10010,edge_outward,minus_one,triangle_active,True,all_sources_cleared_with_certificate,triangle,True,905.0,31,29,"[1, 4, 6, 7, 8, 9, 10, 11, 12, 13, 14, 16, 17, 18, 19, 20]","[1, 4, 6, 7, 8, 9, 10, 11, 12, 13, 14, 16, 17, 18, 19, 20]",count_upper_bound,12917.892379064511,0.021185916000000304,8,60,8,1,26,311,16,15,16,1.0,807.368273691532,46884.461895322616,429,404,304
SELF-Q4-edge_outward-minus_one-10011,10011,edge_outward,minus_one,triangle_active,True,all_sources_cleared_with_certificate,triangle,True,905.0,31,30,"[1, 3, 4, 5, 6, 7, 9, 10, 11, 13, 14, 15, 16, 17, 18, 20]","[1, 3, 4, 5, 6, 7, 9, 10, 11, 13, 14, 15, 16, 17, 18, 20]",count_upper_bound,12997.844277764414,0.020588999999993973,8,60,8,2,26,282,16,15,16,1.0,812.3652673602759,47584.22138882212,433,408,276
SELF-Q4-edge_outward-minus_one-10012,10012,edge_outward,minus_one,triangle_active,True,all_sources_cleared_with_certificate,triangle,True,905.0,31,30,"[1, 2, 3, 4, 6, 7, 9, 10, 11, 13, 14, 15, 17, 18, 19, 20]","[1, 2, 3, 4, 6, 7, 9, 10, 11, 13, 14, 15, 17, 18, 19, 20]",count_upper_bound,13995.734345016355,0.022481290999998294,9,64,7,3,28,344,16,15,16,1.0,874.7333965635222,50878.671725081826,458,436,338
SELF-Q4-edge_outward-minus_one-10013,10013,edge_outward,minus_one,triangle_active,True,all_sources_cleared_with_certificate,triangle,True,905.0,31,30,"[1, 3, 4, 5, 6, 7, 8, 10, 11, 12, 13, 15, 16, 17, 19, 20]","[1, 3, 4, 5, 6, 7, 8, 10, 11, 12, 13, 15, 16, 17, 19, 20]",count_upper_bound,14197.43691442659,0.023830040999996527,10,70,6,2,33,398,16,15,16,1.0,887.3398071516618,50572.18457213295,477,448,390
SELF-Q4-edge_outward-minus_one-10014,10014,edge_outward,minus_one,triangle_active,True,all_sources_cleared_with_certificate,triangle,True,905.0,31,25,"[2, 3, 4, 6, 7, 8, 9, 10, 12, 13, 14, 15, 17, 18, 19, 20]","[2, 3, 4, 6, 7, 8, 9, 10, 12, 13, 14, 15, 17, 18, 19, 20]",count_upper_bound,12282.985892295552,0.022515083000001823,8,46,8,2,28,297,16,15,16,1.0,767.686618268472,44049.92946147778,425,395,291
SELF-Q4-edge_outward-minus_one-10015,10015,edge_outward,minus_one,triangle_active,True,all_sources_cleared_with_certificate,triangle,True,905.0,31,30,"[1, 2, 3, 4, 5, 7, 8, 10, 11, 12, 13, 15, 16, 17, 18, 20]","[1, 2, 3, 4, 5, 7, 8, 10, 11, 12, 13, 15, 16, 17, 18, 20]",count_upper_bound,13027.222414760814,0.019254374999995605,7,57,9,3,22,260,16,15,16,1.0,814.2014009225509,47586.11207380413,447,427,256
SELF-Q4-edge_outward-minus_one-10016,10016,edge_outward,minus_one,triangle_active,True,all_sources_cleared_with_certificate,triangle,True,905.0,31,31,"[1, 2, 3, 5, 6, 10, 11, 12, 13, 14, 15, 16, 17, 18, 19, 20]","[1, 2, 3, 5, 6, 10, 11, 12, 13, 14, 15, 16, 17, 18, 19, 20]",count_upper_bound,13221.45997366462,0.01881054100000057,6,59,10,3,22,276,16,15,16,1.0,826.3412483540387,49162.29986832313,418,400,273
SELF-Q4-edge_outward-minus_one-10017,10017,edge_outward,minus_one,triangle_active,True,all_sources_cleared_with_certificate,triangle,True,905.0,31,30,"[1, 3, 4, 6, 7, 8, 9, 10, 11, 13, 14, 15, 17, 18, 19, 20]","[1, 3, 4, 6, 7, 8, 9, 10, 11, 13, 14, 15, 17, 18, 19, 20]",count_upper_bound,12940.175008182436,0.018612749999995515,8,61,7,3,28,187,16,15,16,1.0,808.7609380114022,47605.875040912186,470,446,181
SELF-Q4-edge_outward-minus_one-10018,10018,edge_outward,minus_one,triangle_active,True,all_sources_cleared_with_certificate,triangle,True,905.0,31,31,"[1, 2, 3, 4, 5, 6, 7, 9, 11, 12, 13, 15, 16, 17, 18, 19]","[1, 2, 3, 4, 5, 6, 7, 9, 11, 12, 13, 15, 16, 17, 18, 19]",count_upper_bound,13420.416946984333,0.019992000000002008,7,55,9,3,26,232,16,15,16,1.0,838.7760591865208,48612.08473492167,493,469,228
SELF-Q4-edge_outward-minus_one-10019,10019,edge_outward,minus_one,triangle_active,True,all_sources_cleared_with_certificate,triangle,True,905.0,31,31,"[1, 2, 3, 4, 6, 7, 8, 9, 10, 11, 13, 14, 15, 16, 18, 20]","[1, 2, 3, 4, 6, 7, 8, 9, 10, 11, 13, 14, 15, 16, 18, 20]",count_upper_bound,14275.077231634063,0.02194666599999806,8,43,8,2,27,350,16,15,16,1.0,892.1923269771289,51455.386158170346,484,452,344
SELF-Q4-edge_outward-minus_one-10020,10020,edge_outward,minus_one,triangle_active,True,all_sources_cleared_with_certificate,triangle,True,905.0,31,31,"[1, 2, 3, 4, 5, 6, 7, 8, 10, 11, 12, 13, 16, 17, 19, 20]","[1, 2, 3, 4, 5, 6, 7, 8, 10, 11, 12, 13, 16, 17, 19, 20]",count_upper_bound,14381.897392619387,0.022620332999998993,10,73,6,1,32,321,16,15,16,1.0,898.8685870387117,52364.48696309696,488,453,312
SELF-Q4-edge_outward-minus_one-10021,10021,edge_outward,minus_one,triangle_active,True,all_sources_cleared_with_certificate,triangle,True,905.0,31,30,"[1, 4, 5, 6, 7, 8, 10, 11, 12, 13, 14, 15, 16, 17, 19, 20]","[1, 4, 5, 6, 7, 8, 10, 11, 12, 13, 14, 15, 16, 17, 19, 20]",count_upper_bound,13492.310318096228,0.020915917000003503,9,67,7,1,28,301,16,15,16,1.0,843.2693948810143,49991.551590481125,427,400,293
SELF-Q4-edge_outward-minus_one-10022,10022,edge_outward,minus_one,triangle_active,True,all_sources_cleared_with_certificate,triangle,True,905.0,31,30,"[1, 3, 4, 5, 6, 8, 9, 10, 11, 12, 13, 15, 17, 18, 19, 20]","[1, 3, 4, 5, 6, 8, 9, 10, 11, 12, 13, 15, 17, 18, 19, 20]",count_upper_bound,12079.85761640187,0.01622845899999703,5,53,11,5,22,160,16,15,16,1.0,754.9911010251169,44989.28808200938,424,402,160
SELF-Q4-edge_outward-minus_one-10023,10023,edge_outward,minus_one,triangle_active,True,all_sources_cleared_with_certificate,triangle,True,905.0,31,31,"[1, 2, 4, 5, 6, 9, 10, 11, 12, 14, 15, 16, 17, 18, 19, 20]","[1, 2, 4, 5, 6, 9, 10, 11, 12, 14, 15, 16, 17, 18, 19, 20]",count_upper_bound,12591.108484152926,0.01880595800000151,7,63,9,4,25,191,16,15,16,1.0,786.9442802595579,46755.54242076467,436,416,188
SELF-Q4-edge_outward-minus_one-10024,10024,edge_outward,minus_one,triangle_active,True,all_sources_cleared_with_certificate,triangle,True,905.0,31,31,"[1, 2, 4, 5, 6, 8, 9, 10, 11, 13, 14, 15, 16, 17, 18, 20]","[1, 2, 4, 5, 6, 8, 9, 10, 11, 13, 14, 15, 16, 17, 18, 20]",count_upper_bound,13116.694648105042,0.01917095900000021,7,60,9,1,22,251,16,15,16,1.0,819.7934155065651,48083.473240525214,451,430,245
SELF-Q4-edge_outward-minus_one-10025,10025,edge_outward,minus_one,triangle_active,True,all_sources_cleared_with_certificate,triangle,True,905.0,31,30,"[1, 3, 4, 5, 6, 9, 10, 11, 12, 13, 15, 16, 17, 18, 19, 20]","[1, 3, 4, 5, 6, 9, 10, 11, 12, 13, 15, 16, 17, 18, 19, 20]",count_upper_bound,12422.51994642408,0.017594832999996868,6,63,10,3,21,229,16,15,16,1.0,776.407496651505,46097.59973212039,411,390,226
SELF-Q4-edge_outward-minus_one-10026,10026,edge_outward,minus_one,triangle_active,True,all_sources_cleared_with_certificate,triangle,True,905.0,31,31,"[1, 2, 4, 5, 6, 7, 8, 9, 10, 12, 13, 14, 16, 17, 19, 20]","[1, 2, 4, 5, 6, 7, 8, 9, 10, 12, 13, 14, 16, 17, 19, 20]",count_upper_bound,14021.594295756986,0.02334650000000238,11,71,5,3,33,282,16,15,16,1.0,876.3496434848116,50887.97147878494,495,467,274
SELF-Q4-edge_outward-minus_one-10027,10027,edge_outward,minus_one,triangle_active,True,all_sources_cleared_with_certificate,triangle,True,905.0,31,30,"[1, 2, 3, 4, 5, 7, 8, 9, 12, 13, 14, 15, 16, 17, 19, 20]","[1, 2, 3, 4, 5, 7, 8, 9, 12, 13, 14, 15, 16, 17, 19, 20]",count_upper_bound,12777.511707081516,0.01877654200000478,6,54,10,5,24,219,16,15,16,1.0,798.5944816925947,46062.55853540759,476,451,218
SELF-Q4-edge_outward-minus_one-10028,10028,edge_outward,minus_one,triangle_active,True,all_sources_cleared_with_certificate,triangle,True,905.0,31,31,"[3, 4, 5, 7, 9, 10, 11, 12, 13, 14, 15, 16, 17, 18, 19, 20]","[3, 4, 5, 7, 9, 10, 11, 12, 13, 14, 15, 16, 17, 18, 19, 20]",count_upper_bound,14238.913407728081,0.02324549999999448,10,60,6,2,32,344,16,15,16,1.0,889.9320879830051,51054.56703864043,495,465,336
SELF-Q4-edge_outward-minus_one-10029,10029,edge_outward,minus_one,triangle_active,True,all_sources_cleared_with_certificate,triangle,True,905.0,31,31,"[1, 2, 3, 4, 5, 6, 8, 9, 12, 13, 14, 15, 16, 17, 18, 20]","[1, 2, 3, 4, 5, 6, 8, 9, 12, 13, 14, 15, 16, 17, 18, 20]",count_upper_bound,12786.953034442702,0.016936125000000857,5,43,11,5,23,188,16,15,16,1.0,799.1845646526689,46609.765172213534,474,451,188
SELF-Q4-edge_outward-minus_one-10030,10030,edge_outward,minus_one,triangle_active,True,all_sources_cleared_with_certificate,triangle,True,905.0,31,30,"[1, 4, 6, 7, 8, 9, 10, 11, 12, 13, 15, 16, 17, 18, 19, 20]","[1, 4, 6, 7, 8, 9, 10, 11, 12, 13, 15, 16, 17, 18, 19, 20]",count_upper_bound,13202.914928357153,0.019547917000004134,8,57,7,2,26,261,16,15,16,1.0,825.1821830223221,48094.57464178576,461,437,254
SELF-Q4-edge_outward-minus_one-10031,10031,edge_outward,minus_one,triangle_active,True,all_sources_cleared_with_certificate,triangle,True,905.0,31,31,"[2, 3, 4, 5, 6, 7, 8, 9, 10, 11, 12, 16, 17, 18, 19, 20]","[2, 3, 4, 5, 6, 7, 8, 9, 10, 11, 12, 16, 17, 18, 19, 20]",count_upper_bound,14118.362874841512,0.022180499999997494,8,59,8,0,24,358,16,15,16,1.0,882.3976796775945,49661.81437420761,514,486,350
SELF-Q4-edge_outward-minus_one-10032,10032,edge_outward,minus_one,triangle_active,True,all_sources_cleared_with_certificate,triangle,True,905.0,31,30,"[1, 2, 3, 4, 5, 6, 7, 8, 9, 11, 12, 13, 14, 15, 16, 17]","[1, 2, 3, 4, 5, 6, 7, 8, 9, 11, 12, 13, 14, 15, 16, 17]",count_upper_bound,11697.378445149123,0.014229417000002798,4,40,12,2,15,94,16,15,16,1.0,731.0861528218202,43136.89222574563,455,439,92
SELF-Q4-edge_outward-minus_one-10033,10033,edge_outward,minus_one,triangle_active,True,all_sources_cleared_with_certificate,triangle,True,905.0,31,30,"[1, 2, 5, 6, 7, 8, 10, 11, 12, 14, 15, 16, 17, 18, 19, 20]","[1, 2, 5, 6, 7, 8, 10, 11, 12, 14, 15, 16, 17, 18, 19, 20]",count_upper_bound,12349.239347379467,0.016889249999998412,5,44,11,3,19,204,16,15,16,1.0,771.8274592112167,45656.19673689739,426,402,202
SELF-Q4-edge_outward-minus_one-10034,10034,edge_outward,minus_one,triangle_active,True,all_sources_cleared_with_certificate,triangle,True,905.0,31,28,"[1, 2, 4, 6, 7, 9, 11, 12, 13, 14, 15, 16, 17, 18, 19, 20]","[1, 2, 4, 6, 7, 9, 11, 12, 13, 14, 15, 16, 17, 18, 19, 20]",count_upper_bound,13557.262785164407,0.021373207999999977,8,67,8,0,25,399,16,15,16,1.0,847.3289240727754,47976.31392582207,456,429,391
SELF-Q4-edge_outward-minus_one-10035,10035,edge_outward,minus_one,triangle_active,True,all_sources_cleared_with_certificate,triangle,True,905.0,31,31,"[1, 2, 4, 5, 6, 7, 9, 10, 11, 12, 13, 14, 15, 17, 19, 20]","[1, 2, 4, 5, 6, 7, 9, 10, 11, 12, 13, 14, 15, 17, 19, 20]",count_upper_bound,13211.427586487958,0.019194041999995193,6,63,10,5,26,257,16,15,16,1.0,825.7142241554974,47977.13793243982,465,443,256
SELF-Q4-edge_outward-minus_one-10036,10036,edge_outward,minus_one,triangle_active,True,all_sources_cleared_with_certificate,triangle,True,905.0,31,31,"[2, 3, 5, 6, 7, 8, 10, 11, 12, 13, 14, 16, 17, 18, 19, 20]","[2, 3, 5, 6, 7, 8, 10, 11, 12, 13, 14, 16, 17, 18, 19, 20]",count_upper_bound,13611.611004421735,0.01962245800000062,7,61,9,1,22,277,16,15,16,1.0,850.7256877763584,49318.055022108696,480,455,271
SELF-Q4-edge_outward-minus_one-10037,10037,edge_outward,minus_one,triangle_active,True,all_sources_cleared_with_certificate,triangle,True,905.0,31,31,"[1, 3, 4, 5, 6, 8, 9, 10, 11, 13, 14, 15, 16, 18, 19, 20]","[1, 3, 4, 5, 6, 8, 9, 10, 11, 13, 14, 15, 16, 18, 19, 20]",count_upper_bound,12251.783711674885,0.017125290999999265,6,60,10,2,21,214,16,15,16,1.0,765.7364819796803,45478.91855837443,412,386,210
SELF-Q4-edge_outward-minus_one-10038,10038,edge_outward,minus_one,triangle_active,True,all_sources_cleared_with_certificate,triangle,True,905.0,31,31,"[1, 2, 3, 4, 6, 7, 8, 9, 11, 13, 14, 15, 16, 18, 19, 20]","[1, 2, 3, 4, 6, 7, 8, 9, 11, 13, 14, 15, 16, 18, 19, 20]",count_upper_bound,12853.854167978328,0.018217250000006402,5,65,11,4,20,247,16,15,16,1.0,803.3658854986455,47544.270839891695,424,407,246
SELF-Q4-edge_outward-minus_one-10039,10039,edge_outward,minus_one,triangle_active,True,all_sources_cleared_with_certificate,triangle,True,905.0,31,30,"[1, 3, 5, 6, 7, 8, 9, 10, 13, 14, 15, 16, 17, 18, 19, 20]","[1, 3, 5, 6, 7, 8, 9, 10, 13, 14, 15, 16, 17, 18, 19, 20]",count_upper_bound,12394.229664783292,0.018040040999999007,7,68,9,1,22,196,16,15,16,1.0,774.6393540489557,45896.14832391645,431,410,190
SELF-Q4-edge_outward-minus_one-10040,10040,edge_outward,minus_one,triangle_active,True,all_sources_cleared_with_certificate,triangle,True,905.0,31,31,"[2, 3, 4, 5, 6, 8, 9, 10, 11, 12, 13, 14, 15, 17, 18, 20]","[2, 3, 4, 5, 6, 8, 9, 10, 11, 12, 13, 14, 15, 17, 18, 20]",count_upper_bound,15203.089051610033,0.024132916999995757,9,68,7,1,29,460,16,15,16,1.0,950.1930657256271,53865.44525805022,504,474,452
SELF-Q4-edge_outward-minus_one-10041,10041,edge_outward,minus_one,triangle_active,True,all_sources_cleared_with_certificate,triangle,True,905.0,31,30,"[1, 2, 3, 4, 5, 7, 8, 10, 11, 13, 14, 15, 16, 18, 19, 20]","[1, 2, 3, 4, 5, 7, 8, 10, 11, 13, 14, 15, 16, 18, 19, 20]",count_upper_bound,12259.816040620168,0.018689874999999745,8,63,8,4,24,174,16,15,16,1.0,766.2385025387605,45384.08020310085,436,413,170
SELF-Q4-edge_outward-minus_one-10042,10042,edge_outward,minus_one,triangle_active,True,all_sources_cleared_with_certificate,triangle,True,905.0,31,31,"[1, 2, 3, 4, 5, 6, 8, 9, 10, 11, 12, 13, 14, 17, 19, 20]","[1, 2, 3, 4, 5, 6, 8, 9, 10, 11, 12, 13, 14, 17, 19, 20]",count_upper_bound,13534.314126632617,0.020075292000001355,7,66,9,2,23,285,16,15,16,1.0,845.8946329145385,49826.570633163064,445,424,280
SELF-Q4-edge_outward-minus_one-10043,10043,edge_outward,minus_one,triangle_active,True,all_sources_cleared_with_certificate,triangle,True,905.0,31,31,"[1, 2, 3, 4, 5, 7, 8, 9, 10, 11, 12, 13, 14, 16, 18, 20]","[1, 2, 3, 4, 5, 7, 8, 9, 10, 11, 12, 13, 14, 16, 18, 20]",count_upper_bound,12100.743065187737,0.016324707999999077,6,53,10,0,18,176,16,15,16,1.0,756.2964415742335,44603.715325938705,435,415,170
SELF-Q4-edge_outward-minus_one-10044,10044,edge_outward,minus_one,triangle_active,True,all_sources_cleared_with_certificate,triangle,True,905.0,31,31,"[1, 2, 4, 6, 7, 9, 10, 11, 12, 13, 14, 15, 16, 17, 18, 20]","[1, 2, 4, 6, 7, 9, 10, 11, 12, 13, 14, 15, 16, 17, 18, 20]",count_upper_bound,15308.648208842102,0.026275624999996694,12,72,4,0,36,448,16,15,16,1.0,956.7905130526314,55178.241044210554,487,450,436
SELF-Q4-edge_outward-minus_one-10045,10045,edge_outward,minus_one,triangle_active,True,all_sources_cleared_with_certificate,triangle,True,905.0,31,30,"[1, 3, 4, 5, 6, 8, 9, 11, 12, 14, 15, 16, 17, 18, 19, 20]","[1, 3, 4, 5, 6, 8, 9, 11, 12, 14, 15, 16, 17, 18, 19, 20]",count_upper_bound,12708.204382723654,0.018203499999998485,7,60,9,1,23,234,16,15,16,1.0,794.2627739202284,46746.02191361831,437,410,228
SELF-Q4-edge_outward-minus_one-10046,10046,edge_outward,minus_one,triangle_active,True,all_sources_cleared_with_certificate,triangle,True,905.0,31,28,"[2, 3, 4, 5, 8, 9, 10, 11, 12, 13, 14, 15, 16, 17, 18, 20]","[2, 3, 4, 5, 8, 9, 10, 11, 12, 13, 14, 15, 16, 17, 18, 20]",count_upper_bound,12580.463544864278,0.019655542000002413,8,65,8,2,27,299,16,15,16,1.0,786.2789715540174,45652.3177243214,419,396,293
SELF-Q4-edge_outward-minus_one-10047,10047,edge_outward,minus_one,triangle_active,True,all_sources_cleared_with_certificate,triangle,True,905.0,31,30,"[1, 2, 5, 6, 7, 9, 10, 11, 13, 14, 15, 16, 17, 18, 19, 20]","[1, 2, 5, 6, 7, 9, 10, 11, 13, 14, 15, 16, 17, 18, 19, 20]",count_upper_bound,12586.694864041498,0.016769874999994272,5,45,11,1,17,196,16,15,16,1.0,786.6684290025936,46018.474320207526,458,437,192
SELF-Q4-edge_outward-minus_one-10048,10048,edge_outward,minus_one,triangle_active,True,all_sources_cleared_with_certificate,triangle,True,905.0,31,31,"[1, 2, 5, 6, 7, 8, 9, 10, 12, 13, 14, 16, 17, 18, 19, 20]","[1, 2, 5, 6, 7, 8, 9, 10, 12, 13, 14, 16, 17, 18, 19, 20]",count_upper_bound,12145.01326319138,0.015639124999999865,4,50,12,3,16,177,16,15,16,1.0,759.0633289494613,44945.06631595695,427,413,176
SELF-Q4-edge_outward-minus_one-10049,10049,edge_outward,minus_one,triangle_active,True,all_sources_cleared_with_certificate,triangle,True,905.0,31,31,"[1, 2, 4, 5, 6, 7, 11, 12, 13, 14, 15, 16, 17, 18, 19, 20]","[1, 2, 4, 5, 6, 7, 11, 12, 13, 14, 15, 16, 17, 18, 19, 20]",count_upper_bound,13334.148847321925,0.021577290999999832,10,72,6,1,32,235,16,15,16,1.0,833.3843029576203,48735.74423660965,477,444,226
SELF-Q4-minimum_range-smooth-10000,10000,minimum_range,smooth,triangle_active,True,all_sources_cleared_with_certificate,triangle,True,905.0,31,31,"[1, 2, 3, 4, 5, 6, 7, 9, 10, 11, 13, 15, 16, 19]","[1, 2, 3, 4, 5, 6, 7, 9, 10, 11, 13, 15, 16, 19]",full_mesh,9649.3503071708,0.007456290999996895,0,18,14,0,0,0,14,2,14,1.0,689.2393076550571,38526.75153585399,315,299,0
SELF-Q4-minimum_range-smooth-10001,10001,minimum_range,smooth,triangle_active,True,all_sources_cleared_with_certificate,triangle,True,905.0,31,31,"[1, 2, 3, 4, 5, 9, 11, 12, 14, 15, 16, 17, 18, 19, 20]","[1, 2, 3, 4, 5, 9, 11, 12, 14, 15, 16, 17, 18, 19, 20]",full_mesh,11208.72795020086,0.011841541000002564,1,24,14,0,3,103,15,3,15,1.0,747.2485300133907,43578.63975100431,354,342,102
SELF-Q4-minimum_range-smooth-10002,10002,minimum_range,smooth,triangle_active,True,all_sources_cleared_with_certificate,triangle,True,905.0,31,28,"[1, 2, 3, 4, 5, 6, 8, 9, 10, 11, 12, 13, 14, 16, 18, 19]","[1, 2, 3, 4, 5, 6, 8, 9, 10, 11, 12, 13, 14, 16, 18, 19]",count_upper_bound,10355.956163479092,0.011254208000003985,1,67,12,3,6,84,16,12,16,1.0,647.2472602174432,39909.780817395476,342,335,83
SELF-Q4-minimum_range-smooth-10003,10003,minimum_range,smooth,triangle_active,True,all_sources_cleared_with_certificate,triangle,True,905.0,31,31,"[1, 5, 6, 7, 8, 13, 14, 16, 18, 20]","[1, 5, 6, 7, 8, 13, 14, 16, 18, 20]",full_mesh,10018.188227103929,0.007438458000002868,0,18,10,0,0,0,10,3,10,1.0,1001.8188227103929,37755.94113551963,405,392,0
SELF-Q4-minimum_range-smooth-10004,10004,minimum_range,smooth,triangle_active,True,all_sources_cleared_with_certificate,triangle,True,905.0,31,31,"[1, 3, 7, 9, 10, 12, 14, 15, 16, 17, 20]","[1, 3, 7, 9, 10, 12, 14, 15, 16, 17, 20]",full_mesh,10335.089687619575,0.008237499999999898,0,19,9,2,0,0,11,3,11,1.0,939.5536079654158,37800.448438097876,455,445,0
SELF-Q4-minimum_range-smooth-10005,10005,minimum_range,smooth,triangle_active,True,all_sources_cleared_with_certificate,triangle,True,905.0,31,31,"[1, 2, 3, 6, 9, 12, 14, 15, 16, 17, 18, 19]","[1, 2, 3, 6, 9, 12, 14, 15, 16, 17, 18, 19]",full_mesh,9686.927825408105,0.007048417000000029,0,13,12,0,0,0,12,2,12,1.0,807.2439854506755,37424.63912704052,359,347,0
SELF-Q4-minimum_range-smooth-10006,10006,minimum_range,smooth,triangle_active,True,all_sources_cleared_with_certificate,triangle,True,905.0,31,31,"[1, 2, 3, 5, 6, 7, 8, 10, 16, 17, 18, 19, 20]","[1, 2, 3, 5, 6, 7, 8, 10, 16, 17, 18, 19, 20]",full_mesh,9729.779665272461,0.007688082999997903,0,9,13,0,0,0,13,5,13,1.0,748.4445896363432,37593.89832636229,360,346,0
SELF-Q4-minimum_range-smooth-10007,10007,minimum_range,smooth,triangle_active,True,all_sources_cleared_with_certificate,triangle,True,905.0,31,31,"[2, 3, 4, 5, 6, 7, 8, 9, 10, 11, 16, 17, 18, 20]","[2, 3, 4, 5, 6, 7, 8, 9, 10, 11, 16, 17, 18, 20]",full_mesh,10231.871623777311,0.0083258339999972,0,26,14,0,0,0,14,2,14,1.0,730.8479731269508,40539.35811888654,344,334,0
SELF-Q4-minimum_range-smooth-10008,10008,minimum_range,smooth,triangle_active,True,all_sources_cleared_with_certificate,triangle,True,905.0,31,31,"[1, 2, 3, 5, 7, 9, 10, 11, 12, 14, 15, 16, 17, 19, 20]","[1, 2, 3, 5, 7, 9, 10, 11, 12, 14, 15, 16, 17, 19, 20]",full_mesh,10246.161323151342,0.008438458000000537,1,37,14,0,3,3,15,2,15,1.0,683.0774215434228,40590.80661575671,343,332,2
SELF-Q4-minimum_range-smooth-10009,10009,minimum_range,smooth,triangle_active,True,all_sources_cleared_with_certificate,triangle,True,905.0,31,27,"[1, 2, 3, 4, 5, 7, 8, 10, 11, 12, 13, 14, 15, 17, 19, 20]","[1, 2, 3, 4, 5, 7, 8, 10, 11, 12, 13, 14, 15, 17, 19, 20]",count_upper_bound,9248.70688352867,0.0095822920000046,1,43,12,3,7,18,16,9,16,1.0,578.0441802205419,34503.53441764335,371,362,17
SELF-Q4-minimum_range-smooth-10010,10010,minimum_range,smooth,triangle_active,True,all_sources_cleared_with_certificate,triangle,True,905.0,31,31,"[1, 4, 6, 8, 9, 10, 11, 12, 17, 18]","[1, 4, 6, 8, 9, 10, 11, 12, 17, 18]",full_mesh,10180.916965881335,0.007899749999999983,0,17,9,1,0,0,10,4,10,1.0,1018.0916965881336,38369.584829406675,412,397,0
SELF-Q4-minimum_range-smooth-10011,10011,minimum_range,smooth,triangle_active,True,all_sources_cleared_with_certificate,triangle,True,905.0,31,31,"[3, 5, 6, 7, 9, 10, 11, 14, 15, 17, 18]","[3, 5, 6, 7, 9, 10, 11, 14, 15, 17, 18]",full_mesh,10309.089796954297,0.007985750000003122,0,15,11,0,0,0,11,1,11,1.0,937.1899815412997,38340.44898477147,433,421,0
SELF-Q4-minimum_range-smooth-10012,10012,minimum_range,smooth,triangle_active,True,all_sources_cleared_with_certificate,triangle,True,905.0,31,31,"[1, 2, 3, 4, 6, 10, 11, 13, 14, 15, 17, 19]","[1, 2, 3, 4, 6, 10, 11, 13, 14, 15, 17, 19]",full_mesh,11686.632102729805,0.012482208999998079,1,45,9,2,3,146,12,7,12,1.0,973.8860085608171,43533.16051364905,415,410,145
SELF-Q4-minimum_range-smooth-10013,10013,minimum_range,smooth,triangle_active,True,all_sources_cleared_with_certificate,triangle,True,905.0,31,31,"[4, 5, 6, 7, 8, 10, 12, 13, 15, 16, 17, 19, 20]","[4, 5, 6, 7, 8, 10, 12, 13, 15, 16, 17, 19, 20]",full_mesh,9654.655187016862,0.007578791999996781,0,35,12,1,0,0,13,5,13,1.0,742.6657836166817,37333.27593508431,356,343,0
SELF-Q4-minimum_range-smooth-10014,10014,minimum_range,smooth,triangle_active,True,all_sources_cleared_with_certificate,triangle,True,905.0,31,31,"[2, 3, 4, 6, 7, 8, 9, 13, 14, 15, 17, 18, 19, 20]","[2, 3, 4, 6, 7, 8, 9, 13, 14, 15, 17, 18, 19, 20]",full_mesh,9924.871430305726,0.007454792000004318,0,13,14,0,0,0,14,3,14,1.0,708.9193878789804,39224.357151528646,337,325,0
SELF-Q4-minimum_range-smooth-10015,10015,minimum_range,smooth,triangle_active,True,all_sources_cleared_with_certificate,triangle,True,905.0,31,31,"[1, 2, 3, 4, 5, 7, 8, 10, 11, 12, 13, 15, 16, 17, 20]","[1, 2, 3, 4, 5, 7, 8, 10, 11, 12, 13, 15, 16, 17, 20]",full_mesh,10153.936978606473,0.008270041000002948,0,49,9,6,0,0,15,8,15,1.0,676.9291319070982,40519.68489303236,330,325,0
SELF-Q4-minimum_range-smooth-10016,10016,minimum_range,smooth,triangle_active,True,all_sources_cleared_with_certificate,triangle,True,905.0,31,18,"[1, 2, 3, 5, 6, 10, 11, 12, 13, 14, 15, 16, 17, 18, 19, 20]","[1, 2, 3, 5, 6, 10, 11, 12, 13, 14, 15, 16, 17, 18, 19, 20]",count_upper_bound,7022.566678546278,0.006680000000002906,0,23,15,2,5,0,16,4,16,1.0,438.9104174091424,27942.833392731398,226,221,1
SELF-Q4-minimum_range-smooth-10017,10017,minimum_range,smooth,triangle_active,True,all_sources_cleared_with_certificate,triangle,True,905.0,31,31,"[3, 8, 9, 10, 13, 14, 15, 17, 19, 20]","[3, 8, 9, 10, 13, 14, 15, 17, 19, 20]",full_mesh,10021.788822892207,0.007640291999997828,0,13,10,0,0,0,10,1,10,1.0,1002.1788822892207,36553.94411446103,446,431,0
SELF-Q4-minimum_range-smooth-10018,10018,minimum_range,smooth,triangle_active,True,all_sources_cleared_with_certificate,triangle,True,905.0,31,31,"[1, 2, 3, 5, 7, 11, 12, 13, 15, 17, 19]","[1, 2, 3, 5, 7, 11, 12, 13, 15, 17, 19]",full_mesh,10223.871790306352,0.00790349999999762,0,31,10,1,0,0,11,6,11,1.0,929.4428900278501,38884.35895153176,400,392,0
SELF-Q4-minimum_range-smooth-10019,10019,minimum_range,smooth,triangle_active,True,all_sources_cleared_with_certificate,triangle,True,905.0,31,31,"[1, 2, 3, 4, 6, 8, 9, 10, 13, 15, 16, 20]","[1, 2, 3, 4, 6, 8, 9, 10, 13, 15, 16, 20]",full_mesh,10119.878021564891,0.008615040999998769,0,26,12,0,0,0,12,9,12,1.0,843.3231684637409,37954.39010782446,413,404,0
SELF-Q4-minimum_range-smooth-10020,10020,minimum_range,smooth,triangle_active,True,all_sources_cleared_with_certificate,triangle,True,905.0,31,31,"[1, 2, 3, 4, 5, 6, 7, 11, 12, 13, 16, 17, 20]","[1, 2, 3, 4, 5, 6, 7, 11, 12, 13, 16, 17, 20]",full_mesh,10265.870207927235,0.007982957999999485,0,43,10,3,0,0,13,12,13,1.0,789.6823236867104,38764.35103963617,409,403,0
SELF-Q4-minimum_range-smooth-10021,10021,minimum_range,smooth,triangle_active,True,all_sources_cleared_with_certificate,triangle,True,905.0,31,31,"[1, 4, 5, 6, 8, 10, 11, 12, 13, 14, 15, 16, 17, 19]","[1, 4, 5, 6, 8, 10, 11, 12, 13, 14, 15, 16, 17, 19]",full_mesh,9505.260720410357,0.006999624999998844,0,16,14,0,0,0,14,1,14,1.0,678.9471943150255,37891.30360205179,312,297,0
SELF-Q4-minimum_range-smooth-10022,10022,minimum_range,smooth,triangle_active,True,all_sources_cleared_with_certificate,triangle,True,905.0,31,31,"[1, 3, 4, 5, 6, 8, 9, 10, 11, 12, 15, 17, 18, 19, 20]","[1, 3, 4, 5, 6, 8, 9, 10, 11, 12, 15, 17, 18, 19, 20]",full_mesh,10302.30926238498,0.007677207999996938,0,36,13,2,0,0,15,8,15,1.0,686.8206174923321,41211.5463119249,332,325,0
SELF-Q4-minimum_range-smooth-10023,10023,minimum_range,smooth,triangle_active,True,all_sources_cleared_with_certificate,triangle,True,905.0,31,22,"[1, 2, 4, 5, 6, 9, 10, 11, 12, 14, 15, 16, 17, 18, 19, 20]","[1, 2, 4, 5, 6, 9, 10, 11, 12, 14, 15, 16, 17, 18, 19, 20]",count_upper_bound,7846.064389977797,0.007943999999994844,0,42,14,4,5,0,16,11,16,1.0,490.3790243736123,30340.321949888978,283,277,2
SELF-Q4-minimum_range-smooth-10024,10024,minimum_range,smooth,triangle_active,True,all_sources_cleared_with_certificate,triangle,True,905.0,31,31,"[1, 2, 5, 6, 10, 13, 15, 17, 18, 20]","[1, 2, 5, 6, 10, 13, 15, 17, 18, 20]",full_mesh,10902.866101725273,0.011024041999995404,1,35,8,1,3,92,10,5,10,1.0,1090.2866101725272,39519.330508626364,448,436,91
SELF-Q4-minimum_range-smooth-10025,10025,minimum_range,smooth,triangle_active,True,all_sources_cleared_with_certificate,triangle,True,905.0,31,31,"[3, 5, 6, 10, 11, 13, 15, 16, 18, 19, 20]","[3, 5, 6, 10, 11, 13, 15, 16, 18, 19, 20]",full_mesh,9810.953783808029,0.0079610410000015,0,19,11,0,0,0,11,1,11,1.0,891.9048894370935,36099.76891904014,425,411,0
SELF-Q4-minimum_range-smooth-10026,10026,minimum_range,smooth,triangle_active,True,all_sources_cleared_with_certificate,triangle,True,905.0,31,31,"[1, 5, 6, 7, 10, 12, 13, 14, 16, 17, 19, 20]","[1, 5, 6, 7, 10, 12, 13, 14, 16, 17, 19, 20]",full_mesh,10128.664145243276,0.008241541999993274,0,20,10,2,0,0,12,2,12,1.0,844.0553454369397,38903.32072621637,383,373,0
SELF-Q4-minimum_range-smooth-10027,10027,minimum_range,smooth,triangle_active,True,all_sources_cleared_with_certificate,triangle,True,905.0,31,31,"[1, 2, 3, 7, 8, 9, 13, 14, 15, 16, 17, 19, 20]","[1, 2, 3, 7, 8, 9, 13, 14, 15, 16, 17, 19, 20]",full_mesh,9550.786453982995,0.00719366700000279,0,25,12,1,1,0,13,1,13,1.0,734.675881075615,38303.93226991496,306,295,0
SELF-Q4-minimum_range-smooth-10028,10028,minimum_range,smooth,triangle_active,True,all_sources_cleared_with_certificate,triangle,True,905.0,31,31,"[3, 5, 7, 9, 10, 11, 12, 13, 14, 15, 16, 17, 19, 20]","[3, 5, 7, 9, 10, 11, 12, 13, 14, 15, 16, 17, 19, 20]",full_mesh,11141.058487501745,0.011316290999999978,1,51,11,2,3,103,14,8,14,1.0,795.7898919644103,42485.29243750871,379,373,102
SELF-Q4-minimum_range-smooth-10029,10029,minimum_range,smooth,triangle_active,True,all_sources_cleared_with_certificate,triangle,True,905.0,31,31,"[1, 2, 4, 5, 6, 8, 9, 12, 13, 14, 15, 16, 17, 18, 20]","[1, 2, 4, 5, 6, 8, 9, 12, 13, 14, 15, 16, 17, 18, 20]",full_mesh,9917.318450005634,0.007559958000001643,0,21,15,0,0,0,15,6,15,1.0,661.1545633337089,39971.59225002818,310,298,0
SELF-Q4-minimum_range-smooth-10030,10030,minimum_range,smooth,triangle_active,True,all_sources_cleared_with_certificate,triangle,True,905.0,31,24,"[1, 4, 6, 7, 8, 9, 10, 11, 12, 13, 15, 16, 17, 18, 19, 20]","[1, 4, 6, 7, 8, 9, 10, 11, 12, 13, 15, 16, 17, 18, 19, 20]",count_upper_bound,8704.73379575718,0.007923458000000494,0,17,14,4,7,0,16,2,16,1.0,544.0458622348237,34748.6689787859,280,269,2
SELF-Q4-minimum_range-smooth-10031,10031,minimum_range,smooth,triangle_active,True,all_sources_cleared_with_certificate,triangle,True,905.0,31,31,"[2, 3, 4, 5, 8, 12, 16, 17, 19, 20]","[2, 3, 4, 5, 8, 12, 16, 17, 19, 20]",full_mesh,10380.304719893757,0.008771709000001238,1,28,8,1,3,6,10,3,10,1.0,1038.0304719893757,38561.52359946877,436,423,5
SELF-Q4-minimum_range-smooth-10032,10032,minimum_range,smooth,triangle_active,True,all_sources_cleared_with_certificate,triangle,True,905.0,31,31,"[1, 2, 4, 5, 6, 7, 9, 12, 13, 14, 15]","[1, 2, 4, 5, 6, 7, 9, 12, 13, 14, 15]",full_mesh,10514.364856746826,0.007642250000003514,0,19,11,0,1,0,11,2,11,1.0,955.8513506133478,40171.8242837341,406,395,0
SELF-Q4-minimum_range-smooth-10033,10033,minimum_range,smooth,triangle_active,True,all_sources_cleared_with_certificate,triangle,True,905.0,31,31,"[1, 2, 6, 7, 8, 11, 12, 15, 16, 17, 18, 20]","[1, 2, 6, 7, 8, 11, 12, 15, 16, 17, 18, 20]",full_mesh,10752.386599165282,0.011878875000000733,2,41,8,2,6,86,12,7,12,1.0,896.0322165971069,40181.93299582639,403,389,84
SELF-Q4-minimum_range-smooth-10034,10034,minimum_range,smooth,triangle_active,True,all_sources_cleared_with_certificate,triangle,True,905.0,31,31,"[2, 4, 6, 7, 9, 12, 13, 14, 15, 16, 17, 18, 19]","[2, 4, 6, 7, 9, 12, 13, 14, 15, 16, 17, 18, 19]",full_mesh,10289.63770358725,0.008040499999999895,0,23,10,3,0,0,13,12,13,1.0,791.5105925836347,38608.188517936265,419,408,0
SELF-Q4-minimum_range-smooth-10035,10035,minimum_range,smooth,triangle_active,True,all_sources_cleared_with_certificate,triangle,True,905.0,31,31,"[1, 2, 5, 6, 7, 10, 11, 12, 13, 14, 15, 17, 19, 20]","[1, 2, 5, 6, 7, 10, 11, 12, 13, 14, 15, 17, 19, 20]",full_mesh,10384.720975314787,0.00823483399999958,0,24,13,1,0,0,14,8,14,1.0,741.7657839510563,40433.60487657391,373,363,0
SELF-Q4-minimum_range-smooth-10036,10036,minimum_range,smooth,triangle_active,True,all_sources_cleared_with_certificate,triangle,True,905.0,31,31,"[2, 3, 5, 6, 7, 8, 10, 11, 13, 14, 16, 17, 18, 19, 20]","[2, 3, 5, 6, 7, 8, 10, 11, 13, 14, 16, 17, 18, 19, 20]",full_mesh,9796.240602588225,0.007870375000003094,0,28,15,0,0,0,15,3,15,1.0,653.082706839215,38841.20301294113,327,318,0
SELF-Q4-minimum_range-smooth-10037,10037,minimum_range,smooth,triangle_active,True,all_sources_cleared_with_certificate,triangle,True,905.0,31,18,"[1, 3, 4, 5, 6, 8, 9, 10, 11, 13, 14, 15, 16, 18, 19, 20]","[1, 3, 4, 5, 6, 8, 9, 10, 11, 13, 14, 15, 16, 18, 19, 20]",count_upper_bound,7481.254706980225,0.006708291999999005,0,22,13,4,8,0,16,5,16,1.0,467.57841918626406,30086.273534901113,231,226,1
SELF-Q4-minimum_range-smooth-10038,10038,minimum_range,smooth,triangle_active,True,all_sources_cleared_with_certificate,triangle,True,905.0,31,31,"[3, 6, 7, 9, 11, 13, 14, 15, 18, 19]","[3, 6, 7, 9, 11, 13, 14, 15, 18, 19]",full_mesh,10468.908181368299,0.0075672920000045,0,22,9,1,0,0,10,4,10,1.0,1046.89081813683,39684.54090684148,416,402,0
SELF-Q4-minimum_range-smooth-10039,10039,minimum_range,smooth,triangle_active,True,all_sources_cleared_with_certificate,triangle,True,905.0,31,31,"[1, 5, 6, 8, 9, 13, 14, 15, 18, 19, 20]","[1, 5, 6, 8, 9, 13, 14, 15, 18, 19, 20]",full_mesh,9986.691179267023,0.009597625000004939,1,35,10,0,3,9,11,8,11,1.0,907.8810162970021,36298.45589633512,443,433,8
SELF-Q4-minimum_range-smooth-10040,10040,minimum_range,smooth,triangle_active,True,all_sources_cleared_with_certificate,triangle,True,905.0,31,31,"[2, 3, 6, 8, 9, 10, 11, 12, 13, 14, 15, 18]","[2, 3, 6, 8, 9, 10, 11, 12, 13, 14, 15, 18]",full_mesh,10248.523033983845,0.008253957999997397,0,26,10,2,0,0,12,4,12,1.0,854.0435861653204,38112.61516991922,429,421,0
SELF-Q4-minimum_range-smooth-10041,10041,minimum_range,smooth,triangle_active,True,all_sources_cleared_with_certificate,triangle,True,905.0,31,31,"[2, 3, 4, 5, 7, 8, 10, 11, 13, 14, 16, 18, 19]","[2, 3, 4, 5, 7, 8, 10, 11, 13, 14, 16, 18, 19]",full_mesh,11480.191072742224,0.013776083999999855,2,47,11,0,6,165,13,7,13,1.0,883.091620980171,42780.95536371113,397,385,163
SELF-Q4-minimum_range-smooth-10042,10042,minimum_range,smooth,triangle_active,True,all_sources_cleared_with_certificate,triangle,True,905.0,31,31,"[2, 3, 4, 5, 6, 8, 9, 10, 11, 12, 13, 14, 17, 20]","[2, 3, 4, 5, 6, 8, 9, 10, 11, 12, 13, 14, 17, 20]",full_mesh,10303.716658609399,0.007270750000003545,0,18,14,0,0,0,14,1,14,1.0,735.9797613292428,41508.583293047,324,312,0
SELF-Q4-minimum_range-smooth-10043,10043,minimum_range,smooth,triangle_active,True,all_sources_cleared_with_certificate,triangle,True,905.0,31,31,"[2, 3, 4, 5, 7, 8, 9, 10, 11, 12, 13, 14, 16, 18, 20]","[2, 3, 4, 5, 7, 8, 9, 10, 11, 12, 13, 14, 16, 18, 20]",full_mesh,9695.006414760663,0.008173792000000901,0,12,15,0,0,0,15,2,15,1.0,646.3337609840441,37550.03207380331,354,340,0
SELF-Q4-minimum_range-smooth-10044,10044,minimum_range,smooth,triangle_active,True,all_sources_cleared_with_certificate,triangle,True,905.0,31,27,"[1, 2, 4, 6, 7, 9, 10, 11, 12, 13, 14, 15, 16, 17, 18, 20]","[1, 2, 4, 6, 7, 9, 10, 11, 12, 13, 14, 15, 16, 17, 18, 20]",count_upper_bound,9987.93788258764,0.011903207999999665,1,25,11,4,5,109,16,7,16,1.0,624.2461176617275,37719.6894129382,342,330,108
SELF-Q4-minimum_range-smooth-10045,10045,minimum_range,smooth,triangle_active,True,all_sources_cleared_with_certificate,triangle,True,905.0,31,31,"[1, 5, 6, 8, 9, 11, 12, 16, 17, 18]","[1, 5, 6, 8, 9, 11, 12, 16, 17, 18]",full_mesh,11251.737000034109,0.012399832999996363,2,28,6,2,6,157,10,9,10,1.0,1125.1737000034109,41073.68500017056,424,402,155
SELF-Q4-minimum_range-smooth-10046,10046,minimum_range,smooth,triangle_active,True,all_sources_cleared_with_certificate,triangle,True,905.0,31,31,"[3, 4, 5, 8, 10, 11, 13, 14, 15, 16, 18]","[3, 4, 5, 8, 10, 11, 13, 14, 15, 16, 18]",full_mesh,10340.155464967156,0.0076261250000015934,1,22,10,0,3,4,11,4,11,1.0,940.0141331788324,39450.777324835784,400,386,3
SELF-Q4-minimum_range-smooth-10047,10047,minimum_range,smooth,triangle_active,True,all_sources_cleared_with_certificate,triangle,True,905.0,31,31,"[2, 5, 7, 9, 10, 11, 13, 14, 15, 16, 18, 20]","[2, 5, 7, 9, 10, 11, 13, 14, 15, 16, 18, 20]",full_mesh,10519.141009210993,0.00790158399999541,0,50,10,2,3,0,12,10,12,1.0,876.5950841009161,40525.70504605498,393,389,0
SELF-Q4-minimum_range-smooth-10048,10048,minimum_range,smooth,triangle_active,True,all_sources_cleared_with_certificate,triangle,True,905.0,31,31,"[1, 2, 5, 6, 7, 8, 9, 12, 13, 16, 17, 18, 19]","[1, 2, 5, 6, 7, 8, 9, 12, 13, 16, 17, 18, 19]",full_mesh,10196.60237076894,0.008066874999997253,0,20,12,1,0,0,13,3,13,1.0,784.3540285206877,39268.011853844684,381,373,0
SELF-Q4-minimum_range-smooth-10049,10049,minimum_range,smooth,triangle_active,True,all_sources_cleared_with_certificate,triangle,True,905.0,31,31,"[1, 2, 4, 6, 7, 11, 12, 13, 14, 15, 16, 18, 19, 20]","[1, 2, 4, 6, 7, 11, 12, 13, 14, 15, 16, 18, 19, 20]",full_mesh,10951.970872366835,0.011505167000002814,1,47,10,3,3,99,14,9,14,1.0,782.2836337404882,41349.85436183417,388,378,98
SELF-Q4-minimum_range-checker-10000,10000,minimum_range,checker,triangle_active,True,all_sources_cleared_with_certificate,triangle,True,905.0,31,31,"[1, 2, 3, 4, 5, 6, 7, 9, 10, 11, 13, 15, 16, 19]","[1, 2, 3, 4, 5, 6, 7, 9, 10, 11, 13, 15, 16, 19]",full_mesh,9476.82682143015,0.007160249999998314,0,18,14,0,0,0,14,2,14,1.0,676.916201530725,37664.13410715074,315,299,0
SELF-Q4-minimum_range-checker-10001,10001,minimum_range,checker,triangle_active,True,all_sources_cleared_with_certificate,triangle,True,905.0,31,31,"[1, 2, 3, 4, 5, 9, 11, 12, 14, 15, 16, 17, 18, 19, 20]","[1, 2, 3, 4, 5, 9, 11, 12, 14, 15, 16, 17, 18, 19, 20]",full_mesh,10712.169449952618,0.009281166999997481,1,29,13,1,3,28,15,3,15,1.0,714.1446299968412,42095.8472497631,358,347,27
SELF-Q4-minimum_range-checker-10002,10002,minimum_range,checker,triangle_active,True,all_sources_cleared_with_certificate,triangle,True,905.0,31,28,"[1, 2, 3, 4, 5, 6, 8, 9, 10, 11, 12, 13, 14, 16, 18, 19]","[1, 2, 3, 4, 5, 6, 8, 9, 10, 11, 12, 13, 14, 16, 18, 19]",count_upper_bound,10797.632314084474,0.012380708000002016,1,67,13,3,7,144,16,12,16,1.0,674.8520196302796,41173.16157042239,343,336,144
SELF-Q4-minimum_range-checker-10003,10003,minimum_range,checker,triangle_active,True,all_sources_cleared_with_certificate,triangle,True,905.0,31,31,"[1, 5, 6, 7, 8, 13, 14, 16, 18, 20]","[1, 5, 6, 7, 8, 13, 14, 16, 18, 20]",full_mesh,10008.68191577919,0.0077552919999988035,0,18,10,0,0,0,10,3,10,1.0,1000.8681915779191,37708.40957889597,405,392,0
SELF-Q4-minimum_range-checker-10004,10004,minimum_range,checker,triangle_active,True,all_sources_cleared_with_certificate,triangle,True,905.0,31,31,"[1, 3, 7, 9, 10, 12, 14, 15, 16, 17, 20]","[1, 3, 7, 9, 10, 12, 14, 15, 16, 17, 20]",full_mesh,10345.97650583317,0.008518667000004143,0,19,10,2,1,0,11,3,11,1.0,940.5433187121064,37844.88252916582,455,444,1
SELF-Q4-minimum_range-checker-10005,10005,minimum_range,checker,triangle_active,True,all_sources_cleared_with_certificate,triangle,True,905.0,31,31,"[1, 2, 3, 6, 9, 12, 14, 15, 16, 17, 18, 19]","[1, 2, 3, 6, 9, 12, 14, 15, 16, 17, 18, 19]",full_mesh,9686.911279342095,0.007011375000004705,0,13,12,0,0,0,12,2,12,1.0,807.2426066118413,37454.5563967105,358,346,0
SELF-Q4-minimum_range-checker-10006,10006,minimum_range,checker,triangle_active,True,all_sources_cleared_with_certificate,triangle,True,905.0,31,31,"[1, 2, 3, 5, 6, 7, 8, 10, 16, 17, 18, 19, 20]","[1, 2, 3, 5, 6, 7, 8, 10, 16, 17, 18, 19, 20]",full_mesh,9787.27319559629,0.007741125000002569,0,10,13,1,2,0,13,5,13,1.0,752.8671688920223,37811.36597798144,362,347,1
SELF-Q4-minimum_range-checker-10007,10007,minimum_range,checker,triangle_active,True,all_sources_cleared_with_certificate,triangle,True,905.0,31,31,"[2, 3, 4, 5, 6, 7, 8, 9, 10, 11, 16, 17, 18, 20]","[2, 3, 4, 5, 6, 7, 8, 9, 10, 11, 16, 17, 18, 20]",full_mesh,10240.376366609027,0.007817334000002063,0,27,14,0,0,0,14,2,14,1.0,731.4554547577876,40551.88183304513,345,335,0
SELF-Q4-minimum_range-checker-10008,10008,minimum_range,checker,triangle_active,True,all_sources_cleared_with_certificate,triangle,True,905.0,31,31,"[1, 2, 3, 5, 7, 9, 10, 11, 12, 14, 15, 16, 17, 19, 20]","[1, 2, 3, 5, 7, 9, 10, 11, 12, 14, 15, 16, 17, 19, 20]",full_mesh,10238.174138077793,0.0081969579999992,1,37,14,0,3,3,15,2,15,1.0,682.5449425385195,40585.870690388954,342,330,2
SELF-Q4-minimum_range-checker-10009,10009,minimum_range,checker,triangle_active,True,all_sources_cleared_with_certificate,triangle,True,905.0,31,27,"[1, 2, 3, 4, 5, 7, 8, 10, 11, 12, 13, 14, 15, 17, 19, 20]","[1, 2, 3, 4, 5, 7, 8, 10, 11, 12, 13, 14, 15, 17, 19, 20]",count_upper_bound,9372.615068715113,0.01077854199999706,2,46,13,3,11,21,16,9,16,1.0,585.7884417946946,34953.07534357557,375,364,21
SELF-Q4-minimum_range-checker-10010,10010,minimum_range,checker,triangle_active,True,all_sources_cleared_with_certificate,triangle,True,905.0,31,31,"[1, 4, 6, 8, 9, 10, 11, 12, 17, 18]","[1, 4, 6, 8, 9, 10, 11, 12, 17, 18]",full_mesh,10178.648029427859,0.007780832999998211,0,13,10,0,0,0,10,4,10,1.0,1017.8648029427859,38478.24014713931,408,393,0
SELF-Q4-minimum_range-checker-10011,10011,minimum_range,checker,triangle_active,True,all_sources_cleared_with_certificate,triangle,True,905.0,31,31,"[3, 5, 6, 7, 9, 10, 11, 14, 15, 17, 18]","[3, 5, 6, 7, 9, 10, 11, 14, 15, 17, 18]",full_mesh,10310.556517437928,0.00777991600000405,0,15,11,0,0,0,11,1,11,1.0,937.3233197670844,38347.782587189635,433,421,0
SELF-Q4-minimum_range-checker-10012,10012,minimum_range,checker,triangle_active,True,all_sources_cleared_with_certificate,triangle,True,905.0,31,31,"[1, 2, 3, 4, 6, 10, 11, 13, 14, 15, 17, 19]","[1, 2, 3, 4, 6, 10, 11, 13, 14, 15, 17, 19]",full_mesh,10953.885562090289,0.010665000000003033,1,45,10,2,4,82,12,7,12,1.0,912.8237968408574,40784.42781045144,416,411,82
SELF-Q4-minimum_range-checker-10013,10013,minimum_range,checker,triangle_active,True,all_sources_cleared_with_certificate,triangle,True,905.0,31,31,"[4, 5, 6, 7, 8, 10, 12, 13, 15, 16, 17, 19, 20]","[4, 5, 6, 7, 8, 10, 12, 13, 15, 16, 17, 19, 20]",full_mesh,9762.063875393827,0.008329750000001468,1,37,12,1,2,7,13,5,13,1.0,750.9279904149098,37740.31937696916,357,343,7
SELF-Q4-minimum_range-checker-10014,10014,minimum_range,checker,triangle_active,True,all_sources_cleared_with_certificate,triangle,True,905.0,31,31,"[2, 3, 4, 6, 7, 8, 9, 13, 14, 15, 17, 18, 19, 20]","[2, 3, 4, 6, 7, 8, 9, 13, 14, 15, 17, 18, 19, 20]",full_mesh,9771.173386473652,0.007477749999999617,0,12,14,0,0,0,14,3,14,1.0,697.9409561766895,38490.86693236825,336,323,0
SELF-Q4-minimum_range-checker-10015,10015,minimum_range,checker,triangle_active,True,all_sources_cleared_with_certificate,triangle,True,905.0,31,31,"[1, 2, 3, 4, 5, 7, 8, 10, 11, 12, 13, 15, 16, 17, 20]","[1, 2, 3, 4, 5, 7, 8, 10, 11, 12, 13, 15, 16, 17, 20]",full_mesh,10317.520459107174,0.0100045410000007,1,52,11,6,4,7,15,8,15,1.0,687.8346972738116,41002.60229553587,337,330,9
SELF-Q4-minimum_range-checker-10016,10016,minimum_range,checker,triangle_active,True,all_sources_cleared_with_certificate,triangle,True,905.0,31,18,"[1, 2, 3, 5, 6, 10, 11, 12, 13, 14, 15, 16, 17, 18, 19, 20]","[1, 2, 3, 5, 6, 10, 11, 12, 13, 14, 15, 16, 17, 18, 19, 20]",count_upper_bound,7125.393532972804,0.007002167000003112,0,27,16,3,8,0,16,4,16,1.0,445.33709581080024,28256.96766486402,232,225,3
SELF-Q4-minimum_range-checker-10017,10017,minimum_range,checker,triangle_active,True,all_sources_cleared_with_certificate,triangle,True,905.0,31,31,"[3, 8, 9, 10, 13, 14, 15, 17, 19, 20]","[3, 8, 9, 10, 13, 14, 15, 17, 19, 20]",full_mesh,10016.013509622106,0.007782416000004844,0,13,10,0,0,0,10,1,10,1.0,1001.6013509622105,36525.06754811052,446,431,0
SELF-Q4-minimum_range-checker-10018,10018,minimum_range,checker,triangle_active,True,all_sources_cleared_with_certificate,triangle,True,905.0,31,31,"[1, 2, 3, 5, 7, 11, 12, 13, 15, 17, 19]","[1, 2, 3, 5, 7, 11, 12, 13, 15, 17, 19]",full_mesh,10209.467641619554,0.007594875000002332,0,29,10,1,0,0,11,6,11,1.0,928.1334219654141,38877.338208097746,398,389,0
SELF-Q4-minimum_range-checker-10019,10019,minimum_range,checker,triangle_active,True,all_sources_cleared_with_certificate,triangle,True,905.0,31,31,"[1, 2, 3, 4, 6, 8, 9, 10, 13, 15, 16, 20]","[1, 2, 3, 4, 6, 8, 9, 10, 13, 15, 16, 20]",full_mesh,10116.65596231796,0.008325791000004301,0,25,12,0,0,0,12,9,12,1.0,843.0546635264967,37973.27981158979,412,402,0
SELF-Q4-minimum_range-checker-10020,10020,minimum_range,checker,triangle_active,True,all_sources_cleared_with_certificate,triangle,True,905.0,31,31,"[1, 2, 3, 4, 5, 6, 7, 11, 12, 13, 16, 17, 20]","[1, 2, 3, 4, 5, 6, 7, 11, 12, 13, 16, 17, 20]",full_mesh,10367.549401890465,0.008972792000001562,1,44,11,3,4,3,13,12,13,1.0,797.5038001454203,39162.74700945233,411,403,4
SELF-Q4-minimum_range-checker-10021,10021,minimum_range,checker,triangle_active,True,all_sources_cleared_with_certificate,triangle,True,905.0,31,31,"[1, 4, 5, 6, 8, 10, 11, 12, 13, 14, 15, 16, 17, 19]","[1, 4, 5, 6, 8, 10, 11, 12, 13, 14, 15, 16, 17, 19]",full_mesh,9501.962075413127,0.007053042000002563,0,16,14,0,0,0,14,1,14,1.0,678.7115768152233,37874.810377065645,312,297,0
SELF-Q4-minimum_range-checker-10022,10022,minimum_range,checker,triangle_active,True,all_sources_cleared_with_certificate,triangle,True,905.0,31,31,"[1, 3, 4, 5, 6, 8, 9, 10, 11, 12, 15, 17, 18, 19, 20]","[1, 3, 4, 5, 6, 8, 9, 10, 11, 12, 15, 17, 18, 19, 20]",full_mesh,10337.299413492507,0.007719625000000008,0,37,14,2,2,0,15,8,15,1.0,689.1532942328338,41316.49706746254,334,326,1
SELF-Q4-minimum_range-checker-10023,10023,minimum_range,checker,triangle_active,True,all_sources_cleared_with_certificate,triangle,True,905.0,31,22,"[1, 2, 4, 5, 6, 9, 10, 11, 12, 14, 15, 16, 17, 18, 19, 20]","[1, 2, 4, 5, 6, 9, 10, 11, 12, 14, 15, 16, 17, 18, 19, 20]",count_upper_bound,7864.762017457275,0.007980957999997429,0,39,15,4,6,0,16,11,16,1.0,491.5476260910797,30483.810087286358,281,274,3
SELF-Q4-minimum_range-checker-10024,10024,minimum_range,checker,triangle_active,True,all_sources_cleared_with_certificate,triangle,True,905.0,31,31,"[1, 2, 5, 6, 10, 13, 15, 17, 18, 20]","[1, 2, 5, 6, 10, 13, 15, 17, 18, 20]",full_mesh,10694.7590688208,0.009966625000004115,1,35,8,1,3,61,10,5,10,1.0,1069.47590688208,38943.79534410401,448,436,60
SELF-Q4-minimum_range-checker-10025,10025,minimum_range,checker,triangle_active,True,all_sources_cleared_with_certificate,triangle,True,905.0,31,31,"[3, 5, 6, 10, 11, 13, 15, 16, 18, 19, 20]","[3, 5, 6, 10, 11, 13, 15, 16, 18, 19, 20]",full_mesh,9814.747119794642,0.007757957999999121,0,19,11,0,0,0,11,1,11,1.0,892.2497381631492,36118.73559897319,425,411,0
SELF-Q4-minimum_range-checker-10026,10026,minimum_range,checker,triangle_active,True,all_sources_cleared_with_certificate,triangle,True,905.0,31,31,"[1, 5, 6, 7, 10, 12, 13, 14, 16, 17, 19, 20]","[1, 5, 6, 7, 10, 12, 13, 14, 16, 17, 19, 20]",full_mesh,10123.849994919996,0.00750516599999429,0,20,10,2,0,0,12,2,12,1.0,843.654166243333,38879.24997459998,383,373,0
SELF-Q4-minimum_range-checker-10027,10027,minimum_range,checker,triangle_active,True,all_sources_cleared_with_certificate,triangle,True,905.0,31,31,"[1, 2, 3, 7, 8, 9, 13, 14, 15, 16, 17, 19, 20]","[1, 2, 3, 7, 8, 9, 13, 14, 15, 16, 17, 19, 20]",full_mesh,9581.465466514861,0.007380666000003089,0,29,12,1,1,0,13,1,13,1.0,737.0358051165277,38307.3273325743,311,300,0
SELF-Q4-minimum_range-checker-10028,10028,minimum_range,checker,triangle_active,True,all_sources_cleared_with_certificate,triangle,True,905.0,31,31,"[3, 5, 7, 9, 10, 11, 12, 13, 14, 15, 16, 17, 19, 20]","[3, 5, 7, 9, 10, 11, 12, 13, 14, 15, 16, 17, 19, 20]",full_mesh,10652.342478565964,0.00961895900000087,1,51,12,2,5,29,14,8,14,1.0,760.8816056118546,41111.71239282983,380,373,29
SELF-Q4-minimum_range-checker-10029,10029,minimum_range,checker,triangle_active,True,all_sources_cleared_with_certificate,triangle,True,905.0,31,31,"[1, 2, 4, 5, 6, 8, 9, 12, 13, 14, 15, 16, 17, 18, 20]","[1, 2, 4, 5, 6, 8, 9, 12, 13, 14, 15, 16, 17, 18, 20]",full_mesh,9940.082766543866,0.007782417000001374,0,22,15,0,0,0,15,6,15,1.0,662.6721844362578,40015.41383271934,312,302,0
SELF-Q4-minimum_range-checker-10030,10030,minimum_range,checker,triangle_active,True,all_sources_cleared_with_certificate,triangle,True,905.0,31,24,"[1, 4, 6, 7, 8, 9, 10, 11, 12, 13, 15, 16, 17, 18, 19, 20]","[1, 4, 6, 7, 8, 9, 10, 11, 12, 13, 15, 16, 17, 18, 19, 20]",count_upper_bound,8725.90271161961,0.007719041000001425,0,17,14,4,7,0,16,2,16,1.0,545.3689194762256,34854.51355809806,280,269,2
SELF-Q4-minimum_range-checker-10031,10031,minimum_range,checker,triangle_active,True,all_sources_cleared_with_certificate,triangle,True,905.0,31,31,"[2, 3, 4, 5, 8, 12, 16, 17, 19, 20]","[2, 3, 4, 5, 8, 12, 16, 17, 19, 20]",full_mesh,10371.95144917702,0.008819207999998468,1,29,8,1,3,6,10,3,10,1.0,1037.195144917702,38489.75724588511,437,424,5
SELF-Q4-minimum_range-checker-10032,10032,minimum_range,checker,triangle_active,True,all_sources_cleared_with_certificate,triangle,True,905.0,31,31,"[1, 2, 4, 5, 6, 7, 9, 12, 13, 14, 15]","[1, 2, 4, 5, 6, 7, 9, 12, 13, 14, 15]",full_mesh,10499.142210701777,0.00775816600000212,0,18,11,0,1,0,11,2,11,1.0,954.4674737001616,40100.71105350887,406,394,0
SELF-Q4-minimum_range-checker-10033,10033,minimum_range,checker,triangle_active,True,all_sources_cleared_with_certificate,triangle,True,905.0,31,31,"[1, 2, 6, 7, 8, 11, 12, 15, 16, 17, 18, 20]","[1, 2, 6, 7, 8, 11, 12, 15, 16, 17, 18, 20]",full_mesh,11348.544393768363,0.013639417000000265,3,43,9,2,9,163,12,7,12,1.0,945.7120328140303,41912.7219688418,406,390,162
SELF-Q4-minimum_range-checker-10034,10034,minimum_range,checker,triangle_active,True,all_sources_cleared_with_certificate,triangle,True,905.0,31,31,"[2, 4, 6, 7, 9, 12, 13, 14, 15, 16, 17, 18, 19]","[2, 4, 6, 7, 9, 12, 13, 14, 15, 16, 17, 18, 19]",full_mesh,10403.9528351294,0.008715583000004301,0,27,11,4,3,0,13,12,13,1.0,800.304064240723,38944.76417564696,426,414,2
SELF-Q4-minimum_range-checker-10035,10035,minimum_range,checker,triangle_active,True,all_sources_cleared_with_certificate,triangle,True,905.0,31,31,"[1, 2, 5, 6, 7, 10, 11, 12, 13, 14, 15, 17, 19, 20]","[1, 2, 5, 6, 7, 10, 11, 12, 13, 14, 15, 17, 19, 20]",full_mesh,10373.218195144273,0.008510208000004127,0,23,13,1,0,0,14,8,14,1.0,740.9441567960195,40436.09097572136,371,361,0
SELF-Q4-minimum_range-checker-10036,10036,minimum_range,checker,triangle_active,True,all_sources_cleared_with_certificate,triangle,True,905.0,31,31,"[2, 3, 5, 6, 7, 8, 10, 11, 13, 14, 16, 17, 18, 19, 20]","[2, 3, 5, 6, 7, 8, 10, 11, 13, 14, 16, 17, 18, 19, 20]",full_mesh,9800.305811314487,0.01004137500000013,0,27,15,0,0,0,15,3,15,1.0,653.3537207542992,38891.52905657245,326,317,0
SELF-Q4-minimum_range-checker-10037,10037,minimum_range,checker,triangle_active,True,all_sources_cleared_with_certificate,triangle,True,905.0,31,18,"[1, 3, 4, 5, 6, 8, 9, 10, 11, 13, 14, 15, 16, 18, 19, 20]","[1, 3, 4, 5, 6, 8, 9, 10, 11, 13, 14, 15, 16, 18, 19, 20]",count_upper_bound,7507.830200750099,0.006818457999997918,0,22,14,4,9,0,16,5,16,1.0,469.2393875468812,30179.15100375048,232,226,2
SELF-Q4-minimum_range-checker-10038,10038,minimum_range,checker,triangle_active,True,all_sources_cleared_with_certificate,triangle,True,905.0,31,31,"[3, 6, 7, 9, 11, 13, 14, 15, 18, 19]","[3, 6, 7, 9, 11, 13, 14, 15, 18, 19]",full_mesh,10561.022404485739,0.008797916999995437,1,27,9,1,2,6,10,4,10,1.0,1056.1022404485739,39880.11202242871,422,407,6
SELF-Q4-minimum_range-checker-10039,10039,minimum_range,checker,triangle_active,True,all_sources_cleared_with_certificate,triangle,True,905.0,31,31,"[1, 5, 6, 8, 9, 13, 14, 15, 18, 19, 20]","[1, 5, 6, 8, 9, 13, 14, 15, 18, 19, 20]",full_mesh,9978.365122005132,0.008953832999999634,1,35,10,0,3,9,11,8,11,1.0,907.1241020004666,36256.82561002567,443,433,8
SELF-Q4-minimum_range-checker-10040,10040,minimum_range,checker,triangle_active,True,all_sources_cleared_with_certificate,triangle,True,905.0,31,31,"[2, 3, 6, 8, 9, 10, 11, 12, 13, 14, 15, 18]","[2, 3, 6, 8, 9, 10, 11, 12, 13, 14, 15, 18]",full_mesh,10228.284655397003,0.007924541999997814,0,21,12,1,1,0,12,4,12,1.0,852.3570546164169,38121.42327698501,425,416,1
SELF-Q4-minimum_range-checker-10041,10041,minimum_range,checker,triangle_active,True,all_sources_cleared_with_certificate,triangle,True,905.0,31,31,"[2, 3, 4, 5, 7, 8, 10, 11, 13, 14, 16, 18, 19]","[2, 3, 4, 5, 7, 8, 10, 11, 13, 14, 16, 18, 19]",full_mesh,10819.556070912166,0.010845584000001907,2,48,11,1,7,67,13,7,13,1.0,832.2735439163205,40872.78035456084,399,387,66
SELF-Q4-minimum_range-checker-10042,10042,minimum_range,checker,triangle_active,True,all_sources_cleared_with_certificate,triangle,True,905.0,31,31,"[2, 3, 4, 5, 6, 8, 9, 10, 11, 12, 13, 14, 17, 20]","[2, 3, 4, 5, 6, 8, 9, 10, 11, 12, 13, 14, 17, 20]",full_mesh,10302.429840638495,0.007399458000001857,0,18,14,0,0,0,14,1,14,1.0,735.8878457598925,41467.149203192486,325,314,0
SELF-Q4-minimum_range-checker-10043,10043,minimum_range,checker,triangle_active,True,all_sources_cleared_with_certificate,triangle,True,905.0,31,31,"[2, 3, 4, 5, 7, 8, 9, 10, 11, 12, 13, 14, 16, 18, 20]","[2, 3, 4, 5, 7, 8, 9, 10, 11, 12, 13, 14, 16, 18, 20]",full_mesh,9717.04009019132,0.008578040999999814,0,14,15,0,0,0,15,2,15,1.0,647.8026726794213,37595.2004509566,356,343,0
SELF-Q4-minimum_range-checker-10044,10044,minimum_range,checker,triangle_active,True,all_sources_cleared_with_certificate,triangle,True,905.0,31,27,"[1, 2, 4, 6, 7, 9, 10, 11, 12, 13, 14, 15, 16, 17, 18, 20]","[1, 2, 4, 6, 7, 9, 10, 11, 12, 13, 14, 15, 16, 17, 18, 20]",count_upper_bound,10039.526314587467,0.011593458000000112,1,24,13,4,7,109,16,7,16,1.0,627.4703946617167,37912.63157293733,343,332,110
SELF-Q4-minimum_range-checker-10045,10045,minimum_range,checker,triangle_active,True,all_sources_cleared_with_certificate,triangle,True,905.0,31,31,"[1, 5, 6, 8, 9, 11, 12, 16, 17, 18]","[1, 5, 6, 8, 9, 11, 12, 16, 17, 18]",full_mesh,10789.07616487617,0.01165466700000195,3,30,7,1,8,85,10,9,10,1.0,1078.9076164876171,39785.38082438087,426,403,83
SELF-Q4-minimum_range-checker-10046,10046,minimum_range,checker,triangle_active,True,all_sources_cleared_with_certificate,triangle,True,905.0,31,31,"[3, 4, 5, 8, 10, 11, 13, 14, 15, 16, 18]","[3, 4, 5, 8, 10, 11, 13, 14, 15, 16, 18]",full_mesh,10322.977836377751,0.007970374999999308,1,22,10,0,3,4,11,4,11,1.0,938.4525305797956,39394.88918188876,399,385,3
SELF-Q4-minimum_range-checker-10047,10047,minimum_range,checker,triangle_active,True,all_sources_cleared_with_certificate,triangle,True,905.0,31,31,"[2, 5, 7, 9, 10, 11, 13, 14, 15, 16, 18, 20]","[2, 5, 7, 9, 10, 11, 13, 14, 15, 16, 18, 20]",full_mesh,10682.756292785614,0.008434333000003846,0,51,11,2,4,0,12,10,12,1.0,890.2296910654678,41268.78146392807,395,391,1
SELF-Q4-minimum_range-checker-10048,10048,minimum_range,checker,triangle_active,True,all_sources_cleared_with_certificate,triangle,True,905.0,31,31,"[1, 2, 5, 6, 7, 8, 9, 12, 13, 16, 17, 18, 19]","[1, 2, 5, 6, 7, 8, 9, 12, 13, 16, 17, 18, 19]",full_mesh,10178.692990703745,0.007666208999999924,0,19,12,1,0,0,13,3,13,1.0,782.976383900288,39208.46495351873,380,372,0
SELF-Q4-minimum_range-checker-10049,10049,minimum_range,checker,triangle_active,True,all_sources_cleared_with_certificate,triangle,True,905.0,31,31,"[1, 2, 4, 6, 7, 11, 12, 13, 14, 15, 16, 18, 19, 20]","[1, 2, 4, 6, 7, 11, 12, 13, 14, 15, 16, 18, 19, 20]",full_mesh,11266.076480376423,0.012875667000002977,2,48,11,3,6,132,14,9,14,1.0,804.719748598316,42355.38240188213,390,379,132
SELF-Q4-cluster-plus_one-10000,10000,cluster,plus_one,triangle_active,True,all_sources_cleared_with_certificate,triangle,True,905.0,31,31,"[1, 2, 4, 5, 10, 11, 13, 15, 16, 19]","[1, 2, 4, 5, 10, 11, 13, 15, 16, 19]",full_mesh,9746.765896072451,0.010755207999999072,1,25,7,2,3,60,10,9,10,1.0,974.6765896072451,31948.829480362245,526,500,59
SELF-Q4-cluster-plus_one-10001,10001,cluster,plus_one,triangle_active,True,all_sources_cleared_with_certificate,triangle,True,905.0,31,31,"[2, 3, 4, 5, 9, 11, 12, 14, 17, 19]","[2, 3, 4, 5, 9, 11, 12, 14, 17, 19]",full_mesh,8923.573620177624,0.0079612919999974,0,6,10,0,0,0,10,2,10,1.0,892.3573620177624,29852.868100888118,488,463,0
SELF-Q4-cluster-plus_one-10002,10002,cluster,plus_one,triangle_active,True,all_sources_cleared_with_certificate,triangle,True,905.0,31,31,"[1, 2, 4, 5, 8, 9, 11, 12, 13, 16]","[1, 2, 4, 5, 8, 9, 11, 12, 13, 16]",full_mesh,9022.148723620576,0.007961708000003398,0,20,8,2,0,0,10,4,10,1.0,902.2148723620576,29915.743618102875,502,479,0
SELF-Q4-cluster-plus_one-10003,10003,cluster,plus_one,triangle_active,True,all_sources_cleared_with_certificate,triangle,True,905.0,31,31,"[1, 5, 6, 7, 8, 13, 14, 16, 18, 20]","[1, 5, 6, 7, 8, 13, 14, 16, 18, 20]",full_mesh,8963.37880378747,0.007704083999996669,0,14,8,2,0,0,10,3,10,1.0,896.337880378747,29866.894018937353,494,470,0
SELF-Q4-cluster-plus_one-10004,10004,cluster,plus_one,triangle_active,True,all_sources_cleared_with_certificate,triangle,True,905.0,31,31,"[1, 3, 7, 10, 12, 14, 15, 16, 17, 20]","[1, 3, 7, 10, 12, 14, 15, 16, 17, 20]",full_mesh,10151.696135111735,0.011747583000001782,1,27,7,2,3,95,10,9,10,1.0,1015.1696135111736,32668.480675558665,552,526,94
SELF-Q4-cluster-plus_one-10005,10005,cluster,plus_one,triangle_active,True,all_sources_cleared_with_certificate,triangle,True,905.0,31,31,"[1, 3, 6, 9, 12, 15, 16, 17, 18, 19]","[1, 3, 6, 9, 12, 15, 16, 17, 18, 19]",full_mesh,8933.672312840918,0.007591874999995696,0,0,10,0,0,0,10,2,10,1.0,893.3672312840918,29823.361564204584,491,464,0
SELF-Q4-cluster-plus_one-10006,10006,cluster,plus_one,triangle_active,True,all_sources_cleared_with_certificate,triangle,True,905.0,31,31,"[1, 2, 5, 6, 7, 8, 16, 17, 18, 19]","[1, 2, 5, 6, 7, 8, 16, 17, 18, 19]",full_mesh,8965.980698781832,0.008162957999999776,0,14,8,2,0,0,10,3,10,1.0,896.5980698781832,29874.903493909165,494,471,0
SELF-Q4-cluster-plus_one-10007,10007,cluster,plus_one,triangle_active,True,all_sources_cleared_with_certificate,triangle,True,905.0,31,31,"[3, 4, 5, 6, 7, 8, 9, 10, 11, 18]","[3, 4, 5, 6, 7, 8, 9, 10, 11, 18]",full_mesh,9980.402238045119,0.012098208000004718,1,21,9,0,3,95,10,9,10,1.0,998.0402238045119,32622.01119022559,525,499,94
SELF-Q4-cluster-plus_one-10008,10008,cluster,plus_one,triangle_active,True,all_sources_cleared_with_certificate,triangle,True,905.0,31,31,"[2, 5, 9, 10, 11, 12, 15, 16, 17, 20]","[2, 5, 9, 10, 11, 12, 15, 16, 17, 20]",full_mesh,9010.769169878702,0.008014000000002852,0,0,10,0,0,0,10,3,10,1.0,901.0769169878702,29888.8458493935,502,473,0
SELF-Q4-cluster-plus_one-10009,10009,cluster,plus_one,triangle_active,True,all_sources_cleared_with_certificate,triangle,True,905.0,31,31,"[4, 5, 7, 8, 11, 12, 14, 17, 19, 20]","[4, 5, 7, 8, 11, 12, 14, 17, 19, 20]",full_mesh,9059.59761903121,0.00791250000000332,0,7,9,1,0,0,10,8,10,1.0,905.959761903121,29892.988095156048,509,486,0
SELF-Q4-cluster-plus_one-10010,10010,cluster,plus_one,triangle_active,True,all_sources_cleared_with_certificate,triangle,True,905.0,31,31,"[1, 4, 6, 8, 9, 10, 11, 12, 17, 18]","[1, 4, 6, 8, 9, 10, 11, 12, 17, 18]",full_mesh,8987.865555549051,0.00788837500000028,0,17,8,2,0,0,10,4,10,1.0,898.7865555549051,29864.327777745257,498,475,0
SELF-Q4-cluster-plus_one-10011,10011,cluster,plus_one,triangle_active,True,all_sources_cleared_with_certificate,triangle,True,905.0,31,31,"[3, 5, 6, 7, 9, 10, 11, 14, 17, 18]","[3, 5, 6, 7, 9, 10, 11, 14, 17, 18]",full_mesh,9188.97260210684,0.007906415999997307,0,8,10,0,1,0,10,6,10,1.0,918.897260210684,30154.86301053418,522,498,0
SELF-Q4-cluster-plus_one-10012,10012,cluster,plus_one,triangle_active,True,all_sources_cleared_with_certificate,triangle,True,905.0,31,31,"[1, 2, 3, 4, 6, 13, 14, 15, 17, 19]","[1, 2, 3, 4, 6, 13, 14, 15, 17, 19]",full_mesh,9112.618831300677,0.008210208000001273,0,24,8,2,0,0,10,6,10,1.0,911.2618831300676,29883.09415650338,518,496,0
SELF-Q4-cluster-plus_one-10013,10013,cluster,plus_one,triangle_active,True,all_sources_cleared_with_certificate,triangle,True,905.0,31,31,"[4, 5, 7, 10, 12, 13, 15, 16, 17, 20]","[4, 5, 7, 10, 12, 13, 15, 16, 17, 20]",full_mesh,9276.46439754335,0.008743709000000877,1,20,9,0,3,3,10,7,10,1.0,927.646439754335,30482.321987716743,525,499,2
SELF-Q4-cluster-plus_one-10014,10014,cluster,plus_one,triangle_active,True,all_sources_cleared_with_certificate,triangle,True,905.0,31,31,"[2, 7, 8, 9, 13, 14, 15, 17, 18, 19]","[2, 7, 8, 9, 13, 14, 15, 17, 18, 19]",full_mesh,9217.249073909688,0.008487250000001723,0,21,8,2,0,0,10,9,10,1.0,921.7249073909688,29901.245369548447,535,512,0
SELF-Q4-cluster-plus_one-10015,10015,cluster,plus_one,triangle_active,True,all_sources_cleared_with_certificate,triangle,True,905.0,31,31,"[2, 3, 4, 5, 8, 10, 13, 16, 17, 20]","[2, 3, 4, 5, 8, 10, 13, 16, 17, 20]",full_mesh,8936.28427606601,0.008111749999997642,0,8,10,0,0,0,10,2,10,1.0,893.628427606601,29881.42138033004,489,465,0
SELF-Q4-cluster-plus_one-10016,10016,cluster,plus_one,triangle_active,True,all_sources_cleared_with_certificate,triangle,True,905.0,31,31,"[2, 5, 6, 10, 11, 12, 15, 16, 18, 19]","[2, 5, 6, 10, 11, 12, 15, 16, 18, 19]",full_mesh,8969.134496643726,0.0077954160000004435,0,3,10,0,0,0,10,3,10,1.0,896.9134496643726,29865.67248321863,495,471,0
SELF-Q4-cluster-plus_one-10017,10017,cluster,plus_one,triangle_active,True,all_sources_cleared_with_certificate,triangle,True,905.0,31,31,"[3, 8, 9, 10, 13, 14, 15, 17, 19, 20]","[3, 8, 9, 10, 13, 14, 15, 17, 19, 20]",full_mesh,8876.127867826184,0.007452916999994841,0,0,10,0,0,0,10,1,10,1.0,887.6127867826184,29875.639339130903,480,451,0
SELF-Q4-cluster-plus_one-10018,10018,cluster,plus_one,triangle_active,True,all_sources_cleared_with_certificate,triangle,True,905.0,31,31,"[1, 2, 3, 5, 7, 11, 12, 13, 17, 19]","[1, 2, 3, 5, 7, 11, 12, 13, 17, 19]",full_mesh,8953.8236859628,0.007826957999995443,0,11,10,0,0,0,10,3,10,1.0,895.38236859628,29844.118429814,493,470,0
SELF-Q4-cluster-plus_one-10019,10019,cluster,plus_one,triangle_active,True,all_sources_cleared_with_certificate,triangle,True,905.0,31,31,"[1, 2, 3, 6, 8, 9, 10, 15, 16, 20]","[1, 2, 3, 6, 8, 9, 10, 15, 16, 20]",full_mesh,9133.964840483892,0.00816754200000247,0,18,10,0,1,0,10,6,10,1.0,913.3964840483892,30144.824202419444,513,490,0
SELF-Q4-cluster-plus_one-10020,10020,cluster,plus_one,triangle_active,True,all_sources_cleared_with_certificate,triangle,True,905.0,31,31,"[1, 3, 4, 5, 6, 7, 11, 13, 16, 20]","[1, 3, 4, 5, 6, 7, 11, 13, 16, 20]",full_mesh,8947.338013441242,0.007609374999994145,0,0,10,0,0,0,10,1,10,1.0,894.7338013441242,29901.6900672062,491,462,0
SELF-Q4-cluster-plus_one-10021,10021,cluster,plus_one,triangle_active,True,all_sources_cleared_with_certificate,triangle,True,905.0,31,31,"[1, 5, 10, 12, 13, 14, 15, 16, 17, 19]","[1, 5, 10, 12, 13, 14, 15, 16, 17, 19]",full_mesh,8872.008794515927,0.007393249999999796,0,0,10,0,0,0,10,1,10,1.0,887.2008794515926,29855.043972579642,480,451,0
SELF-Q4-cluster-plus_one-10022,10022,cluster,plus_one,triangle_active,True,all_sources_cleared_with_certificate,triangle,True,905.0,31,31,"[1, 4, 5, 9, 11, 12, 15, 17, 18, 19]","[1, 4, 5, 9, 11, 12, 15, 17, 18, 19]",full_mesh,9169.327363609993,0.008113166000001115,0,14,8,2,0,0,10,6,10,1.0,916.9327363609993,29901.636818049952,527,504,0
SELF-Q4-cluster-plus_one-10023,10023,cluster,plus_one,triangle_active,True,all_sources_cleared_with_certificate,triangle,True,905.0,31,31,"[4, 6, 10, 11, 12, 14, 15, 16, 18, 19]","[4, 6, 10, 11, 12, 14, 15, 16, 18, 19]",full_mesh,8927.034400088714,0.007568875000004027,0,6,10,0,0,0,10,2,10,1.0,892.7034400088714,29870.172000443563,488,463,0
SELF-Q4-cluster-plus_one-10024,10024,cluster,plus_one,triangle_active,True,all_sources_cleared_with_certificate,triangle,True,905.0,31,31,"[1, 2, 5, 6, 10, 13, 15, 17, 18, 20]","[1, 2, 5, 6, 10, 13, 15, 17, 18, 20]",full_mesh,8932.103004612472,0.007614375000002838,0,7,10,0,0,0,10,5,10,1.0,893.2103004612472,29860.515023062355,489,465,0
SELF-Q4-cluster-plus_one-10025,10025,cluster,plus_one,triangle_active,True,all_sources_cleared_with_certificate,triangle,True,905.0,31,31,"[3, 5, 6, 10, 11, 13, 15, 16, 19, 20]","[3, 5, 6, 10, 11, 13, 15, 16, 19, 20]",full_mesh,9046.306513657892,0.008091374999999346,0,16,9,1,0,0,10,6,10,1.0,904.6306513657892,29856.53256828945,508,485,0
SELF-Q4-cluster-plus_one-10026,10026,cluster,plus_one,triangle_active,True,all_sources_cleared_with_certificate,triangle,True,905.0,31,31,"[1, 5, 6, 7, 12, 13, 14, 16, 17, 19]","[1, 5, 6, 7, 12, 13, 14, 16, 17, 19]",full_mesh,9275.50462217122,0.00914258299999915,1,25,7,2,3,1,10,7,10,1.0,927.550462217122,30442.5231108561,527,502,0
SELF-Q4-cluster-plus_one-10027,10027,cluster,plus_one,triangle_active,True,all_sources_cleared_with_certificate,triangle,True,905.0,31,31,"[1, 2, 3, 7, 8, 13, 16, 17, 19, 20]","[1, 2, 3, 7, 8, 13, 16, 17, 19, 20]",full_mesh,8967.720179791406,0.0076852090000016915,0,3,10,0,0,0,10,3,10,1.0,896.7720179791406,29858.600898957025,495,471,0
SELF-Q4-cluster-plus_one-10028,10028,cluster,plus_one,triangle_active,True,all_sources_cleared_with_certificate,triangle,True,905.0,31,31,"[3, 5, 7, 9, 10, 11, 12, 16, 19, 20]","[3, 5, 7, 9, 10, 11, 12, 16, 19, 20]",full_mesh,8969.439038510362,0.00770937500000457,0,13,9,1,0,0,10,3,10,1.0,896.9439038510361,29857.195192551804,495,473,0
SELF-Q4-cluster-plus_one-10029,10029,cluster,plus_one,triangle_active,True,all_sources_cleared_with_certificate,triangle,True,905.0,31,31,"[4, 6, 8, 9, 12, 14, 16, 17, 18, 20]","[4, 6, 8, 9, 12, 14, 16, 17, 18, 20]",full_mesh,9050.787947275334,0.007909000000005051,0,14,10,0,0,0,10,5,10,1.0,905.0787947275334,29883.939736376662,508,484,0
SELF-Q4-cluster-plus_one-10030,10030,cluster,plus_one,triangle_active,True,all_sources_cleared_with_certificate,triangle,True,905.0,31,31,"[1, 4, 7, 8, 10, 11, 13, 15, 17, 20]","[1, 4, 7, 8, 10, 11, 13, 15, 17, 20]",full_mesh,9177.752093405927,0.008090082999999026,0,3,10,0,0,0,10,7,10,1.0,917.7752093405927,29928.760467029624,528,502,0
SELF-Q4-cluster-plus_one-10031,10031,cluster,plus_one,triangle_active,True,all_sources_cleared_with_certificate,triangle,True,905.0,31,31,"[2, 3, 4, 5, 8, 12, 16, 17, 19, 20]","[2, 3, 4, 5, 8, 12, 16, 17, 19, 20]",full_mesh,8982.454024386932,0.0077641669999977125,0,5,10,0,0,0,10,3,10,1.0,898.2454024386932,29902.270121934645,496,472,0
SELF-Q4-cluster-plus_one-10032,10032,cluster,plus_one,triangle_active,True,all_sources_cleared_with_certificate,triangle,True,905.0,31,31,"[1, 2, 4, 5, 6, 7, 9, 12, 14, 15]","[1, 2, 4, 5, 6, 7, 9, 12, 14, 15]",full_mesh,9684.361439790304,0.010922915999998395,1,16,8,1,3,59,10,4,10,1.0,968.4361439790304,31891.807198951523,518,492,58
SELF-Q4-cluster-plus_one-10033,10033,cluster,plus_one,triangle_active,True,all_sources_cleared_with_certificate,triangle,True,905.0,31,31,"[6, 7, 8, 11, 12, 15, 16, 17, 18, 20]","[6, 7, 8, 11, 12, 15, 16, 17, 18, 20]",full_mesh,8924.28247296414,0.007729707999999391,0,7,9,1,0,0,10,1,10,1.0,892.4282472964139,29881.4123648207,487,463,0
SELF-Q4-cluster-plus_one-10034,10034,cluster,plus_one,triangle_active,True,all_sources_cleared_with_certificate,triangle,True,905.0,31,31,"[2, 4, 6, 7, 13, 15, 16, 17, 18, 19]","[2, 4, 6, 7, 13, 15, 16, 17, 18, 19]",full_mesh,9013.717651262945,0.008025375000002555,0,20,8,2,0,0,10,4,10,1.0,901.3717651262945,29868.588256314724,502,480,0
SELF-Q4-cluster-plus_one-10035,10035,cluster,plus_one,triangle_active,True,all_sources_cleared_with_certificate,triangle,True,905.0,31,31,"[2, 6, 7, 10, 11, 12, 13, 14, 17, 20]","[2, 6, 7, 10, 11, 12, 13, 14, 17, 20]",full_mesh,9130.96638934549,0.00816641700000531,0,16,9,1,0,0,10,7,10,1.0,913.0966389345491,29889.83194672745,521,498,0
SELF-Q4-cluster-plus_one-10036,10036,cluster,plus_one,triangle_active,True,all_sources_cleared_with_certificate,triangle,True,905.0,31,31,"[2, 3, 7, 10, 11, 13, 16, 17, 19, 20]","[2, 3, 7, 10, 11, 13, 16, 17, 19, 20]",full_mesh,9131.360288255979,0.00827062500000153,0,25,9,1,0,0,10,8,10,1.0,913.1360288255979,29916.801441279884,520,498,0
SELF-Q4-cluster-plus_one-10037,10037,cluster,plus_one,triangle_active,True,all_sources_cleared_with_certificate,triangle,True,905.0,31,31,"[3, 5, 8, 9, 10, 11, 14, 16, 18, 20]","[3, 5, 8, 9, 10, 11, 14, 16, 18, 20]",full_mesh,9069.611796148338,0.008074583999999163,0,6,10,0,0,0,10,5,10,1.0,906.9611796148338,29923.058980741687,510,485,0
SELF-Q4-cluster-plus_one-10038,10038,cluster,plus_one,triangle_active,True,all_sources_cleared_with_certificate,triangle,True,905.0,31,31,"[3, 6, 7, 9, 11, 13, 14, 15, 18, 19]","[3, 6, 7, 9, 11, 13, 14, 15, 18, 19]",full_mesh,9007.283135801099,0.008299541999996052,0,20,8,2,0,0,10,4,10,1.0,900.7283135801099,29836.415679005484,502,480,0
SELF-Q4-cluster-plus_one-10039,10039,cluster,plus_one,triangle_active,True,all_sources_cleared_with_certificate,triangle,True,905.0,31,31,"[5, 6, 8, 9, 13, 14, 15, 18, 19, 20]","[5, 6, 8, 9, 13, 14, 15, 18, 19, 20]",full_mesh,8933.073474222881,0.007516584000001103,0,7,9,1,0,0,10,1,10,1.0,893.3073474222881,29920.36737111442,487,464,0
SELF-Q4-cluster-plus_one-10040,10040,cluster,plus_one,triangle_active,True,all_sources_cleared_with_certificate,triangle,True,905.0,31,31,"[2, 3, 6, 8, 10, 11, 13, 14, 15, 18]","[2, 3, 6, 8, 10, 11, 13, 14, 15, 18]",full_mesh,9281.9293213935,0.008389999999998565,0,31,8,2,1,0,10,9,10,1.0,928.19293213935,30164.6466069675,537,514,0
SELF-Q4-cluster-plus_one-10041,10041,cluster,plus_one,triangle_active,True,all_sources_cleared_with_certificate,triangle,True,905.0,31,31,"[3, 4, 5, 8, 10, 11, 13, 14, 16, 18]","[3, 4, 5, 8, 10, 11, 13, 14, 16, 18]",full_mesh,9208.185720614647,0.008495416000002365,1,21,8,1,3,3,10,7,10,1.0,920.8185720614647,30495.928603073244,513,488,2
SELF-Q4-cluster-plus_one-10042,10042,cluster,plus_one,triangle_active,True,all_sources_cleared_with_certificate,triangle,True,905.0,31,31,"[4, 5, 8, 9, 10, 11, 12, 13, 14, 20]","[4, 5, 8, 9, 10, 11, 12, 13, 14, 20]",full_mesh,9336.942686076136,0.009379207999998584,1,6,9,0,3,21,10,2,10,1.0,933.6942686076136,31079.713430380678,507,476,20
SELF-Q4-cluster-plus_one-10043,10043,cluster,plus_one,triangle_active,True,all_sources_cleared_with_certificate,triangle,True,905.0,31,31,"[3, 5, 7, 8, 9, 10, 11, 14, 16, 18]","[3, 5, 7, 8, 9, 10, 11, 14, 16, 18]",full_mesh,9073.911032312019,0.008133250000000203,0,0,10,0,0,0,10,4,10,1.0,907.3911032312019,29874.5551615601,513,484,0
SELF-Q4-cluster-plus_one-10044,10044,cluster,plus_one,triangle_active,True,all_sources_cleared_with_certificate,triangle,True,905.0,31,31,"[1, 2, 6, 7, 10, 11, 12, 14, 15, 16]","[1, 2, 6, 7, 10, 11, 12, 14, 15, 16]",full_mesh,9818.145983992983,0.010861542000000668,1,39,6,3,3,58,10,9,10,1.0,981.8145983992983,31855.72991996492,542,516,57
SELF-Q4-cluster-plus_one-10045,10045,cluster,plus_one,triangle_active,True,all_sources_cleared_with_certificate,triangle,True,905.0,31,31,"[1, 5, 6, 8, 9, 11, 12, 16, 17, 18]","[1, 5, 6, 8, 9, 11, 12, 16, 17, 18]",full_mesh,9254.089059905114,0.008443332999995334,0,27,8,2,0,0,10,9,10,1.0,925.4089059905115,29905.445299525567,541,518,0
SELF-Q4-cluster-plus_one-10046,10046,cluster,plus_one,triangle_active,True,all_sources_cleared_with_certificate,triangle,True,905.0,31,31,"[3, 4, 5, 10, 11, 13, 14, 15, 16, 18]","[3, 4, 5, 10, 11, 13, 14, 15, 16, 18]",full_mesh,9220.763852793056,0.008636834000000704,1,22,9,0,3,2,10,8,10,1.0,922.0763852793056,30513.819263965266,515,490,1
SELF-Q4-cluster-plus_one-10047,10047,cluster,plus_one,triangle_active,True,all_sources_cleared_with_certificate,triangle,True,905.0,31,31,"[5, 7, 9, 11, 13, 14, 15, 16, 18, 20]","[5, 7, 9, 11, 13, 14, 15, 16, 18, 20]",full_mesh,8896.611122100758,0.007737165999998297,0,3,10,0,0,0,10,2,10,1.0,889.6611122100758,29843.05561050377,484,458,0
SELF-Q4-cluster-plus_one-10048,10048,cluster,plus_one,triangle_active,True,all_sources_cleared_with_certificate,triangle,True,905.0,31,31,"[1, 5, 6, 7, 9, 12, 13, 16, 18, 19]","[1, 5, 6, 7, 9, 12, 13, 16, 18, 19]",full_mesh,9706.90070756972,0.010806291999998052,1,19,8,1,3,59,10,8,10,1.0,970.6900707569721,31884.503537848617,522,496,58
SELF-Q4-cluster-plus_one-10049,10049,cluster,plus_one,triangle_active,True,all_sources_cleared_with_certificate,triangle,True,905.0,31,31,"[1, 2, 6, 7, 12, 13, 14, 15, 18, 19]","[1, 2, 6, 7, 12, 13, 14, 15, 18, 19]",full_mesh,9106.24791581486,0.008050666000002593,0,14,10,0,1,0,10,6,10,1.0,910.624791581486,30161.2395790743,508,484,0
SELF-Q4-near_origin-fixed_hash-10000,10000,near_origin,fixed_hash,triangle_active,True,all_sources_cleared_with_certificate,triangle,True,905.0,31,31,"[1, 2, 3, 4, 5, 6, 7, 9, 10, 11, 13, 15, 16, 19]","[1, 2, 3, 4, 5, 6, 7, 9, 10, 11, 13, 15, 16, 19]",full_mesh,9314.133903266633,0.008252874999996607,0,14,14,0,0,0,14,2,14,1.0,665.2952788047595,37995.66951633316,277,260,0
SELF-Q4-near_origin-fixed_hash-10001,10001,near_origin,fixed_hash,triangle_active,True,all_sources_cleared_with_certificate,triangle,True,905.0,31,31,"[1, 2, 3, 4, 5, 9, 11, 12, 14, 15, 16, 17, 18, 19, 20]","[1, 2, 3, 4, 5, 9, 11, 12, 14, 15, 16, 17, 18, 19, 20]",full_mesh,10026.81879522016,0.009212083000001314,0,14,15,0,0,0,15,3,15,1.0,668.4545863480107,40639.093976100805,306,294,0
SELF-Q4-near_origin-fixed_hash-10002,10002,near_origin,fixed_hash,triangle_active,True,all_sources_cleared_with_certificate,triangle,True,905.0,31,18,"[1, 2, 3, 4, 5, 6, 8, 9, 10, 11, 12, 13, 14, 16, 18, 19]","[1, 2, 3, 4, 5, 6, 8, 9, 10, 11, 12, 13, 14, 16, 18, 19]",count_upper_bound,8399.81000497872,0.010627417000002026,1,43,10,6,14,84,16,12,16,1.0,524.98812531117,32354.050024893615,268,257,84
SELF-Q4-near_origin-fixed_hash-10003,10003,near_origin,fixed_hash,triangle_active,True,all_sources_cleared_with_certificate,triangle,True,905.0,31,31,"[1, 5, 6, 7, 8, 13, 14, 16, 18, 20]","[1, 5, 6, 7, 8, 13, 14, 16, 18, 20]",full_mesh,9904.81388566479,0.008026499999999714,0,16,10,0,0,0,10,3,10,1.0,990.4813885664789,37249.06942832394,403,390,0
SELF-Q4-near_origin-fixed_hash-10004,10004,near_origin,fixed_hash,triangle_active,True,all_sources_cleared_with_certificate,triangle,True,905.0,31,31,"[1, 3, 7, 9, 10, 12, 14, 15, 16, 17, 20]","[1, 3, 7, 9, 10, 12, 14, 15, 16, 17, 20]",full_mesh,10092.042139411957,0.008176834000003907,0,9,11,0,0,0,11,3,11,1.0,917.4583763101779,37780.21069705978,415,406,0
SELF-Q4-near_origin-fixed_hash-10005,10005,near_origin,fixed_hash,triangle_active,True,all_sources_cleared_with_certificate,triangle,True,905.0,31,31,"[1, 2, 3, 6, 9, 12, 14, 15, 16, 17, 18, 19]","[1, 2, 3, 6, 9, 12, 14, 15, 16, 17, 18, 19]",full_mesh,9512.980244830977,0.007687416999999641,0,11,12,0,0,0,12,2,12,1.0,792.7483537359147,37189.90122415489,338,325,0
SELF-Q4-near_origin-fixed_hash-10006,10006,near_origin,fixed_hash,triangle_active,True,all_sources_cleared_with_certificate,triangle,True,905.0,31,31,"[1, 2, 3, 5, 6, 7, 8, 10, 16, 17, 18, 19, 20]","[1, 2, 3, 5, 6, 7, 8, 10, 16, 17, 18, 19, 20]",full_mesh,9336.78598159998,0.007893459000001712,0,15,13,0,0,0,13,5,13,1.0,718.2143062769215,37308.9299079999,304,290,0
SELF-Q4-near_origin-fixed_hash-10007,10007,near_origin,fixed_hash,triangle_active,True,all_sources_cleared_with_certificate,triangle,True,905.0,31,31,"[2, 3, 4, 5, 6, 7, 8, 9, 10, 11, 16, 17, 18, 20]","[2, 3, 4, 5, 6, 7, 8, 9, 10, 11, 16, 17, 18, 20]",full_mesh,10163.66298259658,0.008305290999999215,0,13,14,0,0,0,14,2,14,1.0,725.9759273283271,40718.31491298288,327,315,0
SELF-Q4-near_origin-fixed_hash-10008,10008,near_origin,fixed_hash,triangle_active,True,all_sources_cleared_with_certificate,triangle,True,905.0,31,31,"[1, 2, 3, 5, 7, 9, 10, 11, 12, 14, 15, 16, 17, 19, 20]","[1, 2, 3, 5, 7, 9, 10, 11, 12, 14, 15, 16, 17, 19, 20]",full_mesh,10928.776120943628,0.012812125000003505,1,30,14,0,3,150,15,2,15,1.0,728.5850747295752,42948.88060471816,305,292,149
SELF-Q4-near_origin-fixed_hash-10009,10009,near_origin,fixed_hash,triangle_active,True,all_sources_cleared_with_certificate,triangle,True,905.0,31,24,"[1, 2, 3, 4, 5, 7, 8, 10, 11, 12, 13, 14, 15, 17, 19, 20]","[1, 2, 3, 4, 5, 7, 8, 10, 11, 12, 13, 14, 15, 17, 19, 20]",count_upper_bound,7819.8569595653835,0.008024958999996556,0,25,14,3,5,0,16,9,16,1.0,488.74105997283647,30499.284797826906,274,267,1
SELF-Q4-near_origin-fixed_hash-10010,10010,near_origin,fixed_hash,triangle_active,True,all_sources_cleared_with_certificate,triangle,True,905.0,31,31,"[1, 4, 6, 8, 9, 10, 11, 12, 17, 18]","[1, 4, 6, 8, 9, 10, 11, 12, 17, 18]",full_mesh,9828.8922540834,0.0075136250000014115,0,14,10,0,0,0,10,4,10,1.0,982.8892254083399,37564.46127041699,380,366,0
SELF-Q4-near_origin-fixed_hash-10011,10011,near_origin,fixed_hash,triangle_active,True,all_sources_cleared_with_certificate,triangle,True,905.0,31,31,"[3, 5, 6, 7, 9, 10, 11, 14, 15, 17, 18]","[3, 5, 6, 7, 9, 10, 11, 14, 15, 17, 18]",full_mesh,10086.389076259857,0.008109208000000478,0,10,11,0,0,0,11,1,11,1.0,916.9444614781688,38276.94538129929,398,386,0
SELF-Q4-near_origin-fixed_hash-10012,10012,near_origin,fixed_hash,triangle_active,True,all_sources_cleared_with_certificate,triangle,True,905.0,31,31,"[1, 2, 3, 4, 6, 10, 11, 13, 14, 15, 17, 19]","[1, 2, 3, 4, 6, 10, 11, 13, 14, 15, 17, 19]",full_mesh,9964.247261707267,0.009034665999998026,1,32,10,1,3,7,12,7,12,1.0,830.3539384756056,38281.23630853632,373,365,6
SELF-Q4-near_origin-fixed_hash-10013,10013,near_origin,fixed_hash,triangle_active,True,all_sources_cleared_with_certificate,triangle,True,905.0,31,31,"[4, 5, 6, 7, 8, 10, 12, 13, 15, 16, 17, 19, 20]","[4, 5, 6, 7, 8, 10, 12, 13, 15, 16, 17, 19, 20]",full_mesh,9399.196805372014,0.008309375000003172,0,30,13,0,0,0,13,5,13,1.0,723.0151388747703,37340.98402686007,313,301,0
SELF-Q4-near_origin-fixed_hash-10014,10014,near_origin,fixed_hash,triangle_active,True,all_sources_cleared_with_certificate,triangle,True,905.0,31,31,"[2, 3, 4, 6, 7, 8, 9, 13, 14, 15, 17, 18, 19, 20]","[2, 3, 4, 6, 7, 8, 9, 13, 14, 15, 17, 18, 19, 20]",full_mesh,9647.917718827528,0.0077739169999944124,0,14,14,0,0,0,14,3,14,1.0,689.136979916252,38794.58859413764,305,294,0
SELF-Q4-near_origin-fixed_hash-10015,10015,near_origin,fixed_hash,triangle_active,True,all_sources_cleared_with_certificate,triangle,True,905.0,31,31,"[1, 2, 3, 4, 5, 7, 8, 10, 11, 12, 13, 15, 16, 17, 20]","[1, 2, 3, 4, 5, 7, 8, 10, 11, 12, 13, 15, 16, 17, 20]",full_mesh,9923.083577120247,0.008346666999997865,0,30,11,4,0,0,15,8,15,1.0,661.5389051413498,40390.41788560126,296,290,0
SELF-Q4-near_origin-fixed_hash-10016,10016,near_origin,fixed_hash,triangle_active,True,all_sources_cleared_with_certificate,triangle,True,905.0,31,17,"[1, 2, 3, 5, 6, 10, 11, 12, 13, 14, 15, 16, 17, 18, 19, 20]","[1, 2, 3, 5, 6, 10, 11, 12, 13, 14, 15, 16, 17, 18, 19, 20]",count_upper_bound,6680.933464952501,0.007274250000001814,0,12,13,3,3,0,16,4,16,1.0,417.5583415595313,26594.66732476251,214,212,0
SELF-Q4-near_origin-fixed_hash-10017,10017,near_origin,fixed_hash,triangle_active,True,all_sources_cleared_with_certificate,triangle,True,905.0,31,31,"[3, 8, 9, 10, 13, 14, 15, 17, 19, 20]","[3, 8, 9, 10, 13, 14, 15, 17, 19, 20]",full_mesh,9683.532421320302,0.008284750000001395,0,15,10,0,0,0,10,1,10,1.0,968.3532421320302,36492.66210660151,392,375,0
SELF-Q4-near_origin-fixed_hash-10018,10018,near_origin,fixed_hash,triangle_active,True,all_sources_cleared_with_certificate,triangle,True,905.0,31,31,"[1, 2, 3, 5, 7, 11, 12, 13, 15, 17, 19]","[1, 2, 3, 5, 7, 11, 12, 13, 15, 17, 19]",full_mesh,9866.502701293468,0.007790124999999648,0,23,10,1,0,0,11,6,11,1.0,896.9547910266789,38447.51350646733,356,342,0
SELF-Q4-near_origin-fixed_hash-10019,10019,near_origin,fixed_hash,triangle_active,True,all_sources_cleared_with_certificate,triangle,True,905.0,31,31,"[1, 2, 3, 4, 6, 8, 9, 10, 13, 15, 16, 20]","[1, 2, 3, 4, 6, 8, 9, 10, 13, 15, 16, 20]",full_mesh,9800.760709858803,0.008288583000002347,0,19,12,0,0,0,12,9,12,1.0,816.7300591549002,37983.80354929402,359,349,0
SELF-Q4-near_origin-fixed_hash-10020,10020,near_origin,fixed_hash,triangle_active,True,all_sources_cleared_with_certificate,triangle,True,905.0,31,31,"[1, 2, 3, 4, 5, 6, 7, 11, 12, 13, 16, 17, 20]","[1, 2, 3, 4, 5, 6, 7, 11, 12, 13, 16, 17, 20]",full_mesh,9806.792031442914,0.008205666999998584,0,26,11,2,0,0,13,12,13,1.0,754.368617803301,37353.96015721458,380,371,0
SELF-Q4-near_origin-fixed_hash-10021,10021,near_origin,fixed_hash,triangle_active,True,all_sources_cleared_with_certificate,triangle,True,905.0,31,31,"[1, 4, 5, 6, 8, 10, 11, 12, 13, 14, 15, 16, 17, 19]","[1, 4, 5, 6, 8, 10, 11, 12, 13, 14, 15, 16, 17, 19]",full_mesh,9243.349898674649,0.007860458999999764,0,19,14,0,0,0,14,1,14,1.0,660.2392784767607,37561.74949337323,279,266,0
SELF-Q4-near_origin-fixed_hash-10022,10022,near_origin,fixed_hash,triangle_active,True,all_sources_cleared_with_certificate,triangle,True,905.0,31,31,"[1, 3, 4, 5, 6, 8, 9, 10, 11, 12, 15, 17, 18, 19, 20]","[1, 3, 4, 5, 6, 8, 9, 10, 11, 12, 15, 17, 18, 19, 20]",full_mesh,10085.675746961108,0.008361917000001995,0,33,14,1,0,0,15,8,15,1.0,672.3783831307405,41003.37873480552,303,295,0
SELF-Q4-near_origin-fixed_hash-10023,10023,near_origin,fixed_hash,triangle_active,True,all_sources_cleared_with_certificate,triangle,True,905.0,31,22,"[1, 2, 4, 5, 6, 9, 10, 11, 12, 14, 15, 16, 17, 18, 19, 20]","[1, 2, 4, 5, 6, 9, 10, 11, 12, 14, 15, 16, 17, 18, 19, 20]",count_upper_bound,7578.280326061552,0.007629624999999862,0,27,13,4,3,0,16,11,16,1.0,473.642520378847,30036.40163030775,249,243,1
SELF-Q4-near_origin-fixed_hash-10024,10024,near_origin,fixed_hash,triangle_active,True,all_sources_cleared_with_certificate,triangle,True,905.0,31,31,"[1, 2, 5, 6, 10, 13, 15, 17, 18, 20]","[1, 2, 5, 6, 10, 13, 15, 17, 18, 20]",full_mesh,9593.914586140978,0.007701750000002505,0,21,10,0,0,0,10,5,10,1.0,959.3914586140978,36254.57293070489,384,373,0
SELF-Q4-near_origin-fixed_hash-10025,10025,near_origin,fixed_hash,triangle_active,True,all_sources_cleared_with_certificate,triangle,True,905.0,31,31,"[3, 5, 6, 10, 11, 13, 15, 16, 18, 19, 20]","[3, 5, 6, 10, 11, 13, 15, 16, 18, 19, 20]",full_mesh,9667.358887922905,0.008746166999998195,0,22,11,0,0,0,11,1,11,1.0,878.8508079929913,36641.79443961451,383,369,0
SELF-Q4-near_origin-fixed_hash-10026,10026,near_origin,fixed_hash,triangle_active,True,all_sources_cleared_with_certificate,triangle,True,905.0,31,31,"[1, 5, 6, 7, 10, 12, 13, 14, 16, 17, 19, 20]","[1, 5, 6, 7, 10, 12, 13, 14, 16, 17, 19, 20]",full_mesh,9889.396624976685,0.008188791000002027,0,8,12,0,0,0,12,2,12,1.0,824.1163854147238,38591.98312488343,354,341,0
SELF-Q4-near_origin-fixed_hash-10027,10027,near_origin,fixed_hash,triangle_active,True,all_sources_cleared_with_certificate,triangle,True,905.0,31,31,"[1, 2, 3, 7, 8, 9, 13, 14, 15, 16, 17, 19, 20]","[1, 2, 3, 7, 8, 9, 13, 14, 15, 16, 17, 19, 20]",full_mesh,9182.735527134997,0.007098583000001213,0,16,13,0,0,0,13,1,13,1.0,706.3642713180767,37023.67763567499,288,273,0
SELF-Q4-near_origin-fixed_hash-10028,10028,near_origin,fixed_hash,triangle_active,True,all_sources_cleared_with_certificate,triangle,True,905.0,31,31,"[3, 5, 7, 9, 10, 11, 12, 13, 14, 15, 16, 17, 19, 20]","[3, 5, 7, 9, 10, 11, 12, 13, 14, 15, 16, 17, 19, 20]",full_mesh,9592.655259819892,0.007989874999999813,0,26,13,1,0,0,14,8,14,1.0,685.1896614157066,37373.27629909946,343,333,0
SELF-Q4-near_origin-fixed_hash-10029,10029,near_origin,fixed_hash,triangle_active,True,all_sources_cleared_with_certificate,triangle,True,905.0,31,31,"[1, 2, 4, 5, 6, 8, 9, 12, 13, 14, 15, 16, 17, 18, 20]","[1, 2, 4, 5, 6, 8, 9, 12, 13, 14, 15, 16, 17, 18, 20]",full_mesh,9634.145536724456,0.008300666000003787,0,21,15,0,0,0,15,6,15,1.0,642.2763691149637,39785.72768362229,269,257,0
SELF-Q4-near_origin-fixed_hash-10030,10030,near_origin,fixed_hash,triangle_active,True,all_sources_cleared_with_certificate,triangle,True,905.0,31,17,"[1, 4, 6, 7, 8, 9, 10, 11, 12, 13, 15, 16, 17, 18, 19, 20]","[1, 4, 6, 7, 8, 9, 10, 11, 12, 13, 15, 16, 17, 18, 19, 20]",count_upper_bound,6524.846643858897,0.007287542000000258,0,11,12,5,5,0,16,2,16,1.0,407.80291524118104,26139.23321929448,203,199,1
SELF-Q4-near_origin-fixed_hash-10031,10031,near_origin,fixed_hash,triangle_active,True,all_sources_cleared_with_certificate,triangle,True,905.0,31,31,"[2, 3, 4, 5, 8, 12, 16, 17, 19, 20]","[2, 3, 4, 5, 8, 12, 16, 17, 19, 20]",full_mesh,10004.262926855563,0.007954083000001333,0,17,10,0,0,0,10,3,10,1.0,1000.4262926855563,37801.31463427782,401,389,0
SELF-Q4-near_origin-fixed_hash-10032,10032,near_origin,fixed_hash,triangle_active,True,all_sources_cleared_with_certificate,triangle,True,905.0,31,31,"[1, 2, 4, 5, 6, 7, 9, 12, 13, 14, 15]","[1, 2, 4, 5, 6, 7, 9, 12, 13, 14, 15]",full_mesh,10121.208953070407,0.007624166999995907,0,15,11,0,0,0,11,2,11,1.0,920.1099048245825,39056.04476535204,378,365,0
SELF-Q4-near_origin-fixed_hash-10033,10033,near_origin,fixed_hash,triangle_active,True,all_sources_cleared_with_certificate,triangle,True,905.0,31,31,"[1, 2, 6, 7, 8, 11, 12, 15, 16, 17, 18, 20]","[1, 2, 6, 7, 8, 11, 12, 15, 16, 17, 18, 20]",full_mesh,9599.466030614674,0.007853541999999436,0,32,9,3,0,0,12,7,12,1.0,799.9555025512228,36952.33015307337,360,349,0
SELF-Q4-near_origin-fixed_hash-10034,10034,near_origin,fixed_hash,triangle_active,True,all_sources_cleared_with_certificate,triangle,True,905.0,31,31,"[2, 4, 6, 7, 9, 12, 13, 14, 15, 16, 17, 18, 19]","[2, 4, 6, 7, 9, 12, 13, 14, 15, 16, 17, 18, 19]",full_mesh,10079.838429722227,0.008092083999997612,0,16,12,1,0,0,13,12,13,1.0,775.3721869017098,38229.19214861115,397,384,0
SELF-Q4-near_origin-fixed_hash-10035,10035,near_origin,fixed_hash,triangle_active,True,all_sources_cleared_with_certificate,triangle,True,905.0,31,31,"[1, 2, 5, 6, 7, 10, 11, 12, 13, 14, 15, 17, 19, 20]","[1, 2, 5, 6, 7, 10, 11, 12, 13, 14, 15, 17, 19, 20]",full_mesh,10134.128425276085,0.00819362500000409,0,19,14,0,0,0,14,8,14,1.0,723.866316091149,40375.64212638043,333,324,0
SELF-Q4-near_origin-fixed_hash-10036,10036,near_origin,fixed_hash,triangle_active,True,all_sources_cleared_with_certificate,triangle,True,905.0,31,31,"[2, 3, 5, 6, 7, 8, 10, 11, 13, 14, 16, 17, 18, 19, 20]","[2, 3, 5, 6, 7, 8, 10, 11, 13, 14, 16, 17, 18, 19, 20]",full_mesh,9462.70273584434,0.008191166999999666,0,22,15,0,0,0,15,3,15,1.0,630.8468490562893,38648.513679221694,278,268,0
SELF-Q4-near_origin-fixed_hash-10037,10037,near_origin,fixed_hash,triangle_active,True,all_sources_cleared_with_certificate,triangle,True,905.0,31,18,"[1, 3, 4, 5, 6, 8, 9, 10, 11, 13, 14, 15, 16, 18, 19, 20]","[1, 3, 4, 5, 6, 8, 9, 10, 11, 13, 14, 15, 16, 18, 19, 20]",count_upper_bound,6787.1115086510845,0.007889833000000124,0,12,12,4,4,0,16,5,16,1.0,424.1944692906928,28165.557543255407,180,174,0
SELF-Q4-near_origin-fixed_hash-10038,10038,near_origin,fixed_hash,triangle_active,True,all_sources_cleared_with_certificate,triangle,True,905.0,31,31,"[3, 6, 7, 9, 11, 13, 14, 15, 18, 19]","[3, 6, 7, 9, 11, 13, 14, 15, 18, 19]",full_mesh,10232.308513506396,0.007345833000002244,0,7,10,0,0,0,10,4,10,1.0,1023.2308513506396,39421.542567531964,386,368,0
SELF-Q4-near_origin-fixed_hash-10039,10039,near_origin,fixed_hash,triangle_active,True,all_sources_cleared_with_certificate,triangle,True,905.0,31,31,"[1, 5, 6, 8, 9, 13, 14, 15, 18, 19, 20]","[1, 5, 6, 8, 9, 13, 14, 15, 18, 19, 20]",full_mesh,9849.642443898232,0.008196959000002835,0,20,11,0,0,0,11,8,11,1.0,895.4220403543848,36848.21221949116,406,395,0
SELF-Q4-near_origin-fixed_hash-10040,10040,near_origin,fixed_hash,triangle_active,True,all_sources_cleared_with_certificate,triangle,True,905.0,31,31,"[2, 3, 6, 8, 9, 10, 11, 12, 13, 14, 15, 18]","[2, 3, 6, 8, 9, 10, 11, 12, 13, 14, 15, 18]",full_mesh,9786.015887645452,0.008761249999999166,0,14,12,0,0,0,12,4,12,1.0,815.5013239704543,37865.07943822726,361,348,0
SELF-Q4-near_origin-fixed_hash-10041,10041,near_origin,fixed_hash,triangle_active,True,all_sources_cleared_with_certificate,triangle,True,905.0,31,31,"[2, 3, 4, 5, 7, 8, 10, 11, 13, 14, 16, 18, 19]","[2, 3, 4, 5, 7, 8, 10, 11, 13, 14, 16, 18, 19]",full_mesh,10154.38492414358,0.008578291999995713,0,18,11,2,0,0,13,7,13,1.0,781.1065326264293,39486.924620717895,367,357,0
SELF-Q4-near_origin-fixed_hash-10042,10042,near_origin,fixed_hash,triangle_active,True,all_sources_cleared_with_certificate,triangle,True,905.0,31,31,"[2, 3, 4, 5, 6, 8, 9, 10, 11, 12, 13, 14, 17, 20]","[2, 3, 4, 5, 6, 8, 9, 10, 11, 12, 13, 14, 17, 20]",full_mesh,10056.358975062218,0.0072374169999989135,0,14,14,0,0,0,14,1,14,1.0,718.311355361587,40816.79487531109,306,293,0
SELF-Q4-near_origin-fixed_hash-10043,10043,near_origin,fixed_hash,triangle_active,True,all_sources_cleared_with_certificate,triangle,True,905.0,31,31,"[2, 3, 4, 5, 7, 8, 9, 10, 11, 12, 13, 14, 16, 18, 20]","[2, 3, 4, 5, 7, 8, 9, 10, 11, 12, 13, 14, 16, 18, 20]",full_mesh,9602.935856450658,0.008302457999995738,0,8,15,0,0,0,15,2,15,1.0,640.1957237633773,37534.679282253295,339,326,0
SELF-Q4-near_origin-fixed_hash-10044,10044,near_origin,fixed_hash,triangle_active,True,all_sources_cleared_with_certificate,triangle,True,905.0,31,27,"[1, 2, 4, 6, 7, 9, 10, 11, 12, 13, 14, 15, 16, 17, 18, 20]","[1, 2, 4, 6, 7, 9, 10, 11, 12, 13, 14, 15, 16, 17, 18, 20]",count_upper_bound,9214.403603745768,0.01021954099999789,1,19,12,3,3,34,16,7,16,1.0,575.9002252341105,35557.01801872884,322,314,33
SELF-Q4-near_origin-fixed_hash-10045,10045,near_origin,fixed_hash,triangle_active,True,all_sources_cleared_with_certificate,triangle,True,905.0,31,31,"[1, 5, 6, 8, 9, 11, 12, 16, 17, 18]","[1, 5, 6, 8, 9, 11, 12, 16, 17, 18]",full_mesh,9707.36954899649,0.007864165999997397,0,27,7,3,0,0,10,9,10,1.0,970.736954899649,36416.84774498246,398,384,0
SELF-Q4-near_origin-fixed_hash-10046,10046,near_origin,fixed_hash,triangle_active,True,all_sources_cleared_with_certificate,triangle,True,905.0,31,31,"[3, 4, 5, 8, 10, 11, 13, 14, 15, 16, 18]","[3, 4, 5, 8, 10, 11, 13, 14, 15, 16, 18]",full_mesh,9900.814332832073,0.007335834000002706,0,14,11,0,0,0,11,4,11,1.0,900.0740302574612,38919.07166416037,346,332,0
SELF-Q4-near_origin-fixed_hash-10047,10047,near_origin,fixed_hash,triangle_active,True,all_sources_cleared_with_certificate,triangle,True,905.0,31,31,"[2, 5, 7, 9, 10, 11, 13, 14, 15, 16, 18, 20]","[2, 5, 7, 9, 10, 11, 13, 14, 15, 16, 18, 20]",full_mesh,10128.188997397736,0.00766387500000576,0,35,12,0,1,0,12,10,12,1.0,844.0157497831447,39570.94498698869,360,354,0
SELF-Q4-near_origin-fixed_hash-10048,10048,near_origin,fixed_hash,triangle_active,True,all_sources_cleared_with_certificate,triangle,True,905.0,31,31,"[1, 2, 5, 6, 7, 8, 9, 12, 13, 16, 17, 18, 19]","[1, 2, 5, 6, 7, 8, 9, 12, 13, 16, 17, 18, 19]",full_mesh,9509.970876091533,0.008108708999998271,0,25,12,1,0,0,13,3,13,1.0,731.5362212378102,37079.85438045766,340,329,0
SELF-Q4-near_origin-fixed_hash-10049,10049,near_origin,fixed_hash,triangle_active,True,all_sources_cleared_with_certificate,triangle,True,905.0,31,31,"[1, 2, 4, 6, 7, 11, 12, 13, 14, 15, 16, 18, 19, 20]","[1, 2, 4, 6, 7, 11, 12, 13, 14, 15, 16, 18, 19, 20]",full_mesh,9962.829912714169,0.00844962499999724,0,38,11,3,0,0,14,9,14,1.0,711.6307080510121,38954.14956357084,352,342,0
SELF-Q4-all_directional-checker-10000,10000,all_directional,checker,triangle_active,True,all_sources_cleared_with_certificate,triangle,True,905.0,31,31,"[1, 2, 3, 4, 5, 6, 7, 9, 10, 11, 13, 15, 16, 19]","[1, 2, 3, 4, 5, 6, 7, 9, 10, 11, 13, 15, 16, 19]",full_mesh,12545.908859929528,0.01805800000000346,3,48,11,1,10,304,14,14,14,1.0,896.1363471378235,45954.54429964766,399,384,302
SELF-Q4-all_directional-checker-10001,10001,all_directional,checker,triangle_active,True,all_sources_cleared_with_certificate,triangle,True,905.0,31,31,"[1, 2, 3, 4, 5, 9, 11, 12, 14, 15, 16, 17, 18, 19, 20]","[1, 2, 3, 4, 5, 9, 11, 12, 14, 15, 16, 17, 18, 19, 20]",full_mesh,10796.29700259831,0.008386958000002664,0,15,14,1,0,0,15,15,15,1.0,719.753133506554,41001.485012991536,422,411,0
SELF-Q4-all_directional-checker-10002,10002,all_directional,checker,triangle_active,True,all_sources_cleared_with_certificate,triangle,True,905.0,31,30,"[1, 2, 3, 4, 5, 6, 8, 9, 10, 11, 12, 13, 14, 16, 18, 19]","[1, 2, 3, 4, 5, 6, 8, 9, 10, 11, 12, 13, 14, 16, 18, 19]",count_upper_bound,11359.32064670353,0.0133742910000052,3,54,12,3,10,89,16,16,16,1.0,709.9575404189707,42921.603233517664,407,396,88
SELF-Q4-all_directional-checker-10003,10003,all_directional,checker,triangle_active,True,all_sources_cleared_with_certificate,triangle,True,905.0,31,31,"[1, 5, 6, 7, 8, 13, 14, 16, 18, 20]","[1, 5, 6, 7, 8, 13, 14, 16, 18, 20]",full_mesh,10423.828691881776,0.00919662500000129,0,30,9,2,1,0,10,10,10,1.0,1042.3828691881777,37774.143459408886,471,461,1
SELF-Q4-all_directional-checker-10004,10004,all_directional,checker,triangle_active,True,all_sources_cleared_with_certificate,triangle,True,905.0,31,31,"[1, 3, 7, 9, 10, 12, 14, 15, 16, 17, 20]","[1, 3, 7, 9, 10, 12, 14, 15, 16, 17, 20]",full_mesh,11284.301989006279,0.011678083000006723,1,15,10,1,4,83,11,11,11,1.0,1025.845635364207,39981.5099450314,500,484,83
SELF-Q4-all_directional-checker-10005,10005,all_directional,checker,triangle_active,True,all_sources_cleared_with_certificate,triangle,True,905.0,31,31,"[1, 2, 3, 6, 9, 12, 14, 15, 16, 17, 18, 19]","[1, 2, 3, 6, 9, 12, 14, 15, 16, 17, 18, 19]",full_mesh,10148.172297185216,0.008802292000005707,1,39,11,1,2,7,12,12,12,1.0,845.6810247654347,37630.86148592609,425,416,7
SELF-Q4-all_directional-checker-10006,10006,all_directional,checker,triangle_active,True,all_sources_cleared_with_certificate,triangle,True,905.0,31,31,"[1, 2, 3, 5, 6, 7, 8, 10, 16, 17, 18, 19, 20]","[1, 2, 3, 5, 6, 7, 8, 10, 16, 17, 18, 19, 20]",full_mesh,10460.064944615488,0.011001917000001527,2,45,9,5,8,26,13,13,13,1.0,804.6203803550375,38640.324723077436,433,421,27
SELF-Q4-all_directional-checker-10007,10007,all_directional,checker,triangle_active,True,all_sources_cleared_with_certificate,triangle,True,905.0,31,31,"[2, 3, 4, 5, 6, 7, 8, 9, 10, 11, 16, 17, 18, 20]","[2, 3, 4, 5, 6, 7, 8, 9, 10, 11, 16, 17, 18, 20]",full_mesh,12301.893162845492,0.01634012499999926,4,58,10,1,13,197,14,14,14,1.0,878.7066544889637,45204.46581422749,437,424,194
SELF-Q4-all_directional-checker-10008,10008,all_directional,checker,triangle_active,True,all_sources_cleared_with_certificate,triangle,True,905.0,31,31,"[1, 2, 3, 5, 7, 9, 10, 11, 12, 14, 15, 16, 17, 19, 20]","[1, 2, 3, 5, 7, 9, 10, 11, 12, 14, 15, 16, 17, 19, 20]",full_mesh,11751.182831684288,0.01446533299999686,3,34,12,1,8,119,15,15,15,1.0,783.4121887789526,43635.914158421445,435,423,117
SELF-Q4-all_directional-checker-10009,10009,all_directional,checker,triangle_active,True,all_sources_cleared_with_certificate,triangle,True,905.0,31,30,"[1, 2, 3, 4, 5, 7, 8, 10, 11, 12, 13, 14, 15, 17, 19, 20]","[1, 2, 3, 4, 5, 7, 8, 10, 11, 12, 13, 14, 15, 17, 19, 20]",count_upper_bound,10712.448985795934,0.012166249999999934,3,46,13,2,10,36,16,16,16,1.0,669.5280616122459,39272.244928979664,448,433,35
SELF-Q4-all_directional-checker-10010,10010,all_directional,checker,triangle_active,True,all_sources_cleared_with_certificate,triangle,True,905.0,31,31,"[1, 4, 6, 8, 9, 10, 11, 12, 17, 18]","[1, 4, 6, 8, 9, 10, 11, 12, 17, 18]",full_mesh,10655.262411785965,0.009555833000000291,1,23,9,4,6,7,10,10,10,1.0,1065.5262411785966,39066.31205892982,462,452,10
SELF-Q4-all_directional-checker-10011,10011,all_directional,checker,triangle_active,True,all_sources_cleared_with_certificate,triangle,True,905.0,31,31,"[3, 5, 6, 7, 9, 10, 11, 14, 15, 17, 18]","[3, 5, 6, 7, 9, 10, 11, 14, 15, 17, 18]",full_mesh,11226.45623803221,0.010667291000004298,1,24,10,3,7,21,11,11,11,1.0,1020.5869307302008,39512.28119016105,536,520,23
SELF-Q4-all_directional-checker-10012,10012,all_directional,checker,triangle_active,True,all_sources_cleared_with_certificate,triangle,True,905.0,31,31,"[1, 2, 3, 4, 6, 10, 11, 13, 14, 15, 17, 19]","[1, 2, 3, 4, 6, 10, 11, 13, 14, 15, 17, 19]",full_mesh,12506.127628990216,0.016154792000001805,3,49,9,1,10,243,12,12,12,1.0,1042.1773024158513,44900.638144951095,459,448,241
SELF-Q4-all_directional-checker-10013,10013,all_directional,checker,triangle_active,True,all_sources_cleared_with_certificate,triangle,True,905.0,31,31,"[4, 5, 6, 7, 8, 10, 12, 13, 15, 16, 17, 19, 20]","[4, 5, 6, 7, 8, 10, 12, 13, 15, 16, 17, 19, 20]",full_mesh,11596.160084400915,0.014186875000000043,4,53,9,1,11,106,13,13,13,1.0,892.0123141846858,42220.800422004584,466,448,103
SELF-Q4-all_directional-checker-10014,10014,all_directional,checker,triangle_active,True,all_sources_cleared_with_certificate,triangle,True,905.0,31,31,"[2, 3, 4, 6, 7, 8, 9, 13, 14, 15, 17, 18, 19, 20]","[2, 3, 4, 6, 7, 8, 9, 13, 14, 15, 17, 18, 19, 20]",full_mesh,12991.802282002482,0.019461207999995622,4,46,9,3,14,290,14,14,14,1.0,927.9858772858915,47044.01141001244,444,429,288
SELF-Q4-all_directional-checker-10015,10015,all_directional,checker,triangle_active,True,all_sources_cleared_with_certificate,triangle,True,905.0,31,31,"[1, 2, 3, 4, 5, 7, 8, 10, 11, 12, 13, 15, 16, 17, 20]","[1, 2, 3, 4, 5, 7, 8, 10, 11, 12, 13, 15, 16, 17, 20]",full_mesh,10897.569351206555,0.012104582999995728,3,42,11,5,10,37,15,15,15,1.0,726.5046234137703,41982.84675603279,387,377,38
SELF-Q4-all_directional-checker-10016,10016,all_directional,checker,triangle_active,True,all_sources_cleared_with_certificate,triangle,True,905.0,31,26,"[1, 2, 3, 5, 6, 10, 11, 12, 13, 14, 15, 16, 17, 18, 19, 20]","[1, 2, 3, 5, 6, 10, 11, 12, 13, 14, 15, 16, 17, 18, 19, 20]",count_upper_bound,11100.92852720992,0.01848687500000068,6,72,9,3,24,224,16,16,16,1.0,693.80803295062,40319.64263604962,386,367,220
SELF-Q4-all_directional-checker-10017,10017,all_directional,checker,triangle_active,True,all_sources_cleared_with_certificate,triangle,True,905.0,31,31,"[3, 8, 9, 10, 13, 14, 15, 17, 19, 20]","[3, 8, 9, 10, 13, 14, 15, 17, 19, 20]",full_mesh,11163.690176855373,0.01181854200000032,3,39,7,2,12,37,10,10,10,1.0,1116.3690176855373,38413.450884276856,557,538,36
SELF-Q4-all_directional-checker-10018,10018,all_directional,checker,triangle_active,True,all_sources_cleared_with_certificate,triangle,True,905.0,31,31,"[1, 2, 3, 5, 7, 11, 12, 13, 15, 17, 19]","[1, 2, 3, 5, 7, 11, 12, 13, 15, 17, 19]",full_mesh,10625.41381502227,0.009080083999997157,1,31,9,2,2,6,11,11,11,1.0,965.94671045657,39132.06907511135,456,446,6
SELF-Q4-all_directional-checker-10019,10019,all_directional,checker,triangle_active,True,all_sources_cleared_with_certificate,triangle,True,905.0,31,31,"[1, 2, 3, 4, 6, 8, 9, 10, 13, 15, 16, 20]","[1, 2, 3, 4, 6, 8, 9, 10, 13, 15, 16, 20]",full_mesh,10921.951251155031,0.012275375000001532,3,43,8,4,8,30,12,12,12,1.0,910.1626042629192,39379.75625577513,485,471,30
SELF-Q4-all_directional-checker-10020,10020,all_directional,checker,triangle_active,True,all_sources_cleared_with_certificate,triangle,True,905.0,31,31,"[1, 2, 3, 4, 5, 6, 7, 11, 12, 13, 16, 17, 20]","[1, 2, 3, 4, 5, 6, 7, 11, 12, 13, 16, 17, 20]",full_mesh,11213.711994925145,0.012102542000000938,2,47,11,1,8,81,13,13,13,1.0,862.5932303788572,41043.55997462571,452,440,80
SELF-Q4-all_directional-checker-10021,10021,all_directional,checker,triangle_active,True,all_sources_cleared_with_certificate,triangle,True,905.0,31,31,"[1, 4, 5, 6, 8, 10, 11, 12, 13, 14, 15, 16, 17, 19]","[1, 4, 5, 6, 8, 10, 11, 12, 13, 14, 15, 16, 17, 19]",full_mesh,11786.961741120447,0.015311832999998387,3,46,11,2,9,209,14,14,14,1.0,841.9258386514605,43074.808705602234,416,398,208
SELF-Q4-all_directional-checker-10022,10022,all_directional,checker,triangle_active,True,all_sources_cleared_with_certificate,triangle,True,905.0,31,31,"[1, 3, 4, 5, 6, 8, 9, 10, 11, 12, 15, 17, 18, 19, 20]","[1, 3, 4, 5, 6, 8, 9, 10, 11, 12, 15, 17, 18, 19, 20]",full_mesh,11737.384337556485,0.014263958000000798,3,59,12,1,11,140,15,15,15,1.0,782.4922891704323,43836.92168778241,416,401,138
SELF-Q4-all_directional-checker-10023,10023,all_directional,checker,triangle_active,True,all_sources_cleared_with_certificate,triangle,True,905.0,31,28,"[1, 2, 4, 5, 6, 9, 10, 11, 12, 14, 15, 16, 17, 18, 19, 20]","[1, 2, 4, 5, 6, 9, 10, 11, 12, 14, 15, 16, 17, 18, 19, 20]",count_upper_bound,11225.185597558395,0.01655420800000229,4,65,11,3,16,206,16,16,16,1.0,701.5740998473997,41460.927987791976,376,361,204
SELF-Q4-all_directional-checker-10024,10024,all_directional,checker,triangle_active,True,all_sources_cleared_with_certificate,triangle,True,905.0,31,31,"[1, 2, 5, 6, 10, 13, 15, 17, 18, 20]","[1, 2, 5, 6, 10, 13, 15, 17, 18, 20]",full_mesh,11302.76253831749,0.01258741699999888,1,29,8,2,5,92,10,10,10,1.0,1130.276253831749,39483.81269158745,515,505,92
SELF-Q4-all_directional-checker-10025,10025,all_directional,checker,triangle_active,True,all_sources_cleared_with_certificate,triangle,True,905.0,31,31,"[3, 5, 6, 10, 11, 13, 15, 16, 18, 19, 20]","[3, 5, 6, 10, 11, 13, 15, 16, 18, 19, 20]",full_mesh,11811.837011949654,0.015538541999994493,3,34,7,2,8,150,11,11,11,1.0,1073.8033647226957,40444.18505974827,541,519,148
SELF-Q4-all_directional-checker-10026,10026,all_directional,checker,triangle_active,True,all_sources_cleared_with_certificate,triangle,True,905.0,31,31,"[1, 5, 6, 7, 10, 12, 13, 14, 16, 17, 19, 20]","[1, 5, 6, 7, 10, 12, 13, 14, 16, 17, 19, 20]",full_mesh,10491.819160583855,0.008390374999997618,0,19,11,2,1,0,12,12,12,1.0,874.3182633819879,38939.09580291925,442,431,1
SELF-Q4-all_directional-checker-10027,10027,all_directional,checker,triangle_active,True,all_sources_cleared_with_certificate,triangle,True,905.0,31,31,"[1, 2, 3, 7, 8, 9, 13, 14, 15, 16, 17, 19, 20]","[1, 2, 3, 7, 8, 9, 13, 14, 15, 16, 17, 19, 20]",full_mesh,10156.50258229847,0.0092272919999985,1,31,12,3,4,6,13,13,13,1.0,781.2694294075746,37957.51291149237,414,406,8
SELF-Q4-all_directional-checker-10028,10028,all_directional,checker,triangle_active,True,all_sources_cleared_with_certificate,triangle,True,905.0,31,31,"[3, 5, 7, 9, 10, 11, 12, 13, 14, 15, 16, 17, 19, 20]","[3, 5, 7, 9, 10, 11, 12, 13, 14, 15, 16, 17, 19, 20]",full_mesh,11565.719226034324,0.012834125000004803,2,52,11,2,8,89,14,14,14,1.0,826.1228018595946,43278.59613017162,431,421,88
SELF-Q4-all_directional-checker-10029,10029,all_directional,checker,triangle_active,True,all_sources_cleared_with_certificate,triangle,True,905.0,31,31,"[1, 2, 4, 5, 6, 8, 9, 12, 13, 14, 15, 16, 17, 18, 20]","[1, 2, 4, 5, 6, 8, 9, 12, 13, 14, 15, 16, 17, 18, 20]",full_mesh,10312.414021971577,0.008409624999998755,0,23,15,1,2,0,15,15,15,1.0,687.4942681314385,40142.07010985788,369,361,1
SELF-Q4-all_directional-checker-10030,10030,all_directional,checker,triangle_active,True,all_sources_cleared_with_certificate,triangle,True,905.0,31,28,"[1, 4, 6, 7, 8, 9, 10, 11, 12, 13, 15, 16, 17, 18, 19, 20]","[1, 4, 6, 7, 8, 9, 10, 11, 12, 13, 15, 16, 17, 18, 19, 20]",count_upper_bound,11027.110077763738,0.014301917000004494,3,31,11,3,15,134,16,16,16,1.0,689.1943798602337,40315.550388818694,418,398,132
SELF-Q4-all_directional-checker-10031,10031,all_directional,checker,triangle_active,True,all_sources_cleared_with_certificate,triangle,True,905.0,31,31,"[2, 3, 4, 5, 8, 12, 16, 17, 19, 20]","[2, 3, 4, 5, 8, 12, 16, 17, 19, 20]",full_mesh,10774.65448646514,0.00949208299999782,1,24,8,2,4,23,10,10,10,1.0,1077.465448646514,38618.272432325706,491,477,23
SELF-Q4-all_directional-checker-10032,10032,all_directional,checker,triangle_active,True,all_sources_cleared_with_certificate,triangle,True,905.0,31,31,"[1, 2, 4, 5, 6, 7, 9, 12, 13, 14, 15]","[1, 2, 4, 5, 6, 7, 9, 12, 13, 14, 15]",full_mesh,11040.422791247825,0.009199291999998138,1,33,10,1,5,10,11,11,11,1.0,1003.6747992043478,40537.113956239125,477,463,10
SELF-Q4-all_directional-checker-10033,10033,all_directional,checker,triangle_active,True,all_sources_cleared_with_certificate,triangle,True,905.0,31,31,"[1, 2, 6, 7, 8, 11, 12, 15, 16, 17, 18, 20]","[1, 2, 6, 7, 8, 11, 12, 15, 16, 17, 18, 20]",full_mesh,10709.542055036316,0.011264332999999738,1,50,7,5,4,75,12,12,12,1.0,892.461837919693,39182.71027518159,433,423,75
SELF-Q4-all_directional-checker-10034,10034,all_directional,checker,triangle_active,True,all_sources_cleared_with_certificate,triangle,True,905.0,31,31,"[2, 4, 6, 7, 9, 12, 13, 14, 15, 16, 17, 18, 19]","[2, 4, 6, 7, 9, 12, 13, 14, 15, 16, 17, 18, 19]",full_mesh,11437.867533841265,0.013572375000002523,2,53,11,3,8,98,13,13,13,1.0,879.8359641416357,41279.337669206325,472,460,99
SELF-Q4-all_directional-checker-10035,10035,all_directional,checker,triangle_active,True,all_sources_cleared_with_certificate,triangle,True,905.0,31,31,"[1, 2, 5, 6, 7, 10, 11, 12, 13, 14, 15, 17, 19, 20]","[1, 2, 5, 6, 7, 10, 11, 12, 13, 14, 15, 17, 19, 20]",full_mesh,11563.507203544408,0.012256542000002923,2,47,12,2,7,84,14,14,14,1.0,825.964800253172,42702.536017722065,452,441,84
SELF-Q4-all_directional-checker-10036,10036,all_directional,checker,triangle_active,True,all_sources_cleared_with_certificate,triangle,True,905.0,31,31,"[2, 3, 5, 6, 7, 8, 10, 11, 13, 14, 16, 17, 18, 19, 20]","[2, 3, 5, 6, 7, 8, 10, 11, 13, 14, 16, 17, 18, 19, 20]",full_mesh,10986.311697643023,0.012228667000002247,2,40,11,5,9,35,15,15,15,1.0,732.4207798428682,40431.558488215094,455,442,36
SELF-Q4-all_directional-checker-10037,10037,all_directional,checker,triangle_active,True,all_sources_cleared_with_certificate,triangle,True,905.0,31,26,"[1, 3, 4, 5, 6, 8, 9, 10, 11, 13, 14, 15, 16, 18, 19, 20]","[1, 3, 4, 5, 6, 8, 9, 10, 11, 13, 14, 15, 16, 18, 19, 20]",count_upper_bound,9579.343464318254,0.010733749999999986,2,38,13,1,6,47,16,16,16,1.0,598.7089665198909,37236.71732159127,321,312,45
SELF-Q4-all_directional-checker-10038,10038,all_directional,checker,triangle_active,True,all_sources_cleared_with_certificate,triangle,True,905.0,31,31,"[3, 6, 7, 9, 11, 13, 14, 15, 18, 19]","[3, 6, 7, 9, 11, 13, 14, 15, 18, 19]",full_mesh,11906.876881259092,0.012317625000001442,2,27,8,3,7,99,10,10,10,1.0,1190.687688125909,43004.384406295445,495,481,100
SELF-Q4-all_directional-checker-10039,10039,all_directional,checker,triangle_active,True,all_sources_cleared_with_certificate,triangle,True,905.0,31,31,"[1, 5, 6, 8, 9, 13, 14, 15, 18, 19, 20]","[1, 5, 6, 8, 9, 13, 14, 15, 18, 19, 20]",full_mesh,11649.747576620495,0.013761166999998409,2,31,8,2,5,156,11,11,11,1.0,1059.067961510954,40738.73788310248,500,482,155
SELF-Q4-all_directional-checker-10040,10040,all_directional,checker,triangle_active,True,all_sources_cleared_with_certificate,triangle,True,905.0,31,31,"[2, 3, 6, 8, 9, 10, 11, 12, 13, 14, 15, 18]","[2, 3, 6, 8, 9, 10, 11, 12, 13, 14, 15, 18]",full_mesh,10991.616800696385,0.012367541999999787,3,39,7,5,9,30,12,12,12,1.0,915.9680667246988,39393.08400348191,496,483,30
SELF-Q4-all_directional-checker-10041,10041,all_directional,checker,triangle_active,True,all_sources_cleared_with_certificate,triangle,True,905.0,31,31,"[2, 3, 4, 5, 7, 8, 10, 11, 13, 14, 16, 18, 19]","[2, 3, 4, 5, 7, 8, 10, 11, 13, 14, 16, 18, 19]",full_mesh,11161.823432483363,0.012058000000003233,2,48,10,4,8,68,13,13,13,1.0,858.6018024987202,40779.11716241683,458,444,69
SELF-Q4-all_directional-checker-10042,10042,all_directional,checker,triangle_active,True,all_sources_cleared_with_certificate,triangle,True,905.0,31,31,"[2, 3, 4, 5, 6, 8, 9, 10, 11, 12, 13, 14, 17, 20]","[2, 3, 4, 5, 6, 8, 9, 10, 11, 12, 13, 14, 17, 20]",full_mesh,11144.566665604498,0.009843416999999022,1,46,13,4,9,18,14,14,14,1.0,796.040476114607,43007.833328022476,404,390,21
SELF-Q4-all_directional-checker-10043,10043,all_directional,checker,triangle_active,True,all_sources_cleared_with_certificate,triangle,True,905.0,31,31,"[2, 3, 4, 5, 7, 8, 9, 10, 11, 12, 13, 14, 16, 18, 20]","[2, 3, 4, 5, 7, 8, 9, 10, 11, 12, 13, 14, 16, 18, 20]",full_mesh,13131.123628570327,0.022096917000006044,3,47,11,1,9,346,15,15,15,1.0,875.4082419046885,46125.618142851636,470,452,343
SELF-Q4-all_directional-checker-10044,10044,all_directional,checker,triangle_active,True,all_sources_cleared_with_certificate,triangle,True,905.0,31,31,"[1, 2, 4, 6, 7, 9, 10, 11, 12, 13, 14, 15, 16, 17, 18, 20]","[1, 2, 4, 6, 7, 9, 10, 11, 12, 13, 14, 15, 16, 17, 18, 20]",count_upper_bound,10889.21090496435,0.010973665999998161,1,11,13,4,5,28,16,16,16,1.0,680.5756815602718,40466.05452482175,441,424,29
SELF-Q4-all_directional-checker-10045,10045,all_directional,checker,triangle_active,True,all_sources_cleared_with_certificate,triangle,True,905.0,31,31,"[1, 5, 6, 8, 9, 11, 12, 16, 17, 18]","[1, 5, 6, 8, 9, 11, 12, 16, 17, 18]",full_mesh,10164.217039078754,0.008795583999997802,1,26,9,0,3,26,10,10,10,1.0,1016.4217039078754,37706.08519539376,419,403,25
SELF-Q4-all_directional-checker-10046,10046,all_directional,checker,triangle_active,True,all_sources_cleared_with_certificate,triangle,True,905.0,31,31,"[3, 4, 5, 8, 10, 11, 13, 14, 15, 16, 18]","[3, 4, 5, 8, 10, 11, 13, 14, 15, 16, 18]",full_mesh,11202.486076245235,0.01146695799999975,3,45,6,2,9,64,11,11,11,1.0,1018.4078251132032,41462.43038122618,448,432,61
SELF-Q4-all_directional-checker-10047,10047,all_directional,checker,triangle_active,True,all_sources_cleared_with_certificate,triangle,True,905.0,31,31,"[2, 5, 7, 9, 10, 11, 13, 14, 15, 16, 18, 20]","[2, 5, 7, 9, 10, 11, 13, 14, 15, 16, 18, 20]",full_mesh,10457.081105985666,0.007887124999996331,0,35,11,2,2,0,12,12,12,1.0,871.4234254988055,39855.40552992833,406,393,1
SELF-Q4-all_directional-checker-10048,10048,all_directional,checker,triangle_active,True,all_sources_cleared_with_certificate,triangle,True,905.0,31,31,"[1, 2, 5, 6, 7, 8, 9, 12, 13, 16, 17, 18, 19]","[1, 2, 5, 6, 7, 8, 9, 12, 13, 16, 17, 18, 19]",full_mesh,11634.18678822207,0.013474250000001575,2,41,11,1,7,167,13,13,13,1.0,894.9374452478515,42280.93394111037,438,425,166
SELF-Q4-all_directional-checker-10049,10049,all_directional,checker,triangle_active,True,all_sources_cleared_with_certificate,triangle,True,905.0,31,31,"[1, 2, 4, 6, 7, 11, 12, 13, 14, 15, 16, 18, 19, 20]","[1, 2, 4, 6, 7, 11, 12, 13, 14, 15, 16, 18, 19, 20]",full_mesh,11392.409918365729,0.012902540999995438,1,30,10,3,3,129,14,14,14,1.0,813.7435655975521,42012.04959182864,424,416,128
SELF-Q4-all_omni-smooth-10000,10000,all_omni,smooth,triangle_active,True,all_sources_cleared_with_certificate,triangle,True,905.0,31,31,"[1, 2, 3, 4, 5, 6, 7, 9, 10, 11, 13, 15, 16, 19]","[1, 2, 3, 4, 5, 6, 7, 9, 10, 11, 13, 15, 16, 19]",full_mesh,9184.082525207166,0.008171333999996477,0,13,14,0,0,0,14,0,14,1.0,656.0058946576547,37675.412626035824,266,249,0
SELF-Q4-all_omni-smooth-10001,10001,all_omni,smooth,triangle_active,True,all_sources_cleared_with_certificate,triangle,True,905.0,31,31,"[1, 2, 3, 4, 5, 9, 11, 12, 14, 15, 16, 17, 18, 19, 20]","[1, 2, 3, 4, 5, 9, 11, 12, 14, 15, 16, 17, 18, 19, 20]",full_mesh,10041.80182097288,0.009954041000000302,0,19,15,0,0,0,15,0,15,1.0,669.4534547315253,40959.00910486441,298,285,0
SELF-Q4-all_omni-smooth-10002,10002,all_omni,smooth,triangle_active,True,all_sources_cleared_with_certificate,triangle,True,905.0,31,18,"[1, 2, 3, 4, 5, 6, 8, 9, 10, 11, 12, 13, 14, 16, 18, 19]","[1, 2, 3, 4, 5, 6, 8, 9, 10, 11, 12, 13, 14, 16, 18, 19]",count_upper_bound,7029.076568252865,0.008976207999999986,0,9,14,5,6,0,16,0,16,1.0,439.3172855158041,27950.38284126433,226,220,3
SELF-Q4-all_omni-smooth-10003,10003,all_omni,smooth,triangle_active,True,all_sources_cleared_with_certificate,triangle,True,905.0,31,31,"[1, 5, 6, 7, 8, 13, 14, 16, 18, 20]","[1, 5, 6, 7, 8, 13, 14, 16, 18, 20]",full_mesh,9975.225889738067,0.008281749999994759,0,9,10,0,0,0,10,0,10,1.0,997.5225889738067,37771.12944869031,398,381,0
SELF-Q4-all_omni-smooth-10004,10004,all_omni,smooth,triangle_active,True,all_sources_cleared_with_certificate,triangle,True,905.0,31,31,"[1, 3, 7, 9, 10, 12, 14, 15, 16, 17, 20]","[1, 3, 7, 9, 10, 12, 14, 15, 16, 17, 20]",full_mesh,10181.131587679181,0.008482624999999189,0,6,11,0,0,0,11,0,11,1.0,925.5574170617438,37800.6579383959,430,416,0
SELF-Q4-all_omni-smooth-10005,10005,all_omni,smooth,triangle_active,True,all_sources_cleared_with_certificate,triangle,True,905.0,31,31,"[1, 2, 3, 6, 9, 12, 14, 15, 16, 17, 18, 19]","[1, 2, 3, 6, 9, 12, 14, 15, 16, 17, 18, 19]",full_mesh,9609.74979876693,0.008269290999997736,0,10,12,0,0,0,12,0,12,1.0,800.8124832305775,37403.748993834655,347,334,0
SELF-Q4-all_omni-smooth-10006,10006,all_omni,smooth,triangle_active,True,all_sources_cleared_with_certificate,triangle,True,905.0,31,31,"[1, 2, 3, 5, 6, 7, 8, 10, 16, 17, 18, 19, 20]","[1, 2, 3, 5, 6, 7, 8, 10, 16, 17, 18, 19, 20]",full_mesh,9394.907449959708,0.008911458000000039,0,15,13,0,0,0,13,0,13,1.0,722.6851884584391,37624.53724979853,303,290,0
SELF-Q4-all_omni-smooth-10007,10007,all_omni,smooth,triangle_active,True,all_sources_cleared_with_certificate,triangle,True,905.0,31,31,"[2, 3, 4, 5, 6, 7, 8, 9, 10, 11, 16, 17, 18, 20]","[2, 3, 4, 5, 6, 7, 8, 9, 10, 11, 16, 17, 18, 20]",full_mesh,10146.942977745508,0.008663083000001848,0,12,14,0,0,0,14,0,14,1.0,724.7816412675363,40569.71488872753,329,318,0
SELF-Q4-all_omni-smooth-10008,10008,all_omni,smooth,triangle_active,True,all_sources_cleared_with_certificate,triangle,True,905.0,31,31,"[1, 2, 3, 5, 7, 9, 10, 11, 12, 14, 15, 16, 17, 19, 20]","[1, 2, 3, 5, 7, 9, 10, 11, 12, 14, 15, 16, 17, 19, 20]",full_mesh,9905.940932461463,0.008379417000000444,0,22,15,0,0,0,15,0,15,1.0,660.3960621640975,40254.704662307326,299,285,0
SELF-Q4-all_omni-smooth-10009,10009,all_omni,smooth,triangle_active,True,all_sources_cleared_with_certificate,triangle,True,905.0,31,17,"[1, 2, 3, 4, 5, 7, 8, 10, 11, 12, 13, 14, 15, 17, 19, 20]","[1, 2, 3, 4, 5, 7, 8, 10, 11, 12, 13, 14, 15, 17, 19, 20]",count_upper_bound,6724.068611691442,0.008612292000002242,0,19,12,7,10,0,16,0,16,1.0,420.25428823071513,26975.3430584572,208,200,3
SELF-Q4-all_omni-smooth-10010,10010,all_omni,smooth,triangle_active,True,all_sources_cleared_with_certificate,triangle,True,905.0,31,31,"[1, 4, 6, 8, 9, 10, 11, 12, 17, 18]","[1, 4, 6, 8, 9, 10, 11, 12, 17, 18]",full_mesh,10008.666727596543,0.008182916999999179,0,14,10,0,0,0,10,0,10,1.0,1000.8666727596543,38378.333637982716,383,368,0
SELF-Q4-all_omni-smooth-10011,10011,all_omni,smooth,triangle_active,True,all_sources_cleared_with_certificate,triangle,True,905.0,31,31,"[3, 5, 6, 7, 9, 10, 11, 14, 15, 17, 18]","[3, 5, 6, 7, 9, 10, 11, 14, 15, 17, 18]",full_mesh,10118.51060487374,0.009007124999996563,0,10,11,0,0,0,11,0,11,1.0,919.8646004430673,38347.55302436869,401,389,0
SELF-Q4-all_omni-smooth-10012,10012,all_omni,smooth,triangle_active,True,all_sources_cleared_with_certificate,triangle,True,905.0,31,31,"[1, 2, 3, 4, 6, 10, 11, 13, 14, 15, 17, 19]","[1, 2, 3, 4, 6, 10, 11, 13, 14, 15, 17, 19]",full_mesh,10148.487494923836,0.008194125000002828,0,13,12,0,0,0,12,0,12,1.0,845.707291243653,39927.43747461921,353,338,0
SELF-Q4-all_omni-smooth-10013,10013,all_omni,smooth,triangle_active,True,all_sources_cleared_with_certificate,triangle,True,905.0,31,31,"[4, 5, 6, 7, 8, 10, 12, 13, 15, 16, 17, 19, 20]","[4, 5, 6, 7, 8, 10, 12, 13, 15, 16, 17, 19, 20]",full_mesh,9310.268145599528,0.008698875000000328,0,18,13,0,0,0,13,0,13,1.0,716.1744727384253,37391.340727997645,297,282,0
SELF-Q4-all_omni-smooth-10014,10014,all_omni,smooth,triangle_active,True,all_sources_cleared_with_certificate,triangle,True,905.0,31,31,"[2, 3, 4, 6, 7, 8, 9, 13, 14, 15, 17, 18, 19, 20]","[2, 3, 4, 6, 7, 8, 9, 13, 14, 15, 17, 18, 19, 20]",full_mesh,9664.330488433336,0.00809483299999414,0,15,14,0,0,0,14,0,14,1.0,690.3093206023811,38516.65244216668,317,306,0
SELF-Q4-all_omni-smooth-10015,10015,all_omni,smooth,triangle_active,True,all_sources_cleared_with_certificate,triangle,True,905.0,31,31,"[1, 2, 3, 4, 5, 7, 8, 10, 11, 12, 13, 15, 16, 17, 20]","[1, 2, 3, 4, 5, 7, 8, 10, 11, 12, 13, 15, 16, 17, 20]",full_mesh,9839.390672392676,0.009197249999999713,0,15,15,0,0,0,15,0,15,1.0,655.9593781595117,40541.95336196337,278,266,0
SELF-Q4-all_omni-smooth-10016,10016,all_omni,smooth,triangle_active,True,all_sources_cleared_with_certificate,triangle,True,905.0,31,17,"[1, 2, 3, 5, 6, 10, 11, 12, 13, 14, 15, 16, 17, 18, 19, 20]","[1, 2, 3, 5, 6, 10, 11, 12, 13, 14, 15, 16, 17, 18, 19, 20]",count_upper_bound,6649.8657402237395,0.007912792000006164,0,5,15,3,5,0,16,0,16,1.0,415.6166087639837,26789.328701118702,202,196,2
SELF-Q4-all_omni-smooth-10017,10017,all_omni,smooth,triangle_active,True,all_sources_cleared_with_certificate,triangle,True,905.0,31,31,"[3, 8, 9, 10, 13, 14, 15, 17, 19, 20]","[3, 8, 9, 10, 13, 14, 15, 17, 19, 20]",full_mesh,9823.474162028651,0.00865162499999883,0,17,10,0,0,0,10,0,10,1.0,982.3474162028651,36552.370810143264,413,398,0
SELF-Q4-all_omni-smooth-10018,10018,all_omni,smooth,triangle_active,True,all_sources_cleared_with_certificate,triangle,True,905.0,31,31,"[1, 2, 3, 5, 7, 11, 12, 13, 15, 17, 19]","[1, 2, 3, 5, 7, 11, 12, 13, 15, 17, 19]",full_mesh,9879.899747099264,0.00818487499999776,0,14,11,0,0,0,11,0,11,1.0,898.1727042817512,38984.49873549631,341,323,0
SELF-Q4-all_omni-smooth-10019,10019,all_omni,smooth,triangle_active,True,all_sources_cleared_with_certificate,triangle,True,905.0,31,31,"[1, 2, 3, 4, 6, 8, 9, 10, 13, 15, 16, 20]","[1, 2, 3, 4, 6, 8, 9, 10, 13, 15, 16, 20]",full_mesh,9627.438137765354,0.008653500000001202,0,10,12,0,0,0,12,0,12,1.0,802.2865114804462,38022.19068882677,330,313,0
SELF-Q4-all_omni-smooth-10020,10020,all_omni,smooth,triangle_active,True,all_sources_cleared_with_certificate,triangle,True,905.0,31,31,"[1, 2, 3, 4, 5, 6, 7, 11, 12, 13, 16, 17, 20]","[1, 2, 3, 4, 5, 6, 7, 11, 12, 13, 16, 17, 20]",full_mesh,9803.831716309953,0.008440834000005282,0,10,13,0,0,0,13,0,13,1.0,754.1409012546118,38799.15858154977,332,319,0
SELF-Q4-all_omni-smooth-10021,10021,all_omni,smooth,triangle_active,True,all_sources_cleared_with_certificate,triangle,True,905.0,31,31,"[1, 4, 5, 6, 8, 10, 11, 12, 13, 14, 15, 16, 17, 19]","[1, 4, 5, 6, 8, 10, 11, 12, 13, 14, 15, 16, 17, 19]",full_mesh,9345.488529263916,0.008167000000000257,0,20,14,0,0,0,14,0,14,1.0,667.5348949474226,37887.44264631957,285,273,0
SELF-Q4-all_omni-smooth-10022,10022,all_omni,smooth,triangle_active,True,all_sources_cleared_with_certificate,triangle,True,905.0,31,31,"[1, 3, 4, 5, 6, 8, 9, 10, 11, 12, 15, 17, 18, 19, 20]","[1, 3, 4, 5, 6, 8, 9, 10, 11, 12, 15, 17, 18, 19, 20]",full_mesh,10028.074861143552,0.008112083000000325,0,18,15,0,0,0,15,0,15,1.0,668.5383240762368,41210.374305717785,287,276,0
SELF-Q4-all_omni-smooth-10023,10023,all_omni,smooth,triangle_active,True,all_sources_cleared_with_certificate,triangle,True,905.0,31,17,"[1, 2, 4, 5, 6, 9, 10, 11, 12, 14, 15, 16, 17, 18, 19, 20]","[1, 2, 4, 5, 6, 9, 10, 11, 12, 14, 15, 16, 17, 18, 19, 20]",count_upper_bound,6260.847256289966,0.007870125000003725,0,9,13,4,6,0,16,0,16,1.0,391.3029535181229,25134.236281449826,193,186,1
SELF-Q4-all_omni-smooth-10024,10024,all_omni,smooth,triangle_active,True,all_sources_cleared_with_certificate,triangle,True,905.0,31,31,"[1, 2, 5, 6, 10, 13, 15, 17, 18, 20]","[1, 2, 5, 6, 10, 13, 15, 17, 18, 20]",full_mesh,9828.790524929738,0.008519749999997828,0,21,10,0,0,0,10,0,10,1.0,982.8790524929739,36938.95262464869,400,391,0
SELF-Q4-all_omni-smooth-10025,10025,all_omni,smooth,triangle_active,True,all_sources_cleared_with_certificate,triangle,True,905.0,31,31,"[3, 5, 6, 10, 11, 13, 15, 16, 18, 19, 20]","[3, 5, 6, 10, 11, 13, 15, 16, 18, 19, 20]",full_mesh,9638.576222650572,0.009452583000005177,0,24,11,0,0,0,11,0,11,1.0,876.234202059143,36107.88111325287,396,382,0
SELF-Q4-all_omni-smooth-10026,10026,all_omni,smooth,triangle_active,True,all_sources_cleared_with_certificate,triangle,True,905.0,31,31,"[1, 5, 6, 7, 10, 12, 13, 14, 16, 17, 19, 20]","[1, 5, 6, 7, 10, 12, 13, 14, 16, 17, 19, 20]",full_mesh,9903.89916604103,0.008616750000001616,0,12,12,0,0,0,12,0,12,1.0,825.3249305034192,38889.49583020513,347,331,0
SELF-Q4-all_omni-smooth-10027,10027,all_omni,smooth,triangle_active,True,all_sources_cleared_with_certificate,triangle,True,905.0,31,31,"[1, 2, 3, 7, 8, 9, 13, 14, 15, 16, 17, 19, 20]","[1, 2, 3, 7, 8, 9, 13, 14, 15, 16, 17, 19, 20]",full_mesh,9448.386576440438,0.007766375000002768,0,17,13,0,0,0,13,0,13,1.0,726.7989674184953,38166.93288220218,294,280,0
SELF-Q4-all_omni-smooth-10028,10028,all_omni,smooth,triangle_active,True,all_sources_cleared_with_certificate,triangle,True,905.0,31,31,"[3, 5, 7, 9, 10, 11, 12, 13, 14, 15, 16, 17, 19, 20]","[3, 5, 7, 9, 10, 11, 12, 13, 14, 15, 16, 17, 19, 20]",full_mesh,9846.921659740367,0.008607583999996393,0,14,14,0,0,0,14,0,14,1.0,703.3515471243119,39709.60829870183,308,295,0
SELF-Q4-all_omni-smooth-10029,10029,all_omni,smooth,triangle_active,True,all_sources_cleared_with_certificate,triangle,True,905.0,31,31,"[1, 2, 4, 5, 6, 8, 9, 12, 13, 14, 15, 16, 17, 18, 20]","[1, 2, 4, 5, 6, 8, 9, 12, 13, 14, 15, 16, 17, 18, 20]",full_mesh,9499.78496182967,0.009302832999999566,0,11,15,0,0,0,15,0,15,1.0,633.3189974553113,39998.92480914833,240,225,0
SELF-Q4-all_omni-smooth-10030,10030,all_omni,smooth,triangle_active,True,all_sources_cleared_with_certificate,triangle,True,905.0,31,17,"[1, 4, 6, 7, 8, 9, 10, 11, 12, 13, 15, 16, 17, 18, 19, 20]","[1, 4, 6, 7, 8, 9, 10, 11, 12, 13, 15, 16, 17, 18, 19, 20]",count_upper_bound,6740.732799138386,0.007581791999996312,0,10,14,4,6,0,16,0,16,1.0,421.29579994614915,26738.66399569193,219,212,2
SELF-Q4-all_omni-smooth-10031,10031,all_omni,smooth,triangle_active,True,all_sources_cleared_with_certificate,triangle,True,905.0,31,31,"[2, 3, 4, 5, 8, 12, 16, 17, 19, 20]","[2, 3, 4, 5, 8, 12, 16, 17, 19, 20]",full_mesh,10081.512275064619,0.008146958000004645,0,10,10,0,0,0,10,0,10,1.0,1008.1512275064619,37982.56137532307,408,395,0
SELF-Q4-all_omni-smooth-10032,10032,all_omni,smooth,triangle_active,True,all_sources_cleared_with_certificate,triangle,True,905.0,31,31,"[1, 2, 4, 5, 6, 7, 9, 12, 13, 14, 15]","[1, 2, 4, 5, 6, 7, 9, 12, 13, 14, 15]",full_mesh,10309.133682478438,0.007929749999995295,0,14,11,0,0,0,11,0,11,1.0,937.1939711344035,39930.66841239218,380,368,0
SELF-Q4-all_omni-smooth-10033,10033,all_omni,smooth,triangle_active,True,all_sources_cleared_with_certificate,triangle,True,905.0,31,31,"[1, 2, 6, 7, 8, 11, 12, 15, 16, 17, 18, 20]","[1, 2, 6, 7, 8, 11, 12, 15, 16, 17, 18, 20]",full_mesh,9483.195815697323,0.007813417000001266,0,18,12,0,0,0,12,0,12,1.0,790.2663179747769,37260.979078486605,331,316,0
SELF-Q4-all_omni-smooth-10034,10034,all_omni,smooth,triangle_active,True,all_sources_cleared_with_certificate,triangle,True,905.0,31,31,"[2, 4, 6, 7, 9, 12, 13, 14, 15, 16, 17, 18, 19]","[2, 4, 6, 7, 9, 12, 13, 14, 15, 16, 17, 18, 19]",full_mesh,9724.593615800764,0.008268000000001052,0,9,13,0,0,0,13,0,13,1.0,748.0456627539049,38662.968079003826,324,307,0
SELF-Q4-all_omni-smooth-10035,10035,all_omni,smooth,triangle_active,True,all_sources_cleared_with_certificate,triangle,True,905.0,31,31,"[1, 2, 5, 6, 7, 10, 11, 12, 13, 14, 15, 17, 19, 20]","[1, 2, 5, 6, 7, 10, 11, 12, 13, 14, 15, 17, 19, 20]",full_mesh,10028.020672359535,0.008738916000005759,0,12,14,0,0,0,14,0,14,1.0,716.2871908828239,40455.10336179767,313,302,0
SELF-Q4-all_omni-smooth-10036,10036,all_omni,smooth,triangle_active,True,all_sources_cleared_with_certificate,triangle,True,905.0,31,31,"[2, 3, 5, 6, 7, 8, 10, 11, 13, 14, 16, 17, 18, 19, 20]","[2, 3, 5, 6, 7, 8, 10, 11, 13, 14, 16, 17, 18, 19, 20]",full_mesh,9590.255255182343,0.008389207999996984,0,20,15,0,0,0,15,0,15,1.0,639.3503503454896,38841.27627591172,293,282,0
SELF-Q4-all_omni-smooth-10037,10037,all_omni,smooth,triangle_active,True,all_sources_cleared_with_certificate,triangle,True,905.0,31,18,"[1, 3, 4, 5, 6, 8, 9, 10, 11, 13, 14, 15, 16, 18, 19, 20]","[1, 3, 4, 5, 6, 8, 9, 10, 11, 13, 14, 15, 16, 18, 19, 20]",count_upper_bound,6982.0575146213205,0.007231541999999536,0,3,13,4,4,0,16,0,16,1.0,436.37859466383253,29050.287573106587,183,174,1
SELF-Q4-all_omni-smooth-10038,10038,all_omni,smooth,triangle_active,True,all_sources_cleared_with_certificate,triangle,True,905.0,31,31,"[3, 6, 7, 9, 11, 13, 14, 15, 18, 19]","[3, 6, 7, 9, 11, 13, 14, 15, 18, 19]",full_mesh,10261.75020004948,0.007639167000000668,0,6,10,0,0,0,10,0,10,1.0,1026.175020004948,39653.7510002474,383,366,0
SELF-Q4-all_omni-smooth-10039,10039,all_omni,smooth,triangle_active,True,all_sources_cleared_with_certificate,triangle,True,905.0,31,31,"[1, 5, 6, 8, 9, 13, 14, 15, 18, 19, 20]","[1, 5, 6, 8, 9, 13, 14, 15, 18, 19, 20]",full_mesh,9870.802260640341,0.009226583000000232,0,14,11,0,0,0,11,0,11,1.0,897.3456600582128,36974.0113032017,406,391,0
SELF-Q4-all_omni-smooth-10040,10040,all_omni,smooth,triangle_active,True,all_sources_cleared_with_certificate,triangle,True,905.0,31,31,"[2, 3, 6, 8, 9, 10, 11, 12, 13, 14, 15, 18]","[2, 3, 6, 8, 9, 10, 11, 12, 13, 14, 15, 18]",full_mesh,9764.190570596016,0.009559959000000617,0,21,12,0,0,0,12,0,12,1.0,813.682547549668,38075.952852980074,350,339,0
SELF-Q4-all_omni-smooth-10041,10041,all_omni,smooth,triangle_active,True,all_sources_cleared_with_certificate,triangle,True,905.0,31,31,"[2, 3, 4, 5, 7, 8, 10, 11, 13, 14, 16, 18, 19]","[2, 3, 4, 5, 7, 8, 10, 11, 13, 14, 16, 18, 19]",full_mesh,9817.708352273045,0.00784175000000431,0,10,13,0,0,0,13,0,13,1.0,755.2083347902342,39473.541761365224,312,298,0
SELF-Q4-all_omni-smooth-10042,10042,all_omni,smooth,triangle_active,True,all_sources_cleared_with_certificate,triangle,True,905.0,31,31,"[2, 3, 4, 5, 6, 8, 9, 10, 11, 12, 13, 14, 17, 20]","[2, 3, 4, 5, 6, 8, 9, 10, 11, 12, 13, 14, 17, 20]",full_mesh,10212.4250526053,0.00744883299999799,0,15,14,0,0,0,14,0,14,1.0,729.45893232895,41512.1252630265,309,295,0
SELF-Q4-all_omni-smooth-10043,10043,all_omni,smooth,triangle_active,True,all_sources_cleared_with_certificate,triangle,True,905.0,31,31,"[2, 3, 4, 5, 7, 8, 9, 10, 11, 12, 13, 14, 16, 18, 20]","[2, 3, 4, 5, 7, 8, 9, 10, 11, 12, 13, 14, 16, 18, 20]",full_mesh,9577.0240587931,0.008802041999999233,0,10,15,0,0,0,15,0,15,1.0,638.4682705862067,37530.12029396549,335,321,0
SELF-Q4-all_omni-smooth-10044,10044,all_omni,smooth,triangle_active,True,all_sources_cleared_with_certificate,triangle,True,905.0,31,18,"[1, 2, 4, 6, 7, 9, 10, 11, 12, 13, 14, 15, 16, 17, 18, 20]","[1, 2, 4, 6, 7, 9, 10, 11, 12, 13, 14, 15, 16, 17, 18, 20]",count_upper_bound,6892.815390563547,0.007291250000001526,0,7,11,5,4,0,16,0,16,1.0,430.8009619102217,26084.076952817726,267,261,0
SELF-Q4-all_omni-smooth-10045,10045,all_omni,smooth,triangle_active,True,all_sources_cleared_with_certificate,triangle,True,905.0,31,31,"[1, 5, 6, 8, 9, 11, 12, 16, 17, 18]","[1, 5, 6, 8, 9, 11, 12, 16, 17, 18]",full_mesh,9690.983100443224,0.007394707999999639,0,10,10,0,0,0,10,0,10,1.0,969.0983100443224,37054.91550221613,375,355,0
SELF-Q4-all_omni-smooth-10046,10046,all_omni,smooth,triangle_active,True,all_sources_cleared_with_certificate,triangle,True,905.0,31,31,"[3, 4, 5, 8, 10, 11, 13, 14, 15, 16, 18]","[3, 4, 5, 8, 10, 11, 13, 14, 15, 16, 18]",full_mesh,9897.906235569135,0.00829566699999873,0,11,11,0,0,0,11,0,11,1.0,899.8096577790122,38934.531177845674,345,331,0
SELF-Q4-all_omni-smooth-10047,10047,all_omni,smooth,triangle_active,True,all_sources_cleared_with_certificate,triangle,True,905.0,31,31,"[2, 5, 7, 9, 10, 11, 13, 14, 15, 16, 18, 20]","[2, 5, 7, 9, 10, 11, 13, 14, 15, 16, 18, 20]",full_mesh,10092.625592754264,0.008748874999994882,0,13,12,0,0,0,12,0,12,1.0,841.052132729522,39698.12796377133,351,338,0
SELF-Q4-all_omni-smooth-10048,10048,all_omni,smooth,triangle_active,True,all_sources_cleared_with_certificate,triangle,True,905.0,31,31,"[1, 2, 5, 6, 7, 8, 9, 12, 13, 16, 17, 18, 19]","[1, 2, 5, 6, 7, 8, 9, 12, 13, 16, 17, 18, 19]",full_mesh,9828.943187936984,0.008353333999998824,0,19,13,0,0,0,13,0,13,1.0,756.0725529182296,39249.71593968491,321,309,0
SELF-Q4-all_omni-smooth-10049,10049,all_omni,smooth,triangle_active,True,all_sources_cleared_with_certificate,triangle,True,905.0,31,31,"[1, 2, 4, 6, 7, 11, 12, 13, 14, 15, 16, 18, 19, 20]","[1, 2, 4, 6, 7, 11, 12, 13, 14, 15, 16, 18, 19, 20]",full_mesh,9624.24632865073,0.007987625000005494,0,22,14,0,0,0,14,0,14,1.0,687.446166332195,38896.231643253646,298,285,0
