case_id,seed,mode,error_mode,variant,completed,stop_reason,grid,active,side,stations_total,stations_visited,discovered_channels,cleared_channels,discovery_certificate,virtual_time_s,runtime_s,fallback_channels,no_signal_localization,safe_clears,optimistic_clears,active_queries,fallback_attempts,source_count,directional_count,cleared,clear_ratio,time_per_source_s,distance_m,measures,switches,clear_failures
SELF-Q4-mixed-fixed_hash-0,0,mixed,fixed_hash,square_optical,True,all_sources_cleared_with_certificate,square,False,990.0,81,81,"[2, 5, 6, 7, 8, 9, 13, 14, 16, 20]","[2, 5, 6, 7, 8, 9, 13, 14, 16, 20]",full_mesh,18139.51968052462,0.028024667000000003,10,0,0,0,0,474,10,4,10,1.0,1813.951968052462,56587.59840262311,910,830,464
SELF-Q4-mixed-fixed_hash-1,1,mixed,fixed_hash,square_optical,True,all_sources_cleared_with_certificate,square,False,990.0,81,81,"[3, 4, 5, 7, 8, 9, 11, 13, 14, 15, 19]","[3, 4, 5, 7, 8, 9, 11, 13, 14, 15, 19]",full_mesh,20003.59638803244,0.03391291699999999,11,0,0,0,0,866,11,4,11,1.0,1818.5087625484039,61847.98194016227,849,769,855
SELF-Q4-mixed-fixed_hash-2,2,mixed,fixed_hash,square_optical,True,all_sources_cleared_with_certificate,square,False,990.0,81,81,"[2, 3, 4, 5, 6, 10, 11, 12, 13, 15, 17, 19]","[2, 3, 4, 5, 6, 10, 11, 12, 13, 15, 17, 19]",full_mesh,17508.304768209768,0.024942875000000003,12,0,0,0,0,491,12,10,12,1.0,1459.025397350814,57991.52384104887,749,668,479
SELF-Q4-mixed-fixed_hash-3,3,mixed,fixed_hash,square_optical,True,all_sources_cleared_with_certificate,square,False,990.0,81,81,"[1, 2, 5, 8, 10, 11, 12, 13, 14, 15, 18, 19, 20]","[1, 2, 5, 8, 10, 11, 12, 13, 14, 15, 18, 19, 20]",full_mesh,18557.070703781603,0.029469292000000008,13,0,0,0,0,667,13,5,13,1.0,1427.4669772139694,61150.353518908065,730,650,654
SELF-Q4-mixed-fixed_hash-4,4,mixed,fixed_hash,square_optical,True,all_sources_cleared_with_certificate,square,False,990.0,81,81,"[1, 2, 3, 4, 5, 7, 8, 9, 10, 12, 13, 14, 16, 17]","[1, 2, 3, 4, 5, 7, 8, 9, 10, 12, 13, 14, 16, 17]",full_mesh,19636.12478755439,0.03355941699999998,14,0,0,0,0,899,14,9,14,1.0,1402.5803419681706,66270.62393777202,623,542,885
SELF-Q4-mixed-fixed_hash-5,5,mixed,fixed_hash,square_optical,True,all_sources_cleared_with_certificate,square,False,990.0,81,81,"[1, 2, 3, 4, 8, 9, 11, 12, 13, 14, 16, 17, 18, 19, 20]","[1, 2, 3, 4, 8, 9, 11, 12, 13, 14, 16, 17, 18, 19, 20]",full_mesh,18897.089442474055,0.032824916999999953,15,0,0,0,0,670,15,14,15,1.0,1259.8059628316037,60800.447212370316,796,717,655
SELF-Q4-mixed-fixed_hash-6,6,mixed,fixed_hash,square_optical,True,all_sources_cleared_with_certificate,square,False,990.0,81,65,"[1, 2, 3, 4, 6, 8, 9, 10, 11, 12, 14, 15, 16, 18, 19, 20]","[1, 2, 3, 4, 6, 8, 9, 10, 11, 12, 14, 15, 16, 18, 19, 20]",count_upper_bound,18391.205493214806,0.038849833,16,0,0,0,0,1069,16,12,16,1.0,1149.4503433259254,59071.02746607409,567,503,1053
SELF-Q4-mixed-fixed_hash-7,7,mixed,fixed_hash,square_optical,True,all_sources_cleared_with_certificate,square,False,990.0,81,81,"[2, 3, 5, 6, 9, 10, 11, 13, 14, 17]","[2, 3, 5, 6, 9, 10, 11, 13, 14, 17]",full_mesh,17762.54432992771,0.025601916999999974,10,0,0,0,0,490,10,1,10,1.0,1776.254432992771,54437.72164963857,911,830,480
SELF-Q4-mixed-fixed_hash-8,8,mixed,fixed_hash,square_optical,True,all_sources_cleared_with_certificate,square,False,990.0,81,81,"[1, 2, 3, 4, 5, 7, 8, 9, 12, 13, 19]","[1, 2, 3, 4, 5, 7, 8, 9, 12, 13, 19]",full_mesh,18993.522256892018,0.028815499999999994,11,0,0,0,0,622,11,4,11,1.0,1726.683841535638,58812.611284460145,904,823,611
SELF-Q4-mixed-fixed_hash-9,9,mixed,fixed_hash,square_optical,True,all_sources_cleared_with_certificate,square,False,990.0,81,81,"[1, 2, 5, 6, 8, 9, 11, 12, 14, 15, 16, 18]","[1, 2, 5, 6, 8, 9, 11, 12, 14, 15, 16, 18]",full_mesh,17960.700621034255,0.028483833000000014,12,0,0,0,0,614,12,6,12,1.0,1496.7250517528546,57808.503105171316,769,688,602
SELF-Q4-mixed-fixed_hash-10,10,mixed,fixed_hash,square_optical,True,all_sources_cleared_with_certificate,square,False,990.0,81,81,"[1, 2, 3, 4, 5, 8, 11, 13, 14, 16, 17, 18, 19]","[1, 2, 3, 4, 5, 8, 11, 13, 14, 16, 17, 18, 19]",full_mesh,19150.077101361232,0.03171300000000005,13,0,0,0,0,748,13,6,13,1.0,1473.082853950864,62565.38550680623,741,662,735
SELF-Q4-mixed-fixed_hash-11,11,mixed,fixed_hash,square_optical,True,all_sources_cleared_with_certificate,square,False,990.0,81,81,"[2, 3, 4, 7, 8, 9, 10, 11, 13, 15, 17, 18, 19, 20]","[2, 3, 4, 7, 8, 9, 10, 11, 13, 15, 17, 18, 19, 20]",full_mesh,20064.55600165629,0.03786058300000006,14,0,0,0,0,1033,14,5,14,1.0,1433.1825715468779,67262.78000828152,594,515,1019
SELF-Q4-mixed-fixed_hash-12,12,mixed,fixed_hash,square_optical,True,all_sources_cleared_with_certificate,square,False,990.0,81,81,"[1, 4, 5, 6, 7, 8, 9, 11, 12, 13, 14, 16, 17, 18, 20]","[1, 4, 5, 6, 7, 8, 9, 11, 12, 13, 14, 16, 17, 18, 20]",full_mesh,19982.958483757997,0.03687962499999997,15,0,0,0,0,1024,15,3,15,1.0,1332.197232250533,68099.79241879006,557,476,1009
SELF-Q4-mixed-fixed_hash-13,13,mixed,fixed_hash,square_optical,True,all_sources_cleared_with_certificate,square,False,990.0,81,57,"[1, 2, 3, 4, 5, 6, 8, 9, 10, 11, 12, 13, 14, 15, 18, 19]","[1, 2, 3, 4, 5, 6, 8, 9, 10, 11, 12, 13, 14, 15, 18, 19]",count_upper_bound,16073.623999906515,0.03371158299999999,16,0,0,0,0,911,16,7,16,1.0,1004.6014999941572,53898.11999953262,431,374,895
SELF-Q4-mixed-fixed_hash-14,14,mixed,fixed_hash,square_optical,True,all_sources_cleared_with_certificate,square,False,990.0,81,81,"[2, 4, 5, 8, 9, 11, 12, 17, 18, 19]","[2, 4, 5, 8, 9, 11, 12, 17, 18, 19]",full_mesh,17813.082092639692,0.025834750000000017,10,0,0,0,0,484,10,5,10,1.0,1781.3082092639693,54295.410463198496,927,847,474
SELF-Q4-mixed-fixed_hash-15,15,mixed,fixed_hash,square_optical,True,all_sources_cleared_with_certificate,square,False,990.0,81,81,"[1, 2, 3, 4, 6, 7, 11, 13, 15, 17, 19]","[1, 2, 3, 4, 6, 7, 11, 13, 15, 17, 19]",full_mesh,18864.17997992235,0.028182750000000034,11,0,0,0,0,655,11,6,11,1.0,1714.9254527202138,59470.89989961182,844,763,644
SELF-Q4-mixed-fixed_hash-16,16,mixed,fixed_hash,square_optical,True,all_sources_cleared_with_certificate,square,False,990.0,81,81,"[1, 4, 5, 7, 8, 10, 11, 12, 14, 15, 16, 19]","[1, 4, 5, 7, 8, 10, 11, 12, 14, 15, 16, 19]",full_mesh,20239.105822015204,0.03273412500000006,12,0,0,0,0,799,12,11,12,1.0,1686.5921518346004,63630.52911007611,862,782,787
SELF-Q4-mixed-fixed_hash-17,17,mixed,fixed_hash,square_optical,True,all_sources_cleared_with_certificate,square,False,990.0,81,81,"[1, 2, 3, 5, 9, 10, 12, 13, 14, 17, 18, 19, 20]","[1, 2, 3, 5, 9, 10, 12, 13, 14, 17, 18, 19, 20]",full_mesh,20323.48760667606,0.03561687499999999,13,0,0,0,0,912,13,4,13,1.0,1563.345200513543,64957.438033380364,775,695,899
SELF-Q4-mixed-fixed_hash-18,18,mixed,fixed_hash,square_optical,True,all_sources_cleared_with_certificate,square,False,990.0,81,81,"[3, 4, 5, 6, 8, 10, 11, 12, 13, 14, 15, 16, 17, 19]","[3, 4, 5, 6, 8, 10, 11, 12, 13, 14, 15, 16, 17, 19]",full_mesh,19454.012797319734,0.03321733299999996,14,0,0,0,0,882,14,4,14,1.0,1389.5723426656953,63815.06398659874,683,602,868
SELF-Q4-mixed-fixed_hash-19,19,mixed,fixed_hash,square_optical,True,all_sources_cleared_with_certificate,square,False,990.0,81,81,"[2, 3, 4, 5, 6, 7, 9, 10, 11, 12, 16, 17, 18, 19, 20]","[2, 3, 4, 5, 6, 7, 9, 10, 11, 12, 16, 17, 18, 19, 20]",full_mesh,18396.38840910934,0.032073832999999996,15,0,0,0,0,714,15,6,15,1.0,1226.4258939406225,61741.94204554673,659,581,699
SELF-Q4-mixed-fixed_hash-20,20,mixed,fixed_hash,square_optical,True,all_sources_cleared_with_certificate,square,False,990.0,81,46,"[1, 2, 3, 4, 5, 6, 7, 8, 9, 11, 12, 14, 16, 18, 19, 20]","[1, 2, 3, 4, 5, 6, 7, 8, 9, 11, 12, 14, 16, 18, 19, 20]",count_upper_bound,16896.583085084454,0.03669287499999996,16,0,0,0,0,1034,16,4,16,1.0,1056.0364428177784,51447.91542542232,586,543,1018
SELF-Q4-mixed-fixed_hash-21,21,mixed,fixed_hash,square_optical,True,all_sources_cleared_with_certificate,square,False,990.0,81,81,"[4, 6, 8, 9, 10, 13, 14, 16, 18, 19]","[4, 6, 8, 9, 10, 13, 14, 16, 18, 19]",full_mesh,18656.521461744946,0.029064624999999955,10,0,0,0,0,644,10,3,10,1.0,1865.6521461744946,57012.60730872474,897,817,634
SELF-Q4-mixed-fixed_hash-22,22,mixed,fixed_hash,square_optical,True,all_sources_cleared_with_certificate,square,False,990.0,81,81,"[1, 2, 5, 6, 8, 11, 12, 14, 15, 16, 17]","[1, 2, 5, 6, 8, 11, 12, 14, 15, 16, 17]",full_mesh,19160.816078890548,0.030281416000000005,11,0,0,0,0,610,11,4,11,1.0,1741.8923708082316,59439.08039445276,917,836,599
SELF-Q4-mixed-fixed_hash-23,23,mixed,fixed_hash,square_optical,True,all_sources_cleared_with_certificate,square,False,990.0,81,81,"[1, 3, 4, 5, 6, 7, 8, 9, 10, 14, 19, 20]","[1, 3, 4, 5, 6, 7, 8, 9, 10, 14, 19, 20]",full_mesh,19261.342593870657,0.03120745800000002,12,0,0,0,0,741,12,1,12,1.0,1605.1118828225547,63091.71296935333,746,666,729
SELF-Q4-mixed-fixed_hash-24,24,mixed,fixed_hash,square_optical,True,all_sources_cleared_with_certificate,square,False,990.0,81,81,"[1, 2, 3, 4, 5, 6, 7, 11, 13, 14, 18, 19, 20]","[1, 2, 3, 4, 5, 6, 7, 11, 13, 14, 18, 19, 20]",full_mesh,19370.92045565274,0.03227241699999994,13,0,0,0,0,828,13,8,13,1.0,1490.07080428098,63704.60227826379,700,620,815
SELF-Q4-mixed-fixed_hash-25,25,mixed,fixed_hash,square_optical,True,all_sources_cleared_with_certificate,square,False,990.0,81,81,"[1, 2, 5, 7, 10, 12, 13, 14, 15, 16, 17, 18, 19, 20]","[1, 2, 5, 7, 10, 12, 13, 14, 15, 16, 17, 18, 19, 20]",full_mesh,18761.9584504382,0.03403062500000009,14,0,0,0,0,826,14,2,14,1.0,1340.1398893170142,62689.79225219105,633,553,812
SELF-Q4-mixed-fixed_hash-26,26,mixed,fixed_hash,square_optical,True,all_sources_cleared_with_certificate,square,False,990.0,81,81,"[1, 2, 3, 4, 5, 6, 7, 8, 9, 10, 11, 13, 14, 15, 20]","[1, 2, 3, 4, 5, 6, 7, 8, 9, 10, 11, 13, 14, 15, 20]",full_mesh,19374.7420733163,0.035491417000000025,15,0,0,0,0,932,15,4,15,1.0,1291.6494715544202,64903.71036658156,608,528,917
SELF-Q4-mixed-fixed_hash-27,27,mixed,fixed_hash,square_optical,True,all_sources_cleared_with_certificate,square,False,990.0,81,68,"[2, 3, 4, 5, 6, 7, 9, 10, 12, 13, 14, 15, 16, 17, 19, 20]","[2, 3, 4, 5, 6, 7, 9, 10, 12, 13, 14, 15, 16, 17, 19, 20]",count_upper_bound,18153.128741552042,0.037985666000000196,16,0,0,0,0,986,16,14,16,1.0,1134.5705463470026,58870.643707760275,576,509,970
SELF-Q4-mixed-fixed_hash-28,28,mixed,fixed_hash,square_optical,True,all_sources_cleared_with_certificate,square,False,990.0,81,81,"[3, 4, 5, 6, 7, 8, 11, 16, 18, 20]","[3, 4, 5, 6, 7, 8, 11, 16, 18, 20]",full_mesh,20016.182169269443,0.03015699999999999,10,0,0,0,0,662,10,4,10,1.0,2001.6182169269443,61200.910846347324,975,895,652
SELF-Q4-mixed-fixed_hash-29,29,mixed,fixed_hash,square_optical,True,all_sources_cleared_with_certificate,square,False,990.0,81,81,"[1, 3, 6, 7, 9, 10, 11, 12, 13, 18, 19]","[1, 3, 6, 7, 9, 10, 11, 12, 13, 18, 19]",full_mesh,21119.294655516198,0.035513499999999976,11,0,0,0,0,888,11,2,11,1.0,1919.9358777741998,65296.47327758109,909,829,877
SELF-Q4-mixed-fixed_hash-30,30,mixed,fixed_hash,square_optical,True,all_sources_cleared_with_certificate,square,False,990.0,81,81,"[1, 2, 3, 7, 8, 9, 10, 11, 14, 17, 18, 20]","[1, 2, 3, 7, 8, 9, 10, 11, 14, 17, 18, 20]",full_mesh,18574.759757163814,0.0283613749999998,12,0,0,0,0,534,12,1,12,1.0,1547.8966464303178,58358.79878581911,893,812,522
SELF-Q4-mixed-fixed_hash-31,31,mixed,fixed_hash,square_optical,True,all_sources_cleared_with_certificate,square,False,990.0,81,81,"[1, 2, 3, 4, 5, 9, 11, 13, 15, 16, 17, 18, 20]","[1, 2, 3, 4, 5, 9, 11, 13, 15, 16, 17, 18, 20]",full_mesh,17857.49055644234,0.02769062499999997,13,0,0,0,0,583,13,12,13,1.0,1373.6531197263337,59062.45278221175,725,645,570
SELF-Q4-mixed-fixed_hash-32,32,mixed,fixed_hash,square_optical,True,all_sources_cleared_with_certificate,square,False,990.0,81,81,"[1, 2, 3, 5, 6, 7, 8, 9, 10, 12, 14, 16, 17, 19]","[1, 2, 3, 5, 6, 7, 8, 9, 10, 12, 14, 16, 17, 19]",full_mesh,19397.716895592184,0.03469875,14,0,0,0,0,912,14,1,14,1.0,1385.5512068280132,64433.584477961034,638,557,898
SELF-Q4-mixed-fixed_hash-33,33,mixed,fixed_hash,square_optical,True,all_sources_cleared_with_certificate,square,False,990.0,81,81,"[3, 5, 6, 8, 9, 10, 11, 13, 14, 15, 16, 17, 18, 19, 20]","[3, 5, 6, 8, 9, 10, 11, 13, 14, 15, 16, 17, 18, 19, 20]",full_mesh,18365.929523844632,0.031656625000000105,15,0,0,0,0,749,15,8,15,1.0,1224.395301589642,63324.64761922322,584,504,734
SELF-Q4-mixed-fixed_hash-34,34,mixed,fixed_hash,square_optical,True,all_sources_cleared_with_certificate,square,False,990.0,81,31,"[1, 2, 5, 6, 7, 8, 10, 11, 12, 13, 14, 15, 17, 18, 19, 20]","[1, 2, 5, 6, 7, 8, 10, 11, 12, 13, 14, 15, 17, 18, 19, 20]",count_upper_bound,13246.54655411518,0.03795074999999981,16,0,0,0,0,1124,16,2,16,1.0,827.9091596321988,41922.73277057597,248,218,1108
SELF-Q4-mixed-fixed_hash-35,35,mixed,fixed_hash,square_optical,True,all_sources_cleared_with_certificate,square,False,990.0,81,81,"[1, 5, 7, 10, 11, 15, 16, 18, 19, 20]","[1, 5, 7, 10, 11, 15, 16, 18, 19, 20]",full_mesh,20022.930032884455,0.030933625000000076,10,0,0,0,0,668,10,9,10,1.0,2002.2930032884456,60844.650164422324,985,905,658
SELF-Q4-mixed-fixed_hash-36,36,mixed,fixed_hash,square_optical,True,all_sources_cleared_with_certificate,square,False,990.0,81,81,"[1, 2, 3, 4, 5, 9, 10, 11, 16, 18, 20]","[1, 2, 3, 4, 5, 9, 10, 11, 16, 18, 20]",full_mesh,20571.10769153609,0.03373941599999997,11,0,0,0,0,856,11,7,11,1.0,1870.1006992305536,63335.53845768052,899,819,845
SELF-Q4-mixed-fixed_hash-37,37,mixed,fixed_hash,square_optical,True,all_sources_cleared_with_certificate,square,False,990.0,81,81,"[2, 3, 5, 8, 9, 11, 12, 13, 15, 17, 18, 20]","[2, 3, 5, 8, 9, 11, 12, 13, 15, 17, 18, 20]",full_mesh,18360.009676653714,0.030063624999999927,12,0,0,0,0,679,12,7,12,1.0,1530.0008063878095,59550.04838326863,745,664,667
SELF-Q4-mixed-fixed_hash-38,38,mixed,fixed_hash,square_optical,True,all_sources_cleared_with_certificate,square,False,990.0,81,81,"[1, 3, 4, 6, 8, 9, 10, 12, 13, 14, 16, 17, 20]","[1, 3, 4, 6, 8, 9, 10, 12, 13, 14, 16, 17, 20]",full_mesh,19652.11641113934,0.034191917000000016,13,0,0,0,0,888,13,5,13,1.0,1511.701262395334,63790.582055696745,714,634,875
SELF-Q4-mixed-fixed_hash-39,39,mixed,fixed_hash,square_optical,True,all_sources_cleared_with_certificate,square,False,990.0,81,81,"[1, 3, 4, 5, 6, 7, 9, 10, 12, 13, 14, 16, 17, 20]","[1, 3, 4, 5, 6, 7, 9, 10, 12, 13, 14, 16, 17, 20]",full_mesh,17187.95356948613,0.028100082999999998,14,0,0,0,0,617,14,1,14,1.0,1227.7109692490092,58944.76784743071,600,520,603
SELF-Q4-mixed-fixed_hash-40,40,mixed,fixed_hash,square_optical,True,all_sources_cleared_with_certificate,square,False,990.0,81,81,"[2, 3, 4, 5, 6, 8, 9, 11, 12, 13, 14, 15, 17, 19, 20]","[2, 3, 4, 5, 6, 8, 9, 11, 12, 13, 14, 15, 17, 19, 20]",full_mesh,19581.76274666045,0.03349662499999995,15,0,0,0,0,742,15,14,15,1.0,1305.4508497773634,63928.81373330232,770,690,727
SELF-Q4-mixed-fixed_hash-41,41,mixed,fixed_hash,square_optical,True,all_sources_cleared_with_certificate,square,False,990.0,81,56,"[1, 4, 5, 6, 7, 8, 9, 10, 11, 12, 13, 14, 16, 17, 18, 20]","[1, 4, 5, 6, 7, 8, 9, 10, 11, 12, 13, 14, 16, 17, 18, 20]",count_upper_bound,17152.75051077482,0.038745791000000196,16,0,0,0,0,1155,16,3,16,1.0,1072.0469069234261,57628.75255387418,364,310,1139
SELF-Q4-mixed-fixed_hash-42,42,mixed,fixed_hash,square_optical,True,all_sources_cleared_with_certificate,square,False,990.0,81,81,"[1, 2, 3, 4, 8, 9, 11, 12, 17, 18]","[1, 2, 3, 4, 8, 9, 11, 12, 17, 18]",full_mesh,17934.37961273391,0.02477054199999995,10,0,0,0,0,473,10,2,10,1.0,1793.4379612733908,56391.89806366958,883,802,463
SELF-Q4-mixed-fixed_hash-43,43,mixed,fixed_hash,square_optical,True,all_sources_cleared_with_certificate,square,False,990.0,81,81,"[2, 5, 8, 10, 11, 12, 13, 15, 16, 19, 20]","[2, 5, 8, 10, 11, 12, 13, 15, 16, 19, 20]",full_mesh,17103.990357795312,0.023185249999999824,11,0,0,0,0,307,11,8,11,1.0,1554.9082143450285,53274.951788976585,931,851,296
SELF-Q4-mixed-fixed_hash-44,44,mixed,fixed_hash,square_optical,True,all_sources_cleared_with_certificate,square,False,990.0,81,81,"[1, 2, 4, 5, 6, 7, 12, 14, 17, 18, 19, 20]","[1, 2, 4, 5, 6, 7, 12, 14, 17, 18, 19, 20]",full_mesh,18201.918713177143,0.028392166000000163,12,0,0,0,0,600,12,2,12,1.0,1516.8265594314287,59389.59356588578,763,685,588
SELF-Q4-mixed-fixed_hash-45,45,mixed,fixed_hash,square_optical,True,all_sources_cleared_with_certificate,square,False,990.0,81,81,"[1, 2, 3, 5, 6, 8, 9, 12, 13, 14, 15, 16, 20]","[1, 2, 3, 5, 6, 8, 9, 12, 13, 14, 15, 16, 20]",full_mesh,19966.222272912364,0.036212249999999946,13,0,0,0,0,903,13,2,13,1.0,1535.8632517624897,63516.1113645619,768,688,890
SELF-Q4-mixed-fixed_hash-46,46,mixed,fixed_hash,square_optical,True,all_sources_cleared_with_certificate,square,False,990.0,81,81,"[1, 2, 3, 5, 6, 7, 8, 9, 10, 11, 12, 13, 18, 19]","[1, 2, 3, 5, 6, 7, 8, 9, 10, 11, 12, 13, 18, 19]",full_mesh,17657.714053261494,0.02798233299999997,14,0,0,0,0,575,14,1,14,1.0,1261.2652895186782,59318.5702663075,687,606,561
SELF-Q4-mixed-fixed_hash-47,47,mixed,fixed_hash,square_optical,True,all_sources_cleared_with_certificate,square,False,990.0,81,81,"[1, 3, 5, 7, 8, 9, 10, 11, 12, 13, 14, 15, 16, 18, 20]","[1, 3, 5, 7, 8, 9, 10, 11, 12, 13, 14, 15, 16, 18, 20]",full_mesh,19172.88051643635,0.03455174999999988,15,0,0,0,0,864,15,5,15,1.0,1278.19203442909,63889.402582181836,642,563,849
SELF-Q4-mixed-fixed_hash-48,48,mixed,fixed_hash,square_optical,True,all_sources_cleared_with_certificate,square,False,990.0,81,66,"[2, 3, 4, 5, 6, 7, 8, 10, 11, 12, 13, 15, 16, 17, 18, 20]","[2, 3, 4, 5, 6, 7, 8, 10, 11, 12, 13, 15, 16, 17, 18, 20]",count_upper_bound,17815.591736489874,0.03682366699999995,16,0,0,0,0,1049,16,14,16,1.0,1113.4744835306171,59892.95868244943,454,388,1033
SELF-Q4-mixed-fixed_hash-49,49,mixed,fixed_hash,square_optical,True,all_sources_cleared_with_certificate,square,False,990.0,81,81,"[1, 3, 4, 9, 11, 12, 13, 14, 16, 18]","[1, 3, 4, 9, 11, 12, 13, 14, 16, 18]",full_mesh,18243.667487851042,0.025962708,10,0,0,0,0,492,10,1,10,1.0,1824.3667487851042,57563.337439255265,886,805,482
SELF-Q4-mixed-fixed_hash-50,50,mixed,fixed_hash,square_optical,True,all_sources_cleared_with_certificate,square,False,990.0,81,81,"[2, 4, 6, 8, 9, 12, 13, 14, 16, 19, 20]","[2, 4, 6, 8, 9, 12, 13, 14, 16, 19, 20]",full_mesh,18537.729649356894,0.02785150000000014,11,0,0,0,0,511,11,9,11,1.0,1685.2481499415358,55553.64824678446,992,912,500
SELF-Q4-mixed-fixed_hash-51,51,mixed,fixed_hash,square_optical,True,all_sources_cleared_with_certificate,square,False,990.0,81,81,"[4, 5, 6, 7, 8, 9, 13, 14, 16, 17, 18, 20]","[4, 5, 6, 7, 8, 9, 13, 14, 16, 17, 18, 20]",full_mesh,20691.39394465082,0.03489329099999994,12,0,0,0,0,871,12,9,12,1.0,1724.2828287209015,64631.969723254144,868,788,859
SELF-Q4-mixed-fixed_hash-52,52,mixed,fixed_hash,square_optical,True,all_sources_cleared_with_certificate,square,False,990.0,81,81,"[1, 2, 3, 6, 7, 8, 9, 12, 13, 15, 16, 17, 18]","[1, 2, 3, 6, 7, 8, 9, 12, 13, 15, 16, 17, 18]",full_mesh,18929.747108357908,0.03178187500000007,13,0,0,0,0,741,13,11,13,1.0,1456.1343929506083,62358.73554178961,715,634,728
SELF-Q4-mixed-fixed_hash-53,53,mixed,fixed_hash,square_optical,True,all_sources_cleared_with_certificate,square,False,990.0,81,81,"[1, 3, 6, 7, 8, 9, 10, 11, 12, 15, 16, 17, 18, 20]","[1, 3, 6, 7, 8, 9, 10, 11, 12, 15, 16, 17, 18, 20]",full_mesh,21735.69033511489,0.0402804590000001,14,0,0,0,0,1033,14,12,14,1.0,1552.5493096510636,66713.45167557453,891,811,1019
SELF-Q4-mixed-fixed_hash-54,54,mixed,fixed_hash,square_optical,True,all_sources_cleared_with_certificate,square,False,990.0,81,81,"[2, 4, 5, 6, 7, 8, 10, 12, 13, 14, 15, 16, 17, 18, 19]","[2, 4, 5, 6, 7, 8, 10, 12, 13, 14, 15, 16, 17, 18, 19]",full_mesh,18979.484389064794,0.03445108299999999,15,0,0,0,0,889,15,1,15,1.0,1265.2989592709862,64082.42194532401,591,511,874
SELF-Q4-mixed-fixed_hash-55,55,mixed,fixed_hash,square_optical,True,all_sources_cleared_with_certificate,square,False,990.0,81,31,"[2, 3, 4, 5, 6, 7, 8, 9, 10, 12, 13, 16, 17, 18, 19, 20]","[2, 3, 4, 5, 6, 7, 8, 9, 10, 12, 13, 16, 17, 18, 19, 20]",count_upper_bound,12607.612334916681,0.034393666000000156,16,0,0,0,0,1023,16,6,16,1.0,787.9757709322926,40383.06167458345,243,215,1007
SELF-Q4-mixed-fixed_hash-56,56,mixed,fixed_hash,square_optical,True,all_sources_cleared_with_certificate,square,False,990.0,81,81,"[1, 4, 7, 9, 10, 12, 13, 16, 17, 18]","[1, 4, 7, 9, 10, 12, 13, 16, 17, 18]",full_mesh,20154.874600695468,0.033501375000000166,10,0,0,0,0,806,10,2,10,1.0,2015.4874600695468,62529.37300347738,882,801,796
SELF-Q4-mixed-fixed_hash-57,57,mixed,fixed_hash,square_optical,True,all_sources_cleared_with_certificate,square,False,990.0,81,81,"[1, 2, 5, 7, 8, 11, 12, 13, 16, 17, 18]","[1, 2, 5, 7, 8, 11, 12, 13, 16, 17, 18]",full_mesh,19915.364125593616,0.03123375000000017,11,0,0,0,0,794,11,3,11,1.0,1810.487647781238,63001.82062796816,832,751,783
SELF-Q4-mixed-fixed_hash-58,58,mixed,fixed_hash,square_optical,True,all_sources_cleared_with_certificate,square,False,990.0,81,81,"[2, 4, 5, 6, 7, 8, 11, 14, 17, 18, 19, 20]","[2, 4, 5, 6, 7, 8, 11, 14, 17, 18, 19, 20]",full_mesh,22022.12956521885,0.03761800000000015,12,0,0,0,0,986,12,10,12,1.0,1835.1774637682374,68335.64782609434,909,828,974
SELF-Q4-mixed-fixed_hash-59,59,mixed,fixed_hash,square_optical,True,all_sources_cleared_with_certificate,square,False,990.0,81,81,"[1, 3, 5, 8, 10, 11, 12, 13, 14, 15, 16, 17, 20]","[1, 3, 5, 8, 10, 11, 12, 13, 14, 15, 16, 17, 20]",full_mesh,19652.0197758943,0.0329162919999999,13,0,0,0,0,815,13,7,13,1.0,1511.6938289149462,65095.09887947162,707,627,802
SELF-Q4-mixed-fixed_hash-60,60,mixed,fixed_hash,square_optical,True,all_sources_cleared_with_certificate,square,False,990.0,81,81,"[1, 2, 3, 4, 5, 6, 8, 9, 10, 13, 14, 16, 17, 20]","[1, 2, 3, 4, 5, 6, 8, 9, 10, 13, 14, 16, 17, 20]",full_mesh,18387.13876830435,0.03207487500000017,14,0,0,0,0,763,14,1,14,1.0,1313.367054878882,61850.693841521825,630,550,749
SELF-Q4-mixed-fixed_hash-61,61,mixed,fixed_hash,square_optical,True,all_sources_cleared_with_certificate,square,False,990.0,81,81,"[1, 4, 5, 6, 7, 8, 9, 11, 12, 13, 14, 16, 18, 19, 20]","[1, 4, 5, 6, 7, 8, 9, 11, 12, 13, 14, 16, 18, 19, 20]",full_mesh,19393.607445127895,0.03549749999999996,15,0,0,0,0,933,15,8,15,1.0,1292.9071630085264,65583.03722563952,588,508,918
SELF-Q4-mixed-fixed_hash-62,62,mixed,fixed_hash,square_optical,True,all_sources_cleared_with_certificate,square,False,990.0,81,55,"[1, 2, 3, 5, 6, 8, 9, 10, 11, 12, 13, 14, 15, 18, 19, 20]","[1, 2, 3, 5, 6, 8, 9, 10, 11, 12, 13, 14, 15, 18, 19, 20]",count_upper_bound,17390.97743946518,0.04038933399999989,16,0,0,0,0,1112,16,14,16,1.0,1086.9360899665737,54399.88719732598,533,478,1096
SELF-Q4-mixed-fixed_hash-63,63,mixed,fixed_hash,square_optical,True,all_sources_cleared_with_certificate,square,False,990.0,81,81,"[2, 7, 9, 10, 11, 12, 14, 15, 16, 20]","[2, 7, 9, 10, 11, 12, 14, 15, 16, 20]",full_mesh,18125.95568768275,0.027716749999999735,10,0,0,0,0,572,10,2,10,1.0,1812.595568768275,56284.77843841379,869,788,562
SELF-Q4-mixed-fixed_hash-64,64,mixed,fixed_hash,square_optical,True,all_sources_cleared_with_certificate,square,False,990.0,81,81,"[1, 3, 4, 5, 7, 11, 12, 13, 16, 18, 19]","[1, 3, 4, 5, 7, 11, 12, 13, 16, 18, 19]",full_mesh,18679.377397817072,0.028611249999999977,11,0,0,0,0,610,11,2,11,1.0,1698.1252179833702,57901.886989085404,888,807,599
SELF-Q4-mixed-fixed_hash-65,65,mixed,fixed_hash,square_optical,True,all_sources_cleared_with_certificate,square,False,990.0,81,81,"[6, 7, 8, 9, 10, 13, 14, 15, 16, 17, 19, 20]","[6, 7, 8, 9, 10, 13, 14, 15, 16, 17, 19, 20]",full_mesh,20775.687244394438,0.03612033400000003,12,0,0,0,0,909,12,4,12,1.0,1731.307270366203,64803.43622197223,857,779,897
SELF-Q4-mixed-fixed_hash-66,66,mixed,fixed_hash,square_optical,True,all_sources_cleared_with_certificate,square,False,990.0,81,81,"[2, 3, 5, 8, 9, 10, 13, 14, 15, 16, 17, 19, 20]","[2, 3, 5, 8, 9, 10, 13, 14, 15, 16, 17, 19, 20]",full_mesh,20180.768724704434,0.0335070420000001,13,0,0,0,0,799,13,9,13,1.0,1552.366824977264,64798.84362352224,813,733,786
SELF-Q4-mixed-fixed_hash-67,67,mixed,fixed_hash,square_optical,True,all_sources_cleared_with_certificate,square,False,990.0,81,81,"[1, 3, 4, 5, 6, 7, 8, 10, 14, 15, 16, 17, 18, 19]","[1, 3, 4, 5, 6, 7, 8, 10, 14, 15, 16, 17, 18, 19]",full_mesh,17975.074333144792,0.029196207999999668,14,0,0,0,0,597,14,3,14,1.0,1283.9338809389137,61465.37166572398,657,578,583
SELF-Q4-mixed-fixed_hash-68,68,mixed,fixed_hash,square_optical,True,all_sources_cleared_with_certificate,square,False,990.0,81,81,"[2, 4, 5, 6, 8, 9, 11, 12, 13, 14, 15, 16, 17, 19, 20]","[2, 4, 5, 6, 8, 9, 11, 12, 13, 14, 15, 16, 17, 19, 20]",full_mesh,20491.326172140667,0.03736004199999998,15,0,0,0,0,1067,15,11,15,1.0,1366.0884114760445,70081.63086070339,554,474,1052
SELF-Q4-mixed-fixed_hash-69,69,mixed,fixed_hash,square_optical,True,all_sources_cleared_with_certificate,square,False,990.0,81,31,"[2, 3, 4, 5, 6, 7, 8, 9, 10, 11, 12, 13, 14, 16, 17, 18]","[2, 3, 4, 5, 6, 7, 8, 9, 10, 11, 12, 13, 14, 16, 17, 18]",count_upper_bound,11440.851677859895,0.03156808400000033,16,0,0,0,0,865,16,9,16,1.0,715.0532298662434,37354.2583892995,229,198,849
SELF-Q4-mixed-fixed_hash-70,70,mixed,fixed_hash,square_optical,True,all_sources_cleared_with_certificate,square,False,990.0,81,81,"[2, 3, 4, 5, 6, 10, 11, 12, 15, 18]","[2, 3, 4, 5, 6, 10, 11, 12, 15, 18]",full_mesh,19348.51392849585,0.03126329200000022,10,0,0,0,0,703,10,4,10,1.0,1934.851392849585,59412.56964247931,903,822,693
SELF-Q4-mixed-fixed_hash-71,71,mixed,fixed_hash,square_optical,True,all_sources_cleared_with_certificate,square,False,990.0,81,81,"[1, 2, 4, 5, 9, 11, 13, 14, 15, 16, 17]","[1, 2, 4, 5, 9, 11, 13, 14, 15, 16, 17]",full_mesh,20520.26937583109,0.03455683399999998,11,0,0,0,0,905,11,9,11,1.0,1865.4790341664627,64121.34687915553,840,759,894
SELF-Q4-mixed-fixed_hash-72,72,mixed,fixed_hash,square_optical,True,all_sources_cleared_with_certificate,square,False,990.0,81,81,"[3, 4, 6, 10, 11, 12, 15, 16, 17, 18, 19, 20]","[3, 4, 6, 10, 11, 12, 15, 16, 17, 18, 19, 20]",full_mesh,19445.98745092295,0.029477291000000072,12,0,0,0,0,669,12,7,12,1.0,1620.498954243579,62809.93725461483,822,743,657
SELF-Q4-mixed-fixed_hash-73,73,mixed,fixed_hash,square_optical,True,all_sources_cleared_with_certificate,square,False,990.0,81,81,"[2, 4, 5, 6, 7, 8, 9, 10, 15, 16, 17, 19, 20]","[2, 4, 5, 6, 7, 8, 9, 10, 15, 16, 17, 19, 20]",full_mesh,18226.11347097327,0.02802149999999992,13,0,0,0,0,532,13,8,13,1.0,1402.0087285364052,56660.56735486636,892,812,519
SELF-Q4-mixed-fixed_hash-74,74,mixed,fixed_hash,square_optical,True,all_sources_cleared_with_certificate,square,False,990.0,81,81,"[2, 3, 4, 5, 6, 8, 9, 11, 13, 14, 16, 17, 18, 20]","[2, 3, 4, 5, 6, 8, 9, 11, 13, 14, 16, 17, 18, 20]",full_mesh,18441.085522812868,0.03272120899999997,14,0,0,0,0,795,14,5,14,1.0,1317.2203944866335,61520.42761406439,634,554,781
SELF-Q4-mixed-fixed_hash-75,75,mixed,fixed_hash,square_optical,True,all_sources_cleared_with_certificate,square,False,990.0,81,81,"[2, 3, 6, 8, 9, 11, 12, 13, 14, 15, 16, 17, 18, 19, 20]","[2, 3, 6, 8, 9, 11, 12, 13, 14, 15, 16, 17, 18, 19, 20]",full_mesh,18166.020878374027,0.03086312499999977,15,0,0,0,0,799,15,2,15,1.0,1211.0680585582684,64560.10439187021,484,407,784
SELF-Q4-mixed-fixed_hash-76,76,mixed,fixed_hash,square_optical,True,all_sources_cleared_with_certificate,square,False,990.0,81,41,"[1, 3, 4, 5, 6, 7, 8, 10, 12, 13, 15, 16, 17, 18, 19, 20]","[1, 3, 4, 5, 6, 7, 8, 10, 12, 13, 15, 16, 17, 18, 19, 20]",count_upper_bound,14719.22249660848,0.03631599999999979,16,0,0,0,0,1004,16,4,16,1.0,919.95140603803,47796.11248304242,359,321,988
SELF-Q4-mixed-fixed_hash-77,77,mixed,fixed_hash,square_optical,True,all_sources_cleared_with_certificate,square,False,990.0,81,81,"[2, 5, 7, 8, 9, 11, 14, 17, 18, 20]","[2, 5, 7, 8, 9, 11, 14, 17, 18, 20]",full_mesh,19448.567151998875,0.02866716700000005,10,0,0,0,0,551,10,4,10,1.0,1944.8567151998875,57932.83575999443,1045,964,541
SELF-Q4-mixed-fixed_hash-78,78,mixed,fixed_hash,square_optical,True,all_sources_cleared_with_certificate,square,False,990.0,81,81,"[1, 3, 4, 7, 9, 10, 11, 13, 14, 15, 20]","[1, 3, 4, 7, 9, 10, 11, 13, 14, 15, 20]",full_mesh,19031.503344255223,0.029174166999999862,11,0,0,0,0,594,11,4,11,1.0,1730.1366676595658,57377.51672127612,972,892,583
SELF-Q4-mixed-fixed_hash-79,79,mixed,fixed_hash,square_optical,True,all_sources_cleared_with_certificate,square,False,990.0,81,81,"[2, 3, 4, 5, 6, 8, 12, 14, 15, 16, 17, 18]","[2, 3, 4, 5, 6, 8, 12, 14, 15, 16, 17, 18]",full_mesh,19672.494927177435,0.032802832999999865,12,0,0,0,0,762,12,1,12,1.0,1639.3745772647862,61957.47463588724,842,761,750
SELF-Q4-mixed-fixed_hash-80,80,mixed,fixed_hash,square_optical,True,all_sources_cleared_with_certificate,square,False,990.0,81,81,"[1, 4, 6, 7, 9, 12, 13, 14, 15, 17, 18, 19, 20]","[1, 4, 6, 7, 9, 12, 13, 14, 15, 17, 18, 19, 20]",full_mesh,20611.773606684998,0.03548024999999999,13,0,0,0,0,858,13,10,13,1.0,1585.5210466680767,65818.86803342504,821,743,845
SELF-Q4-mixed-fixed_hash-81,81,mixed,fixed_hash,square_optical,True,all_sources_cleared_with_certificate,square,False,990.0,81,81,"[1, 3, 6, 8, 10, 11, 12, 13, 14, 15, 16, 17, 19, 20]","[1, 3, 6, 8, 10, 11, 12, 13, 14, 15, 16, 17, 19, 20]",full_mesh,18217.182966367487,0.031235750000000007,14,0,0,0,0,783,14,12,14,1.0,1301.2273547405348,61240.91483183751,612,532,769
SELF-Q4-mixed-fixed_hash-82,82,mixed,fixed_hash,square_optical,True,all_sources_cleared_with_certificate,square,False,990.0,81,81,"[1, 3, 5, 6, 7, 8, 10, 11, 12, 13, 14, 16, 17, 18, 20]","[1, 3, 5, 6, 7, 8, 10, 11, 12, 13, 14, 16, 17, 18, 20]",full_mesh,19121.966856267423,0.03449016699999996,15,0,0,0,0,894,15,4,15,1.0,1274.7977904178283,64724.83428133721,591,510,879
SELF-Q4-mixed-fixed_hash-83,83,mixed,fixed_hash,square_optical,True,all_sources_cleared_with_certificate,square,False,990.0,81,46,"[1, 2, 3, 4, 5, 7, 11, 12, 13, 14, 15, 16, 17, 18, 19, 20]","[1, 2, 3, 4, 5, 7, 11, 12, 13, 14, 15, 16, 17, 18, 19, 20]",count_upper_bound,15986.004225846944,0.037294624999999915,16,0,0,0,0,1091,16,3,16,1.0,999.125264115434,53310.02112923478,344,299,1075
SELF-Q4-mixed-fixed_hash-84,84,mixed,fixed_hash,square_optical,True,all_sources_cleared_with_certificate,square,False,990.0,81,81,"[1, 2, 4, 8, 9, 10, 11, 13, 14, 16]","[1, 2, 4, 8, 9, 10, 11, 13, 14, 16]",full_mesh,17357.35843578049,0.02335308299999994,10,0,0,0,0,350,10,6,10,1.0,1735.735843578049,54241.79217890249,920,839,340
SELF-Q4-mixed-fixed_hash-85,85,mixed,fixed_hash,square_optical,True,all_sources_cleared_with_certificate,square,False,990.0,81,81,"[4, 6, 7, 8, 10, 11, 13, 14, 16, 19, 20]","[4, 6, 7, 8, 10, 11, 13, 14, 16, 19, 20]",full_mesh,19653.40817094899,0.0320019170000001,11,0,0,0,0,784,11,7,11,1.0,1786.673470086272,61112.04085474503,856,777,773
SELF-Q4-mixed-fixed_hash-86,86,mixed,fixed_hash,square_optical,True,all_sources_cleared_with_certificate,square,False,990.0,81,81,"[1, 2, 3, 5, 7, 9, 11, 12, 15, 18, 19, 20]","[1, 2, 3, 5, 7, 9, 11, 12, 15, 18, 19, 20]",full_mesh,19512.028656868333,0.0315779169999999,12,0,0,0,0,734,12,9,12,1.0,1626.002388072361,61750.14328434172,836,756,722
SELF-Q4-mixed-fixed_hash-87,87,mixed,fixed_hash,square_optical,True,all_sources_cleared_with_certificate,square,False,990.0,81,81,"[1, 2, 4, 5, 6, 7, 9, 11, 13, 14, 15, 16, 18]","[1, 2, 4, 5, 6, 7, 9, 11, 13, 14, 15, 16, 18]",full_mesh,17975.576900462747,0.028644874999999903,13,0,0,0,0,636,13,5,13,1.0,1382.7366846509806,59612.88450231378,700,619,623
SELF-Q4-mixed-fixed_hash-88,88,mixed,fixed_hash,square_optical,True,all_sources_cleared_with_certificate,square,False,990.0,81,81,"[1, 3, 4, 6, 7, 8, 9, 11, 12, 13, 14, 16, 17, 20]","[1, 3, 4, 6, 7, 8, 9, 11, 12, 13, 14, 16, 17, 20]",full_mesh,17431.652314970095,0.028016291999999776,14,0,0,0,0,571,14,12,14,1.0,1245.1180224978639,57498.26157485055,712,631,557
SELF-Q4-mixed-fixed_hash-89,89,mixed,fixed_hash,square_optical,True,all_sources_cleared_with_certificate,square,False,990.0,81,81,"[2, 3, 4, 5, 6, 7, 8, 9, 10, 12, 14, 16, 17, 18, 20]","[2, 3, 4, 5, 6, 7, 8, 9, 10, 12, 14, 16, 17, 18, 20]",full_mesh,21237.385801275796,0.04168141699999994,15,0,0,0,0,1233,15,8,15,1.0,1415.825720085053,70546.92900637911,580,499,1218
SELF-Q4-mixed-fixed_hash-90,90,mixed,fixed_hash,square_optical,True,all_sources_cleared_with_certificate,square,False,990.0,81,32,"[1, 2, 3, 5, 6, 7, 8, 9, 10, 11, 12, 13, 14, 16, 17, 18]","[1, 2, 3, 5, 6, 7, 8, 9, 10, 11, 12, 13, 14, 16, 17, 18]",count_upper_bound,11447.287788027543,0.030822291999999862,16,0,0,0,0,829,16,1,16,1.0,715.4554867517214,37781.43894013773,234,202,813
SELF-Q4-mixed-fixed_hash-91,91,mixed,fixed_hash,square_optical,True,all_sources_cleared_with_certificate,square,False,990.0,81,81,"[3, 6, 8, 12, 13, 14, 15, 16, 18, 19]","[3, 6, 8, 12, 13, 14, 15, 16, 18, 19]",full_mesh,19310.470880168148,0.03004741700000002,10,0,0,0,0,612,10,8,10,1.0,1931.0470880168148,57762.35440084078,997,917,602
SELF-Q4-mixed-fixed_hash-92,92,mixed,fixed_hash,square_optical,True,all_sources_cleared_with_certificate,square,False,990.0,81,81,"[2, 3, 4, 8, 9, 10, 14, 15, 17, 18, 19]","[2, 3, 4, 8, 9, 10, 14, 15, 17, 18, 19]",full_mesh,18955.331462942402,0.02898895800000023,11,0,0,0,0,637,11,6,11,1.0,1723.211951176582,59801.657314712014,857,777,626
SELF-Q4-mixed-fixed_hash-93,93,mixed,fixed_hash,square_optical,True,all_sources_cleared_with_certificate,square,False,990.0,81,81,"[1, 2, 3, 4, 6, 7, 12, 13, 14, 16, 19, 20]","[1, 2, 3, 4, 6, 7, 12, 13, 14, 16, 19, 20]",full_mesh,17993.173674552207,0.028703500000000215,12,0,0,0,0,587,12,10,12,1.0,1499.4311395460172,57195.86837276108,808,729,575
SELF-Q4-mixed-fixed_hash-94,94,mixed,fixed_hash,square_optical,True,all_sources_cleared_with_certificate,square,False,990.0,81,81,"[1, 4, 5, 6, 7, 8, 9, 10, 11, 14, 15, 18, 19]","[1, 4, 5, 6, 7, 8, 9, 10, 11, 14, 15, 18, 19]",full_mesh,19450.996413167384,0.029347542000000004,13,0,0,0,0,586,13,10,13,1.0,1496.230493320568,62334.98206583694,880,800,573
SELF-Q4-mixed-fixed_hash-95,95,mixed,fixed_hash,square_optical,True,all_sources_cleared_with_certificate,square,False,990.0,81,81,"[1, 2, 3, 4, 5, 10, 12, 13, 15, 16, 17, 18, 19, 20]","[1, 2, 3, 4, 5, 10, 12, 13, 15, 16, 17, 18, 19, 20]",full_mesh,18214.66918469154,0.030095750000000088,14,0,0,0,0,644,14,10,14,1.0,1301.0477989065384,58863.34592345772,760,682,630
SELF-Q4-mixed-fixed_hash-96,96,mixed,fixed_hash,square_optical,True,all_sources_cleared_with_certificate,square,False,990.0,81,81,"[1, 3, 4, 6, 7, 10, 11, 12, 13, 14, 15, 17, 18, 19, 20]","[1, 3, 4, 6, 7, 10, 11, 12, 13, 14, 15, 17, 18, 19, 20]",full_mesh,18156.241882318984,0.029994582999999686,15,0,0,0,0,638,15,6,15,1.0,1210.4161254879323,62146.20941159498,644,563,623
SELF-Q4-mixed-fixed_hash-97,97,mixed,fixed_hash,square_optical,True,all_sources_cleared_with_certificate,square,False,990.0,81,54,"[1, 2, 4, 5, 6, 7, 9, 10, 12, 13, 14, 16, 17, 18, 19, 20]","[1, 2, 4, 5, 6, 7, 9, 10, 12, 13, 14, 16, 17, 18, 19, 20]",count_upper_bound,16768.609283964994,0.03791616600000003,16,0,0,0,0,1074,16,11,16,1.0,1048.038080247812,53528.04641982505,477,424,1058
SELF-Q4-mixed-fixed_hash-98,98,mixed,fixed_hash,square_optical,True,all_sources_cleared_with_certificate,square,False,990.0,81,81,"[1, 2, 5, 8, 11, 12, 14, 17, 19, 20]","[1, 2, 5, 8, 11, 12, 14, 17, 19, 20]",full_mesh,20698.21599792536,0.03269329200000026,10,0,0,0,0,736,10,9,10,1.0,2069.821599792536,61401.07998962687,1045,965,726
SELF-Q4-mixed-fixed_hash-99,99,mixed,fixed_hash,square_optical,True,all_sources_cleared_with_certificate,square,False,990.0,81,81,"[2, 3, 4, 5, 6, 7, 8, 13, 18, 19, 20]","[2, 3, 4, 5, 6, 7, 8, 13, 18, 19, 20]",full_mesh,18438.98312257427,0.027818417000000206,11,0,0,0,0,510,11,9,11,1.0,1676.2711929612974,56874.91561287138,932,852,499
SELF-Q4-mixed-fixed_hash-100,100,mixed,fixed_hash,square_optical,True,all_sources_cleared_with_certificate,square,False,990.0,81,81,"[2, 5, 6, 7, 9, 11, 12, 13, 15, 17, 18, 19]","[2, 5, 6, 7, 9, 11, 12, 13, 15, 17, 18, 19]",full_mesh,18979.234768423874,0.031871375000000146,12,0,0,0,0,742,12,2,12,1.0,1581.6028973686562,61246.17384211943,760,680,730
SELF-Q4-mixed-fixed_hash-101,101,mixed,fixed_hash,square_optical,True,all_sources_cleared_with_certificate,square,False,990.0,81,81,"[1, 4, 5, 7, 8, 9, 10, 11, 12, 15, 17, 18, 19]","[1, 4, 5, 7, 8, 9, 10, 11, 12, 15, 17, 18, 19]",full_mesh,20351.563483865128,0.034500792000000224,13,0,0,0,0,884,13,12,13,1.0,1565.5048833742405,64802.81741932574,799,718,871
SELF-Q4-mixed-fixed_hash-102,102,mixed,fixed_hash,square_optical,True,all_sources_cleared_with_certificate,square,False,990.0,81,81,"[1, 3, 5, 6, 7, 9, 10, 12, 13, 14, 17, 18, 19, 20]","[1, 3, 5, 6, 7, 9, 10, 12, 13, 14, 17, 18, 19, 20]",full_mesh,19542.703140258564,0.03320445800000016,14,0,0,0,0,840,14,13,14,1.0,1395.907367161326,64358.51570129291,700,623,826
SELF-Q4-mixed-fixed_hash-103,103,mixed,fixed_hash,square_optical,True,all_sources_cleared_with_certificate,square,False,990.0,81,81,"[1, 2, 3, 4, 5, 6, 7, 8, 11, 12, 13, 15, 17, 18, 20]","[1, 2, 3, 4, 5, 6, 7, 8, 11, 12, 13, 15, 17, 18, 20]",full_mesh,20635.376502504292,0.039728333999999865,15,0,0,0,0,1159,15,1,15,1.0,1375.6917668336196,70086.88251252157,532,451,1144
SELF-Q4-mixed-fixed_hash-104,104,mixed,fixed_hash,square_optical,True,all_sources_cleared_with_certificate,square,False,990.0,81,35,"[1, 2, 3, 6, 7, 8, 9, 10, 11, 12, 13, 14, 15, 16, 17, 20]","[1, 2, 3, 6, 7, 8, 9, 10, 11, 12, 13, 14, 15, 16, 17, 20]",count_upper_bound,13511.640923763869,0.03495466700000005,16,0,0,0,0,983,16,6,16,1.0,844.4775577352418,41483.204618819414,378,344,967
SELF-Q4-mixed-fixed_hash-105,105,mixed,fixed_hash,square_optical,True,all_sources_cleared_with_certificate,square,False,990.0,81,81,"[1, 4, 5, 6, 9, 10, 12, 13, 16, 19]","[1, 4, 5, 6, 9, 10, 12, 13, 16, 19]",full_mesh,19341.842072337546,0.029443958000000325,10,0,0,0,0,651,10,3,10,1.0,1934.1842072337545,60189.210361687765,902,821,641
SELF-Q4-mixed-fixed_hash-106,106,mixed,fixed_hash,square_optical,True,all_sources_cleared_with_certificate,square,False,990.0,81,81,"[1, 2, 4, 5, 8, 13, 16, 17, 18, 19, 20]","[1, 2, 4, 5, 8, 13, 16, 17, 18, 19, 20]",full_mesh,17820.008418586032,0.02498479100000006,11,0,0,0,0,399,11,6,11,1.0,1620.000765326003,55710.04209293021,923,844,388
SELF-Q4-mixed-fixed_hash-107,107,mixed,fixed_hash,square_optical,True,all_sources_cleared_with_certificate,square,False,990.0,81,81,"[1, 2, 3, 5, 7, 8, 9, 10, 11, 14, 16, 19]","[1, 2, 3, 5, 7, 8, 9, 10, 11, 14, 16, 19]",full_mesh,17961.540529776434,0.02864941700000001,12,0,0,0,0,600,12,11,12,1.0,1496.7950441480361,58497.702648882194,753,673,588
SELF-Q4-mixed-fixed_hash-108,108,mixed,fixed_hash,square_optical,True,all_sources_cleared_with_certificate,square,False,990.0,81,81,"[2, 3, 4, 5, 6, 9, 10, 12, 13, 15, 18, 19, 20]","[2, 3, 4, 5, 6, 9, 10, 12, 13, 15, 18, 19, 20]",full_mesh,22011.773047245784,0.04028304199999999,13,0,0,0,0,1184,13,2,13,1.0,1693.2133113265988,70428.865236229,738,658,1171
SELF-Q4-mixed-fixed_hash-109,109,mixed,fixed_hash,square_optical,True,all_sources_cleared_with_certificate,square,False,990.0,81,81,"[2, 4, 5, 7, 8, 9, 10, 13, 15, 16, 17, 18, 19, 20]","[2, 4, 5, 7, 8, 9, 10, 13, 15, 16, 17, 18, 19, 20]",full_mesh,17558.25697519862,0.03031312499999972,14,0,0,0,0,737,14,4,14,1.0,1254.1612125141871,60076.28487599317,564,484,723
SELF-Q4-mixed-fixed_hash-110,110,mixed,fixed_hash,square_optical,True,all_sources_cleared_with_certificate,square,False,990.0,81,81,"[1, 2, 6, 7, 8, 9, 11, 12, 13, 14, 15, 16, 17, 18, 19]","[1, 2, 6, 7, 8, 9, 11, 12, 13, 14, 15, 16, 17, 18, 19]",full_mesh,18585.68484141743,0.03458775000000003,15,0,0,0,0,887,15,2,15,1.0,1239.0456560944954,63888.424207087235,533,452,872
SELF-Q4-mixed-fixed_hash-111,111,mixed,fixed_hash,square_optical,True,all_sources_cleared_with_certificate,square,False,990.0,81,33,"[2, 3, 4, 6, 7, 8, 10, 11, 13, 14, 15, 16, 17, 18, 19, 20]","[2, 3, 4, 6, 7, 8, 10, 11, 13, 14, 15, 16, 17, 18, 19, 20]",count_upper_bound,12425.518741124217,0.030674292000000047,16,0,0,0,0,800,16,7,16,1.0,776.5949213202636,40277.5937056211,328,298,784
SELF-Q4-mixed-fixed_hash-112,112,mixed,fixed_hash,square_optical,True,all_sources_cleared_with_certificate,square,False,990.0,81,81,"[3, 4, 6, 10, 11, 13, 14, 15, 16, 19]","[3, 4, 6, 10, 11, 13, 14, 15, 16, 19]",full_mesh,16780.696286842653,0.023287999999999975,10,0,0,0,0,381,10,9,10,1.0,1678.0696286842654,52363.48143421329,871,790,371
SELF-Q4-mixed-fixed_hash-113,113,mixed,fixed_hash,square_optical,True,all_sources_cleared_with_certificate,square,False,990.0,81,81,"[1, 2, 3, 4, 5, 7, 9, 12, 16, 18, 20]","[1, 2, 3, 4, 5, 7, 9, 12, 16, 18, 20]",full_mesh,18638.07353957378,0.02887645800000005,11,0,0,0,0,624,11,10,11,1.0,1694.3703217794346,58255.36769786892,862,783,613
SELF-Q4-mixed-fixed_hash-114,114,mixed,fixed_hash,square_optical,True,all_sources_cleared_with_certificate,square,False,990.0,81,81,"[1, 3, 4, 8, 9, 10, 11, 14, 15, 17, 19, 20]","[1, 3, 4, 8, 9, 10, 11, 14, 15, 17, 19, 20]",full_mesh,20229.111777383547,0.032876291,12,0,0,0,0,801,12,5,12,1.0,1685.7593147819623,65200.5588869178,807,727,789
SELF-Q4-mixed-fixed_hash-115,115,mixed,fixed_hash,square_optical,True,all_sources_cleared_with_certificate,square,False,990.0,81,81,"[4, 5, 6, 7, 8, 9, 10, 11, 12, 13, 14, 16, 18]","[4, 5, 6, 7, 8, 9, 10, 11, 12, 13, 14, 16, 18]",full_mesh,19739.176148690745,0.03404837500000024,13,0,0,0,0,896,13,1,13,1.0,1518.3981652839034,65400.88074345377,671,590,883
SELF-Q4-mixed-fixed_hash-116,116,mixed,fixed_hash,square_optical,True,all_sources_cleared_with_certificate,square,False,990.0,81,81,"[1, 3, 4, 5, 7, 8, 9, 10, 12, 13, 15, 16, 18, 20]","[1, 3, 4, 5, 7, 8, 9, 10, 12, 13, 15, 16, 18, 20]",full_mesh,19469.602682365487,0.03467625000000041,14,0,0,0,0,883,14,10,14,1.0,1390.685905883249,64743.01341182751,654,574,869
SELF-Q4-mixed-fixed_hash-117,117,mixed,fixed_hash,square_optical,True,all_sources_cleared_with_certificate,square,False,990.0,81,81,"[2, 3, 4, 6, 7, 8, 9, 10, 13, 14, 16, 17, 18, 19, 20]","[2, 3, 4, 6, 7, 8, 9, 10, 13, 14, 16, 17, 18, 19, 20]",full_mesh,17969.110317201747,0.03203125000000018,15,0,0,0,0,778,15,1,15,1.0,1197.9406878134498,62220.55158600878,540,461,763
SELF-Q4-mixed-fixed_hash-118,118,mixed,fixed_hash,square_optical,True,all_sources_cleared_with_certificate,square,False,990.0,81,59,"[1, 2, 4, 5, 6, 7, 8, 10, 12, 13, 14, 15, 16, 17, 19, 20]","[1, 2, 4, 5, 6, 7, 8, 10, 12, 13, 14, 15, 16, 17, 19, 20]",count_upper_bound,18577.29749060098,0.040138958,16,0,0,0,0,1177,16,14,16,1.0,1161.0810931625613,60756.487453005015,487,428,1161
SELF-Q4-mixed-fixed_hash-119,119,mixed,fixed_hash,square_optical,True,all_sources_cleared_with_certificate,square,False,990.0,81,81,"[2, 3, 4, 6, 7, 10, 11, 14, 16, 18]","[2, 3, 4, 6, 7, 10, 11, 14, 16, 18]",full_mesh,18648.800681843197,0.027215208000000324,10,0,0,0,0,511,10,5,10,1.0,1864.8800681843197,57834.00340921601,935,854,501
SELF-Q4-mixed-fixed_hash-120,120,mixed,fixed_hash,square_optical,True,all_sources_cleared_with_certificate,square,False,990.0,81,81,"[3, 4, 5, 6, 7, 8, 13, 14, 15, 17, 20]","[3, 4, 5, 6, 7, 8, 13, 14, 15, 17, 20]",full_mesh,20347.372478491663,0.033257499999999496,11,0,0,0,0,873,11,6,11,1.0,1849.761134408333,64096.8623924584,828,747,862
SELF-Q4-mixed-fixed_hash-121,121,mixed,fixed_hash,square_optical,True,all_sources_cleared_with_certificate,square,False,990.0,81,81,"[1, 3, 5, 6, 7, 11, 12, 13, 16, 17, 19, 20]","[1, 3, 5, 6, 7, 11, 12, 13, 16, 17, 19, 20]",full_mesh,19739.880928003768,0.03202050000000067,12,0,0,0,0,741,12,3,12,1.0,1644.9900773336474,63084.40464001892,826,746,729
SELF-Q4-mixed-fixed_hash-122,122,mixed,fixed_hash,square_optical,True,all_sources_cleared_with_certificate,square,False,990.0,81,81,"[2, 3, 4, 5, 7, 8, 10, 11, 12, 13, 17, 18, 20]","[2, 3, 4, 5, 7, 8, 10, 11, 12, 13, 17, 18, 20]",full_mesh,19597.531080595512,0.032309458999999485,13,0,0,0,0,739,13,8,13,1.0,1507.5023908150395,63557.65540297759,787,708,726
SELF-Q4-mixed-fixed_hash-123,123,mixed,fixed_hash,square_optical,True,all_sources_cleared_with_certificate,square,False,990.0,81,81,"[1, 2, 3, 6, 7, 9, 10, 11, 12, 14, 16, 17, 19, 20]","[1, 2, 3, 6, 7, 9, 10, 11, 12, 14, 16, 17, 19, 20]",full_mesh,20842.240954470315,0.037683708000000316,14,0,0,0,0,1036,14,1,14,1.0,1488.7314967478796,68291.20477235166,688,608,1022
SELF-Q4-mixed-fixed_hash-124,124,mixed,fixed_hash,square_optical,True,all_sources_cleared_with_certificate,square,False,990.0,81,81,"[1, 2, 3, 4, 5, 6, 7, 9, 12, 13, 15, 17, 18, 19, 20]","[1, 2, 3, 4, 5, 6, 7, 9, 12, 13, 15, 17, 18, 19, 20]",full_mesh,20176.583506108265,0.040559457999999715,15,0,0,0,0,1097,15,1,15,1.0,1345.1055670738845,68597.91753054144,536,456,1082
SELF-Q4-mixed-fixed_hash-125,125,mixed,fixed_hash,square_optical,True,all_sources_cleared_with_certificate,square,False,990.0,81,57,"[1, 2, 3, 4, 5, 6, 7, 8, 10, 11, 12, 13, 14, 15, 18, 20]","[1, 2, 3, 4, 5, 6, 7, 8, 10, 11, 12, 13, 14, 15, 18, 20]",count_upper_bound,16946.538724293117,0.03727741600000023,16,0,0,0,0,1054,16,11,16,1.0,1059.1586702683198,54857.69362146565,473,416,1038
SELF-Q4-mixed-fixed_hash-126,126,mixed,fixed_hash,square_optical,True,all_sources_cleared_with_certificate,square,False,990.0,81,81,"[2, 3, 4, 6, 8, 11, 15, 17, 18, 19]","[2, 3, 4, 6, 8, 11, 15, 17, 18, 19]",full_mesh,18157.202207911516,0.0265169580000002,10,0,0,0,0,504,10,3,10,1.0,1815.7202207911516,56171.01103955762,912,831,494
SELF-Q4-mixed-fixed_hash-127,127,mixed,fixed_hash,square_optical,True,all_sources_cleared_with_certificate,square,False,990.0,81,81,"[1, 2, 4, 5, 7, 11, 14, 15, 17, 18, 19]","[1, 2, 4, 5, 7, 11, 14, 15, 17, 18, 19]",full_mesh,20000.87715157463,0.03227316600000041,11,0,0,0,0,727,11,7,11,1.0,1818.2615592340574,62059.385757873206,911,831,716
SELF-Q4-mixed-fixed_hash-128,128,mixed,fixed_hash,square_optical,True,all_sources_cleared_with_certificate,square,False,990.0,81,81,"[1, 3, 5, 6, 8, 9, 11, 12, 13, 16, 17, 20]","[1, 3, 5, 6, 8, 9, 11, 12, 13, 16, 17, 20]",full_mesh,19892.41589431323,0.032986042000000104,12,0,0,0,0,823,12,11,12,1.0,1657.7013245261026,63457.07947156622,798,718,811
SELF-Q4-mixed-fixed_hash-129,129,mixed,fixed_hash,square_optical,True,all_sources_cleared_with_certificate,square,False,990.0,81,81,"[2, 3, 4, 6, 9, 10, 11, 13, 14, 17, 18, 19, 20]","[2, 3, 4, 6, 9, 10, 11, 13, 14, 17, 18, 19, 20]",full_mesh,20292.972378463863,0.03630749999999949,13,0,0,0,0,949,13,11,13,1.0,1560.997875266451,64634.86189231938,762,683,936
SELF-Q4-mixed-fixed_hash-130,130,mixed,fixed_hash,square_optical,True,all_sources_cleared_with_certificate,square,False,990.0,81,81,"[1, 2, 4, 5, 6, 9, 10, 11, 13, 14, 15, 17, 19, 20]","[1, 2, 4, 5, 6, 9, 10, 11, 13, 14, 15, 17, 19, 20]",full_mesh,18746.537069490507,0.029523624999999498,14,0,0,0,0,624,14,11,14,1.0,1339.0383621064648,61927.68534745256,757,676,610
SELF-Q4-mixed-fixed_hash-131,131,mixed,fixed_hash,square_optical,True,all_sources_cleared_with_certificate,square,False,990.0,81,81,"[1, 2, 3, 5, 6, 7, 9, 10, 11, 12, 13, 17, 18, 19, 20]","[1, 2, 3, 5, 6, 7, 9, 10, 11, 12, 13, 17, 18, 19, 20]",full_mesh,18121.30859035063,0.03167270800000033,15,0,0,0,0,669,15,12,15,1.0,1208.0872393567086,60181.542951753196,688,608,654
SELF-Q4-mixed-fixed_hash-132,132,mixed,fixed_hash,square_optical,True,all_sources_cleared_with_certificate,square,False,990.0,81,33,"[1, 2, 3, 4, 5, 6, 8, 9, 11, 12, 14, 15, 17, 18, 19, 20]","[1, 2, 3, 4, 5, 6, 8, 9, 11, 12, 14, 15, 17, 18, 19, 20]",count_upper_bound,11848.469544734246,0.028105667000000167,16,0,0,0,0,669,16,3,16,1.0,740.5293465458903,37302.347723671264,397,364,653
SELF-Q4-mixed-fixed_hash-133,133,mixed,fixed_hash,square_optical,True,all_sources_cleared_with_certificate,square,False,990.0,81,81,"[1, 9, 10, 11, 12, 15, 16, 17, 19, 20]","[1, 9, 10, 11, 12, 15, 16, 17, 19, 20]",full_mesh,19074.771379090653,0.03015766700000011,10,0,0,0,0,674,10,2,10,1.0,1907.4771379090653,57543.85689545329,934,854,664
SELF-Q4-mixed-fixed_hash-134,134,mixed,fixed_hash,square_optical,True,all_sources_cleared_with_certificate,square,False,990.0,81,81,"[1, 2, 4, 5, 7, 8, 11, 13, 16, 17, 18]","[1, 2, 4, 5, 7, 8, 11, 13, 16, 17, 18]",full_mesh,18895.004013428334,0.02841850000000079,11,0,0,0,0,609,11,8,11,1.0,1717.727637584394,59235.020067141704,880,799,598
SELF-Q4-mixed-fixed_hash-135,135,mixed,fixed_hash,square_optical,True,all_sources_cleared_with_certificate,square,False,990.0,81,81,"[1, 2, 3, 5, 8, 9, 10, 12, 14, 16, 19, 20]","[1, 2, 3, 5, 8, 9, 10, 12, 14, 16, 19, 20]",full_mesh,19027.694912044582,0.03177345900000006,12,0,0,0,0,793,12,6,12,1.0,1585.6412426703819,62163.474560222974,712,632,781
SELF-Q4-mixed-fixed_hash-136,136,mixed,fixed_hash,square_optical,True,all_sources_cleared_with_certificate,square,False,990.0,81,81,"[1, 2, 3, 4, 7, 8, 11, 13, 14, 15, 17, 19, 20]","[1, 2, 3, 4, 7, 8, 11, 13, 14, 15, 17, 19, 20]",full_mesh,19225.480220343197,0.032289208999999985,13,0,0,0,0,676,13,3,13,1.0,1478.8830938725537,60962.401101716016,843,764,663
SELF-Q4-mixed-fixed_hash-137,137,mixed,fixed_hash,square_optical,True,all_sources_cleared_with_certificate,square,False,990.0,81,81,"[1, 3, 4, 6, 7, 8, 9, 11, 13, 14, 16, 17, 18, 19]","[1, 3, 4, 6, 7, 8, 9, 11, 13, 14, 16, 17, 18, 19]",full_mesh,18729.893838255328,0.0318233750000001,14,0,0,0,0,811,14,9,14,1.0,1337.8495598753805,64219.469191276716,584,505,797
SELF-Q4-mixed-fixed_hash-138,138,mixed,fixed_hash,square_optical,True,all_sources_cleared_with_certificate,square,False,990.0,81,81,"[3, 4, 5, 6, 7, 8, 9, 10, 11, 13, 14, 15, 17, 18, 20]","[3, 4, 5, 6, 7, 8, 9, 10, 11, 13, 14, 15, 17, 18, 20]",full_mesh,19280.19619940452,0.03226845799999989,15,0,0,0,0,703,15,12,15,1.0,1285.3464132936347,62350.98099702264,792,711,688
SELF-Q4-mixed-fixed_hash-139,139,mixed,fixed_hash,square_optical,True,all_sources_cleared_with_certificate,square,False,990.0,81,57,"[1, 3, 4, 5, 6, 8, 9, 10, 11, 12, 13, 14, 16, 18, 19, 20]","[1, 3, 4, 5, 6, 8, 9, 10, 11, 12, 13, 14, 16, 18, 19, 20]",count_upper_bound,16210.556776112162,0.037454792000000126,16,0,0,0,0,1100,16,3,16,1.0,1013.1597985070101,54772.78388056091,330,274,1084
SELF-Q4-mixed-fixed_hash-140,140,mixed,fixed_hash,square_optical,True,all_sources_cleared_with_certificate,square,False,990.0,81,81,"[1, 2, 4, 9, 11, 12, 17, 18, 19, 20]","[1, 2, 4, 9, 11, 12, 17, 18, 19, 20]",full_mesh,17276.19187066428,0.025019291999999638,10,0,0,0,0,473,10,4,10,1.0,1727.619187066428,54775.95935332143,827,747,463
SELF-Q4-mixed-fixed_hash-141,141,mixed,fixed_hash,square_optical,True,all_sources_cleared_with_certificate,square,False,990.0,81,81,"[1, 5, 6, 9, 11, 15, 16, 17, 18, 19, 20]","[1, 5, 6, 9, 11, 15, 16, 17, 18, 19, 20]",full_mesh,19300.234419493565,0.03102112499999965,11,0,0,0,0,640,11,7,11,1.0,1754.566765408506,58781.17209746789,947,867,629
SELF-Q4-mixed-fixed_hash-142,142,mixed,fixed_hash,square_optical,True,all_sources_cleared_with_certificate,square,False,990.0,81,81,"[1, 2, 5, 6, 10, 12, 13, 15, 16, 18, 19, 20]","[1, 2, 5, 6, 10, 12, 13, 15, 16, 18, 19, 20]",full_mesh,19040.330210510616,0.026970749999999377,12,0,0,0,0,586,12,3,12,1.0,1586.694184209218,62956.651052553134,791,712,574
SELF-Q4-mixed-fixed_hash-143,143,mixed,fixed_hash,square_optical,True,all_sources_cleared_with_certificate,square,False,990.0,81,81,"[1, 2, 3, 4, 5, 6, 7, 8, 10, 12, 14, 17, 19]","[1, 2, 3, 4, 5, 6, 7, 8, 10, 12, 14, 17, 19]",full_mesh,20435.806343710574,0.03759108300000058,13,0,0,0,0,932,13,10,13,1.0,1571.9851033623518,63119.03171855293,845,765,919
SELF-Q4-mixed-fixed_hash-144,144,mixed,fixed_hash,square_optical,True,all_sources_cleared_with_certificate,square,False,990.0,81,81,"[2, 3, 4, 6, 7, 8, 10, 11, 13, 14, 15, 16, 19, 20]","[2, 3, 4, 6, 7, 8, 10, 11, 13, 14, 15, 16, 19, 20]",full_mesh,21453.123466192214,0.03971649999999993,14,0,0,0,0,1156,14,3,14,1.0,1532.3659618708723,71710.61733096115,616,535,1142
SELF-Q4-mixed-fixed_hash-145,145,mixed,fixed_hash,square_optical,True,all_sources_cleared_with_certificate,square,False,990.0,81,81,"[1, 3, 5, 6, 8, 9, 11, 12, 13, 14, 15, 16, 17, 18, 19]","[1, 3, 5, 6, 8, 9, 11, 12, 13, 14, 15, 16, 17, 18, 19]",full_mesh,19567.6043944812,0.0369309160000002,15,0,0,0,0,964,15,14,15,1.0,1304.50695963208,66678.02197240607,565,485,949
SELF-Q4-mixed-fixed_hash-146,146,mixed,fixed_hash,square_optical,True,all_sources_cleared_with_certificate,square,False,990.0,81,76,"[1, 2, 3, 4, 5, 6, 7, 8, 9, 10, 11, 14, 15, 16, 19, 20]","[1, 2, 3, 4, 5, 6, 7, 8, 9, 10, 11, 14, 15, 16, 19, 20]",count_upper_bound,18087.236160754568,0.03263212500000012,16,0,0,0,0,793,16,3,16,1.0,1130.4522600471605,61206.1808037729,585,510,777
SELF-Q4-mixed-fixed_hash-147,147,mixed,fixed_hash,square_optical,True,all_sources_cleared_with_certificate,square,False,990.0,81,81,"[3, 5, 7, 11, 12, 13, 15, 17, 19, 20]","[3, 5, 7, 11, 12, 13, 15, 17, 19, 20]",full_mesh,18794.75006275642,0.026675666000000042,10,0,0,0,0,504,10,8,10,1.0,1879.4750062756418,56953.750313782126,992,912,494
SELF-Q4-mixed-fixed_hash-148,148,mixed,fixed_hash,square_optical,True,all_sources_cleared_with_certificate,square,False,990.0,81,81,"[2, 4, 5, 8, 10, 11, 12, 13, 14, 19, 20]","[2, 4, 5, 8, 10, 11, 12, 13, 14, 19, 20]",full_mesh,17936.3035115155,0.026547584000000235,11,0,0,0,0,484,11,5,11,1.0,1630.5730465014092,55741.51755757752,899,819,473
SELF-Q4-mixed-fixed_hash-149,149,mixed,fixed_hash,square_optical,True,all_sources_cleared_with_certificate,square,False,990.0,81,81,"[1, 3, 4, 5, 7, 9, 10, 13, 14, 15, 17, 20]","[1, 3, 4, 5, 7, 9, 10, 13, 14, 15, 17, 20]",full_mesh,16847.087354585325,0.024356082999999806,12,0,0,0,0,373,12,1,12,1.0,1403.9239462154437,54290.436772926616,821,741,361
SELF-Q4-mixed-fixed_hash-150,150,mixed,fixed_hash,square_optical,True,all_sources_cleared_with_certificate,square,False,990.0,81,81,"[2, 3, 5, 6, 7, 8, 10, 11, 13, 15, 17, 18, 19]","[2, 3, 5, 6, 7, 8, 10, 11, 13, 15, 17, 18, 19]",full_mesh,21015.55915833312,0.03588266600000001,13,0,0,0,0,1021,13,5,13,1.0,1616.581473717932,68672.79579166565,712,632,1008
SELF-Q4-mixed-fixed_hash-151,151,mixed,fixed_hash,square_optical,True,all_sources_cleared_with_certificate,square,False,990.0,81,81,"[2, 7, 8, 10, 11, 12, 13, 14, 15, 16, 17, 18, 19, 20]","[2, 7, 8, 10, 11, 12, 13, 14, 15, 16, 17, 18, 19, 20]",full_mesh,19229.396168430092,0.033286125000000055,14,0,0,0,0,812,14,7,14,1.0,1373.5282977450065,62831.98084215051,713,634,798
SELF-Q4-mixed-fixed_hash-152,152,mixed,fixed_hash,square_optical,True,all_sources_cleared_with_certificate,square,False,990.0,81,81,"[1, 2, 3, 5, 6, 7, 8, 10, 11, 12, 13, 14, 18, 19, 20]","[1, 2, 3, 5, 6, 7, 8, 10, 11, 12, 13, 14, 18, 19, 20]",full_mesh,19761.851066449664,0.03226270899999939,15,0,0,0,0,781,15,14,15,1.0,1317.456737763311,66224.25533224842,704,624,766
SELF-Q4-mixed-fixed_hash-153,153,mixed,fixed_hash,square_optical,True,all_sources_cleared_with_certificate,square,False,990.0,81,62,"[2, 3, 4, 5, 6, 7, 9, 10, 11, 12, 13, 14, 15, 16, 17, 20]","[2, 3, 4, 5, 6, 7, 9, 10, 11, 12, 13, 14, 15, 16, 17, 20]",count_upper_bound,19064.50562291964,0.0435425829999998,16,0,0,0,0,1308,16,6,16,1.0,1191.5316014324776,62467.5281145983,446,385,1292
SELF-Q4-mixed-fixed_hash-154,154,mixed,fixed_hash,square_optical,True,all_sources_cleared_with_certificate,square,False,990.0,81,81,"[1, 5, 7, 8, 9, 13, 15, 16, 17, 20]","[1, 5, 7, 8, 9, 13, 15, 16, 17, 20]",full_mesh,19560.14859582841,0.028948833000000285,10,0,0,0,0,552,10,7,10,1.0,1956.014859582841,57485.74297914213,1078,997,542
SELF-Q4-mixed-fixed_hash-155,155,mixed,fixed_hash,square_optical,True,all_sources_cleared_with_certificate,square,False,990.0,81,81,"[4, 5, 7, 9, 10, 14, 15, 17, 18, 19, 20]","[4, 5, 7, 9, 10, 14, 15, 17, 18, 19, 20]",full_mesh,19451.608705196057,0.03187891700000023,11,0,0,0,0,773,11,1,11,1.0,1768.3280641087324,60483.04352598034,849,769,762
SELF-Q4-mixed-fixed_hash-156,156,mixed,fixed_hash,square_optical,True,all_sources_cleared_with_certificate,square,False,990.0,81,81,"[3, 4, 5, 7, 8, 9, 12, 14, 16, 17, 18, 19]","[3, 4, 5, 7, 8, 9, 12, 14, 16, 17, 18, 19]",full_mesh,18328.64020698571,0.02750858399999956,12,0,0,0,0,478,12,6,12,1.0,1527.386683915476,56618.20103492859,938,857,466
SELF-Q4-mixed-fixed_hash-157,157,mixed,fixed_hash,square_optical,True,all_sources_cleared_with_certificate,square,False,990.0,81,81,"[1, 2, 3, 4, 6, 8, 10, 13, 14, 16, 17, 19, 20]","[1, 2, 3, 4, 6, 8, 10, 13, 14, 16, 17, 19, 20]",full_mesh,19072.9864932949,0.03272237499999964,13,0,0,0,0,770,13,4,13,1.0,1467.1528071765306,62339.93246647459,725,644,757
SELF-Q4-mixed-fixed_hash-158,158,mixed,fixed_hash,square_optical,True,all_sources_cleared_with_certificate,square,False,990.0,81,81,"[1, 2, 4, 5, 8, 10, 11, 12, 13, 14, 16, 17, 18, 20]","[1, 2, 4, 5, 8, 10, 11, 12, 13, 14, 16, 17, 18, 20]",full_mesh,19505.0755347455,0.034605541999999545,14,0,0,0,0,902,14,5,14,1.0,1393.21968105325,65565.37767372763,623,543,888
SELF-Q4-mixed-fixed_hash-159,159,mixed,fixed_hash,square_optical,True,all_sources_cleared_with_certificate,square,False,990.0,81,81,"[1, 4, 5, 6, 7, 8, 10, 12, 13, 14, 15, 16, 17, 19, 20]","[1, 4, 5, 6, 7, 8, 10, 12, 13, 14, 15, 16, 17, 19, 20]",full_mesh,19533.294976192294,0.03622204100000026,15,0,0,0,0,944,15,4,15,1.0,1302.2196650794863,65846.47488096156,597,517,929
SELF-Q4-mixed-fixed_hash-160,160,mixed,fixed_hash,square_optical,True,all_sources_cleared_with_certificate,square,False,990.0,81,33,"[4, 6, 7, 8, 9, 10, 11, 12, 13, 14, 15, 16, 17, 18, 19, 20]","[4, 6, 7, 8, 9, 10, 11, 12, 13, 14, 15, 16, 17, 18, 19, 20]",count_upper_bound,11101.473287294662,0.02793520799999971,16,0,0,0,0,693,16,1,16,1.0,693.8420804559164,36457.36643647332,288,259,677
SELF-Q4-mixed-fixed_hash-161,161,mixed,fixed_hash,square_optical,True,all_sources_cleared_with_certificate,square,False,990.0,81,81,"[1, 6, 7, 8, 10, 11, 15, 16, 17, 18]","[1, 6, 7, 8, 10, 11, 15, 16, 17, 18]",full_mesh,19153.30051843785,0.028611625000000807,10,0,0,0,0,594,10,8,10,1.0,1915.330051843785,58751.50259218929,947,866,584
SELF-Q4-mixed-fixed_hash-162,162,mixed,fixed_hash,square_optical,True,all_sources_cleared_with_certificate,square,False,990.0,81,81,"[2, 5, 7, 8, 10, 11, 13, 14, 15, 17, 19]","[2, 5, 7, 8, 10, 11, 13, 14, 15, 17, 19]",full_mesh,21297.955912701138,0.03633195899999997,11,0,0,0,0,991,11,1,11,1.0,1936.177810245558,65994.77956350584,864,784,980
SELF-Q4-mixed-fixed_hash-163,163,mixed,fixed_hash,square_optical,True,all_sources_cleared_with_certificate,square,False,990.0,81,81,"[3, 4, 6, 10, 11, 14, 15, 16, 17, 18, 19, 20]","[3, 4, 6, 10, 11, 14, 15, 16, 17, 18, 19, 20]",full_mesh,19364.198551830723,0.032013583000000345,12,0,0,0,0,740,12,10,12,1.0,1613.6832126525603,61310.992759153676,823,743,728
SELF-Q4-mixed-fixed_hash-164,164,mixed,fixed_hash,square_optical,True,all_sources_cleared_with_certificate,square,False,990.0,81,81,"[1, 2, 4, 7, 9, 10, 11, 13, 14, 15, 16, 19, 20]","[1, 2, 4, 7, 9, 10, 11, 13, 14, 15, 16, 19, 20]",full_mesh,18753.727277607097,0.02982612500000048,13,0,0,0,0,697,13,3,13,1.0,1442.5944059697767,61023.63638803553,752,672,684
SELF-Q4-mixed-fixed_hash-165,165,mixed,fixed_hash,square_optical,True,all_sources_cleared_with_certificate,square,False,990.0,81,81,"[1, 2, 3, 4, 6, 7, 8, 10, 11, 14, 16, 17, 19, 20]","[1, 2, 3, 4, 6, 7, 8, 10, 11, 14, 16, 17, 19, 20]",full_mesh,19538.399675067973,0.0352558329999999,14,0,0,0,0,995,14,2,14,1.0,1395.5999767905694,66166.99837533996,562,482,981
SELF-Q4-mixed-fixed_hash-166,166,mixed,fixed_hash,square_optical,True,all_sources_cleared_with_certificate,square,False,990.0,81,81,"[1, 2, 4, 5, 6, 8, 10, 11, 12, 14, 16, 17, 18, 19, 20]","[1, 2, 4, 5, 6, 8, 10, 11, 12, 14, 16, 17, 18, 19, 20]",full_mesh,21060.93170666211,0.039686375000000496,15,0,0,0,0,1159,15,1,15,1.0,1404.062113777474,69059.65853331066,637,557,1144
SELF-Q4-mixed-fixed_hash-167,167,mixed,fixed_hash,square_optical,True,all_sources_cleared_with_certificate,square,False,990.0,81,55,"[1, 2, 3, 4, 5, 7, 8, 9, 11, 12, 13, 14, 15, 16, 17, 18]","[1, 2, 3, 4, 5, 7, 8, 9, 11, 12, 13, 14, 15, 16, 17, 18]",count_upper_bound,16942.99419676113,0.03633254199999936,16,0,0,0,0,1042,16,1,16,1.0,1058.9371372975706,55009.970983805724,473,418,1026
SELF-Q4-mixed-fixed_hash-168,168,mixed,fixed_hash,square_optical,True,all_sources_cleared_with_certificate,square,False,990.0,81,81,"[4, 6, 9, 12, 13, 14, 15, 17, 19, 20]","[4, 6, 9, 12, 13, 14, 15, 17, 19, 20]",full_mesh,20326.334419170355,0.03221333300000051,10,0,0,0,0,774,10,9,10,1.0,2032.6334419170355,61336.672095851834,966,887,764
SELF-Q4-mixed-fixed_hash-169,169,mixed,fixed_hash,square_optical,True,all_sources_cleared_with_certificate,square,False,990.0,81,81,"[4, 5, 6, 8, 9, 13, 15, 17, 18, 19, 20]","[4, 5, 6, 8, 9, 13, 15, 17, 18, 19, 20]",full_mesh,18986.96956422201,0.029419666999999983,11,0,0,0,0,619,11,10,11,1.0,1726.0881422020009,58699.84782111008,908,828,608
SELF-Q4-mixed-fixed_hash-170,170,mixed,fixed_hash,square_optical,True,all_sources_cleared_with_certificate,square,False,990.0,81,81,"[1, 2, 3, 4, 5, 6, 10, 11, 12, 15, 18, 19]","[1, 2, 3, 4, 5, 6, 10, 11, 12, 15, 18, 19]",full_mesh,19189.57701800843,0.0313905839999995,12,0,0,0,0,770,12,7,12,1.0,1599.131418167369,60617.885090042204,802,722,758
SELF-Q4-mixed-fixed_hash-171,171,mixed,fixed_hash,square_optical,True,all_sources_cleared_with_certificate,square,False,990.0,81,81,"[3, 4, 5, 6, 7, 9, 11, 13, 14, 15, 16, 18, 19]","[3, 4, 5, 6, 7, 9, 11, 13, 14, 15, 16, 18, 19]",full_mesh,21998.016718813717,0.041150291000000117,13,0,0,0,0,1170,13,3,13,1.0,1692.1551322164398,70930.08359406871,726,646,1157
SELF-Q4-mixed-fixed_hash-172,172,mixed,fixed_hash,square_optical,True,all_sources_cleared_with_certificate,square,False,990.0,81,81,"[1, 4, 7, 8, 9, 10, 11, 12, 14, 15, 16, 18, 19, 20]","[1, 4, 7, 8, 9, 10, 11, 12, 14, 15, 16, 18, 19, 20]",full_mesh,20588.37057132999,0.037284875000000106,14,0,0,0,0,1046,14,5,14,1.0,1470.5978979521421,68186.85285665003,644,565,1032
SELF-Q4-mixed-fixed_hash-173,173,mixed,fixed_hash,square_optical,True,all_sources_cleared_with_certificate,square,False,990.0,81,81,"[1, 2, 3, 4, 6, 7, 8, 11, 12, 13, 14, 16, 17, 18, 19]","[1, 2, 3, 4, 6, 7, 8, 11, 12, 13, 14, 16, 17, 18, 19]",full_mesh,19944.11530426661,0.0352932500000005,15,0,0,0,0,821,15,14,15,1.0,1329.6076869511073,63750.576521333125,797,716,806
SELF-Q4-mixed-fixed_hash-174,174,mixed,fixed_hash,square_optical,True,all_sources_cleared_with_certificate,square,False,990.0,81,52,"[1, 2, 3, 4, 6, 7, 9, 10, 11, 12, 14, 15, 16, 17, 19, 20]","[1, 2, 3, 4, 6, 7, 9, 10, 11, 12, 14, 15, 16, 17, 19, 20]",count_upper_bound,15447.671725013346,0.03439112499999997,16,0,0,0,0,934,16,10,16,1.0,965.4794828133341,50688.35862506679,421,371,918
SELF-Q4-mixed-fixed_hash-175,175,mixed,fixed_hash,square_optical,True,all_sources_cleared_with_certificate,square,False,990.0,81,81,"[2, 5, 7, 8, 9, 10, 15, 17, 18, 19]","[2, 5, 7, 8, 9, 10, 15, 17, 18, 19]",full_mesh,19606.58847325419,0.029570459000000326,10,0,0,0,0,615,10,8,10,1.0,1960.658847325419,59797.942366271025,977,897,605
SELF-Q4-mixed-fixed_hash-176,176,mixed,fixed_hash,square_optical,True,all_sources_cleared_with_certificate,square,False,990.0,81,81,"[1, 2, 4, 6, 8, 10, 11, 13, 15, 16, 18]","[1, 2, 4, 6, 8, 10, 11, 13, 15, 16, 18]",full_mesh,18458.457013564697,0.029546875000000306,11,0,0,0,0,688,11,2,11,1.0,1678.0415466876998,58987.28506782352,776,695,677
SELF-Q4-mixed-fixed_hash-177,177,mixed,fixed_hash,square_optical,True,all_sources_cleared_with_certificate,square,False,990.0,81,81,"[1, 2, 5, 7, 10, 11, 13, 14, 16, 17, 19, 20]","[1, 2, 5, 7, 10, 11, 13, 14, 16, 17, 19, 20]",full_mesh,19098.489320544504,0.03157858299999994,12,0,0,0,0,757,12,2,12,1.0,1591.540776712042,61402.44660272258,767,688,745
SELF-Q4-mixed-fixed_hash-178,178,mixed,fixed_hash,square_optical,True,all_sources_cleared_with_certificate,square,False,990.0,81,81,"[2, 3, 4, 5, 8, 11, 12, 13, 15, 17, 18, 19, 20]","[2, 3, 4, 5, 8, 11, 12, 13, 15, 17, 18, 19, 20]",full_mesh,18976.14656633715,0.03228408300000041,13,0,0,0,0,726,13,9,13,1.0,1459.7035820259346,60380.732831685804,796,716,713
SELF-Q4-mixed-fixed_hash-179,179,mixed,fixed_hash,square_optical,True,all_sources_cleared_with_certificate,square,False,990.0,81,81,"[1, 2, 3, 4, 5, 7, 8, 10, 11, 12, 13, 16, 18, 19]","[1, 2, 3, 4, 5, 7, 8, 10, 11, 12, 13, 16, 18, 19]",full_mesh,22387.414571684483,0.0417825839999999,14,0,0,0,0,1224,14,9,14,1.0,1599.101040834606,72657.07285842253,706,626,1210
SELF-Q4-mixed-fixed_hash-180,180,mixed,fixed_hash,square_optical,True,all_sources_cleared_with_certificate,square,False,990.0,81,81,"[1, 2, 3, 4, 5, 6, 8, 9, 10, 11, 15, 16, 17, 18, 19]","[1, 2, 3, 4, 5, 6, 8, 9, 10, 11, 15, 16, 17, 18, 19]",full_mesh,19796.95263897474,0.03749824999999962,15,0,0,0,0,1047,15,1,15,1.0,1319.796842598316,67959.7631948738,519,439,1032
SELF-Q4-mixed-fixed_hash-181,181,mixed,fixed_hash,square_optical,True,all_sources_cleared_with_certificate,square,False,990.0,81,34,"[1, 2, 4, 5, 6, 8, 9, 11, 13, 14, 15, 16, 17, 18, 19, 20]","[1, 2, 4, 5, 6, 8, 9, 11, 13, 14, 15, 16, 17, 18, 19, 20]",count_upper_bound,14464.203336220957,0.0357344589999995,16,0,0,0,0,1059,16,4,16,1.0,904.0127085138098,46751.01668110482,323,290,1043
SELF-Q4-mixed-fixed_hash-182,182,mixed,fixed_hash,square_optical,True,all_sources_cleared_with_certificate,square,False,990.0,81,81,"[2, 5, 6, 8, 11, 12, 14, 15, 18, 19]","[2, 5, 6, 8, 11, 12, 14, 15, 18, 19]",full_mesh,19984.891454704466,0.031238416999999963,10,0,0,0,0,758,10,1,10,1.0,1998.4891454704466,61799.45727352236,902,821,748
SELF-Q4-mixed-fixed_hash-183,183,mixed,fixed_hash,square_optical,True,all_sources_cleared_with_certificate,square,False,990.0,81,81,"[1, 2, 3, 4, 9, 10, 12, 13, 15, 18, 20]","[1, 2, 3, 4, 9, 10, 12, 13, 15, 18, 20]",full_mesh,20642.93470819367,0.032493167000000156,11,0,0,0,0,753,11,1,11,1.0,1876.6304280176062,62149.67354096842,1002,922,742
SELF-Q4-mixed-fixed_hash-184,184,mixed,fixed_hash,square_optical,True,all_sources_cleared_with_certificate,square,False,990.0,81,81,"[1, 4, 6, 8, 9, 10, 11, 12, 13, 17, 18, 20]","[1, 4, 6, 8, 9, 10, 11, 12, 13, 17, 18, 20]",full_mesh,18800.00250609695,0.03018533299999948,12,0,0,0,0,677,12,10,12,1.0,1566.666875508079,60785.01253048479,778,698,665
SELF-Q4-mixed-fixed_hash-185,185,mixed,fixed_hash,square_optical,True,all_sources_cleared_with_certificate,square,False,990.0,81,81,"[1, 3, 4, 5, 7, 8, 10, 12, 16, 17, 18, 19, 20]","[1, 3, 4, 5, 7, 8, 10, 12, 16, 17, 18, 19, 20]",full_mesh,19883.529100672356,0.03427274999999952,13,0,0,0,0,911,13,7,13,1.0,1529.5022385132581,64607.64550336188,714,633,898
SELF-Q4-mixed-fixed_hash-186,186,mixed,fixed_hash,square_optical,True,all_sources_cleared_with_certificate,square,False,990.0,81,81,"[1, 2, 4, 6, 8, 9, 11, 13, 14, 15, 16, 18, 19, 20]","[1, 2, 4, 6, 8, 9, 11, 13, 14, 15, 16, 18, 19, 20]",full_mesh,20410.259190919278,0.039385416000000006,14,0,0,0,0,1090,14,6,14,1.0,1457.8756564942341,68016.29595459645,598,519,1076
SELF-Q4-mixed-fixed_hash-187,187,mixed,fixed_hash,square_optical,True,all_sources_cleared_with_certificate,square,False,990.0,81,81,"[1, 2, 3, 5, 6, 8, 10, 11, 12, 13, 14, 15, 16, 19, 20]","[1, 2, 3, 5, 6, 8, 10, 11, 12, 13, 14, 15, 16, 19, 20]",full_mesh,19364.171076959377,0.03576675000000051,15,0,0,0,0,891,15,4,15,1.0,1290.9447384639584,64560.85538479694,638,559,876
SELF-Q4-mixed-fixed_hash-188,188,mixed,fixed_hash,square_optical,True,all_sources_cleared_with_certificate,square,False,990.0,81,47,"[1, 2, 3, 5, 6, 7, 8, 9, 10, 12, 13, 14, 15, 18, 19, 20]","[1, 2, 3, 5, 6, 7, 8, 9, 10, 12, 13, 14, 15, 18, 19, 20]",count_upper_bound,15888.387111193999,0.037169791000000174,16,0,0,0,0,1144,16,12,16,1.0,993.0241944496249,53501.93555597009,295,249,1128
SELF-Q4-mixed-fixed_hash-189,189,mixed,fixed_hash,square_optical,True,all_sources_cleared_with_certificate,square,False,990.0,81,81,"[1, 4, 5, 9, 11, 12, 13, 14, 16, 19]","[1, 4, 5, 9, 11, 12, 13, 14, 16, 19]",full_mesh,18713.237577184434,0.02792879199999998,10,0,0,0,0,564,10,1,10,1.0,1871.3237577184434,57481.18788592224,931,850,554
SELF-Q4-mixed-fixed_hash-190,190,mixed,fixed_hash,square_optical,True,all_sources_cleared_with_certificate,square,False,990.0,81,81,"[2, 3, 4, 6, 7, 8, 11, 12, 16, 17, 20]","[2, 3, 4, 6, 7, 8, 11, 12, 16, 17, 20]",full_mesh,17513.894416297542,0.024928208000000396,11,0,0,0,0,366,11,9,11,1.0,1592.172219663413,54799.47208148774,919,839,355
SELF-Q4-mixed-fixed_hash-191,191,mixed,fixed_hash,square_optical,True,all_sources_cleared_with_certificate,square,False,990.0,81,81,"[1, 2, 5, 7, 8, 11, 13, 15, 17, 18, 19, 20]","[1, 2, 5, 7, 8, 11, 13, 15, 17, 18, 19, 20]",full_mesh,18480.94126453651,0.030167750000000382,12,0,0,0,0,713,12,1,12,1.0,1540.0784387113756,60484.706322682614,717,636,701
SELF-Q4-mixed-fixed_hash-192,192,mixed,fixed_hash,square_optical,True,all_sources_cleared_with_certificate,square,False,990.0,81,81,"[3, 4, 5, 6, 7, 10, 11, 12, 14, 15, 17, 18, 19]","[3, 4, 5, 6, 7, 10, 11, 12, 14, 15, 17, 18, 19]",full_mesh,17861.28895673223,0.029606291999999534,13,0,0,0,0,667,13,3,13,1.0,1373.9453043640178,59471.44478366122,670,590,654
SELF-Q4-mixed-fixed_hash-193,193,mixed,fixed_hash,square_optical,True,all_sources_cleared_with_certificate,square,False,990.0,81,81,"[1, 2, 3, 4, 5, 6, 8, 9, 10, 14, 15, 16, 18, 19]","[1, 2, 3, 4, 5, 6, 8, 9, 10, 14, 15, 16, 18, 19]",full_mesh,19527.191275130874,0.03304845899999975,14,0,0,0,0,790,14,13,14,1.0,1394.7993767950625,64030.9563756544,734,653,776
SELF-Q4-mixed-fixed_hash-194,194,mixed,fixed_hash,square_optical,True,all_sources_cleared_with_certificate,square,False,990.0,81,81,"[2, 3, 5, 7, 8, 9, 10, 12, 13, 15, 16, 17, 18, 19, 20]","[2, 3, 5, 7, 8, 9, 10, 12, 13, 15, 16, 17, 18, 19, 20]",full_mesh,17395.59284124537,0.029280416999999836,15,0,0,0,0,686,15,11,15,1.0,1159.7061894163578,60967.96420622689,532,454,671
SELF-Q4-mixed-fixed_hash-195,195,mixed,fixed_hash,square_optical,True,all_sources_cleared_with_certificate,square,False,990.0,81,56,"[2, 3, 4, 5, 6, 7, 10, 11, 13, 14, 15, 16, 17, 18, 19, 20]","[2, 3, 4, 5, 6, 7, 10, 11, 13, 14, 15, 16, 17, 18, 19, 20]",count_upper_bound,17542.517236221345,0.03670379199999996,16,0,0,0,0,1117,16,2,16,1.0,1096.407327263834,58532.58618110678,418,363,1101
SELF-Q4-mixed-fixed_hash-196,196,mixed,fixed_hash,square_optical,True,all_sources_cleared_with_certificate,square,False,990.0,81,81,"[1, 2, 3, 5, 7, 11, 12, 13, 14, 17]","[1, 2, 3, 5, 7, 11, 12, 13, 14, 17]",full_mesh,17372.325723417118,0.022568959,10,0,0,0,0,321,10,9,10,1.0,1737.2325723417118,53371.62861708564,966,885,311
SELF-Q4-mixed-fixed_hash-197,197,mixed,fixed_hash,square_optical,True,all_sources_cleared_with_certificate,square,False,990.0,81,81,"[1, 2, 4, 5, 6, 10, 12, 13, 16, 18, 19]","[1, 2, 4, 5, 6, 10, 12, 13, 16, 18, 19]",full_mesh,19281.69658737054,0.030607791999999634,11,0,0,0,0,670,11,8,11,1.0,1752.8815079427766,60068.48293685276,886,806,659
SELF-Q4-mixed-fixed_hash-198,198,mixed,fixed_hash,square_optical,True,all_sources_cleared_with_certificate,square,False,990.0,81,81,"[1, 2, 3, 4, 5, 7, 8, 9, 16, 17, 18, 19]","[1, 2, 3, 4, 5, 7, 8, 9, 16, 17, 18, 19]",full_mesh,19424.338907186895,0.03243858399999944,12,0,0,0,0,808,12,7,12,1.0,1618.6949089322413,62846.694535934526,748,667,796
SELF-Q4-mixed-fixed_hash-199,199,mixed,fixed_hash,square_optical,True,all_sources_cleared_with_certificate,square,False,990.0,81,81,"[1, 4, 5, 6, 7, 8, 9, 10, 12, 13, 14, 18, 20]","[1, 4, 5, 6, 7, 8, 9, 10, 12, 13, 14, 18, 20]",full_mesh,20555.617258020673,0.035931125000000286,13,0,0,0,0,1002,13,1,13,1.0,1581.2013275400518,68158.08629010343,662,582,989
SELF-Q4-mixed-fixed_hash-200,200,mixed,fixed_hash,square_optical,True,all_sources_cleared_with_certificate,square,False,990.0,81,81,"[1, 2, 3, 4, 5, 7, 8, 9, 12, 13, 14, 15, 17, 18]","[1, 2, 3, 4, 5, 7, 8, 9, 12, 13, 14, 15, 17, 18]",full_mesh,19786.94934177819,0.035291416999999825,14,0,0,0,0,945,14,8,14,1.0,1413.3535244127277,66094.746708891,631,550,931
SELF-Q4-mixed-fixed_hash-201,201,mixed,fixed_hash,square_optical,True,all_sources_cleared_with_certificate,square,False,990.0,81,81,"[1, 3, 4, 5, 6, 8, 9, 10, 11, 12, 13, 14, 16, 18, 19]","[1, 3, 4, 5, 6, 8, 9, 10, 11, 12, 13, 14, 16, 18, 19]",full_mesh,20347.35553134503,0.037687541999999574,15,0,0,0,0,1102,15,10,15,1.0,1356.4903687563353,69376.77765672523,536,456,1087
SELF-Q4-mixed-fixed_hash-202,202,mixed,fixed_hash,square_optical,True,all_sources_cleared_with_certificate,square,False,990.0,81,63,"[1, 2, 4, 6, 7, 8, 11, 12, 13, 14, 15, 16, 17, 18, 19, 20]","[1, 2, 4, 6, 7, 8, 11, 12, 13, 14, 15, 16, 17, 18, 19, 20]",count_upper_bound,17824.09713753164,0.03597412500000008,16,0,0,0,0,948,16,11,16,1.0,1114.0060710957275,56955.485687658285,603,542,932
SELF-Q4-mixed-fixed_hash-203,203,mixed,fixed_hash,square_optical,True,all_sources_cleared_with_certificate,square,False,990.0,81,81,"[1, 2, 3, 4, 5, 7, 10, 13, 14, 16]","[1, 2, 3, 4, 5, 7, 10, 13, 14, 16]",full_mesh,18721.59144981711,0.02951716599999976,10,0,0,0,0,641,10,1,10,1.0,1872.159144981711,57207.95724908558,903,822,631
SELF-Q4-mixed-fixed_hash-204,204,mixed,fixed_hash,square_optical,True,all_sources_cleared_with_certificate,square,False,990.0,81,81,"[2, 3, 5, 6, 7, 8, 10, 13, 14, 16, 19]","[2, 3, 5, 6, 7, 8, 10, 13, 14, 16, 19]",full_mesh,20746.231154027428,0.03351375000000001,11,0,0,0,0,829,11,6,11,1.0,1886.0210140024935,64321.15577013721,909,828,818
SELF-Q4-mixed-fixed_hash-205,205,mixed,fixed_hash,square_optical,True,all_sources_cleared_with_certificate,square,False,990.0,81,81,"[2, 3, 4, 9, 12, 13, 14, 15, 16, 18, 19, 20]","[2, 3, 4, 9, 12, 13, 14, 15, 16, 18, 19, 20]",full_mesh,21696.22937033217,0.03653337500000031,12,0,0,0,0,989,12,4,12,1.0,1808.0191141943476,67256.14685166092,889,809,977
SELF-Q4-mixed-fixed_hash-206,206,mixed,fixed_hash,square_optical,True,all_sources_cleared_with_certificate,square,False,990.0,81,81,"[1, 3, 4, 5, 6, 8, 9, 10, 12, 14, 15, 16, 19]","[1, 3, 4, 5, 6, 8, 9, 10, 12, 14, 15, 16, 19]",full_mesh,20064.98178286487,0.03515166700000005,13,0,0,0,0,977,13,11,13,1.0,1543.4601371434514,67224.90891432445,624,543,964
SELF-Q4-mixed-fixed_hash-207,207,mixed,fixed_hash,square_optical,True,all_sources_cleared_with_certificate,square,False,990.0,81,81,"[1, 2, 3, 6, 8, 10, 12, 14, 15, 16, 17, 18, 19, 20]","[1, 2, 3, 6, 8, 10, 12, 14, 15, 16, 17, 18, 19, 20]",full_mesh,20470.82149254254,0.03724874999999983,14,0,0,0,0,1010,14,2,14,1.0,1462.20153518161,65579.10746271277,729,652,996
SELF-Q4-mixed-fixed_hash-208,208,mixed,fixed_hash,square_optical,True,all_sources_cleared_with_certificate,square,False,990.0,81,81,"[2, 5, 6, 7, 8, 9, 10, 12, 13, 14, 15, 17, 18, 19, 20]","[2, 5, 6, 7, 8, 9, 10, 12, 13, 14, 15, 17, 18, 19, 20]",full_mesh,17737.86846569284,0.028969000000000023,15,0,0,0,0,604,15,4,15,1.0,1182.5245643795229,59619.342328464234,675,597,589
SELF-Q4-mixed-fixed_hash-209,209,mixed,fixed_hash,square_optical,True,all_sources_cleared_with_certificate,square,False,990.0,81,65,"[1, 2, 3, 4, 6, 7, 10, 11, 12, 13, 14, 15, 16, 17, 18, 20]","[1, 2, 3, 4, 6, 7, 10, 11, 12, 13, 14, 15, 16, 17, 18, 20]",count_upper_bound,17301.55066973564,0.036684916000000456,16,0,0,0,0,944,16,5,16,1.0,1081.3469168584775,56967.75334867827,518,454,928
SELF-Q4-mixed-fixed_hash-210,210,mixed,fixed_hash,square_optical,True,all_sources_cleared_with_certificate,square,False,990.0,81,81,"[1, 4, 5, 6, 11, 13, 15, 16, 19, 20]","[1, 4, 5, 6, 11, 13, 15, 16, 19, 20]",full_mesh,17437.904090692522,0.024498792000000158,10,0,0,0,0,445,10,3,10,1.0,1743.7904090692523,54024.52045346265,893,813,435
SELF-Q4-mixed-fixed_hash-211,211,mixed,fixed_hash,square_optical,True,all_sources_cleared_with_certificate,square,False,990.0,81,81,"[1, 6, 8, 9, 10, 11, 12, 14, 15, 16, 19]","[1, 6, 8, 9, 10, 11, 12, 14, 15, 16, 19]",full_mesh,18902.173245467377,0.029737417000000654,11,0,0,0,0,626,11,10,11,1.0,1718.3793859515797,57965.86622733692,915,834,615
SELF-Q4-mixed-fixed_hash-212,212,mixed,fixed_hash,square_optical,True,all_sources_cleared_with_certificate,square,False,990.0,81,81,"[1, 2, 3, 5, 6, 9, 10, 12, 13, 15, 16, 19]","[1, 2, 3, 5, 6, 9, 10, 12, 13, 15, 16, 19]",full_mesh,20862.108251858066,0.03587391699999998,12,0,0,0,0,967,12,2,12,1.0,1738.509020988172,66925.54125929039,772,692,955
SELF-Q4-mixed-fixed_hash-213,213,mixed,fixed_hash,square_optical,True,all_sources_cleared_with_certificate,square,False,990.0,81,81,"[1, 3, 4, 5, 6, 7, 8, 9, 10, 13, 14, 19, 20]","[1, 3, 4, 5, 6, 7, 8, 9, 10, 13, 14, 19, 20]",full_mesh,20567.685469276512,0.03558404199999998,13,0,0,0,0,922,13,9,13,1.0,1582.1296514828086,65008.42734638264,809,729,909
SELF-Q4-mixed-fixed_hash-214,214,mixed,fixed_hash,square_optical,True,all_sources_cleared_with_certificate,square,False,990.0,81,81,"[1, 2, 4, 5, 6, 7, 10, 12, 14, 15, 16, 17, 18, 20]","[1, 2, 4, 5, 6, 7, 10, 12, 14, 15, 16, 17, 18, 20]",full_mesh,17175.35757587902,0.027299624999999494,14,0,0,0,0,547,14,3,14,1.0,1226.8112554199301,58371.787879395175,652,572,533
SELF-Q4-mixed-fixed_hash-215,215,mixed,fixed_hash,square_optical,True,all_sources_cleared_with_certificate,square,False,990.0,81,81,"[1, 2, 4, 5, 6, 7, 8, 9, 10, 11, 13, 15, 17, 19, 20]","[1, 2, 4, 5, 6, 7, 8, 9, 10, 11, 13, 15, 17, 19, 20]",full_mesh,18371.320230531095,0.03240887499999978,15,0,0,0,0,741,15,14,15,1.0,1224.7546820354064,61941.60115265554,635,555,726
SELF-Q4-mixed-fixed_hash-216,216,mixed,fixed_hash,square_optical,True,all_sources_cleared_with_certificate,square,False,990.0,81,33,"[1, 2, 4, 5, 6, 7, 8, 9, 10, 14, 15, 16, 17, 18, 19, 20]","[1, 2, 4, 5, 6, 7, 8, 9, 10, 14, 15, 16, 17, 18, 19, 20]",count_upper_bound,13321.244874245493,0.035459458000000055,16,0,0,0,0,974,16,7,16,1.0,832.5778046403433,41261.224371227494,358,325,958
SELF-Q4-mixed-fixed_hash-217,217,mixed,fixed_hash,square_optical,True,all_sources_cleared_with_certificate,square,False,990.0,81,81,"[2, 3, 5, 6, 8, 9, 10, 14, 18, 19]","[2, 3, 5, 6, 8, 9, 10, 14, 18, 19]",full_mesh,19509.78611901186,0.029569915999999807,10,0,0,0,0,627,10,7,10,1.0,1950.978611901186,58418.93059505935,1001,920,617
SELF-Q4-mixed-fixed_hash-218,218,mixed,fixed_hash,square_optical,True,all_sources_cleared_with_certificate,square,False,990.0,81,81,"[1, 4, 6, 8, 9, 10, 11, 12, 14, 18, 19]","[1, 4, 6, 8, 9, 10, 11, 12, 14, 18, 19]",full_mesh,19176.612710484882,0.02949079199999982,11,0,0,0,0,619,11,4,11,1.0,1743.3284282258983,59378.06355242445,917,837,608
SELF-Q4-mixed-fixed_hash-219,219,mixed,fixed_hash,square_optical,True,all_sources_cleared_with_certificate,square,False,990.0,81,81,"[1, 2, 4, 5, 6, 7, 8, 11, 13, 14, 17, 20]","[1, 2, 4, 5, 6, 7, 8, 11, 13, 14, 17, 20]",full_mesh,19005.42955559607,0.03105741700000042,12,0,0,0,0,737,12,3,12,1.0,1583.7857962996725,59892.147777980404,812,732,725
SELF-Q4-mixed-fixed_hash-220,220,mixed,fixed_hash,square_optical,True,all_sources_cleared_with_certificate,square,False,990.0,81,81,"[3, 4, 6, 7, 8, 9, 12, 13, 14, 15, 16, 19, 20]","[3, 4, 6, 7, 8, 9, 12, 13, 14, 15, 16, 19, 20]",full_mesh,19930.30270308866,0.035080874999999345,13,0,0,0,0,853,13,7,13,1.0,1533.100207929897,63611.51351544337,784,703,840
SELF-Q4-mixed-fixed_hash-221,221,mixed,fixed_hash,square_optical,True,all_sources_cleared_with_certificate,square,False,990.0,81,81,"[1, 2, 3, 4, 6, 8, 9, 13, 14, 15, 16, 17, 19, 20]","[1, 2, 3, 4, 6, 8, 9, 13, 14, 15, 16, 17, 19, 20]",full_mesh,19288.66768356409,0.031549916000000344,14,0,0,0,0,747,14,5,14,1.0,1377.761977397435,64618.33841782051,696,616,733
SELF-Q4-mixed-fixed_hash-222,222,mixed,fixed_hash,square_optical,True,all_sources_cleared_with_certificate,square,False,990.0,81,81,"[1, 2, 4, 8, 10, 11, 12, 13, 14, 15, 16, 17, 18, 19, 20]","[1, 2, 4, 8, 10, 11, 12, 13, 14, 15, 16, 17, 18, 19, 20]",full_mesh,21106.44667158067,0.04084633400000026,15,0,0,0,0,1160,15,2,15,1.0,1407.0964447720446,70232.23335790349,605,525,1145
SELF-Q4-mixed-fixed_hash-223,223,mixed,fixed_hash,square_optical,True,all_sources_cleared_with_certificate,square,False,990.0,81,55,"[1, 2, 5, 6, 7, 9, 11, 12, 13, 14, 15, 16, 17, 18, 19, 20]","[1, 2, 5, 6, 7, 9, 11, 12, 13, 14, 15, 16, 17, 18, 19, 20]",count_upper_bound,15427.269266086845,0.03239691599999972,16,0,0,0,0,816,16,6,16,1.0,964.2043291304278,52221.346330434266,426,373,800
SELF-Q4-mixed-fixed_hash-224,224,mixed,fixed_hash,square_optical,True,all_sources_cleared_with_certificate,square,False,990.0,81,81,"[2, 3, 7, 8, 9, 11, 15, 17, 19, 20]","[2, 3, 7, 8, 9, 11, 15, 17, 19, 20]",full_mesh,18936.972563125746,0.027890916999999682,10,0,0,0,0,580,10,1,10,1.0,1893.6972563125746,58139.86281562878,938,859,570
SELF-Q4-mixed-fixed_hash-225,225,mixed,fixed_hash,square_optical,True,all_sources_cleared_with_certificate,square,False,990.0,81,81,"[1, 3, 5, 6, 7, 8, 10, 12, 13, 14, 15]","[1, 3, 5, 6, 7, 8, 10, 12, 13, 14, 15]",full_mesh,17841.114993514962,0.02638812500000043,11,0,0,0,0,536,11,1,11,1.0,1621.9195448649966,57190.57496757487,809,728,525
SELF-Q4-mixed-fixed_hash-226,226,mixed,fixed_hash,square_optical,True,all_sources_cleared_with_certificate,square,False,990.0,81,81,"[2, 6, 7, 8, 9, 12, 14, 15, 16, 18, 19, 20]","[2, 6, 7, 8, 9, 12, 14, 15, 16, 18, 19, 20]",full_mesh,17196.511045568557,0.024609916000000176,12,0,0,0,0,495,12,2,12,1.0,1433.0425871307132,57082.55522784284,725,646,483
SELF-Q4-mixed-fixed_hash-227,227,mixed,fixed_hash,square_optical,True,all_sources_cleared_with_certificate,square,False,990.0,81,81,"[1, 2, 3, 4, 5, 7, 8, 12, 13, 14, 15, 18, 19]","[1, 2, 3, 4, 5, 7, 8, 12, 13, 14, 15, 18, 19]",full_mesh,20235.835423206325,0.03710754199999933,13,0,0,0,0,961,13,2,13,1.0,1556.602724862025,65044.1771160317,733,653,948
SELF-Q4-mixed-fixed_hash-228,228,mixed,fixed_hash,square_optical,True,all_sources_cleared_with_certificate,square,False,990.0,81,81,"[2, 3, 5, 6, 8, 10, 11, 12, 15, 16, 17, 18, 19, 20]","[2, 3, 5, 6, 8, 10, 11, 12, 15, 16, 17, 18, 19, 20]",full_mesh,18358.2457856794,0.03055912499999991,14,0,0,0,0,689,14,12,14,1.0,1311.3032704056714,60496.22892839704,707,629,675
SELF-Q4-mixed-fixed_hash-229,229,mixed,fixed_hash,square_optical,True,all_sources_cleared_with_certificate,square,False,990.0,81,81,"[1, 3, 4, 5, 8, 9, 10, 11, 12, 14, 16, 17, 18, 19, 20]","[1, 3, 4, 5, 8, 9, 10, 11, 12, 14, 16, 17, 18, 19, 20]",full_mesh,17741.919395651552,0.029654208000000182,15,0,0,0,0,690,15,1,15,1.0,1182.79462637677,61114.59697825782,583,504,675
SELF-Q4-mixed-fixed_hash-230,230,mixed,fixed_hash,square_optical,True,all_sources_cleared_with_certificate,square,False,990.0,81,66,"[1, 3, 5, 6, 7, 8, 9, 10, 11, 12, 13, 14, 15, 16, 17, 18]","[1, 3, 5, 6, 7, 8, 9, 10, 11, 12, 13, 14, 15, 16, 17, 18]",count_upper_bound,18300.068216665044,0.03889949999999942,16,0,0,0,0,1052,16,11,16,1.0,1143.7542635415653,58640.34108332528,575,509,1036
SELF-Q4-mixed-fixed_hash-231,231,mixed,fixed_hash,square_optical,True,all_sources_cleared_with_certificate,square,False,990.0,81,81,"[1, 4, 5, 8, 10, 11, 13, 14, 18, 19]","[1, 4, 5, 8, 10, 11, 13, 14, 18, 19]",full_mesh,17421.74953197442,0.022523791999999432,10,0,0,0,0,318,10,7,10,1.0,1742.174953197442,53483.747659872104,972,891,308
SELF-Q4-mixed-fixed_hash-232,232,mixed,fixed_hash,square_optical,True,all_sources_cleared_with_certificate,square,False,990.0,81,81,"[3, 4, 5, 7, 8, 9, 12, 14, 15, 16, 17]","[3, 4, 5, 7, 8, 9, 12, 14, 15, 16, 17]",full_mesh,22233.382379226125,0.03892670900000006,11,0,0,0,0,1035,11,9,11,1.0,2021.2165799296477,67286.9118961307,955,874,1024
SELF-Q4-mixed-fixed_hash-233,233,mixed,fixed_hash,square_optical,True,all_sources_cleared_with_certificate,square,False,990.0,81,81,"[1, 2, 4, 5, 6, 7, 8, 13, 14, 15, 16, 17]","[1, 2, 4, 5, 6, 7, 8, 13, 14, 15, 16, 17]",full_mesh,20150.946991969864,0.032565957999999284,12,0,0,0,0,740,12,11,12,1.0,1679.2455826641553,63119.73495984942,894,813,728
SELF-Q4-mixed-fixed_hash-234,234,mixed,fixed_hash,square_optical,True,all_sources_cleared_with_certificate,square,False,990.0,81,81,"[2, 4, 5, 6, 8, 9, 11, 13, 14, 16, 17, 18, 20]","[2, 4, 5, 6, 8, 9, 11, 13, 14, 16, 17, 18, 20]",full_mesh,18020.538248062334,0.027537957999999918,13,0,0,0,0,552,13,5,13,1.0,1386.1952498509488,59532.691240311724,752,672,539
SELF-Q4-mixed-fixed_hash-235,235,mixed,fixed_hash,square_optical,True,all_sources_cleared_with_certificate,square,False,990.0,81,81,"[1, 2, 3, 5, 8, 10, 11, 12, 14, 15, 16, 17, 18, 19]","[1, 2, 3, 5, 8, 10, 11, 12, 14, 15, 16, 17, 18, 19]",full_mesh,18818.638058318793,0.029919583999999944,14,0,0,0,0,635,14,3,14,1.0,1344.1884327370567,61213.19029159402,787,708,621
SELF-Q4-mixed-fixed_hash-236,236,mixed,fixed_hash,square_optical,True,all_sources_cleared_with_certificate,square,False,990.0,81,81,"[3, 5, 7, 9, 10, 11, 12, 13, 14, 15, 16, 17, 18, 19, 20]","[3, 5, 7, 9, 10, 11, 12, 13, 14, 15, 16, 17, 18, 19, 20]",full_mesh,20882.469995312855,0.038699291999998664,15,0,0,0,0,1095,15,12,15,1.0,1392.1646663541903,69122.3499765644,637,558,1080
SELF-Q4-mixed-fixed_hash-237,237,mixed,fixed_hash,square_optical,True,all_sources_cleared_with_certificate,square,False,990.0,81,52,"[1, 3, 4, 5, 6, 7, 8, 9, 11, 12, 14, 15, 16, 17, 19, 20]","[1, 3, 4, 5, 6, 7, 8, 9, 11, 12, 14, 15, 16, 17, 19, 20]",count_upper_bound,15873.132754322096,0.03533762500000037,16,0,0,0,0,901,16,12,16,1.0,992.070797145131,50785.66377161056,505,456,885
SELF-Q4-mixed-fixed_hash-238,238,mixed,fixed_hash,square_optical,True,all_sources_cleared_with_certificate,square,False,990.0,81,81,"[2, 3, 9, 12, 13, 14, 15, 16, 17, 19]","[2, 3, 9, 12, 13, 14, 15, 16, 17, 19]",full_mesh,21600.090973575017,0.033976083000000656,10,0,0,0,0,843,10,9,10,1.0,2160.0090973575016,63975.45486787512,1056,976,833
SELF-Q4-mixed-fixed_hash-239,239,mixed,fixed_hash,square_optical,True,all_sources_cleared_with_certificate,square,False,990.0,81,81,"[1, 4, 5, 6, 7, 14, 15, 17, 18, 19, 20]","[1, 4, 5, 6, 7, 14, 15, 17, 18, 19, 20]",full_mesh,20325.914601066892,0.03477687500000037,11,0,0,0,0,864,11,5,11,1.0,1847.8104182788084,63274.573005334525,856,777,853
SELF-Q4-mixed-fixed_hash-240,240,mixed,fixed_hash,square_optical,True,all_sources_cleared_with_certificate,square,False,990.0,81,81,"[1, 2, 5, 6, 9, 10, 11, 12, 13, 17, 19, 20]","[1, 2, 5, 6, 9, 10, 11, 12, 13, 17, 19, 20]",full_mesh,21099.27113413272,0.037301790999999085,12,0,0,0,0,1059,12,2,12,1.0,1758.2725945110599,67901.35567066366,733,653,1047
SELF-Q4-mixed-fixed_hash-241,241,mixed,fixed_hash,square_optical,True,all_sources_cleared_with_certificate,square,False,990.0,81,81,"[3, 4, 5, 6, 8, 9, 10, 11, 12, 14, 15, 17, 18]","[3, 4, 5, 6, 8, 9, 10, 11, 12, 14, 15, 17, 18]",full_mesh,21570.081728499383,0.038267666999999506,13,0,0,0,0,1102,13,12,13,1.0,1659.237056038414,70895.40864249697,690,609,1089
SELF-Q4-mixed-fixed_hash-242,242,mixed,fixed_hash,square_optical,True,all_sources_cleared_with_certificate,square,False,990.0,81,81,"[1, 2, 3, 4, 5, 9, 10, 11, 12, 13, 16, 17, 18, 19]","[1, 2, 3, 4, 5, 9, 10, 11, 12, 13, 16, 17, 18, 19]",full_mesh,20383.420949429183,0.03838033299999921,14,0,0,0,0,997,14,10,14,1.0,1455.9586392449417,65982.104747146,708,628,983
SELF-Q4-mixed-fixed_hash-243,243,mixed,fixed_hash,square_optical,True,all_sources_cleared_with_certificate,square,False,990.0,81,81,"[1, 2, 3, 5, 6, 7, 10, 11, 13, 14, 15, 17, 18, 19, 20]","[1, 2, 3, 5, 6, 7, 10, 11, 13, 14, 15, 17, 18, 19, 20]",full_mesh,20442.434442514023,0.03737875000000024,15,0,0,0,0,1073,15,10,15,1.0,1362.8289628342682,69207.1722125702,572,492,1058
SELF-Q4-mixed-fixed_hash-244,244,mixed,fixed_hash,square_optical,True,all_sources_cleared_with_certificate,square,False,990.0,81,46,"[2, 3, 4, 5, 6, 7, 8, 11, 12, 13, 14, 15, 16, 17, 18, 19]","[2, 3, 4, 5, 6, 7, 8, 11, 12, 13, 14, 15, 16, 17, 18, 19]",count_upper_bound,15392.428358054727,0.03643183299999997,16,0,0,0,0,962,16,2,16,1.0,962.0267723784204,48317.14179027367,476,431,946
SELF-Q4-mixed-fixed_hash-245,245,mixed,fixed_hash,square_optical,True,all_sources_cleared_with_certificate,square,False,990.0,81,81,"[3, 5, 6, 10, 11, 12, 13, 15, 16, 19]","[3, 5, 6, 10, 11, 12, 13, 15, 16, 19]",full_mesh,19408.15120774979,0.029265875000000108,10,0,0,0,0,592,10,8,10,1.0,1940.815120774979,58195.75603874897,1009,928,582
SELF-Q4-mixed-fixed_hash-246,246,mixed,fixed_hash,square_optical,True,all_sources_cleared_with_certificate,square,False,990.0,81,81,"[2, 3, 6, 8, 10, 12, 13, 16, 17, 18, 19]","[2, 3, 6, 8, 10, 12, 13, 16, 17, 18, 19]",full_mesh,18651.953784375804,0.028050042000000275,11,0,0,0,0,517,11,9,11,1.0,1695.6321622159821,56634.76892187903,972,892,506
SELF-Q4-mixed-fixed_hash-247,247,mixed,fixed_hash,square_optical,True,all_sources_cleared_with_certificate,square,False,990.0,81,81,"[1, 3, 6, 7, 10, 11, 12, 13, 14, 15, 16, 18]","[1, 3, 6, 7, 10, 11, 12, 13, 14, 15, 16, 18]",full_mesh,19268.74410265198,0.029483541999999474,12,0,0,0,0,602,12,1,12,1.0,1605.7286752209984,61498.72051325997,870,789,590
SELF-Q4-mixed-fixed_hash-248,248,mixed,fixed_hash,square_optical,True,all_sources_cleared_with_certificate,square,False,990.0,81,81,"[2, 4, 5, 6, 7, 8, 10, 11, 12, 14, 15, 16, 17]","[2, 4, 5, 6, 7, 8, 10, 11, 12, 14, 15, 16, 17]",full_mesh,18159.64444212441,0.03019208300000109,13,0,0,0,0,709,13,7,13,1.0,1396.8957263172622,59198.22221062208,708,627,696
SELF-Q4-mixed-fixed_hash-249,249,mixed,fixed_hash,square_optical,True,all_sources_cleared_with_certificate,square,False,990.0,81,81,"[1, 2, 5, 6, 7, 9, 10, 13, 14, 16, 17, 18, 19, 20]","[1, 2, 5, 6, 7, 9, 10, 13, 14, 16, 17, 18, 19, 20]",full_mesh,20960.904672726472,0.0372298750000013,14,0,0,0,0,1012,14,11,14,1.0,1497.2074766233195,67714.52336363247,739,659,998
SELF-Q4-mixed-fixed_hash-250,250,mixed,fixed_hash,square_optical,True,all_sources_cleared_with_certificate,square,False,990.0,81,81,"[2, 3, 4, 5, 6, 7, 8, 9, 10, 11, 12, 13, 17, 18, 20]","[2, 3, 4, 5, 6, 7, 8, 9, 10, 11, 12, 13, 17, 18, 20]",full_mesh,19877.30010373597,0.03513787500000021,15,0,0,0,0,875,15,10,15,1.0,1325.1533402490647,65631.50051867992,696,616,860
SELF-Q4-mixed-fixed_hash-251,251,mixed,fixed_hash,square_optical,True,all_sources_cleared_with_certificate,square,False,990.0,81,46,"[2, 4, 5, 7, 8, 9, 11, 12, 13, 14, 15, 16, 17, 18, 19, 20]","[2, 4, 5, 7, 8, 9, 11, 12, 13, 14, 15, 16, 17, 18, 19, 20]",count_upper_bound,13359.029571383217,0.031508666000000574,16,0,0,0,0,794,16,5,16,1.0,834.939348211451,44485.14785691613,349,303,778
SELF-Q4-mixed-fixed_hash-252,252,mixed,fixed_hash,square_optical,True,all_sources_cleared_with_certificate,square,False,990.0,81,81,"[1, 5, 6, 7, 8, 10, 13, 14, 17, 20]","[1, 5, 6, 7, 8, 10, 13, 14, 17, 20]",full_mesh,18612.846580359474,0.027811708000001545,10,0,0,0,0,560,10,1,10,1.0,1861.2846580359474,56739.23290179739,941,860,550
SELF-Q4-mixed-fixed_hash-253,253,mixed,fixed_hash,square_optical,True,all_sources_cleared_with_certificate,square,False,990.0,81,81,"[2, 4, 5, 8, 11, 12, 13, 14, 15, 18, 20]","[2, 4, 5, 8, 11, 12, 13, 14, 15, 18, 20]",full_mesh,17296.44982564874,0.026480417000000145,11,0,0,0,0,506,11,3,11,1.0,1572.4045296044308,54587.24912824375,820,739,495
SELF-Q4-mixed-fixed_hash-254,254,mixed,fixed_hash,square_optical,True,all_sources_cleared_with_certificate,square,False,990.0,81,81,"[1, 3, 4, 6, 8, 9, 11, 12, 14, 17, 18, 20]","[1, 3, 4, 6, 8, 9, 11, 12, 14, 17, 18, 20]",full_mesh,17475.275859163685,0.02686754099999966,12,0,0,0,0,529,12,8,12,1.0,1456.2729882636404,57556.37929581846,739,658,517
SELF-Q4-mixed-fixed_hash-255,255,mixed,fixed_hash,square_optical,True,all_sources_cleared_with_certificate,square,False,990.0,81,81,"[2, 5, 7, 8, 9, 11, 12, 13, 14, 15, 16, 19, 20]","[2, 5, 7, 8, 9, 11, 12, 13, 14, 15, 16, 19, 20]",full_mesh,18350.742510717453,0.030932290999999168,13,0,0,0,0,725,13,3,13,1.0,1411.5955777474965,60118.71255358731,701,621,712
SELF-Q4-mixed-fixed_hash-256,256,mixed,fixed_hash,square_optical,True,all_sources_cleared_with_certificate,square,False,990.0,81,81,"[1, 3, 4, 5, 6, 7, 8, 9, 10, 12, 13, 14, 16, 20]","[1, 3, 4, 5, 6, 7, 8, 9, 10, 12, 13, 14, 16, 20]",full_mesh,17757.83214868231,0.028175375000000003,14,0,0,0,0,641,14,6,14,1.0,1268.4165820487365,60624.16074341161,627,547,627
SELF-Q4-mixed-fixed_hash-257,257,mixed,fixed_hash,square_optical,True,all_sources_cleared_with_certificate,square,False,990.0,81,81,"[1, 3, 4, 6, 7, 8, 9, 10, 11, 12, 14, 15, 17, 18, 19]","[1, 3, 4, 6, 7, 8, 9, 10, 11, 12, 14, 15, 17, 18, 19]",full_mesh,21275.692949834254,0.04123579200000016,15,0,0,0,0,1076,15,10,15,1.0,1418.3795299889503,67873.46474917135,754,673,1061
SELF-Q4-mixed-fixed_hash-258,258,mixed,fixed_hash,square_optical,True,all_sources_cleared_with_certificate,square,False,990.0,81,32,"[1, 2, 3, 4, 5, 6, 7, 10, 11, 13, 14, 15, 16, 18, 19, 20]","[1, 2, 3, 4, 5, 6, 7, 10, 11, 13, 14, 15, 16, 18, 19, 20]",count_upper_bound,12616.104665756047,0.03347320900000028,16,0,0,0,0,882,16,3,16,1.0,788.506541609753,39195.52332878027,355,324,866
SELF-Q4-mixed-fixed_hash-259,259,mixed,fixed_hash,square_optical,True,all_sources_cleared_with_certificate,square,False,990.0,81,81,"[1, 2, 3, 4, 11, 12, 14, 16, 18, 20]","[1, 2, 3, 4, 11, 12, 14, 16, 18, 20]",full_mesh,19230.21974487414,0.02819295799999999,10,0,0,0,0,581,10,9,10,1.0,1923.021974487414,58671.09872437074,969,888,571
SELF-Q4-mixed-fixed_hash-260,260,mixed,fixed_hash,square_optical,True,all_sources_cleared_with_certificate,square,False,990.0,81,81,"[1, 2, 3, 5, 7, 10, 12, 14, 16, 17, 20]","[1, 2, 3, 5, 7, 10, 12, 14, 16, 17, 20]",full_mesh,19491.890517189848,0.032042749999998676,11,0,0,0,0,756,11,5,11,1.0,1771.9900470172588,60699.45258594931,857,777,745
SELF-Q4-mixed-fixed_hash-261,261,mixed,fixed_hash,square_optical,True,all_sources_cleared_with_certificate,square,False,990.0,81,81,"[1, 2, 3, 5, 6, 7, 8, 9, 11, 13, 14, 15]","[1, 2, 3, 5, 6, 7, 8, 9, 11, 13, 14, 15]",full_mesh,18530.97747108201,0.029864374999998944,12,0,0,0,0,630,12,7,12,1.0,1544.2481225901674,58769.88735541011,824,743,618
SELF-Q4-mixed-fixed_hash-262,262,mixed,fixed_hash,square_optical,True,all_sources_cleared_with_certificate,square,False,990.0,81,81,"[1, 4, 6, 7, 10, 11, 12, 14, 15, 17, 18, 19, 20]","[1, 4, 6, 7, 10, 11, 12, 14, 15, 17, 18, 19, 20]",full_mesh,19989.04933474374,0.03515012499999948,13,0,0,0,0,889,13,3,13,1.0,1537.6191795956724,65705.24667371876,706,625,876
SELF-Q4-mixed-fixed_hash-263,263,mixed,fixed_hash,square_optical,True,all_sources_cleared_with_certificate,square,False,990.0,81,81,"[1, 5, 6, 8, 9, 10, 11, 12, 13, 14, 15, 16, 17, 18]","[1, 5, 6, 8, 9, 10, 11, 12, 13, 14, 15, 16, 17, 18]",full_mesh,18897.280631810543,0.03287379200000018,14,0,0,0,0,743,14,3,14,1.0,1349.805759415039,61496.40315905277,737,656,729
SELF-Q4-mixed-fixed_hash-264,264,mixed,fixed_hash,square_optical,True,all_sources_cleared_with_certificate,square,False,990.0,81,81,"[1, 2, 4, 5, 6, 7, 10, 11, 12, 14, 15, 16, 18, 19, 20]","[1, 2, 4, 5, 6, 7, 10, 11, 12, 14, 15, 16, 18, 19, 20]",full_mesh,19140.684141800004,0.03444254100000066,15,0,0,0,0,870,15,1,15,1.0,1276.0456094533336,64868.42070900008,601,522,855
SELF-Q4-mixed-fixed_hash-265,265,mixed,fixed_hash,square_optical,True,all_sources_cleared_with_certificate,square,False,990.0,81,44,"[1, 2, 3, 4, 5, 9, 10, 11, 12, 13, 14, 15, 16, 18, 19, 20]","[1, 2, 3, 4, 5, 9, 10, 11, 12, 13, 14, 15, 16, 18, 19, 20]",count_upper_bound,16868.66850374628,0.040879750000000215,16,0,0,0,0,1252,16,8,16,1.0,1054.2917814841426,53433.3425187315,406,364,1236
SELF-Q4-mixed-fixed_hash-266,266,mixed,fixed_hash,square_optical,True,all_sources_cleared_with_certificate,square,False,990.0,81,81,"[1, 3, 4, 7, 9, 10, 14, 15, 16, 18]","[1, 3, 4, 7, 9, 10, 14, 15, 16, 18]",full_mesh,20176.320420191958,0.03205800000000103,10,0,0,0,0,704,10,2,10,1.0,2017.6320420191958,60836.60210095981,993,912,694
SELF-Q4-mixed-fixed_hash-267,267,mixed,fixed_hash,square_optical,True,all_sources_cleared_with_certificate,square,False,990.0,81,81,"[1, 4, 7, 8, 9, 11, 15, 16, 17, 18, 19]","[1, 4, 7, 8, 9, 11, 15, 16, 17, 18, 19]",full_mesh,19763.987367745085,0.03035766600000045,11,0,0,0,0,634,11,10,11,1.0,1796.7261243404623,60164.936838725494,981,902,623
SELF-Q4-mixed-fixed_hash-268,268,mixed,fixed_hash,square_optical,True,all_sources_cleared_with_certificate,square,False,990.0,81,81,"[2, 3, 4, 5, 10, 11, 12, 14, 16, 17, 18, 20]","[2, 3, 4, 5, 10, 11, 12, 14, 16, 17, 18, 20]",full_mesh,18110.51800347289,0.02809112499999955,12,0,0,0,0,551,12,1,12,1.0,1509.209833622741,57722.59001736451,828,749,539
SELF-Q4-mixed-fixed_hash-269,269,mixed,fixed_hash,square_optical,True,all_sources_cleared_with_certificate,square,False,990.0,81,81,"[1, 2, 3, 5, 6, 7, 9, 10, 11, 13, 15, 18, 20]","[1, 2, 3, 5, 6, 7, 9, 10, 11, 13, 15, 18, 20]",full_mesh,20365.99942482937,0.035414582999999666,13,0,0,0,0,988,13,7,13,1.0,1566.61534037149,67119.99712414687,672,592,975
SELF-Q4-mixed-fixed_hash-270,270,mixed,fixed_hash,square_optical,True,all_sources_cleared_with_certificate,square,False,990.0,81,81,"[1, 3, 5, 6, 8, 9, 10, 11, 12, 15, 16, 17, 18, 20]","[1, 3, 5, 6, 8, 9, 10, 11, 12, 15, 16, 17, 18, 20]",full_mesh,18411.76092760116,0.03186399999999878,14,0,0,0,0,760,14,11,14,1.0,1315.12578054294,61868.80463800588,635,555,746
SELF-Q4-mixed-fixed_hash-271,271,mixed,fixed_hash,square_optical,True,all_sources_cleared_with_certificate,square,False,990.0,81,81,"[2, 4, 6, 7, 8, 9, 10, 11, 12, 13, 14, 15, 16, 18, 19]","[2, 4, 6, 7, 8, 9, 10, 11, 12, 13, 14, 15, 16, 18, 19]",full_mesh,20827.269027303413,0.03740770799999993,15,0,0,0,0,1030,15,11,15,1.0,1388.4846018202275,69766.34513651715,639,559,1015
SELF-Q4-mixed-fixed_hash-272,272,mixed,fixed_hash,square_optical,True,all_sources_cleared_with_certificate,square,False,990.0,81,75,"[2, 3, 4, 5, 6, 7, 9, 10, 11, 12, 13, 15, 16, 18, 19, 20]","[2, 3, 4, 5, 6, 7, 9, 10, 11, 12, 13, 15, 16, 18, 19, 20]",count_upper_bound,21042.070792753144,0.040828499999999934,16,0,0,0,0,1106,16,13,16,1.0,1315.1294245470715,67560.35396376583,709,635,1090
SELF-Q4-mixed-fixed_hash-273,273,mixed,fixed_hash,square_optical,True,all_sources_cleared_with_certificate,square,False,990.0,81,81,"[2, 3, 4, 7, 8, 9, 10, 14, 17, 19]","[2, 3, 4, 7, 8, 9, 10, 14, 17, 19]",full_mesh,18993.120720767423,0.02671912499999962,10,0,0,0,0,440,10,9,10,1.0,1899.3120720767424,55580.60360383715,1103,1022,430
SELF-Q4-mixed-fixed_hash-274,274,mixed,fixed_hash,square_optical,True,all_sources_cleared_with_certificate,square,False,990.0,81,81,"[1, 2, 4, 5, 11, 12, 13, 14, 15, 17, 20]","[1, 2, 4, 5, 11, 12, 13, 14, 15, 17, 20]",full_mesh,19022.210331473263,0.02870687500000102,11,0,0,0,0,573,11,10,11,1.0,1729.2918483157512,58606.05165736634,940,860,562
SELF-Q4-mixed-fixed_hash-275,275,mixed,fixed_hash,square_optical,True,all_sources_cleared_with_certificate,square,False,990.0,81,81,"[3, 4, 6, 10, 11, 12, 13, 14, 15, 16, 17, 19]","[3, 4, 6, 10, 11, 12, 13, 14, 15, 16, 17, 19]",full_mesh,17926.239048804207,0.0276066660000005,12,0,0,0,0,560,12,6,12,1.0,1493.8532540670174,58021.19524402109,783,703,548
SELF-Q4-mixed-fixed_hash-276,276,mixed,fixed_hash,square_optical,True,all_sources_cleared_with_certificate,square,False,990.0,81,81,"[1, 3, 4, 5, 7, 8, 9, 11, 12, 13, 15, 18, 19]","[1, 3, 4, 5, 7, 8, 9, 11, 12, 13, 15, 18, 19]",full_mesh,18294.05179031635,0.029183083000001275,13,0,0,0,0,648,13,6,13,1.0,1407.2347531012576,61080.25895158177,698,618,635
SELF-Q4-mixed-fixed_hash-277,277,mixed,fixed_hash,square_optical,True,all_sources_cleared_with_certificate,square,False,990.0,81,81,"[2, 3, 4, 5, 6, 7, 8, 10, 13, 14, 15, 17, 19, 20]","[2, 3, 4, 5, 6, 7, 8, 10, 13, 14, 15, 17, 19, 20]",full_mesh,19605.624514943636,0.03360779199999975,14,0,0,0,0,877,14,4,14,1.0,1400.4017510674025,65603.12257471828,651,571,863
SELF-Q4-mixed-fixed_hash-278,278,mixed,fixed_hash,square_optical,True,all_sources_cleared_with_certificate,square,False,990.0,81,81,"[2, 3, 4, 6, 7, 8, 9, 10, 11, 13, 14, 15, 16, 18, 19]","[2, 3, 4, 6, 7, 8, 9, 10, 11, 13, 14, 15, 16, 18, 19]",full_mesh,18720.157345068325,0.03361224999999912,15,0,0,0,0,789,15,13,15,1.0,1248.0104896712216,64105.78672534164,597,517,774
SELF-Q4-mixed-fixed_hash-279,279,mixed,fixed_hash,square_optical,True,all_sources_cleared_with_certificate,square,False,990.0,81,36,"[1, 2, 3, 4, 5, 6, 7, 8, 10, 12, 13, 14, 15, 16, 17, 18]","[1, 2, 3, 4, 5, 6, 7, 8, 10, 12, 13, 14, 15, 16, 17, 18]",count_upper_bound,14130.745394980197,0.03587537499999982,16,0,0,0,0,1002,16,7,16,1.0,883.1715871862623,44363.726974901016,376,340,986
SELF-Q4-mixed-fixed_hash-280,280,mixed,fixed_hash,square_optical,True,all_sources_cleared_with_certificate,square,False,990.0,81,81,"[1, 3, 6, 8, 9, 10, 15, 16, 17, 19]","[1, 3, 6, 8, 9, 10, 15, 16, 17, 19]",full_mesh,20034.851180610636,0.03249220900000083,10,0,0,0,0,766,10,1,10,1.0,2003.4851180610635,61684.255903053214,910,830,756
SELF-Q4-mixed-fixed_hash-281,281,mixed,fixed_hash,square_optical,True,all_sources_cleared_with_certificate,square,False,990.0,81,81,"[1, 4, 8, 9, 10, 13, 14, 15, 17, 18, 20]","[1, 4, 8, 9, 10, 13, 14, 15, 17, 18, 20]",full_mesh,21284.214419672902,0.034662834000000586,11,0,0,0,0,906,11,5,11,1.0,1934.9285836066274,66841.07209836457,876,796,895
SELF-Q4-mixed-fixed_hash-282,282,mixed,fixed_hash,square_optical,True,all_sources_cleared_with_certificate,square,False,990.0,81,81,"[1, 2, 4, 5, 6, 9, 10, 11, 12, 13, 16, 20]","[1, 2, 4, 5, 6, 9, 10, 11, 12, 13, 16, 20]",full_mesh,18709.637547195045,0.02827241700000016,12,0,0,0,0,588,12,8,12,1.0,1559.1364622662538,58548.18773597525,882,802,576
SELF-Q4-mixed-fixed_hash-283,283,mixed,fixed_hash,square_optical,True,all_sources_cleared_with_certificate,square,False,990.0,81,81,"[1, 3, 4, 5, 7, 9, 10, 11, 12, 13, 14, 15, 17]","[1, 3, 4, 5, 7, 9, 10, 11, 12, 13, 14, 15, 17]",full_mesh,19331.0777274751,0.03328462500000029,13,0,0,0,0,864,13,1,13,1.0,1487.0059790365463,63000.38863737559,699,618,851
SELF-Q4-mixed-fixed_hash-284,284,mixed,fixed_hash,square_optical,True,all_sources_cleared_with_certificate,square,False,990.0,81,81,"[2, 3, 4, 5, 8, 9, 10, 12, 13, 14, 15, 18, 19, 20]","[2, 3, 4, 5, 8, 9, 10, 12, 13, 14, 15, 18, 19, 20]",full_mesh,18847.414012584457,0.03157700000000041,14,0,0,0,0,699,14,6,14,1.0,1346.243858041747,61897.07006292237,737,658,685
SELF-Q4-mixed-fixed_hash-285,285,mixed,fixed_hash,square_optical,True,all_sources_cleared_with_certificate,square,False,990.0,81,81,"[1, 3, 5, 6, 7, 8, 10, 12, 13, 14, 15, 16, 18, 19, 20]","[1, 3, 5, 6, 7, 8, 10, 12, 13, 14, 15, 16, 18, 19, 20]",full_mesh,21702.182981568014,0.04225241600000018,15,0,0,0,0,1203,15,11,15,1.0,1446.8121987712009,70245.91490784015,682,604,1188
SELF-Q4-mixed-fixed_hash-286,286,mixed,fixed_hash,square_optical,True,all_sources_cleared_with_certificate,square,False,990.0,81,53,"[1, 3, 4, 6, 7, 8, 9, 11, 12, 13, 14, 16, 17, 18, 19, 20]","[1, 3, 4, 6, 7, 8, 9, 11, 12, 13, 14, 16, 17, 18, 19, 20]",count_upper_bound,16840.917713203642,0.038498209000000116,16,0,0,0,0,1091,16,13,16,1.0,1052.5573570752276,55479.58856601828,415,365,1075
SELF-Q4-mixed-fixed_hash-287,287,mixed,fixed_hash,square_optical,True,all_sources_cleared_with_certificate,square,False,990.0,81,81,"[1, 3, 4, 7, 9, 10, 11, 13, 17, 18]","[1, 3, 4, 7, 9, 10, 11, 13, 17, 18]",full_mesh,18865.847525131972,0.026716874999999973,10,0,0,0,0,494,10,4,10,1.0,1886.5847525131971,56204.23762565986,1034,953,484
SELF-Q4-mixed-fixed_hash-288,288,mixed,fixed_hash,square_optical,True,all_sources_cleared_with_certificate,square,False,990.0,81,81,"[1, 2, 7, 8, 9, 10, 11, 12, 16, 18, 19]","[1, 2, 7, 8, 9, 10, 11, 12, 16, 18, 19]",full_mesh,20000.68095989875,0.03177595800000077,11,0,0,0,0,704,11,10,11,1.0,1818.243723627159,61683.4047994938,935,855,693
SELF-Q4-mixed-fixed_hash-289,289,mixed,fixed_hash,square_optical,True,all_sources_cleared_with_certificate,square,False,990.0,81,81,"[1, 3, 6, 7, 9, 11, 12, 13, 14, 15, 16, 17]","[1, 3, 6, 7, 9, 11, 12, 13, 14, 15, 16, 17]",full_mesh,20536.2454157245,0.03379683300000025,12,0,0,0,0,757,12,8,12,1.0,1711.3537846437084,63921.22707862256,923,842,745
SELF-Q4-mixed-fixed_hash-290,290,mixed,fixed_hash,square_optical,True,all_sources_cleared_with_certificate,square,False,990.0,81,81,"[1, 2, 4, 5, 7, 8, 10, 11, 14, 16, 17, 18, 19]","[1, 2, 4, 5, 7, 8, 10, 11, 14, 16, 17, 18, 19]",full_mesh,17402.794858417838,0.026783332999999132,13,0,0,0,0,578,13,6,13,1.0,1338.676527570603,59173.97429208924,648,568,565
SELF-Q4-mixed-fixed_hash-291,291,mixed,fixed_hash,square_optical,True,all_sources_cleared_with_certificate,square,False,990.0,81,81,"[2, 3, 4, 5, 6, 10, 11, 12, 13, 14, 16, 17, 19, 20]","[2, 3, 4, 5, 6, 10, 11, 12, 13, 14, 16, 17, 19, 20]",full_mesh,18241.43087066917,0.0295622919999996,14,0,0,0,0,662,14,2,14,1.0,1302.9593479049406,61827.15435334588,657,577,648
SELF-Q4-mixed-fixed_hash-292,292,mixed,fixed_hash,square_optical,True,all_sources_cleared_with_certificate,square,False,990.0,81,81,"[1, 4, 5, 6, 7, 8, 9, 10, 11, 14, 15, 16, 18, 19, 20]","[1, 4, 5, 6, 7, 8, 9, 10, 11, 14, 15, 16, 18, 19, 20]",full_mesh,19868.66936877829,0.03678358400000015,15,0,0,0,0,943,15,10,15,1.0,1324.5779579185526,64838.346843891515,687,607,928
SELF-Q4-mixed-fixed_hash-293,293,mixed,fixed_hash,square_optical,True,all_sources_cleared_with_certificate,square,False,990.0,81,55,"[1, 2, 4, 6, 7, 8, 10, 11, 13, 14, 15, 16, 17, 18, 19, 20]","[1, 2, 4, 6, 7, 8, 10, 11, 13, 14, 15, 16, 17, 18, 19, 20]",count_upper_bound,16724.706784018243,0.03529595800000074,16,0,0,0,0,933,16,12,16,1.0,1045.2941740011402,52428.533920091264,577,523,917
SELF-Q4-mixed-fixed_hash-294,294,mixed,fixed_hash,square_optical,True,all_sources_cleared_with_certificate,square,False,990.0,81,81,"[2, 3, 6, 7, 10, 12, 13, 15, 16, 17]","[2, 3, 6, 7, 10, 12, 13, 15, 16, 17]",full_mesh,19529.44962008074,0.02961191700000043,10,0,0,0,0,637,10,7,10,1.0,1952.944962008074,59867.24810040378,951,870,627
SELF-Q4-mixed-fixed_hash-295,295,mixed,fixed_hash,square_optical,True,all_sources_cleared_with_certificate,square,False,990.0,81,81,"[1, 3, 4, 5, 10, 11, 12, 13, 15, 16, 19]","[1, 3, 4, 5, 10, 11, 12, 13, 15, 16, 19]",full_mesh,19827.99378677377,0.032813916000000276,11,0,0,0,0,743,11,4,11,1.0,1802.5448897067065,60719.96893386892,919,838,732
SELF-Q4-mixed-fixed_hash-296,296,mixed,fixed_hash,square_optical,True,all_sources_cleared_with_certificate,square,False,990.0,81,81,"[1, 2, 3, 7, 9, 10, 11, 12, 14, 16, 17, 20]","[1, 2, 3, 7, 9, 10, 11, 12, 14, 16, 17, 20]",full_mesh,21937.510789103682,0.03890220799999966,12,0,0,0,0,1102,12,5,12,1.0,1828.1258990919735,69887.5539455185,785,705,1090
SELF-Q4-mixed-fixed_hash-297,297,mixed,fixed_hash,square_optical,True,all_sources_cleared_with_certificate,square,False,990.0,81,81,"[1, 2, 3, 7, 8, 11, 12, 13, 14, 15, 17, 19, 20]","[1, 2, 3, 7, 8, 11, 12, 13, 14, 15, 17, 19, 20]",full_mesh,20225.792602201855,0.03355279099999997,13,0,0,0,0,837,13,5,13,1.0,1555.8302001693735,66608.96301100939,741,662,824
SELF-Q4-mixed-fixed_hash-298,298,mixed,fixed_hash,square_optical,True,all_sources_cleared_with_certificate,square,False,990.0,81,81,"[1, 3, 6, 7, 8, 9, 10, 12, 13, 14, 16, 17, 18, 19]","[1, 3, 6, 7, 8, 9, 10, 12, 13, 14, 16, 17, 18, 19]",full_mesh,19156.775591607977,0.03198104199999996,14,0,0,0,0,739,14,5,14,1.0,1368.341113686284,62733.87795803998,741,660,725
SELF-Q4-mixed-fixed_hash-299,299,mixed,fixed_hash,square_optical,True,all_sources_cleared_with_certificate,square,False,990.0,81,81,"[1, 5, 6, 7, 8, 9, 10, 11, 12, 13, 15, 16, 17, 19, 20]","[1, 5, 6, 7, 8, 9, 10, 11, 12, 13, 15, 16, 17, 19, 20]",full_mesh,16665.282797948417,0.027514750000001698,15,0,0,0,0,545,15,12,15,1.0,1111.0188531965612,59346.41398974213,535,456,530
SELF-Q4-mixed-fixed_hash-300,300,mixed,fixed_hash,square_optical,True,all_sources_cleared_with_certificate,square,False,990.0,81,50,"[1, 2, 3, 4, 6, 7, 9, 10, 11, 12, 14, 15, 16, 18, 19, 20]","[1, 2, 3, 4, 6, 7, 9, 10, 11, 12, 14, 15, 16, 18, 19, 20]",count_upper_bound,13799.010639432217,0.029424999999999812,16,0,0,0,0,710,16,10,16,1.0,862.4381649645136,45495.05319716113,431,383,694
SELF-Q4-mixed-fixed_hash-301,301,mixed,fixed_hash,square_optical,True,all_sources_cleared_with_certificate,square,False,990.0,81,81,"[2, 4, 5, 8, 10, 11, 13, 15, 16, 18]","[2, 4, 5, 8, 10, 11, 13, 15, 16, 18]",full_mesh,19149.980691571032,0.030507832999999707,10,0,0,0,0,655,10,9,10,1.0,1914.9980691571031,56589.90345785524,988,907,645
SELF-Q4-mixed-fixed_hash-302,302,mixed,fixed_hash,square_optical,True,all_sources_cleared_with_certificate,square,False,990.0,81,81,"[1, 4, 7, 12, 14, 15, 16, 17, 18, 19, 20]","[1, 4, 7, 12, 14, 15, 16, 17, 18, 19, 20]",full_mesh,19509.051489020076,0.03212474999999948,11,0,0,0,0,730,11,9,11,1.0,1773.5501353654615,60175.257445100426,890,812,719
SELF-Q4-mixed-fixed_hash-303,303,mixed,fixed_hash,square_optical,True,all_sources_cleared_with_certificate,square,False,990.0,81,81,"[2, 3, 7, 8, 9, 10, 13, 16, 17, 18, 19, 20]","[2, 3, 7, 8, 9, 10, 13, 16, 17, 18, 19, 20]",full_mesh,20066.496812344656,0.03388645899999965,12,0,0,0,0,789,12,5,12,1.0,1672.208067695388,64357.48406172332,814,734,777
SELF-Q4-mixed-fixed_hash-304,304,mixed,fixed_hash,square_optical,True,all_sources_cleared_with_certificate,square,False,990.0,81,81,"[1, 4, 5, 7, 10, 11, 13, 14, 15, 16, 17, 18, 20]","[1, 4, 5, 7, 10, 11, 13, 14, 15, 16, 17, 18, 20]",full_mesh,17417.65475477155,0.026254542000000214,13,0,0,0,0,484,13,1,13,1.0,1339.8195965208884,56688.27377385779,780,702,471
SELF-Q4-mixed-fixed_hash-305,305,mixed,fixed_hash,square_optical,True,all_sources_cleared_with_certificate,square,False,990.0,81,81,"[3, 5, 6, 8, 10, 11, 12, 13, 15, 16, 17, 18, 19, 20]","[3, 5, 6, 8, 10, 11, 12, 13, 15, 16, 17, 18, 19, 20]",full_mesh,20340.343387851244,0.036005333000000306,14,0,0,0,0,935,14,4,14,1.0,1452.881670560803,67381.71693925631,685,606,921
SELF-Q4-mixed-fixed_hash-306,306,mixed,fixed_hash,square_optical,True,all_sources_cleared_with_certificate,square,False,990.0,81,81,"[1, 3, 7, 9, 10, 11, 12, 13, 14, 15, 16, 17, 18, 19, 20]","[1, 3, 7, 9, 10, 11, 12, 13, 14, 15, 16, 17, 18, 19, 20]",full_mesh,18405.469414166044,0.03001562499999899,15,0,0,0,0,628,15,2,15,1.0,1227.0312942777362,61877.34707083023,699,621,613
SELF-Q4-mixed-fixed_hash-307,307,mixed,fixed_hash,square_optical,True,all_sources_cleared_with_certificate,square,False,990.0,81,55,"[1, 2, 4, 5, 6, 7, 8, 9, 10, 11, 15, 16, 17, 18, 19, 20]","[1, 2, 4, 5, 6, 7, 8, 9, 10, 11, 15, 16, 17, 18, 19, 20]",count_upper_bound,17271.600979745945,0.03959095899999987,16,0,0,0,0,1122,16,12,16,1.0,1079.4750612341215,54038.00489872981,520,466,1106
SELF-Q4-mixed-fixed_hash-308,308,mixed,fixed_hash,square_optical,True,all_sources_cleared_with_certificate,square,False,990.0,81,81,"[3, 5, 6, 7, 9, 12, 13, 17, 18, 19]","[3, 5, 6, 7, 9, 12, 13, 17, 18, 19]",full_mesh,18950.81762931433,0.028784083999999766,10,0,0,0,0,571,10,5,10,1.0,1895.0817629314329,56994.08814657168,983,904,561
SELF-Q4-mixed-fixed_hash-309,309,mixed,fixed_hash,square_optical,True,all_sources_cleared_with_certificate,square,False,990.0,81,81,"[1, 3, 4, 5, 7, 8, 10, 13, 14, 15, 18]","[1, 3, 4, 5, 7, 8, 10, 13, 14, 15, 18]",full_mesh,18217.619112565077,0.025724333999999516,11,0,0,0,0,496,11,3,11,1.0,1656.1471920513707,57303.09556282542,888,807,485
SELF-Q4-mixed-fixed_hash-310,310,mixed,fixed_hash,square_optical,True,all_sources_cleared_with_certificate,square,False,990.0,81,81,"[3, 5, 6, 7, 8, 9, 10, 12, 16, 17, 18, 20]","[3, 5, 6, 7, 8, 9, 10, 12, 16, 17, 18, 20]",full_mesh,20279.40443232228,0.034066833000000685,12,0,0,0,0,865,12,4,12,1.0,1689.95036936019,64367.022161611436,811,732,853
SELF-Q4-mixed-fixed_hash-311,311,mixed,fixed_hash,square_optical,True,all_sources_cleared_with_certificate,square,False,990.0,81,81,"[1, 3, 4, 5, 7, 9, 12, 14, 15, 16, 18, 19, 20]","[1, 3, 4, 5, 7, 9, 12, 14, 15, 16, 18, 19, 20]",full_mesh,18937.92890882521,0.031552834000001084,13,0,0,0,0,742,13,12,13,1.0,1456.763762217324,62384.64454412612,715,634,729
SELF-Q4-mixed-fixed_hash-312,312,mixed,fixed_hash,square_optical,True,all_sources_cleared_with_certificate,square,False,990.0,81,81,"[2, 4, 5, 6, 8, 10, 11, 13, 15, 16, 17, 18, 19, 20]","[2, 4, 5, 6, 8, 10, 11, 13, 15, 16, 17, 18, 19, 20]",full_mesh,19269.682094853633,0.03274350000000048,14,0,0,0,0,801,14,1,14,1.0,1376.4058639181167,63588.410474268225,700,621,787
SELF-Q4-mixed-fixed_hash-313,313,mixed,fixed_hash,square_optical,True,all_sources_cleared_with_certificate,square,False,990.0,81,81,"[1, 3, 4, 6, 7, 11, 12, 13, 14, 15, 16, 17, 18, 19, 20]","[1, 3, 4, 6, 7, 11, 12, 13, 14, 15, 16, 17, 18, 19, 20]",full_mesh,19961.50694322996,0.036784708000000776,15,0,0,0,0,932,15,8,15,1.0,1330.7671295486641,66357.53471614984,657,579,917
SELF-Q4-mixed-fixed_hash-314,314,mixed,fixed_hash,square_optical,True,all_sources_cleared_with_certificate,square,False,990.0,81,49,"[1, 2, 4, 5, 6, 7, 8, 11, 12, 14, 15, 16, 17, 18, 19, 20]","[1, 2, 4, 5, 6, 7, 8, 11, 12, 14, 15, 16, 17, 18, 19, 20]",count_upper_bound,14975.047900782227,0.034450166999999254,16,0,0,0,0,981,16,3,16,1.0,935.9404937988892,50730.2395039112,317,269,965
SELF-Q4-mixed-fixed_hash-315,315,mixed,fixed_hash,square_optical,True,all_sources_cleared_with_certificate,square,False,990.0,81,81,"[1, 2, 3, 10, 11, 12, 14, 17, 18, 20]","[1, 2, 3, 10, 11, 12, 14, 17, 18, 20]",full_mesh,21708.586749379894,0.03593449999999976,10,0,0,0,0,883,10,5,10,1.0,2170.8586749379892,64152.93374689952,1048,969,873
SELF-Q4-mixed-fixed_hash-316,316,mixed,fixed_hash,square_optical,True,all_sources_cleared_with_certificate,square,False,990.0,81,81,"[1, 4, 8, 9, 11, 13, 14, 16, 17, 19, 20]","[1, 4, 8, 9, 11, 13, 14, 16, 17, 19, 20]",full_mesh,19616.97210938589,0.03127458300000008,11,0,0,0,0,759,11,2,11,1.0,1783.3611008532628,62244.860546929514,825,744,748
SELF-Q4-mixed-fixed_hash-317,317,mixed,fixed_hash,square_optical,True,all_sources_cleared_with_certificate,square,False,990.0,81,81,"[1, 4, 5, 7, 8, 9, 11, 12, 13, 15, 18, 19]","[1, 4, 5, 7, 8, 9, 11, 12, 13, 15, 18, 19]",full_mesh,19508.227500392473,0.032589207999999203,12,0,0,0,0,742,12,6,12,1.0,1625.6856250327062,60921.137501962396,859,779,730
SELF-Q4-mixed-fixed_hash-318,318,mixed,fixed_hash,square_optical,True,all_sources_cleared_with_certificate,square,False,990.0,81,81,"[2, 4, 5, 6, 7, 10, 11, 13, 14, 15, 16, 17, 18]","[2, 4, 5, 6, 7, 10, 11, 13, 14, 15, 16, 17, 18]",full_mesh,19399.048883194842,0.03596016700000071,13,0,0,0,0,958,13,7,13,1.0,1492.2345294765264,64300.244415974295,620,539,945
SELF-Q4-mixed-fixed_hash-319,319,mixed,fixed_hash,square_optical,True,all_sources_cleared_with_certificate,square,False,990.0,81,81,"[2, 3, 4, 5, 6, 10, 11, 12, 13, 16, 17, 18, 19, 20]","[2, 3, 4, 5, 6, 10, 11, 12, 13, 16, 17, 18, 19, 20]",full_mesh,20014.92150785344,0.03342162500000079,14,0,0,0,0,772,14,12,14,1.0,1429.63725056096,65014.607539267236,791,713,758
SELF-Q4-mixed-fixed_hash-320,320,mixed,fixed_hash,square_optical,True,all_sources_cleared_with_certificate,square,False,990.0,81,81,"[2, 3, 4, 5, 6, 7, 8, 9, 11, 12, 15, 16, 17, 19, 20]","[2, 3, 4, 5, 6, 7, 8, 9, 11, 12, 15, 16, 17, 19, 20]",full_mesh,19515.584723183136,0.03463345800000006,15,0,0,0,0,901,15,8,15,1.0,1301.0389815455424,67247.92361591573,569,488,886
SELF-Q4-mixed-fixed_hash-321,321,mixed,fixed_hash,square_optical,True,all_sources_cleared_with_certificate,square,False,990.0,81,54,"[1, 2, 4, 5, 6, 7, 8, 9, 10, 11, 12, 13, 14, 15, 17, 18]","[1, 2, 4, 5, 6, 7, 8, 9, 10, 11, 12, 13, 14, 15, 17, 18]",count_upper_bound,16721.383993287385,0.03619616599999986,16,0,0,0,0,1005,16,15,16,1.0,1045.0864995804616,55321.91996643699,444,390,989
SELF-Q4-mixed-fixed_hash-322,322,mixed,fixed_hash,square_optical,True,all_sources_cleared_with_certificate,square,False,990.0,81,81,"[3, 5, 6, 8, 10, 13, 14, 16, 18, 19]","[3, 5, 6, 8, 10, 13, 14, 16, 18, 19]",full_mesh,18522.653042777274,0.027683167000001063,10,0,0,0,0,576,10,9,10,1.0,1852.2653042777274,57038.265213886414,908,827,566
SELF-Q4-mixed-fixed_hash-323,323,mixed,fixed_hash,square_optical,True,all_sources_cleared_with_certificate,square,False,990.0,81,81,"[2, 4, 5, 6, 7, 8, 10, 14, 15, 16, 20]","[2, 4, 5, 6, 7, 8, 10, 14, 15, 16, 20]",full_mesh,19467.96600085081,0.03126720900000102,11,0,0,0,0,598,11,8,11,1.0,1769.8150909864373,58904.8300042541,992,911,587
SELF-Q4-mixed-fixed_hash-324,324,mixed,fixed_hash,square_optical,True,all_sources_cleared_with_certificate,square,False,990.0,81,81,"[1, 2, 3, 5, 6, 9, 14, 16, 17, 18, 19, 20]","[1, 2, 3, 5, 6, 9, 14, 16, 17, 18, 19, 20]",full_mesh,21164.398411236798,0.036901000000000295,12,0,0,0,0,940,12,4,12,1.0,1763.6998676030664,64631.99205618408,912,834,928
SELF-Q4-mixed-fixed_hash-325,325,mixed,fixed_hash,square_optical,True,all_sources_cleared_with_certificate,square,False,990.0,81,81,"[1, 2, 3, 4, 5, 6, 10, 11, 13, 14, 16, 18, 20]","[1, 2, 3, 4, 5, 6, 10, 11, 13, 14, 16, 18, 20]",full_mesh,17661.865788433446,0.028486457999999715,13,0,0,0,0,575,13,2,13,1.0,1358.6050606487265,58144.32894216726,727,647,562
SELF-Q4-mixed-fixed_hash-326,326,mixed,fixed_hash,square_optical,True,all_sources_cleared_with_certificate,square,False,990.0,81,81,"[1, 2, 3, 4, 5, 6, 7, 10, 11, 13, 14, 15, 16, 17]","[1, 2, 3, 4, 5, 6, 7, 10, 11, 13, 14, 15, 16, 17]",full_mesh,17902.867948822543,0.029161584000000573,14,0,0,0,0,646,14,6,14,1.0,1278.776282058753,59959.33974411275,671,590,632
SELF-Q4-mixed-fixed_hash-327,327,mixed,fixed_hash,square_optical,True,all_sources_cleared_with_certificate,square,False,990.0,81,81,"[1, 2, 3, 4, 5, 8, 9, 10, 11, 13, 14, 15, 17, 18, 20]","[1, 2, 3, 4, 5, 8, 9, 10, 11, 13, 14, 15, 17, 18, 20]",full_mesh,19698.25553216188,0.03697141700000017,15,0,0,0,0,1008,15,4,15,1.0,1313.2170354774585,67661.27766080946,532,452,993
SELF-Q4-mixed-fixed_hash-328,328,mixed,fixed_hash,square_optical,True,all_sources_cleared_with_certificate,square,False,990.0,81,52,"[3, 4, 5, 6, 7, 8, 9, 11, 12, 13, 14, 15, 16, 17, 19, 20]","[3, 4, 5, 6, 7, 8, 9, 11, 12, 13, 14, 15, 16, 17, 19, 20]",count_upper_bound,17793.640251856814,0.04113974999999925,16,0,0,0,0,1220,16,14,16,1.0,1112.1025157410509,56393.20125928415,479,428,1204
SELF-Q4-mixed-fixed_hash-329,329,mixed,fixed_hash,square_optical,True,all_sources_cleared_with_certificate,square,False,990.0,81,81,"[2, 4, 5, 7, 8, 10, 11, 16, 17, 20]","[2, 4, 5, 7, 8, 10, 11, 16, 17, 20]",full_mesh,17329.164734055397,0.025190124999999952,10,0,0,0,0,453,10,1,10,1.0,1732.9164734055398,53120.82367027704,901,821,443
SELF-Q4-mixed-fixed_hash-330,330,mixed,fixed_hash,square_optical,True,all_sources_cleared_with_certificate,square,False,990.0,81,81,"[1, 2, 3, 6, 9, 10, 11, 13, 14, 15, 20]","[1, 2, 3, 6, 9, 10, 11, 13, 14, 15, 20]",full_mesh,18870.924694107824,0.029197459000000592,11,0,0,0,0,562,11,4,11,1.0,1715.5386085552566,59124.623470539125,903,823,551
SELF-Q4-mixed-fixed_hash-331,331,mixed,fixed_hash,square_optical,True,all_sources_cleared_with_certificate,square,False,990.0,81,81,"[4, 6, 7, 8, 10, 11, 13, 14, 16, 18, 19, 20]","[4, 6, 7, 8, 10, 11, 13, 14, 16, 18, 19, 20]",full_mesh,19519.43574441395,0.03223504099999985,12,0,0,0,0,734,12,10,12,1.0,1626.6196453678292,61247.178722069824,854,774,722
SELF-Q4-mixed-fixed_hash-332,332,mixed,fixed_hash,square_optical,True,all_sources_cleared_with_certificate,square,False,990.0,81,81,"[1, 2, 3, 4, 8, 9, 12, 13, 14, 16, 17, 18, 19]","[1, 2, 3, 4, 8, 9, 12, 13, 14, 16, 17, 18, 19]",full_mesh,17937.279030346384,0.02976750000000017,13,0,0,0,0,632,13,3,13,1.0,1379.7906946420296,58276.39515173198,740,660,619
SELF-Q4-mixed-fixed_hash-333,333,mixed,fixed_hash,square_optical,True,all_sources_cleared_with_certificate,square,False,990.0,81,81,"[2, 4, 5, 6, 7, 9, 10, 12, 13, 14, 16, 17, 18, 19]","[2, 4, 5, 6, 7, 9, 10, 12, 13, 14, 16, 17, 18, 19]",full_mesh,18663.39821131511,0.03426566699999967,14,0,0,0,0,878,14,6,14,1.0,1333.0998722367935,62706.991056575614,590,510,864
SELF-Q4-mixed-fixed_hash-334,334,mixed,fixed_hash,square_optical,True,all_sources_cleared_with_certificate,square,False,990.0,81,81,"[1, 4, 5, 6, 7, 8, 12, 13, 14, 15, 16, 17, 18, 19, 20]","[1, 4, 5, 6, 7, 8, 12, 13, 14, 15, 16, 17, 18, 19, 20]",full_mesh,19360.615683346103,0.03703804199999894,15,0,0,0,0,945,15,1,15,1.0,1290.7077122230735,65208.07841673059,589,509,930
SELF-Q4-mixed-fixed_hash-335,335,mixed,fixed_hash,square_optical,True,all_sources_cleared_with_certificate,square,False,990.0,81,56,"[1, 2, 3, 4, 5, 6, 7, 8, 10, 11, 13, 14, 15, 17, 18, 19]","[1, 2, 3, 4, 5, 6, 7, 8, 10, 11, 13, 14, 15, 17, 18, 19]",count_upper_bound,16319.667621812527,0.03501729100000084,16,0,0,0,0,884,16,14,16,1.0,1019.9792263632829,51178.33810906273,576,520,868
SELF-Q4-mixed-fixed_hash-336,336,mixed,fixed_hash,square_optical,True,all_sources_cleared_with_certificate,square,False,990.0,81,81,"[1, 3, 5, 7, 8, 12, 14, 16, 18, 20]","[1, 3, 5, 7, 8, 12, 14, 16, 18, 20]",full_mesh,19688.595995350217,0.029897417000000814,10,0,0,0,0,616,10,8,10,1.0,1968.8595995350217,59837.9799767511,989,908,606
SELF-Q4-mixed-fixed_hash-337,337,mixed,fixed_hash,square_optical,True,all_sources_cleared_with_certificate,square,False,990.0,81,81,"[1, 5, 6, 7, 8, 9, 12, 15, 16, 17, 19]","[1, 5, 6, 7, 8, 9, 12, 15, 16, 17, 19]",full_mesh,17715.836648867364,0.02681591600000033,11,0,0,0,0,563,11,6,11,1.0,1610.5306044424876,57209.18324433684,774,693,552
SELF-Q4-mixed-fixed_hash-338,338,mixed,fixed_hash,square_optical,True,all_sources_cleared_with_certificate,square,False,990.0,81,81,"[1, 4, 5, 8, 9, 10, 12, 14, 15, 16, 19, 20]","[1, 4, 5, 8, 9, 10, 12, 14, 15, 16, 19, 20]",full_mesh,17663.830037133153,0.02544095800000079,12,0,0,0,0,413,12,11,12,1.0,1471.9858364277627,55679.150185665785,891,810,401
SELF-Q4-mixed-fixed_hash-339,339,mixed,fixed_hash,square_optical,True,all_sources_cleared_with_certificate,square,False,990.0,81,81,"[1, 2, 3, 5, 6, 8, 9, 10, 12, 15, 17, 18, 20]","[1, 2, 3, 5, 6, 8, 9, 10, 12, 15, 17, 18, 20]",full_mesh,20522.55964077046,0.03622149999999991,13,0,0,0,0,881,13,10,13,1.0,1578.6584339054202,64682.798203852326,833,752,868
SELF-Q4-mixed-fixed_hash-340,340,mixed,fixed_hash,square_optical,True,all_sources_cleared_with_certificate,square,False,990.0,81,81,"[3, 4, 5, 6, 9, 10, 13, 14, 15, 16, 17, 18, 19, 20]","[3, 4, 5, 6, 9, 10, 13, 14, 15, 16, 17, 18, 19, 20]",full_mesh,20492.095802069947,0.036642875000000075,14,0,0,0,0,977,14,3,14,1.0,1463.721128719282,67530.4790103498,684,607,963
SELF-Q4-mixed-fixed_hash-341,341,mixed,fixed_hash,square_optical,True,all_sources_cleared_with_certificate,square,False,990.0,81,81,"[1, 2, 5, 6, 8, 9, 10, 11, 12, 13, 14, 16, 17, 18, 19]","[1, 2, 5, 6, 8, 9, 10, 11, 12, 13, 14, 16, 17, 18, 19]",full_mesh,20153.584130961946,0.035213667000000726,15,0,0,0,0,802,15,12,15,1.0,1343.572275397463,63127.9206548098,862,782,787
SELF-Q4-mixed-fixed_hash-342,342,mixed,fixed_hash,square_optical,True,all_sources_cleared_with_certificate,square,False,990.0,81,43,"[1, 2, 3, 4, 5, 6, 7, 8, 9, 11, 12, 13, 17, 18, 19, 20]","[1, 2, 3, 4, 5, 6, 7, 8, 9, 11, 12, 13, 17, 18, 19, 20]",count_upper_bound,14706.539523804144,0.034458000000000766,16,0,0,0,0,958,16,12,16,1.0,919.158720237759,47477.69761902078,391,350,942
SELF-Q4-mixed-fixed_hash-343,343,mixed,fixed_hash,square_optical,True,all_sources_cleared_with_certificate,square,False,990.0,81,81,"[1, 3, 5, 6, 7, 9, 15, 16, 18, 20]","[1, 3, 5, 6, 7, 9, 15, 16, 18, 20]",full_mesh,18868.968297066953,0.02884387499999974,10,0,0,0,0,636,10,5,10,1.0,1886.8968297066954,57624.84148533479,916,836,626
SELF-Q4-mixed-fixed_hash-344,344,mixed,fixed_hash,square_optical,True,all_sources_cleared_with_certificate,square,False,990.0,81,81,"[4, 5, 7, 10, 11, 12, 13, 14, 15, 16, 20]","[4, 5, 7, 10, 11, 12, 13, 14, 15, 16, 20]",full_mesh,17085.161409148335,0.025001333000000514,11,0,0,0,0,410,11,6,11,1.0,1553.1964917407577,54100.80704574171,849,768,399
SELF-Q4-mixed-fixed_hash-345,345,mixed,fixed_hash,square_optical,True,all_sources_cleared_with_certificate,square,False,990.0,81,81,"[1, 3, 4, 5, 6, 7, 10, 11, 12, 14, 16, 18]","[1, 3, 4, 5, 6, 7, 10, 11, 12, 14, 16, 18]",full_mesh,19505.147836866923,0.03237300000000154,12,0,0,0,0,756,12,11,12,1.0,1625.428986405577,61660.7391843347,827,746,744
SELF-Q4-mixed-fixed_hash-346,346,mixed,fixed_hash,square_optical,True,all_sources_cleared_with_certificate,square,False,990.0,81,81,"[2, 3, 4, 7, 8, 9, 11, 12, 13, 14, 15, 17, 18]","[2, 3, 4, 7, 8, 9, 11, 12, 13, 14, 15, 17, 18]",full_mesh,19314.645397457996,0.03366641699999917,13,0,0,0,0,866,13,3,13,1.0,1485.7419536506152,63878.22698729005,666,585,853
SELF-Q4-mixed-fixed_hash-347,347,mixed,fixed_hash,square_optical,True,all_sources_cleared_with_certificate,square,False,990.0,81,81,"[1, 3, 4, 5, 6, 7, 8, 9, 12, 16, 17, 18, 19, 20]","[1, 3, 4, 5, 6, 7, 8, 9, 12, 16, 17, 18, 19, 20]",full_mesh,21109.43732234432,0.0393299589999998,14,0,0,0,0,1067,14,7,14,1.0,1507.816951596023,69162.18661172171,688,608,1053
SELF-Q4-mixed-fixed_hash-348,348,mixed,fixed_hash,square_optical,True,all_sources_cleared_with_certificate,square,False,990.0,81,81,"[1, 2, 3, 4, 6, 7, 8, 9, 11, 14, 15, 16, 17, 18, 19]","[1, 2, 3, 4, 6, 7, 8, 9, 11, 14, 15, 16, 17, 18, 19]",full_mesh,19466.745564466415,0.03436658300000062,15,0,0,0,0,913,15,3,15,1.0,1297.7830376310944,66188.7278223321,590,510,898
SELF-Q4-mixed-fixed_hash-349,349,mixed,fixed_hash,square_optical,True,all_sources_cleared_with_certificate,square,False,990.0,81,58,"[1, 3, 4, 5, 6, 8, 9, 10, 13, 14, 15, 16, 17, 18, 19, 20]","[1, 3, 4, 5, 6, 8, 9, 10, 13, 14, 15, 16, 17, 18, 19, 20]",count_upper_bound,16335.134114745413,0.03373933299999976,16,0,0,0,0,854,16,12,16,1.0,1020.9458821715883,52545.67057372714,548,492,838
SELF-Q4-mixed-fixed_hash-350,350,mixed,fixed_hash,square_optical,True,all_sources_cleared_with_certificate,square,False,990.0,81,81,"[3, 5, 6, 10, 11, 12, 13, 14, 18, 20]","[3, 5, 6, 10, 11, 12, 13, 14, 18, 20]",full_mesh,19216.81746823468,0.029125667000000632,10,0,0,0,0,610,10,8,10,1.0,1921.681746823468,58769.08734117344,949,868,600
SELF-Q4-mixed-fixed_hash-351,351,mixed,fixed_hash,square_optical,True,all_sources_cleared_with_certificate,square,False,990.0,81,81,"[5, 6, 7, 8, 9, 10, 11, 12, 18, 19, 20]","[5, 6, 7, 8, 9, 10, 11, 12, 18, 19, 20]",full_mesh,20466.97514376101,0.0322603749999999,11,0,0,0,0,786,11,4,11,1.0,1860.6341039782737,63979.87571880511,895,816,775
SELF-Q4-mixed-fixed_hash-352,352,mixed,fixed_hash,square_optical,True,all_sources_cleared_with_certificate,square,False,990.0,81,81,"[2, 3, 4, 5, 8, 9, 10, 14, 16, 17, 19, 20]","[2, 3, 4, 5, 8, 9, 10, 14, 16, 17, 19, 20]",full_mesh,20036.052500447564,0.03492829200000003,12,0,0,0,0,846,12,2,12,1.0,1669.6710417039637,62985.262502237885,826,747,834
SELF-Q4-mixed-fixed_hash-353,353,mixed,fixed_hash,square_optical,True,all_sources_cleared_with_certificate,square,False,990.0,81,81,"[2, 3, 4, 6, 7, 8, 9, 10, 12, 13, 15, 16, 19]","[2, 3, 4, 6, 7, 8, 9, 10, 12, 13, 15, 16, 19]",full_mesh,19048.88429016073,0.032899667000000576,13,0,0,0,0,846,13,10,13,1.0,1465.2987915508254,61559.421450803726,709,628,833
SELF-Q4-mixed-fixed_hash-354,354,mixed,fixed_hash,square_optical,True,all_sources_cleared_with_certificate,square,False,990.0,81,81,"[1, 2, 3, 4, 5, 7, 8, 10, 11, 16, 17, 18, 19, 20]","[1, 2, 3, 4, 5, 7, 8, 10, 11, 16, 17, 18, 19, 20]",full_mesh,19274.39958492619,0.03320083400000051,14,0,0,0,0,819,14,5,14,1.0,1376.7428274947276,63221.99792463098,704,625,805
SELF-Q4-mixed-fixed_hash-355,355,mixed,fixed_hash,square_optical,True,all_sources_cleared_with_certificate,square,False,990.0,81,81,"[2, 3, 4, 5, 6, 7, 9, 10, 11, 13, 14, 15, 16, 19, 20]","[2, 3, 4, 5, 6, 7, 9, 10, 11, 13, 14, 15, 16, 19, 20]",full_mesh,18960.972821877527,0.03171108299999936,15,0,0,0,0,809,15,10,15,1.0,1264.0648547918352,65814.8641093877,570,491,794
SELF-Q4-mixed-fixed_hash-356,356,mixed,fixed_hash,square_optical,True,all_sources_cleared_with_certificate,square,False,990.0,81,58,"[2, 4, 6, 7, 8, 9, 10, 11, 12, 13, 14, 15, 16, 17, 18, 19]","[2, 4, 6, 7, 8, 9, 10, 11, 12, 13, 14, 15, 16, 17, 18, 19]",count_upper_bound,18548.607742338078,0.0395892920000005,16,0,0,0,0,1131,16,5,16,1.0,1159.2879838961298,59078.03871169047,561,503,1115
SELF-Q4-mixed-fixed_hash-357,357,mixed,fixed_hash,square_optical,True,all_sources_cleared_with_certificate,square,False,990.0,81,81,"[3, 4, 5, 6, 7, 8, 9, 12, 18, 20]","[3, 4, 5, 6, 7, 8, 9, 12, 18, 20]",full_mesh,18439.56280578184,0.028254249999999814,10,0,0,0,0,516,10,7,10,1.0,1843.9562805781839,55242.81402890926,984,903,506
SELF-Q4-mixed-fixed_hash-358,358,mixed,fixed_hash,square_optical,True,all_sources_cleared_with_certificate,square,False,990.0,81,81,"[1, 2, 3, 7, 8, 10, 11, 13, 14, 15, 19]","[1, 2, 3, 7, 8, 10, 11, 13, 14, 15, 19]",full_mesh,20544.426136506343,0.03497604200000026,11,0,0,0,0,796,11,4,11,1.0,1867.6751033187584,63117.130682531766,932,851,785
SELF-Q4-mixed-fixed_hash-359,359,mixed,fixed_hash,square_optical,True,all_sources_cleared_with_certificate,square,False,990.0,81,81,"[1, 2, 3, 7, 9, 10, 13, 15, 16, 17, 18, 19]","[1, 2, 3, 7, 9, 10, 13, 15, 16, 17, 18, 19]",full_mesh,19536.69804518315,0.03194674999999947,12,0,0,0,0,730,12,4,12,1.0,1628.0581704319293,61063.490225915804,865,785,718
SELF-Q4-mixed-fixed_hash-360,360,mixed,fixed_hash,square_optical,True,all_sources_cleared_with_certificate,square,False,990.0,81,81,"[2, 3, 4, 7, 8, 9, 10, 11, 13, 14, 15, 17, 20]","[2, 3, 4, 7, 8, 9, 10, 11, 13, 14, 15, 17, 20]",full_mesh,19201.179637480458,0.031493249999998696,13,0,0,0,0,768,13,6,13,1.0,1477.0138182677276,63125.89818740233,721,641,755
SELF-Q4-mixed-fixed_hash-361,361,mixed,fixed_hash,square_optical,True,all_sources_cleared_with_certificate,square,False,990.0,81,81,"[1, 3, 4, 5, 6, 7, 10, 11, 12, 13, 15, 16, 18, 20]","[1, 3, 4, 5, 6, 7, 10, 11, 12, 13, 15, 16, 18, 20]",full_mesh,20653.527359512038,0.03904133300000012,14,0,0,0,0,1027,14,10,14,1.0,1475.2519542508599,67542.63679756028,686,606,1013
SELF-Q4-mixed-fixed_hash-362,362,mixed,fixed_hash,square_optical,True,all_sources_cleared_with_certificate,square,False,990.0,81,81,"[3, 5, 6, 8, 9, 10, 11, 12, 13, 14, 16, 17, 18, 19, 20]","[3, 5, 6, 8, 9, 10, 11, 12, 13, 14, 16, 17, 18, 19, 20]",full_mesh,19053.984237518893,0.03410274999999885,15,0,0,0,0,838,15,10,15,1.0,1270.2656158345928,63234.92118759455,657,578,823
SELF-Q4-mixed-fixed_hash-363,363,mixed,fixed_hash,square_optical,True,all_sources_cleared_with_certificate,square,False,990.0,81,32,"[2, 3, 6, 7, 9, 10, 11, 12, 13, 14, 15, 16, 17, 18, 19, 20]","[2, 3, 6, 7, 9, 10, 11, 12, 13, 14, 15, 16, 17, 18, 19, 20]",count_upper_bound,13834.596798281671,0.03731141599999965,16,0,0,0,0,1046,16,6,16,1.0,864.6622998926044,43662.98399140841,327,297,1030
SELF-Q4-mixed-fixed_hash-364,364,mixed,fixed_hash,square_optical,True,all_sources_cleared_with_certificate,square,False,990.0,81,81,"[1, 3, 4, 6, 9, 15, 16, 17, 19, 20]","[1, 3, 4, 6, 9, 15, 16, 17, 19, 20]",full_mesh,19313.304191599527,0.029923000000000144,10,0,0,0,0,635,10,4,10,1.0,1931.3304191599527,58931.52095799769,947,867,625
SELF-Q4-mixed-fixed_hash-365,365,mixed,fixed_hash,square_optical,True,all_sources_cleared_with_certificate,square,False,990.0,81,81,"[1, 3, 5, 7, 9, 10, 11, 13, 17, 18, 20]","[1, 3, 5, 7, 9, 10, 11, 13, 17, 18, 20]",full_mesh,18888.610219173832,0.029846708000000888,11,0,0,0,0,663,11,4,11,1.0,1717.1463835612574,60578.05109586915,807,727,652
SELF-Q4-mixed-fixed_hash-366,366,mixed,fixed_hash,square_optical,True,all_sources_cleared_with_certificate,square,False,990.0,81,81,"[2, 3, 4, 5, 6, 7, 11, 12, 13, 15, 16, 20]","[2, 3, 4, 5, 6, 7, 11, 12, 13, 15, 16, 20]",full_mesh,20656.213546717296,0.03577770899999955,12,0,0,0,0,883,12,7,12,1.0,1721.351128893108,64066.06773358656,875,795,871
SELF-Q4-mixed-fixed_hash-367,367,mixed,fixed_hash,square_optical,True,all_sources_cleared_with_certificate,square,False,990.0,81,81,"[1, 2, 4, 5, 7, 8, 9, 12, 14, 16, 17, 18, 19]","[1, 2, 4, 5, 7, 8, 9, 12, 14, 16, 17, 18, 19]",full_mesh,19112.234103022183,0.03238191600000029,13,0,0,0,0,741,13,4,13,1.0,1470.1718540786294,61376.170515110985,778,698,728
SELF-Q4-mixed-fixed_hash-368,368,mixed,fixed_hash,square_optical,True,all_sources_cleared_with_certificate,square,False,990.0,81,81,"[2, 5, 7, 8, 9, 10, 11, 13, 14, 15, 16, 17, 18, 19]","[2, 5, 7, 8, 9, 10, 11, 13, 14, 15, 16, 17, 18, 19]",full_mesh,19006.07336364963,0.03390858300000055,14,0,0,0,0,808,14,6,14,1.0,1357.5766688321164,62380.366818248236,693,613,794
SELF-Q4-mixed-fixed_hash-369,369,mixed,fixed_hash,square_optical,True,all_sources_cleared_with_certificate,square,False,990.0,81,81,"[1, 2, 3, 4, 7, 8, 9, 10, 12, 13, 15, 16, 17, 18, 19]","[1, 2, 3, 4, 7, 8, 9, 10, 12, 13, 15, 16, 17, 18, 19]",full_mesh,17944.871137188886,0.03229583299999916,15,0,0,0,0,828,15,6,15,1.0,1196.3247424792592,62704.35568594449,495,415,813
SELF-Q4-mixed-fixed_hash-370,370,mixed,fixed_hash,square_optical,True,all_sources_cleared_with_certificate,square,False,990.0,81,63,"[1, 3, 4, 5, 6, 8, 9, 10, 11, 12, 13, 14, 15, 16, 17, 19]","[1, 3, 4, 5, 6, 8, 9, 10, 11, 12, 13, 14, 15, 16, 17, 19]",count_upper_bound,16696.549544925176,0.03209145800000002,16,0,0,0,0,766,16,10,16,1.0,1043.5343465578235,55102.747724625915,568,506,750
SELF-Q4-mixed-fixed_hash-371,371,mixed,fixed_hash,square_optical,True,all_sources_cleared_with_certificate,square,False,990.0,81,81,"[1, 4, 6, 8, 10, 13, 14, 17, 18, 19]","[1, 4, 6, 8, 10, 13, 14, 17, 18, 19]",full_mesh,19016.480720919488,0.028478958000000887,10,0,0,0,0,605,10,4,10,1.0,1901.6480720919487,58082.40360459749,941,860,595
SELF-Q4-mixed-fixed_hash-372,372,mixed,fixed_hash,square_optical,True,all_sources_cleared_with_certificate,square,False,990.0,81,81,"[3, 4, 7, 8, 9, 10, 12, 16, 18, 19, 20]","[3, 4, 7, 8, 9, 10, 12, 16, 18, 19, 20]",full_mesh,19696.35896063072,0.031109290999999928,11,0,0,0,0,676,11,7,11,1.0,1790.5780873300655,60611.79480315363,934,854,665
SELF-Q4-mixed-fixed_hash-373,373,mixed,fixed_hash,square_optical,True,all_sources_cleared_with_certificate,square,False,990.0,81,81,"[2, 4, 5, 6, 7, 8, 10, 12, 15, 16, 17, 19]","[2, 4, 5, 6, 7, 8, 10, 12, 15, 16, 17, 19]",full_mesh,18565.7901847884,0.027996167000001293,12,0,0,0,0,556,12,8,12,1.0,1547.1491820657,57203.95092394202,919,838,544
SELF-Q4-mixed-fixed_hash-374,374,mixed,fixed_hash,square_optical,True,all_sources_cleared_with_certificate,square,False,990.0,81,81,"[4, 5, 8, 9, 11, 12, 13, 14, 15, 16, 17, 18, 19]","[4, 5, 8, 9, 11, 12, 13, 14, 15, 16, 17, 18, 19]",full_mesh,19884.290316249062,0.035044833999998914,13,0,0,0,0,900,13,7,13,1.0,1529.5607935576202,65671.45158124536,684,604,887
SELF-Q4-mixed-fixed_hash-375,375,mixed,fixed_hash,square_optical,True,all_sources_cleared_with_certificate,square,False,990.0,81,81,"[3, 5, 6, 7, 8, 9, 12, 13, 14, 15, 16, 17, 19, 20]","[3, 5, 6, 7, 8, 9, 12, 13, 14, 15, 16, 17, 19, 20]",full_mesh,19524.124937122036,0.03482720899999947,14,0,0,0,0,855,14,11,14,1.0,1394.580352651574,63360.62468561025,723,644,841
SELF-Q4-mixed-fixed_hash-376,376,mixed,fixed_hash,square_optical,True,all_sources_cleared_with_certificate,square,False,990.0,81,81,"[1, 3, 4, 6, 7, 8, 9, 10, 12, 13, 15, 16, 17, 18, 20]","[1, 3, 4, 6, 7, 8, 9, 10, 12, 13, 15, 16, 17, 18, 20]",full_mesh,18791.25494579335,0.03306150000000052,15,0,0,0,0,821,15,10,15,1.0,1252.7503297195567,63741.27472896676,605,525,806
SELF-Q4-mixed-fixed_hash-377,377,mixed,fixed_hash,square_optical,True,all_sources_cleared_with_certificate,square,False,990.0,81,57,"[1, 2, 3, 4, 6, 7, 8, 9, 11, 13, 14, 15, 17, 18, 19, 20]","[1, 2, 3, 4, 6, 7, 8, 9, 11, 13, 14, 15, 17, 18, 19, 20]",count_upper_bound,15214.851703901726,0.03231183299999962,16,0,0,0,0,754,16,6,16,1.0,950.9282314938579,49409.25851950869,516,459,738
SELF-Q4-mixed-fixed_hash-378,378,mixed,fixed_hash,square_optical,True,all_sources_cleared_with_certificate,square,False,990.0,81,81,"[1, 5, 7, 8, 10, 12, 13, 15, 17, 20]","[1, 5, 7, 8, 10, 12, 13, 15, 17, 20]",full_mesh,18984.940690342137,0.029761624999999015,10,0,0,0,0,614,10,3,10,1.0,1898.4940690342137,58534.70345171071,916,836,604
SELF-Q4-mixed-fixed_hash-379,379,mixed,fixed_hash,square_optical,True,all_sources_cleared_with_certificate,square,False,990.0,81,81,"[1, 6, 7, 8, 10, 11, 13, 14, 16, 17, 18]","[1, 6, 7, 8, 10, 11, 13, 14, 16, 17, 18]",full_mesh,20290.279736743527,0.03424004100000033,11,0,0,0,0,845,11,8,11,1.0,1844.5708851585025,62521.39868371771,885,804,834
SELF-Q4-mixed-fixed_hash-380,380,mixed,fixed_hash,square_optical,True,all_sources_cleared_with_certificate,square,False,990.0,81,81,"[4, 5, 8, 9, 10, 11, 12, 13, 14, 15, 18, 20]","[4, 5, 8, 9, 10, 11, 12, 13, 14, 15, 18, 20]",full_mesh,18706.906293272463,0.031048666000000225,12,0,0,0,0,714,12,8,12,1.0,1558.9088577727052,59159.53146636239,798,719,702
SELF-Q4-mixed-fixed_hash-381,381,mixed,fixed_hash,square_optical,True,all_sources_cleared_with_certificate,square,False,990.0,81,81,"[1, 4, 5, 7, 9, 10, 11, 13, 14, 15, 16, 19, 20]","[1, 4, 5, 7, 9, 10, 11, 13, 14, 15, 16, 19, 20]",full_mesh,19266.87175267485,0.031869125000000054,13,0,0,0,0,818,13,7,13,1.0,1482.0670578980655,64329.358763374315,667,586,805
SELF-Q4-mixed-fixed_hash-382,382,mixed,fixed_hash,square_optical,True,all_sources_cleared_with_certificate,square,False,990.0,81,81,"[1, 2, 3, 5, 6, 8, 9, 10, 11, 12, 13, 15, 16, 19]","[1, 2, 3, 5, 6, 8, 9, 10, 11, 12, 13, 15, 16, 19]",full_mesh,20182.475486978816,0.037245957999999746,14,0,0,0,0,956,14,12,14,1.0,1441.6053919270582,64367.37743489413,749,668,942
SELF-Q4-mixed-fixed_hash-383,383,mixed,fixed_hash,square_optical,True,all_sources_cleared_with_certificate,square,False,990.0,81,81,"[2, 4, 5, 6, 8, 11, 12, 13, 14, 15, 16, 17, 18, 19, 20]","[2, 4, 5, 6, 8, 11, 12, 13, 14, 15, 16, 17, 18, 19, 20]",full_mesh,18850.364268428533,0.03452987500000049,15,0,0,0,0,900,15,5,15,1.0,1256.6909512285688,65581.82134214274,514,434,885
SELF-Q4-mixed-fixed_hash-384,384,mixed,fixed_hash,square_optical,True,all_sources_cleared_with_certificate,square,False,990.0,81,65,"[1, 2, 4, 5, 7, 8, 9, 10, 12, 13, 15, 16, 17, 18, 19, 20]","[1, 2, 4, 5, 7, 8, 9, 10, 12, 13, 15, 16, 17, 18, 19, 20]",count_upper_bound,17552.912118472083,0.03722520899999893,16,0,0,0,0,1022,16,8,16,1.0,1097.0570074045052,58994.56059236051,453,391,1006
SELF-Q4-mixed-fixed_hash-385,385,mixed,fixed_hash,square_optical,True,all_sources_cleared_with_certificate,square,False,990.0,81,81,"[1, 3, 4, 7, 10, 13, 14, 16, 17, 19]","[1, 3, 4, 7, 10, 13, 14, 16, 17, 19]",full_mesh,18151.465735502676,0.026187457999998998,10,0,0,0,0,477,10,6,10,1.0,1815.1465735502675,54922.32867751339,966,886,467
SELF-Q4-mixed-fixed_hash-386,386,mixed,fixed_hash,square_optical,True,all_sources_cleared_with_certificate,square,False,990.0,81,81,"[1, 4, 5, 9, 10, 11, 13, 14, 15, 17, 20]","[1, 4, 5, 9, 10, 11, 13, 14, 15, 17, 20]",full_mesh,18714.336139742692,0.028059582999999222,11,0,0,0,0,523,11,10,11,1.0,1701.3032854311539,55961.68069871348,1002,921,512
SELF-Q4-mixed-fixed_hash-387,387,mixed,fixed_hash,square_optical,True,all_sources_cleared_with_certificate,square,False,990.0,81,81,"[2, 4, 5, 6, 7, 9, 10, 15, 17, 18, 19, 20]","[2, 4, 5, 6, 7, 9, 10, 15, 17, 18, 19, 20]",full_mesh,20590.51665134568,0.03633020899999906,12,0,0,0,0,931,12,2,12,1.0,1715.87638761214,63757.58325672846,850,772,919
SELF-Q4-mixed-fixed_hash-388,388,mixed,fixed_hash,square_optical,True,all_sources_cleared_with_certificate,square,False,990.0,81,81,"[2, 3, 4, 6, 7, 8, 11, 12, 13, 14, 17, 19, 20]","[2, 3, 4, 6, 7, 8, 11, 12, 13, 14, 17, 19, 20]",full_mesh,21025.705319391847,0.03737045799999983,13,0,0,0,0,1055,13,2,13,1.0,1617.3619476455267,68423.5265969593,705,625,1042
SELF-Q4-mixed-fixed_hash-389,389,mixed,fixed_hash,square_optical,True,all_sources_cleared_with_certificate,square,False,990.0,81,81,"[1, 3, 4, 7, 8, 9, 12, 13, 14, 16, 17, 18, 19, 20]","[1, 3, 4, 7, 8, 9, 12, 13, 14, 16, 17, 18, 19, 20]",full_mesh,20421.99905714122,0.037434499999999815,14,0,0,0,0,1049,14,8,14,1.0,1458.71421836723,68299.9952857062,611,532,1035
SELF-Q4-mixed-fixed_hash-390,390,mixed,fixed_hash,square_optical,True,all_sources_cleared_with_certificate,square,False,990.0,81,81,"[1, 3, 4, 5, 6, 9, 11, 13, 14, 15, 16, 17, 18, 19, 20]","[1, 3, 4, 5, 6, 9, 11, 13, 14, 15, 16, 17, 18, 19, 20]",full_mesh,20872.319300332318,0.04352933300000039,15,0,0,0,0,1250,15,5,15,1.0,1391.487953355488,73071.59650166168,426,348,1235
SELF-Q4-mixed-fixed_hash-391,391,mixed,fixed_hash,square_optical,True,all_sources_cleared_with_certificate,square,False,990.0,81,46,"[1, 2, 4, 5, 6, 8, 10, 11, 12, 13, 14, 15, 16, 18, 19, 20]","[1, 2, 4, 5, 6, 8, 10, 11, 12, 13, 14, 15, 16, 18, 19, 20]",count_upper_bound,15138.256982211095,0.03603141600000015,16,0,0,0,0,1032,16,2,16,1.0,946.1410613881934,48606.28491105551,389,344,1016
SELF-Q4-mixed-fixed_hash-392,392,mixed,fixed_hash,square_optical,True,all_sources_cleared_with_certificate,square,False,990.0,81,81,"[2, 4, 6, 7, 9, 15, 16, 18, 19, 20]","[2, 4, 6, 7, 9, 15, 16, 18, 19, 20]",full_mesh,17912.79275076238,0.025618833000001118,10,0,0,0,0,451,10,5,10,1.0,1791.2792750762378,54448.96375381193,955,875,441
SELF-Q4-mixed-fixed_hash-393,393,mixed,fixed_hash,square_optical,True,all_sources_cleared_with_certificate,square,False,990.0,81,81,"[1, 3, 4, 6, 8, 10, 11, 12, 14, 17, 19]","[1, 3, 4, 6, 8, 10, 11, 12, 14, 17, 19]",full_mesh,21884.496639446592,0.039844999999999686,11,0,0,0,0,1165,11,2,11,1.0,1989.4996944951447,67522.48319723306,824,743,1154
SELF-Q4-mixed-fixed_hash-394,394,mixed,fixed_hash,square_optical,True,all_sources_cleared_with_certificate,square,False,990.0,81,81,"[2, 3, 4, 6, 7, 8, 12, 14, 16, 17, 18, 20]","[2, 3, 4, 6, 7, 8, 12, 14, 16, 17, 18, 20]",full_mesh,18896.516168859653,0.03128249999999966,12,0,0,0,0,708,12,8,12,1.0,1574.7096807383043,59542.5808442983,820,740,696
SELF-Q4-mixed-fixed_hash-395,395,mixed,fixed_hash,square_optical,True,all_sources_cleared_with_certificate,square,False,990.0,81,81,"[1, 2, 3, 4, 5, 6, 7, 11, 12, 13, 14, 15, 17]","[1, 2, 3, 4, 5, 6, 7, 11, 12, 13, 14, 15, 17]",full_mesh,18638.50771749406,0.0294239170000008,13,0,0,0,0,614,13,9,13,1.0,1433.7313628841584,59537.53858747032,824,743,601
SELF-Q4-mixed-fixed_hash-396,396,mixed,fixed_hash,square_optical,True,all_sources_cleared_with_certificate,square,False,990.0,81,81,"[2, 4, 5, 6, 7, 9, 10, 12, 14, 15, 17, 18, 19, 20]","[2, 4, 5, 6, 7, 9, 10, 12, 14, 15, 17, 18, 19, 20]",full_mesh,18166.193384149938,0.030457249999999547,14,0,0,0,0,708,14,6,14,1.0,1297.5852417249955,60515.96692074976,665,586,694
SELF-Q4-mixed-fixed_hash-397,397,mixed,fixed_hash,square_optical,True,all_sources_cleared_with_certificate,square,False,990.0,81,81,"[1, 2, 3, 4, 5, 7, 9, 10, 12, 13, 15, 17, 18, 19, 20]","[1, 2, 3, 4, 5, 7, 9, 10, 12, 13, 15, 17, 18, 19, 20]",full_mesh,17484.556521265597,0.029616000000000753,15,0,0,0,0,702,15,14,15,1.0,1165.6371014177064,59982.78260632803,572,492,687
SELF-Q4-mixed-fixed_hash-398,398,mixed,fixed_hash,square_optical,True,all_sources_cleared_with_certificate,square,False,990.0,81,37,"[1, 2, 3, 4, 6, 8, 10, 11, 12, 13, 14, 15, 16, 17, 18, 20]","[1, 2, 3, 4, 6, 8, 10, 11, 12, 13, 14, 15, 16, 17, 18, 20]",count_upper_bound,12445.254638464517,0.03162445899999966,16,0,0,0,0,808,16,7,16,1.0,777.8284149040323,39741.2731923226,346,311,792
SELF-Q4-mixed-fixed_hash-399,399,mixed,fixed_hash,square_optical,True,all_sources_cleared_with_certificate,square,False,990.0,81,81,"[1, 2, 3, 4, 6, 8, 9, 11, 18, 20]","[1, 2, 3, 4, 6, 8, 9, 11, 18, 20]",full_mesh,20177.382495681468,0.03330437499999839,10,0,0,0,0,838,10,1,10,1.0,2017.7382495681468,63026.912478407445,853,773,828
SELF-Q4-mixed-fixed_hash-400,400,mixed,fixed_hash,square_optical,True,all_sources_cleared_with_certificate,square,False,990.0,81,81,"[3, 7, 8, 9, 10, 12, 13, 15, 16, 18, 19]","[3, 7, 8, 9, 10, 12, 13, 15, 16, 18, 19]",full_mesh,18487.763340368918,0.025519083999999026,11,0,0,0,0,394,11,5,11,1.0,1680.7057582153561,56818.816701844626,1000,920,383
SELF-Q4-mixed-fixed_hash-401,401,mixed,fixed_hash,square_optical,True,all_sources_cleared_with_certificate,square,False,990.0,81,81,"[3, 4, 5, 6, 8, 9, 11, 13, 14, 15, 16, 20]","[3, 4, 5, 6, 8, 9, 11, 13, 14, 15, 16, 20]",full_mesh,20572.44586668031,0.035800708000000014,12,0,0,0,0,898,12,2,12,1.0,1714.3704888900259,64682.229333401614,833,753,886
SELF-Q4-mixed-fixed_hash-402,402,mixed,fixed_hash,square_optical,True,all_sources_cleared_with_certificate,square,False,990.0,81,81,"[1, 3, 4, 7, 8, 9, 10, 13, 14, 16, 17, 18, 20]","[1, 3, 4, 7, 8, 9, 10, 13, 14, 16, 17, 18, 20]",full_mesh,20946.805953918272,0.03630741599999965,13,0,0,0,0,940,13,10,13,1.0,1611.2927656860209,66599.02976959148,810,731,927
SELF-Q4-mixed-fixed_hash-403,403,mixed,fixed_hash,square_optical,True,all_sources_cleared_with_certificate,square,False,990.0,81,81,"[2, 3, 6, 7, 8, 9, 10, 11, 12, 13, 14, 16, 17, 20]","[2, 3, 6, 7, 8, 9, 10, 11, 12, 13, 14, 16, 17, 20]",full_mesh,19640.83933857683,0.03453320900000101,14,0,0,0,0,876,14,12,14,1.0,1402.9170956126306,65079.19669288419,675,594,862
SELF-Q4-mixed-fixed_hash-404,404,mixed,fixed_hash,square_optical,True,all_sources_cleared_with_certificate,square,False,990.0,81,81,"[1, 2, 3, 6, 7, 10, 11, 12, 13, 14, 16, 17, 18, 19, 20]","[1, 2, 3, 6, 7, 10, 11, 12, 13, 14, 16, 17, 18, 19, 20]",full_mesh,20838.880651608004,0.03873483299999947,15,0,0,0,0,1041,15,14,15,1.0,1389.2587101072002,69769.40325804014,635,557,1026
SELF-Q4-mixed-fixed_hash-405,405,mixed,fixed_hash,square_optical,True,all_sources_cleared_with_certificate,square,False,990.0,81,47,"[1, 2, 4, 5, 6, 7, 9, 10, 11, 13, 14, 15, 16, 17, 18, 19]","[1, 2, 4, 5, 6, 7, 9, 10, 11, 13, 14, 15, 16, 17, 18, 19]",count_upper_bound,14348.42324743057,0.033972291999999626,16,0,0,0,0,925,16,9,16,1.0,896.7764529644106,46567.11623715286,379,333,909
SELF-Q4-mixed-fixed_hash-406,406,mixed,fixed_hash,square_optical,True,all_sources_cleared_with_certificate,square,False,990.0,81,81,"[1, 2, 3, 4, 5, 10, 13, 14, 15, 20]","[1, 2, 3, 4, 5, 10, 13, 14, 15, 20]",full_mesh,20605.75744934718,0.032108583999999496,10,0,0,0,0,779,10,2,10,1.0,2060.575744934718,63203.78724673601,948,868,769
SELF-Q4-mixed-fixed_hash-407,407,mixed,fixed_hash,square_optical,True,all_sources_cleared_with_certificate,square,False,990.0,81,81,"[4, 8, 9, 10, 11, 12, 13, 14, 16, 18, 19]","[4, 8, 9, 10, 11, 12, 13, 14, 16, 18, 19]",full_mesh,19830.772140242374,0.03241975000000075,11,0,0,0,0,690,11,7,11,1.0,1802.7974672947612,58883.86070121193,1007,927,679
SELF-Q4-mixed-fixed_hash-408,408,mixed,fixed_hash,square_optical,True,all_sources_cleared_with_certificate,square,False,990.0,81,81,"[2, 4, 5, 7, 8, 9, 11, 14, 15, 17, 18, 19]","[2, 4, 5, 7, 8, 9, 11, 14, 15, 17, 18, 19]",full_mesh,18921.574644054006,0.029649541999999585,12,0,0,0,0,605,12,9,12,1.0,1576.7978870045006,61127.87322027005,823,742,593
SELF-Q4-mixed-fixed_hash-409,409,mixed,fixed_hash,square_optical,True,all_sources_cleared_with_certificate,square,False,990.0,81,81,"[2, 4, 5, 7, 9, 11, 12, 13, 14, 16, 17, 18, 19]","[2, 4, 5, 7, 9, 11, 12, 13, 14, 16, 17, 18, 19]",full_mesh,19221.409466959543,0.03250129200000096,13,0,0,0,0,755,13,4,13,1.0,1478.5699589968879,62257.04733479777,760,679,742
SELF-Q4-mixed-fixed_hash-410,410,mixed,fixed_hash,square_optical,True,all_sources_cleared_with_certificate,square,False,990.0,81,81,"[1, 3, 4, 5, 8, 9, 10, 11, 12, 14, 16, 17, 19, 20]","[1, 3, 4, 5, 8, 9, 10, 11, 12, 14, 16, 17, 19, 20]",full_mesh,20874.756568208526,0.040514292000001006,14,0,0,0,0,1177,14,1,14,1.0,1491.0540405863233,70053.78284104273,564,485,1163
SELF-Q4-mixed-fixed_hash-411,411,mixed,fixed_hash,square_optical,True,all_sources_cleared_with_certificate,square,False,990.0,81,81,"[1, 2, 4, 6, 7, 8, 9, 10, 11, 14, 15, 16, 17, 19, 20]","[1, 2, 4, 6, 7, 8, 9, 10, 11, 14, 15, 16, 17, 19, 20]",full_mesh,19040.8281941344,0.03653862500000038,15,0,0,0,0,945,15,2,15,1.0,1269.3885462756266,65319.1409706721,532,452,930
SELF-Q4-mixed-fixed_hash-412,412,mixed,fixed_hash,square_optical,True,all_sources_cleared_with_certificate,square,False,990.0,81,57,"[1, 2, 4, 5, 6, 7, 8, 10, 11, 13, 14, 15, 16, 18, 19, 20]","[1, 2, 4, 5, 6, 7, 8, 10, 11, 13, 14, 15, 16, 18, 19, 20]",count_upper_bound,15765.204144453615,0.03408325000000012,16,0,0,0,0,876,16,6,16,1.0,985.325259028351,51981.020722268135,461,404,860
SELF-Q4-mixed-fixed_hash-413,413,mixed,fixed_hash,square_optical,True,all_sources_cleared_with_certificate,square,False,990.0,81,81,"[3, 5, 6, 8, 9, 10, 11, 15, 18, 19]","[3, 5, 6, 8, 9, 10, 11, 15, 18, 19]",full_mesh,18504.310262567265,0.027398416999998787,10,0,0,0,0,522,10,5,10,1.0,1850.4310262567265,56731.551312836375,942,862,512
SELF-Q4-mixed-fixed_hash-414,414,mixed,fixed_hash,square_optical,True,all_sources_cleared_with_certificate,square,False,990.0,81,81,"[2, 3, 5, 6, 8, 9, 10, 12, 13, 14, 17]","[2, 3, 5, 6, 8, 9, 10, 12, 13, 14, 17]",full_mesh,17446.332158854526,0.024303666999999862,11,0,0,0,0,428,11,7,11,1.0,1586.0301962595024,55876.660794272655,841,760,417
SELF-Q4-mixed-fixed_hash-415,415,mixed,fixed_hash,square_optical,True,all_sources_cleared_with_certificate,square,False,990.0,81,81,"[1, 2, 3, 7, 8, 9, 11, 13, 14, 15, 17, 18]","[1, 2, 3, 7, 8, 9, 11, 13, 14, 15, 17, 18]",full_mesh,18470.906847857994,0.027658583000000903,12,0,0,0,0,551,12,8,12,1.0,1539.2422373214995,59264.534239290006,837,756,539
SELF-Q4-mixed-fixed_hash-416,416,mixed,fixed_hash,square_optical,True,all_sources_cleared_with_certificate,square,False,990.0,81,81,"[1, 6, 8, 9, 10, 11, 12, 15, 16, 17, 18, 19, 20]","[1, 6, 8, 9, 10, 11, 12, 15, 16, 17, 18, 19, 20]",full_mesh,19441.808601488334,0.033008083000000354,13,0,0,0,0,821,13,11,13,1.0,1495.5237385760256,64279.04300744177,696,617,808
SELF-Q4-mixed-fixed_hash-417,417,mixed,fixed_hash,square_optical,True,all_sources_cleared_with_certificate,square,False,990.0,81,81,"[1, 2, 3, 6, 7, 8, 9, 10, 11, 12, 13, 14, 15, 20]","[1, 2, 3, 6, 7, 8, 9, 10, 11, 12, 13, 14, 15, 20]",full_mesh,18528.28398235663,0.03070737499999865,14,0,0,0,0,666,14,1,14,1.0,1323.4488558826163,62151.419911783174,692,612,652
SELF-Q4-mixed-fixed_hash-418,418,mixed,fixed_hash,square_optical,True,all_sources_cleared_with_certificate,square,False,990.0,81,81,"[1, 3, 4, 5, 7, 8, 9, 10, 11, 12, 13, 15, 16, 18, 20]","[1, 3, 4, 5, 7, 8, 9, 10, 11, 12, 13, 15, 16, 18, 20]",full_mesh,22040.441322812563,0.0424597079999991,15,0,0,0,0,1201,15,10,15,1.0,1469.3627548541708,70842.20661406289,720,639,1186
SELF-Q4-mixed-fixed_hash-419,419,mixed,fixed_hash,square_optical,True,all_sources_cleared_with_certificate,square,False,990.0,81,31,"[1, 2, 3, 4, 5, 9, 10, 11, 12, 13, 14, 15, 16, 17, 19, 20]","[1, 2, 3, 4, 5, 9, 10, 11, 12, 13, 14, 15, 16, 17, 19, 20]",count_upper_bound,13147.266444245652,0.03532554200000071,16,0,0,0,0,1020,16,15,16,1.0,821.7041527653532,41306.332221228295,304,274,1004
SELF-Q4-mixed-fixed_hash-420,420,mixed,fixed_hash,square_optical,True,all_sources_cleared_with_certificate,square,False,990.0,81,81,"[1, 2, 4, 9, 11, 12, 13, 14, 15, 17]","[1, 2, 4, 9, 11, 12, 13, 14, 15, 17]",full_mesh,18596.065499538992,0.027973541999999796,10,0,0,0,0,591,10,1,10,1.0,1859.6065499538993,58380.32749769501,868,787,581
SELF-Q4-mixed-fixed_hash-421,421,mixed,fixed_hash,square_optical,True,all_sources_cleared_with_certificate,square,False,990.0,81,81,"[4, 6, 7, 8, 9, 10, 16, 17, 18, 19, 20]","[4, 6, 7, 8, 9, 10, 16, 17, 18, 19, 20]",full_mesh,18324.27898324886,0.028249374999999688,11,0,0,0,0,526,11,7,11,1.0,1665.8435439317145,55826.39491624432,940,859,515
SELF-Q4-mixed-fixed_hash-422,422,mixed,fixed_hash,square_optical,True,all_sources_cleared_with_certificate,square,False,990.0,81,81,"[1, 3, 4, 5, 8, 10, 11, 13, 16, 18, 19, 20]","[1, 3, 4, 5, 8, 10, 11, 13, 16, 18, 19, 20]",full_mesh,18753.708347957243,0.02992254200000133,12,0,0,0,0,679,12,1,12,1.0,1562.8090289964368,60518.54173978628,778,699,667
SELF-Q4-mixed-fixed_hash-423,423,mixed,fixed_hash,square_optical,True,all_sources_cleared_with_certificate,square,False,990.0,81,81,"[2, 4, 5, 6, 8, 9, 10, 11, 14, 15, 17, 18, 19]","[2, 4, 5, 6, 8, 9, 10, 11, 14, 15, 17, 18, 19]",full_mesh,18071.390631056336,0.028906541999999646,13,0,0,0,0,578,13,10,13,1.0,1390.1069716197183,58766.953155281706,773,693,565
SELF-Q4-mixed-fixed_hash-424,424,mixed,fixed_hash,square_optical,True,all_sources_cleared_with_certificate,square,False,990.0,81,81,"[1, 2, 3, 4, 5, 7, 9, 13, 14, 15, 16, 17, 18, 19]","[1, 2, 3, 4, 5, 7, 9, 13, 14, 15, 16, 17, 18, 19]",full_mesh,20848.77736734639,0.03848366600000119,14,0,0,0,0,1021,14,4,14,1.0,1489.198383381885,68153.886836732,701,622,1007
SELF-Q4-mixed-fixed_hash-425,425,mixed,fixed_hash,square_optical,True,all_sources_cleared_with_certificate,square,False,990.0,81,81,"[2, 3, 4, 5, 6, 9, 10, 11, 12, 13, 14, 15, 17, 18, 20]","[2, 3, 4, 5, 6, 9, 10, 11, 12, 13, 14, 15, 17, 18, 20]",full_mesh,19733.663419458862,0.036058125000000274,15,0,0,0,0,969,15,9,15,1.0,1315.5775612972575,66653.31709729436,591,511,954
SELF-Q4-mixed-fixed_hash-426,426,mixed,fixed_hash,square_optical,True,all_sources_cleared_with_certificate,square,False,990.0,81,40,"[1, 2, 3, 4, 5, 6, 7, 8, 9, 10, 11, 12, 13, 15, 19, 20]","[1, 2, 3, 4, 5, 6, 7, 8, 9, 10, 11, 12, 13, 15, 19, 20]",count_upper_bound,13582.667488025138,0.02996908299999923,16,0,0,0,0,786,16,12,16,1.0,848.9167180015711,44008.33744012573,405,366,770
SELF-Q4-mixed-fixed_hash-427,427,mixed,fixed_hash,square_optical,True,all_sources_cleared_with_certificate,square,False,990.0,81,81,"[1, 2, 5, 6, 11, 12, 16, 17, 18, 20]","[1, 2, 5, 6, 11, 12, 16, 17, 18, 20]",full_mesh,20255.476341580255,0.03184704199999899,10,0,0,0,0,683,10,9,10,1.0,2025.5476341580256,60127.38170790132,1040,961,673
SELF-Q4-mixed-fixed_hash-428,428,mixed,fixed_hash,square_optical,True,all_sources_cleared_with_certificate,square,False,990.0,81,81,"[2, 4, 5, 9, 10, 13, 15, 17, 18, 19, 20]","[2, 4, 5, 9, 10, 13, 15, 17, 18, 19, 20]",full_mesh,19384.91390617597,0.03213641700000025,11,0,0,0,0,765,11,5,11,1.0,1762.264900561452,61429.569530879875,810,732,754
SELF-Q4-mixed-fixed_hash-429,429,mixed,fixed_hash,square_optical,True,all_sources_cleared_with_certificate,square,False,990.0,81,81,"[1, 3, 4, 7, 8, 10, 11, 13, 16, 18, 19, 20]","[1, 3, 4, 7, 8, 10, 11, 13, 16, 18, 19, 20]",full_mesh,18179.454144379444,0.029669084000000012,12,0,0,0,0,699,12,2,12,1.0,1514.9545120316204,60052.27072189728,688,608,687
SELF-Q4-mixed-fixed_hash-430,430,mixed,fixed_hash,square_optical,True,all_sources_cleared_with_certificate,square,False,990.0,81,81,"[1, 2, 4, 5, 6, 7, 8, 9, 11, 13, 16, 17, 19]","[1, 2, 4, 5, 6, 7, 8, 9, 11, 13, 16, 17, 19]",full_mesh,20286.15570072119,0.03600712499999936,13,0,0,0,0,1019,13,7,13,1.0,1560.4735154400914,65985.77850360604,681,601,1006
SELF-Q4-mixed-fixed_hash-431,431,mixed,fixed_hash,square_optical,True,all_sources_cleared_with_certificate,square,False,990.0,81,81,"[1, 2, 3, 4, 7, 9, 10, 11, 12, 13, 14, 15, 16, 19]","[1, 2, 3, 4, 7, 9, 10, 11, 12, 13, 14, 15, 16, 19]",full_mesh,19269.628451718076,0.03237858299999985,14,0,0,0,0,818,14,2,14,1.0,1376.4020322655767,64208.14225859042,671,591,804
SELF-Q4-mixed-fixed_hash-432,432,mixed,fixed_hash,square_optical,True,all_sources_cleared_with_certificate,square,False,990.0,81,81,"[1, 2, 3, 4, 7, 8, 9, 11, 12, 13, 14, 16, 18, 19, 20]","[1, 2, 3, 4, 7, 8, 9, 11, 12, 13, 14, 16, 18, 19, 20]",full_mesh,20862.423515987753,0.04134341600000013,15,0,0,0,0,1155,15,6,15,1.0,1390.8282343991837,69207.11757993887,601,521,1140
SELF-Q4-mixed-fixed_hash-433,433,mixed,fixed_hash,square_optical,True,all_sources_cleared_with_certificate,square,False,990.0,81,33,"[2, 3, 4, 5, 6, 7, 8, 9, 10, 11, 12, 14, 15, 16, 17, 19]","[2, 3, 4, 5, 6, 7, 8, 9, 10, 11, 12, 14, 15, 16, 17, 19]",count_upper_bound,11717.9583886241,0.02946312499999948,16,0,0,0,0,750,16,6,16,1.0,732.3723992890062,39214.79194312051,271,238,734
SELF-Q4-mixed-fixed_hash-434,434,mixed,fixed_hash,square_optical,True,all_sources_cleared_with_certificate,square,False,990.0,81,81,"[1, 3, 5, 7, 9, 12, 13, 14, 17, 19]","[1, 3, 5, 7, 9, 12, 13, 14, 17, 19]",full_mesh,20382.32570769732,0.03301791600000037,10,0,0,0,0,805,10,8,10,1.0,2038.232570769732,61011.628538486686,971,890,795
SELF-Q4-mixed-fixed_hash-435,435,mixed,fixed_hash,square_optical,True,all_sources_cleared_with_certificate,square,False,990.0,81,81,"[2, 6, 7, 8, 10, 12, 13, 15, 16, 17, 19]","[2, 6, 7, 8, 10, 12, 13, 15, 16, 17, 19]",full_mesh,19320.860011693483,0.028538792000000868,11,0,0,0,0,591,11,9,11,1.0,1756.441819244862,60009.300058467474,934,854,580
SELF-Q4-mixed-fixed_hash-436,436,mixed,fixed_hash,square_optical,True,all_sources_cleared_with_certificate,square,False,990.0,81,81,"[2, 4, 6, 8, 9, 11, 13, 14, 15, 16, 19, 20]","[2, 4, 6, 8, 9, 11, 13, 14, 15, 16, 19, 20]",full_mesh,18946.61006186137,0.030413959000000546,12,0,0,0,0,696,12,10,12,1.0,1578.884171821781,61263.05030930689,777,697,684
SELF-Q4-mixed-fixed_hash-437,437,mixed,fixed_hash,square_optical,True,all_sources_cleared_with_certificate,square,False,990.0,81,81,"[1, 4, 5, 6, 8, 10, 11, 12, 13, 16, 17, 19, 20]","[1, 4, 5, 6, 8, 10, 11, 12, 13, 16, 17, 19, 20]",full_mesh,19185.632026889754,0.03385012500000073,13,0,0,0,0,818,13,6,13,1.0,1475.8178482222888,61363.16013444881,752,673,805
SELF-Q4-mixed-fixed_hash-438,438,mixed,fixed_hash,square_optical,True,all_sources_cleared_with_certificate,square,False,990.0,81,81,"[1, 2, 3, 7, 9, 10, 12, 13, 15, 16, 17, 18, 19, 20]","[1, 2, 3, 7, 9, 10, 12, 13, 15, 16, 17, 18, 19, 20]",full_mesh,19362.255307996817,0.03335116600000099,14,0,0,0,0,789,14,3,14,1.0,1383.0182362854869,62496.27653998414,758,678,775
SELF-Q4-mixed-fixed_hash-439,439,mixed,fixed_hash,square_optical,True,all_sources_cleared_with_certificate,square,False,990.0,81,81,"[2, 4, 5, 7, 8, 9, 10, 11, 12, 13, 14, 16, 17, 18, 20]","[2, 4, 5, 7, 8, 9, 10, 11, 12, 13, 14, 16, 17, 18, 20]",full_mesh,20088.751817414897,0.035663334000000546,15,0,0,0,0,894,15,12,15,1.0,1339.250121160993,65383.75908707457,730,650,879
SELF-Q4-mixed-fixed_hash-440,440,mixed,fixed_hash,square_optical,True,all_sources_cleared_with_certificate,square,False,990.0,81,62,"[1, 2, 3, 4, 6, 7, 8, 9, 10, 12, 14, 15, 16, 17, 18, 20]","[1, 2, 3, 4, 6, 7, 8, 9, 10, 12, 14, 15, 16, 17, 18, 20]",count_upper_bound,20096.59606227093,0.0410475409999993,16,0,0,0,0,1241,16,10,16,1.0,1256.0372538919332,64437.980311354775,586,524,1225
SELF-Q4-mixed-fixed_hash-441,441,mixed,fixed_hash,square_optical,True,all_sources_cleared_with_certificate,square,False,990.0,81,81,"[1, 5, 6, 7, 8, 10, 12, 13, 16, 18]","[1, 5, 6, 7, 8, 10, 12, 13, 16, 18]",full_mesh,18365.072911236417,0.025905874999999412,10,0,0,0,0,475,10,7,10,1.0,1836.5072911236416,56415.36455618217,953,872,465
SELF-Q4-mixed-fixed_hash-442,442,mixed,fixed_hash,square_optical,True,all_sources_cleared_with_certificate,square,False,990.0,81,81,"[3, 4, 6, 7, 8, 10, 12, 14, 15, 17, 19]","[3, 4, 6, 7, 8, 10, 12, 14, 15, 17, 19]",full_mesh,21156.627368783287,0.03525554199999981,11,0,0,0,0,781,11,7,11,1.0,1923.3297607984807,62773.13684391649,1053,972,770
SELF-Q4-mixed-fixed_hash-443,443,mixed,fixed_hash,square_optical,True,all_sources_cleared_with_certificate,square,False,990.0,81,81,"[1, 2, 4, 5, 6, 9, 10, 11, 16, 18, 19, 20]","[1, 2, 4, 5, 6, 9, 10, 11, 16, 18, 19, 20]",full_mesh,18318.855851196644,0.027719291000000368,12,0,0,0,0,542,12,9,12,1.0,1526.5713209330536,58604.27925598327,838,758,530
SELF-Q4-mixed-fixed_hash-444,444,mixed,fixed_hash,square_optical,True,all_sources_cleared_with_certificate,square,False,990.0,81,81,"[1, 5, 8, 9, 10, 11, 12, 13, 14, 15, 16, 19, 20]","[1, 5, 8, 9, 10, 11, 12, 13, 14, 15, 16, 19, 20]",full_mesh,18000.095166229486,0.028508583000000698,13,0,0,0,0,544,13,8,13,1.0,1384.6227050945758,58025.47583114747,803,722,531
SELF-Q4-mixed-fixed_hash-445,445,mixed,fixed_hash,square_optical,True,all_sources_cleared_with_certificate,square,False,990.0,81,81,"[3, 5, 7, 8, 9, 10, 11, 13, 14, 16, 17, 18, 19, 20]","[3, 5, 7, 8, 9, 10, 11, 13, 14, 16, 17, 18, 19, 20]",full_mesh,20667.26897899796,0.03785345800000073,14,0,0,0,0,1075,14,5,14,1.0,1476.2334984998542,67551.3448949899,664,584,1061
SELF-Q4-mixed-fixed_hash-446,446,mixed,fixed_hash,square_optical,True,all_sources_cleared_with_certificate,square,False,990.0,81,81,"[1, 2, 4, 5, 6, 7, 10, 12, 13, 14, 15, 16, 18, 19, 20]","[1, 2, 4, 5, 6, 7, 10, 12, 13, 14, 15, 16, 18, 19, 20]",full_mesh,20504.645032937202,0.038213082999998704,15,0,0,0,0,1037,15,14,15,1.0,1366.9763355291468,68818.22516468605,613,535,1022
SELF-Q4-mixed-fixed_hash-447,447,mixed,fixed_hash,square_optical,True,all_sources_cleared_with_certificate,square,False,990.0,81,67,"[1, 2, 3, 4, 5, 7, 9, 10, 11, 12, 13, 14, 16, 17, 19, 20]","[1, 2, 3, 4, 5, 7, 9, 10, 11, 12, 13, 14, 16, 17, 19, 20]",count_upper_bound,18005.022218185542,0.03685716699999908,16,0,0,0,0,919,16,15,16,1.0,1125.3138886365964,58020.11109092781,613,547,903
SELF-Q4-mixed-fixed_hash-448,448,mixed,fixed_hash,square_optical,True,all_sources_cleared_with_certificate,square,False,990.0,81,81,"[1, 4, 6, 8, 9, 10, 13, 16, 17, 20]","[1, 4, 6, 8, 9, 10, 13, 16, 17, 20]",full_mesh,18799.47702232599,0.026737499999999415,10,0,0,0,0,457,10,7,10,1.0,1879.947702232599,57082.38511163,1012,932,447
SELF-Q4-mixed-fixed_hash-449,449,mixed,fixed_hash,square_optical,True,all_sources_cleared_with_certificate,square,False,990.0,81,81,"[2, 4, 7, 8, 10, 11, 13, 14, 16, 19, 20]","[2, 4, 7, 8, 10, 11, 13, 14, 16, 19, 20]",full_mesh,19953.570435107376,0.031246917000000707,11,0,0,0,0,752,11,6,11,1.0,1813.9609486461252,62142.85217553694,888,807,741
SELF-Q4-mixed-fixed_hash-450,450,mixed,fixed_hash,square_optical,True,all_sources_cleared_with_certificate,square,False,990.0,81,81,"[1, 2, 4, 5, 8, 10, 12, 13, 16, 17, 19, 20]","[1, 2, 4, 5, 8, 10, 12, 13, 16, 17, 19, 20]",full_mesh,19296.472543132848,0.0322391669999984,12,0,0,0,0,755,12,10,12,1.0,1608.039378594404,61552.362715664305,796,717,743
SELF-Q4-mixed-fixed_hash-451,451,mixed,fixed_hash,square_optical,True,all_sources_cleared_with_certificate,square,False,990.0,81,81,"[1, 2, 3, 5, 6, 11, 12, 13, 14, 16, 18, 19, 20]","[1, 2, 3, 5, 6, 11, 12, 13, 14, 16, 18, 19, 20]",full_mesh,18832.662322419354,0.0320602499999989,13,0,0,0,0,725,13,8,13,1.0,1448.6663324937965,59828.311612096826,791,711,712
SELF-Q4-mixed-fixed_hash-452,452,mixed,fixed_hash,square_optical,True,all_sources_cleared_with_certificate,square,False,990.0,81,81,"[1, 2, 3, 4, 5, 8, 9, 10, 11, 12, 15, 17, 19, 20]","[1, 2, 3, 4, 5, 8, 9, 10, 11, 12, 15, 17, 19, 20]",full_mesh,20527.262690756383,0.037993041000000005,14,0,0,0,0,979,14,8,14,1.0,1466.2330493397417,64661.31345378197,785,705,965
SELF-Q4-mixed-fixed_hash-453,453,mixed,fixed_hash,square_optical,True,all_sources_cleared_with_certificate,square,False,990.0,81,81,"[1, 3, 4, 6, 7, 8, 9, 12, 13, 14, 16, 17, 18, 19, 20]","[1, 3, 4, 6, 7, 8, 9, 12, 13, 14, 16, 17, 18, 19, 20]",full_mesh,18495.108314173773,0.03386508300000024,15,0,0,0,0,870,15,14,15,1.0,1233.0072209449181,64525.54157086896,505,425,855
SELF-Q4-mixed-fixed_hash-454,454,mixed,fixed_hash,square_optical,True,all_sources_cleared_with_certificate,square,False,990.0,81,64,"[1, 3, 4, 5, 6, 7, 8, 9, 10, 11, 12, 14, 16, 17, 18, 19]","[1, 3, 4, 5, 6, 7, 8, 9, 10, 11, 12, 14, 16, 17, 18, 19]",count_upper_bound,17652.252448921026,0.03982316699999977,16,0,0,0,0,1060,16,13,16,1.0,1103.2657780575641,56016.26224460523,550,487,1044
SELF-Q4-mixed-fixed_hash-455,455,mixed,fixed_hash,square_optical,True,all_sources_cleared_with_certificate,square,False,990.0,81,81,"[1, 2, 3, 6, 8, 11, 13, 15, 16, 18]","[1, 2, 3, 6, 8, 11, 13, 15, 16, 18]",full_mesh,19446.364869437504,0.030462791000001488,10,0,0,0,0,752,10,7,10,1.0,1944.6364869437505,61386.82434718758,829,748,742
SELF-Q4-mixed-fixed_hash-456,456,mixed,fixed_hash,square_optical,True,all_sources_cleared_with_certificate,square,False,990.0,81,81,"[2, 6, 9, 10, 12, 13, 14, 15, 16, 17, 20]","[2, 6, 9, 10, 12, 13, 14, 15, 16, 17, 20]",full_mesh,17587.686028595297,0.025116041000000422,11,0,0,0,0,411,11,8,11,1.0,1598.880548054118,54493.43014297649,919,839,400
SELF-Q4-mixed-fixed_hash-457,457,mixed,fixed_hash,square_optical,True,all_sources_cleared_with_certificate,square,False,990.0,81,81,"[1, 3, 6, 9, 10, 11, 12, 13, 15, 18, 19, 20]","[1, 3, 6, 9, 10, 11, 12, 13, 15, 18, 19, 20]",full_mesh,16889.794796889557,0.025728666999999206,12,0,0,0,0,472,12,4,12,1.0,1407.4828997407965,54543.973984447824,770,691,460
SELF-Q4-mixed-fixed_hash-458,458,mixed,fixed_hash,square_optical,True,all_sources_cleared_with_certificate,square,False,990.0,81,81,"[1, 3, 5, 6, 8, 9, 11, 13, 14, 15, 17, 19, 20]","[1, 3, 5, 6, 8, 9, 11, 13, 14, 15, 17, 19, 20]",full_mesh,19665.79312991078,0.034077833000001334,13,0,0,0,0,848,13,8,13,1.0,1512.7533176854447,65653.96564955395,674,595,835
SELF-Q4-mixed-fixed_hash-459,459,mixed,fixed_hash,square_optical,True,all_sources_cleared_with_certificate,square,False,990.0,81,81,"[1, 2, 4, 5, 6, 7, 8, 13, 14, 15, 17, 18, 19, 20]","[1, 2, 4, 5, 6, 7, 8, 13, 14, 15, 17, 18, 19, 20]",full_mesh,18128.72972352363,0.031150082999999995,14,0,0,0,0,652,14,4,14,1.0,1294.9092659659734,60033.64861761813,703,623,638
SELF-Q4-mixed-fixed_hash-460,460,mixed,fixed_hash,square_optical,True,all_sources_cleared_with_certificate,square,False,990.0,81,81,"[1, 6, 7, 8, 9, 10, 11, 12, 13, 14, 16, 17, 18, 19, 20]","[1, 6, 7, 8, 9, 10, 11, 12, 13, 14, 16, 17, 18, 19, 20]",full_mesh,17960.525482510107,0.03268637500000082,15,0,0,0,0,828,15,1,15,1.0,1197.368365500674,62847.62741255059,493,412,813
SELF-Q4-mixed-fixed_hash-461,461,mixed,fixed_hash,square_optical,True,all_sources_cleared_with_certificate,square,False,990.0,81,33,"[2, 3, 4, 5, 6, 7, 8, 9, 10, 11, 12, 14, 15, 17, 18, 19]","[2, 3, 4, 5, 6, 7, 8, 9, 10, 11, 12, 14, 15, 17, 18, 19]",count_upper_bound,12222.720053451418,0.029967292000002033,16,0,0,0,0,739,16,2,16,1.0,763.9200033407136,38298.60026725711,391,359,723
SELF-Q4-mixed-fixed_hash-462,462,mixed,fixed_hash,square_optical,True,all_sources_cleared_with_certificate,square,False,990.0,81,81,"[1, 2, 3, 5, 6, 10, 11, 13, 16, 19]","[1, 2, 3, 5, 6, 10, 11, 13, 16, 19]",full_mesh,17878.230480932267,0.025911874999998474,10,0,0,0,0,485,10,5,10,1.0,1787.8230480932266,55061.15240466138,912,831,475
SELF-Q4-mixed-fixed_hash-463,463,mixed,fixed_hash,square_optical,True,all_sources_cleared_with_certificate,square,False,990.0,81,81,"[2, 3, 7, 8, 9, 10, 14, 16, 17, 18, 20]","[2, 3, 7, 8, 9, 10, 14, 16, 17, 18, 20]",full_mesh,18906.51717176295,0.028994457999999668,11,0,0,0,0,613,11,4,11,1.0,1718.7742883420863,59732.5858588148,863,784,602
SELF-Q4-mixed-fixed_hash-464,464,mixed,fixed_hash,square_optical,True,all_sources_cleared_with_certificate,square,False,990.0,81,81,"[2, 3, 5, 6, 8, 9, 13, 15, 17, 18, 19, 20]","[2, 3, 5, 6, 8, 9, 13, 15, 17, 18, 19, 20]",full_mesh,21171.918604503266,0.036229500000001025,12,0,0,0,0,931,12,7,12,1.0,1764.326550375272,66669.59302251642,850,771,919
SELF-Q4-mixed-fixed_hash-465,465,mixed,fixed_hash,square_optical,True,all_sources_cleared_with_certificate,square,False,990.0,81,81,"[1, 2, 3, 4, 6, 7, 8, 9, 11, 12, 13, 18, 20]","[1, 2, 3, 4, 6, 7, 8, 9, 11, 12, 13, 18, 20]",full_mesh,17490.85180167574,0.027519041000001465,13,0,0,0,0,535,13,6,13,1.0,1345.4501385904416,56174.25900837874,784,705,522
SELF-Q4-mixed-fixed_hash-466,466,mixed,fixed_hash,square_optical,True,all_sources_cleared_with_certificate,square,False,990.0,81,81,"[2, 3, 4, 5, 6, 7, 8, 9, 10, 13, 14, 15, 17, 19]","[2, 3, 4, 5, 6, 7, 8, 9, 10, 13, 14, 15, 17, 19]",full_mesh,19800.03502645784,0.03539595799999873,14,0,0,0,0,911,14,8,14,1.0,1414.2882161755601,64600.175132289274,700,619,897
SELF-Q4-mixed-fixed_hash-467,467,mixed,fixed_hash,square_optical,True,all_sources_cleared_with_certificate,square,False,990.0,81,81,"[1, 2, 3, 5, 7, 9, 12, 13, 14, 15, 16, 17, 18, 19, 20]","[1, 2, 3, 5, 7, 9, 12, 13, 14, 15, 16, 17, 18, 19, 20]",full_mesh,16155.82578988556,0.026866166999997887,15,0,0,0,0,572,15,5,15,1.0,1077.0550526590373,56964.12894942785,516,437,557
SELF-Q4-mixed-fixed_hash-468,468,mixed,fixed_hash,square_optical,True,all_sources_cleared_with_certificate,square,False,990.0,81,68,"[1, 2, 3, 5, 6, 7, 8, 9, 11, 12, 13, 14, 15, 17, 19, 20]","[1, 2, 3, 5, 6, 7, 8, 9, 11, 12, 13, 14, 15, 17, 19, 20]",count_upper_bound,16865.364645556765,0.032997749999999826,16,0,0,0,0,802,16,3,16,1.0,1054.0852903472978,57146.8232277839,511,443,786
SELF-Q4-mixed-fixed_hash-469,469,mixed,fixed_hash,square_optical,True,all_sources_cleared_with_certificate,square,False,990.0,81,81,"[1, 2, 5, 9, 10, 11, 12, 13, 14, 20]","[1, 2, 5, 9, 10, 11, 12, 13, 14, 20]",full_mesh,19096.127641195348,0.02783795799999922,10,0,0,0,0,545,10,1,10,1.0,1909.6127641195349,57460.63820597676,1005,924,535
SELF-Q4-mixed-fixed_hash-470,470,mixed,fixed_hash,square_optical,True,all_sources_cleared_with_certificate,square,False,990.0,81,81,"[1, 2, 5, 6, 7, 12, 13, 15, 16, 19, 20]","[1, 2, 5, 6, 7, 12, 13, 15, 16, 19, 20]",full_mesh,18874.34897007361,0.027351292000002303,11,0,0,0,0,527,11,6,11,1.0,1715.8499063703282,58291.74485036806,949,868,516
SELF-Q4-mixed-fixed_hash-471,471,mixed,fixed_hash,square_optical,True,all_sources_cleared_with_certificate,square,False,990.0,81,81,"[2, 3, 4, 6, 8, 9, 10, 11, 12, 14, 15, 16]","[2, 3, 4, 6, 8, 9, 10, 11, 12, 14, 15, 16]",full_mesh,18510.168874746563,0.030833540999999798,12,0,0,0,0,710,12,1,12,1.0,1542.5140728955469,59865.844373732885,744,663,698
SELF-Q4-mixed-fixed_hash-472,472,mixed,fixed_hash,square_optical,True,all_sources_cleared_with_certificate,square,False,990.0,81,81,"[1, 2, 3, 5, 6, 7, 11, 12, 13, 15, 17, 19, 20]","[1, 2, 3, 5, 6, 7, 11, 12, 13, 15, 17, 19, 20]",full_mesh,19919.961620805218,0.03426708399999967,13,0,0,0,0,924,13,2,13,1.0,1532.3047400619398,65154.80810402614,695,616,911
SELF-Q4-mixed-fixed_hash-473,473,mixed,fixed_hash,square_optical,True,all_sources_cleared_with_certificate,square,False,990.0,81,81,"[1, 2, 3, 5, 8, 11, 12, 13, 14, 15, 16, 17, 18, 20]","[1, 2, 3, 5, 8, 11, 12, 13, 14, 15, 16, 17, 18, 20]",full_mesh,20295.167802106524,0.035717832999999644,14,0,0,0,0,916,14,6,14,1.0,1449.6548430076089,67235.8390105327,692,612,902
SELF-Q4-mixed-fixed_hash-474,474,mixed,fixed_hash,square_optical,True,all_sources_cleared_with_certificate,square,False,990.0,81,81,"[1, 2, 3, 4, 5, 6, 10, 12, 13, 14, 15, 16, 18, 19, 20]","[1, 2, 3, 4, 5, 6, 10, 12, 13, 14, 15, 16, 18, 19, 20]",full_mesh,20741.543237875372,0.03879533299999949,15,0,0,0,0,1069,15,3,15,1.0,1382.7695491916916,69612.71618937697,610,532,1054
SELF-Q4-mixed-fixed_hash-475,475,mixed,fixed_hash,square_optical,True,all_sources_cleared_with_certificate,square,False,990.0,81,31,"[1, 2, 3, 5, 6, 8, 9, 10, 11, 12, 13, 14, 15, 17, 18, 20]","[1, 2, 3, 5, 6, 8, 9, 10, 11, 12, 13, 14, 15, 17, 18, 20]",count_upper_bound,11676.501697370657,0.029724834000003142,16,0,0,0,0,722,16,5,16,1.0,729.7813560856661,36657.50848685333,363,332,706
SELF-Q4-mixed-fixed_hash-476,476,mixed,fixed_hash,square_optical,True,all_sources_cleared_with_certificate,square,False,990.0,81,81,"[7, 8, 9, 12, 13, 14, 16, 17, 19, 20]","[7, 8, 9, 12, 13, 14, 16, 17, 19, 20]",full_mesh,18135.70518127195,0.026361040999997698,10,0,0,0,0,474,10,4,10,1.0,1813.570518127195,56328.5259063598,918,838,464
SELF-Q4-mixed-fixed_hash-477,477,mixed,fixed_hash,square_optical,True,all_sources_cleared_with_certificate,square,False,990.0,81,81,"[2, 3, 6, 7, 9, 10, 11, 14, 17, 19, 20]","[2, 3, 6, 7, 9, 10, 11, 14, 17, 19, 20]",full_mesh,17065.197427587547,0.02272545800000003,11,0,0,0,0,277,11,1,11,1.0,1551.3815843261407,51465.98713793776,1000,919,266
SELF-Q4-mixed-fixed_hash-478,478,mixed,fixed_hash,square_optical,True,all_sources_cleared_with_certificate,square,False,990.0,81,81,"[1, 2, 4, 5, 6, 7, 9, 10, 11, 13, 17, 19]","[1, 2, 4, 5, 6, 7, 9, 10, 11, 13, 17, 19]",full_mesh,18816.58868722491,0.031064582999999146,12,0,0,0,0,739,12,5,12,1.0,1568.0490572687424,59942.94343612459,778,697,727
SELF-Q4-mixed-fixed_hash-479,479,mixed,fixed_hash,square_optical,True,all_sources_cleared_with_certificate,square,False,990.0,81,81,"[2, 3, 5, 9, 11, 12, 13, 14, 15, 17, 18, 19, 20]","[2, 3, 5, 9, 11, 12, 13, 14, 15, 17, 18, 19, 20]",full_mesh,18149.9996043271,0.03028175000000033,13,0,0,0,0,673,13,1,13,1.0,1396.1538157174691,60129.998021635525,693,614,660
SELF-Q4-mixed-fixed_hash-480,480,mixed,fixed_hash,square_optical,True,all_sources_cleared_with_certificate,square,False,990.0,81,81,"[2, 4, 5, 8, 10, 11, 12, 13, 15, 16, 17, 18, 19, 20]","[2, 4, 5, 8, 10, 11, 12, 13, 15, 16, 17, 18, 19, 20]",full_mesh,21434.01601625313,0.03898895799999735,14,0,0,0,0,1047,14,5,14,1.0,1531.0011440180806,69215.08008126571,750,672,1033
SELF-Q4-mixed-fixed_hash-481,481,mixed,fixed_hash,square_optical,True,all_sources_cleared_with_certificate,square,False,990.0,81,81,"[1, 2, 3, 4, 5, 6, 8, 9, 10, 11, 14, 15, 16, 18, 20]","[1, 2, 3, 4, 5, 6, 8, 9, 10, 11, 14, 15, 16, 18, 20]",full_mesh,20423.091711511377,0.03835450000000051,15,0,0,0,0,1051,15,4,15,1.0,1361.5394474340917,69050.45855755697,585,505,1036
SELF-Q4-mixed-fixed_hash-482,482,mixed,fixed_hash,square_optical,True,all_sources_cleared_with_certificate,square,False,990.0,81,61,"[1, 3, 4, 5, 6, 7, 8, 9, 10, 13, 14, 16, 17, 18, 19, 20]","[1, 3, 4, 5, 6, 7, 8, 9, 10, 13, 14, 16, 17, 18, 19, 20]",count_upper_bound,16941.254101113147,0.035817334000000756,16,0,0,0,0,918,16,6,16,1.0,1058.8283813195717,54391.2705055658,556,497,902
SELF-Q4-mixed-fixed_hash-483,483,mixed,fixed_hash,square_optical,True,all_sources_cleared_with_certificate,square,False,990.0,81,81,"[1, 3, 4, 9, 10, 11, 15, 17, 19, 20]","[1, 3, 4, 9, 10, 11, 15, 17, 19, 20]",full_mesh,18298.928668208984,0.028084874999997567,10,0,0,0,0,545,10,6,10,1.0,1829.8928668208985,56314.643341044975,910,831,535
SELF-Q4-mixed-fixed_hash-484,484,mixed,fixed_hash,square_optical,True,all_sources_cleared_with_certificate,square,False,990.0,81,81,"[2, 4, 6, 8, 11, 12, 14, 15, 16, 17, 19]","[2, 4, 6, 8, 11, 12, 14, 15, 16, 17, 19]",full_mesh,17517.02069146902,0.0252389579999992,11,0,0,0,0,476,11,5,11,1.0,1592.4564264971837,56585.103457345154,805,725,465
SELF-Q4-mixed-fixed_hash-485,485,mixed,fixed_hash,square_optical,True,all_sources_cleared_with_certificate,square,False,990.0,81,81,"[2, 5, 6, 7, 8, 10, 11, 12, 13, 16, 18, 20]","[2, 5, 6, 7, 8, 10, 11, 12, 13, 16, 18, 20]",full_mesh,19024.94481329323,0.030689208000001855,12,0,0,0,0,606,12,6,12,1.0,1585.4120677744359,58504.72406646621,927,847,594
SELF-Q4-mixed-fixed_hash-486,486,mixed,fixed_hash,square_optical,True,all_sources_cleared_with_certificate,square,False,990.0,81,81,"[1, 4, 5, 6, 7, 8, 9, 12, 13, 14, 16, 19, 20]","[1, 4, 5, 6, 7, 8, 9, 12, 13, 14, 16, 19, 20]",full_mesh,18570.28414882197,0.029450665999998904,13,0,0,0,0,600,13,7,13,1.0,1428.4833960632286,60026.4207441099,803,724,587
SELF-Q4-mixed-fixed_hash-487,487,mixed,fixed_hash,square_optical,True,all_sources_cleared_with_certificate,square,False,990.0,81,81,"[2, 4, 5, 6, 8, 9, 10, 11, 12, 13, 14, 16, 18, 20]","[2, 4, 5, 6, 8, 9, 10, 11, 12, 13, 14, 16, 18, 20]",full_mesh,17393.019858314732,0.026597375000001477,14,0,0,0,0,522,14,5,14,1.0,1242.3585613081952,58850.09929157369,685,604,508
SELF-Q4-mixed-fixed_hash-488,488,mixed,fixed_hash,square_optical,True,all_sources_cleared_with_certificate,square,False,990.0,81,81,"[2, 3, 4, 5, 6, 7, 8, 9, 10, 11, 13, 15, 17, 18, 19]","[2, 3, 4, 5, 6, 7, 8, 9, 10, 11, 13, 15, 17, 18, 19]",full_mesh,18669.40842494827,0.03357304200000044,15,0,0,0,0,790,15,5,15,1.0,1244.6272283298847,63237.042124741456,617,537,775
SELF-Q4-mixed-fixed_hash-489,489,mixed,fixed_hash,square_optical,True,all_sources_cleared_with_certificate,square,False,990.0,81,53,"[1, 2, 3, 6, 7, 8, 9, 12, 13, 14, 15, 16, 17, 18, 19, 20]","[1, 2, 3, 6, 7, 8, 9, 12, 13, 14, 15, 16, 17, 18, 19, 20]",count_upper_bound,15841.571320187157,0.03379791699999757,16,0,0,0,0,856,16,4,16,1.0,990.0982075116973,52422.85660093584,468,417,840
SELF-Q4-mixed-fixed_hash-490,490,mixed,fixed_hash,square_optical,True,all_sources_cleared_with_certificate,square,False,990.0,81,81,"[3, 4, 6, 7, 8, 9, 10, 16, 18, 20]","[3, 4, 6, 7, 8, 9, 10, 16, 18, 20]",full_mesh,19211.36044725023,0.02997083399999667,10,0,0,0,0,561,10,7,10,1.0,1921.136044725023,57946.80223625122,1000,919,551
SELF-Q4-mixed-fixed_hash-491,491,mixed,fixed_hash,square_optical,True,all_sources_cleared_with_certificate,square,False,990.0,81,81,"[4, 6, 7, 8, 9, 11, 12, 13, 14, 16, 20]","[4, 6, 7, 8, 9, 11, 12, 13, 14, 16, 20]",full_mesh,20394.017224867966,0.03350933300000136,11,0,0,0,0,818,11,6,11,1.0,1854.0015658970879,62935.086124339905,902,821,807
SELF-Q4-mixed-fixed_hash-492,492,mixed,fixed_hash,square_optical,True,all_sources_cleared_with_certificate,square,False,990.0,81,81,"[1, 3, 4, 5, 10, 11, 12, 15, 16, 18, 19, 20]","[1, 3, 4, 5, 10, 11, 12, 15, 16, 18, 19, 20]",full_mesh,20534.05735086973,0.03253195799999986,12,0,0,0,0,797,12,2,12,1.0,1711.171445905811,65670.28675434871,844,765,785
SELF-Q4-mixed-fixed_hash-493,493,mixed,fixed_hash,square_optical,True,all_sources_cleared_with_certificate,square,False,990.0,81,81,"[1, 4, 5, 8, 9, 10, 11, 12, 14, 16, 17, 18, 20]","[1, 4, 5, 8, 9, 10, 11, 12, 14, 16, 17, 18, 20]",full_mesh,19032.97970682094,0.03222754099999747,13,0,0,0,0,748,13,4,13,1.0,1464.0753620631492,61769.89853410475,748,669,735
SELF-Q4-mixed-fixed_hash-494,494,mixed,fixed_hash,square_optical,True,all_sources_cleared_with_certificate,square,False,990.0,81,81,"[1, 4, 5, 6, 7, 9, 11, 12, 14, 15, 16, 18, 19, 20]","[1, 4, 5, 6, 7, 9, 11, 12, 14, 15, 16, 18, 19, 20]",full_mesh,20219.201654070745,0.036811999999997624,14,0,0,0,0,989,14,7,14,1.0,1444.2286895764817,67021.00827035384,650,570,975
SELF-Q4-mixed-fixed_hash-495,495,mixed,fixed_hash,square_optical,True,all_sources_cleared_with_certificate,square,False,990.0,81,81,"[2, 3, 4, 5, 6, 7, 10, 11, 13, 14, 15, 17, 18, 19, 20]","[2, 3, 4, 5, 6, 7, 10, 11, 13, 14, 15, 17, 18, 19, 20]",full_mesh,19729.917837069574,0.03447154199999858,15,0,0,0,0,799,15,13,15,1.0,1315.3278558046381,63474.58918534792,781,703,784
SELF-Q4-mixed-fixed_hash-496,496,mixed,fixed_hash,square_optical,True,all_sources_cleared_with_certificate,square,False,990.0,81,32,"[3, 4, 5, 7, 8, 9, 10, 11, 12, 13, 15, 16, 17, 18, 19, 20]","[3, 4, 5, 7, 8, 9, 10, 11, 12, 13, 15, 16, 17, 18, 19, 20]",count_upper_bound,15737.490136791723,0.04095337500000085,16,0,0,0,0,1281,16,7,16,1.0,983.5931335494827,48487.45068395865,366,335,1265
SELF-Q4-mixed-fixed_hash-497,497,mixed,fixed_hash,square_optical,True,all_sources_cleared_with_certificate,square,False,990.0,81,81,"[2, 4, 6, 7, 9, 10, 11, 12, 13, 18]","[2, 4, 6, 7, 9, 10, 11, 12, 13, 18]",full_mesh,18590.107499386402,0.02699691700000173,10,0,0,0,0,549,10,5,10,1.0,1859.0107499386402,58380.537496932055,888,807,539
SELF-Q4-mixed-fixed_hash-498,498,mixed,fixed_hash,square_optical,True,all_sources_cleared_with_certificate,square,False,990.0,81,81,"[1, 7, 8, 10, 12, 14, 16, 17, 18, 19, 20]","[1, 7, 8, 10, 12, 14, 16, 17, 18, 19, 20]",full_mesh,19820.95258830982,0.0316039580000016,11,0,0,0,0,740,11,5,11,1.0,1801.9047807554382,62154.76294154917,871,793,729
SELF-Q4-mixed-fixed_hash-499,499,mixed,fixed_hash,square_optical,True,all_sources_cleared_with_certificate,square,False,990.0,81,81,"[2, 4, 5, 6, 9, 10, 11, 12, 13, 15, 16, 18]","[2, 4, 5, 6, 9, 10, 11, 12, 13, 15, 16, 18]",full_mesh,20403.89424565321,0.03655299999999784,12,0,0,0,0,978,12,7,12,1.0,1700.3245204711009,65494.471228266106,738,657,966
SELF-Q4-mixed-fixed_hash-0,0,mixed,fixed_hash,square_active,True,all_sources_cleared_with_certificate,square,True,990.0,81,81,"[2, 5, 6, 7, 8, 9, 13, 14, 16, 20]","[2, 5, 6, 7, 8, 9, 13, 14, 16, 20]",full_mesh,15933.661860189464,0.014444375000000065,0,24,10,0,0,0,10,4,10,1.0,1593.3661860189463,50568.30930094731,969,925,0
SELF-Q4-mixed-fixed_hash-1,1,mixed,fixed_hash,square_active,True,all_sources_cleared_with_certificate,square,True,990.0,81,81,"[3, 4, 5, 7, 8, 9, 11, 13, 14, 15, 19]","[3, 4, 5, 7, 8, 9, 11, 13, 14, 15, 19]",full_mesh,15613.23497621209,0.015940499999999247,0,64,11,0,0,0,11,4,11,1.0,1419.3849978374628,49231.174881060455,960,912,0
SELF-Q4-mixed-fixed_hash-2,2,mixed,fixed_hash,square_active,True,all_sources_cleared_with_certificate,square,True,990.0,81,81,"[2, 3, 4, 5, 6, 10, 11, 12, 13, 15, 17, 19]","[2, 3, 4, 5, 6, 10, 11, 12, 13, 15, 17, 19]",full_mesh,15357.255728675298,0.015882624999999706,0,83,12,0,0,0,12,10,12,1.0,1279.7713107229415,50161.27864337649,883,850,0
SELF-Q4-mixed-fixed_hash-3,3,mixed,fixed_hash,square_active,True,all_sources_cleared_with_certificate,square,True,990.0,81,81,"[1, 2, 5, 8, 10, 11, 12, 13, 14, 15, 18, 19, 20]","[1, 2, 5, 8, 10, 11, 12, 13, 14, 15, 18, 19, 20]",full_mesh,15291.57498567583,0.015462458000001789,0,49,13,0,0,0,13,5,13,1.0,1176.274998898141,51437.87492837917,829,794,0
SELF-Q4-mixed-fixed_hash-4,4,mixed,fixed_hash,square_active,True,all_sources_cleared_with_certificate,square,True,990.0,81,81,"[1, 2, 3, 4, 5, 7, 8, 9, 10, 12, 13, 14, 16, 17]","[1, 2, 3, 4, 5, 7, 8, 9, 10, 12, 13, 14, 16, 17]",full_mesh,14629.789738700334,0.01311529199999839,0,26,14,0,0,0,14,9,14,1.0,1044.9849813357382,52103.948693501676,697,654,0
SELF-Q4-mixed-fixed_hash-5,5,mixed,fixed_hash,square_active,True,all_sources_cleared_with_certificate,square,True,990.0,81,81,"[1, 2, 3, 4, 8, 9, 11, 12, 13, 14, 16, 17, 18, 19, 20]","[1, 2, 3, 4, 8, 9, 11, 12, 13, 14, 16, 17, 18, 19, 20]",full_mesh,15832.490200344297,0.01646162500000159,0,89,15,0,0,0,15,14,15,1.0,1055.4993466896199,50752.45100172146,936,927,0
SELF-Q4-mixed-fixed_hash-6,6,mixed,fixed_hash,square_active,True,all_sources_cleared_with_certificate,square,True,990.0,81,65,"[1, 2, 3, 4, 6, 8, 9, 10, 11, 12, 14, 15, 16, 18, 19, 20]","[1, 2, 3, 4, 6, 8, 9, 10, 11, 12, 14, 15, 16, 18, 19, 20]",count_upper_bound,12897.721983910113,0.012565459000001056,0,60,15,1,3,0,16,12,16,1.0,806.107623994382,43948.60991955056,673,663,0
SELF-Q4-mixed-fixed_hash-7,7,mixed,fixed_hash,square_active,True,all_sources_cleared_with_certificate,square,True,990.0,81,81,"[2, 3, 5, 6, 9, 10, 11, 13, 14, 17]","[2, 3, 5, 6, 9, 10, 11, 13, 14, 17]",full_mesh,15601.616067352754,0.01416262499999732,0,45,10,0,0,0,10,1,10,1.0,1560.1616067352754,48338.08033676378,989,939,0
SELF-Q4-mixed-fixed_hash-8,8,mixed,fixed_hash,square_active,True,all_sources_cleared_with_certificate,square,True,990.0,81,81,"[1, 2, 3, 4, 5, 7, 8, 9, 12, 13, 19]","[1, 2, 3, 4, 5, 7, 8, 9, 12, 13, 19]",full_mesh,15979.369953080091,0.015159209000000118,0,43,11,0,0,0,11,4,11,1.0,1452.6699957345538,50161.849765400475,988,952,0
SELF-Q4-mixed-fixed_hash-9,9,mixed,fixed_hash,square_active,True,all_sources_cleared_with_certificate,square,True,990.0,81,81,"[1, 2, 5, 6, 8, 9, 11, 12, 14, 15, 16, 18]","[1, 2, 5, 6, 8, 9, 11, 12, 14, 15, 16, 18]",full_mesh,15188.874566350396,0.01415266699999762,0,47,12,0,0,0,12,6,12,1.0,1265.7395471958664,50164.37283175198,857,811,0
SELF-Q4-mixed-fixed_hash-10,10,mixed,fixed_hash,square_active,True,all_sources_cleared_with_certificate,square,True,990.0,81,81,"[1, 2, 3, 4, 5, 8, 11, 13, 14, 16, 17, 18, 19]","[1, 2, 3, 4, 5, 8, 11, 13, 14, 16, 17, 18, 19]",full_mesh,15410.959893275098,0.014110332999997865,0,45,13,0,0,0,13,6,13,1.0,1185.4584533288537,52029.79946637548,829,795,0
SELF-Q4-mixed-fixed_hash-11,11,mixed,fixed_hash,square_active,True,all_sources_cleared_with_certificate,square,True,990.0,81,81,"[2, 3, 4, 7, 8, 9, 10, 11, 13, 15, 17, 18, 19, 20]","[2, 3, 4, 7, 8, 9, 10, 11, 13, 15, 17, 18, 19, 20]",full_mesh,14432.950643098004,0.012117415999998826,0,65,14,0,0,0,14,5,14,1.0,1030.9250459355717,50979.75321549002,699,672,0
SELF-Q4-mixed-fixed_hash-12,12,mixed,fixed_hash,square_active,True,all_sources_cleared_with_certificate,square,True,990.0,81,81,"[1, 4, 5, 6, 7, 8, 9, 11, 12, 13, 14, 16, 17, 18, 20]","[1, 4, 5, 6, 7, 8, 9, 11, 12, 13, 14, 16, 17, 18, 20]",full_mesh,14224.2802798471,0.012995082999999852,0,39,15,0,0,0,15,3,15,1.0,948.2853519898067,51566.401399235496,647,601,0
SELF-Q4-mixed-fixed_hash-13,13,mixed,fixed_hash,square_active,True,all_sources_cleared_with_certificate,square,True,990.0,81,57,"[1, 2, 3, 4, 5, 6, 8, 9, 10, 11, 12, 13, 14, 15, 18, 19]","[1, 2, 3, 4, 5, 6, 8, 9, 10, 11, 12, 13, 14, 15, 18, 19]",count_upper_bound,11202.623248317419,0.012680290999998789,0,57,15,1,4,0,16,7,16,1.0,700.1639530198387,39463.11624158711,541,525,0
SELF-Q4-mixed-fixed_hash-14,14,mixed,fixed_hash,square_active,True,all_sources_cleared_with_certificate,square,True,990.0,81,81,"[2, 4, 5, 8, 9, 11, 12, 17, 18, 19]","[2, 4, 5, 8, 9, 11, 12, 17, 18, 19]",full_mesh,15555.238592269081,0.014169916000000171,0,39,10,0,0,0,10,5,10,1.0,1555.5238592269081,47711.19296134541,1001,958,0
SELF-Q4-mixed-fixed_hash-15,15,mixed,fixed_hash,square_active,True,all_sources_cleared_with_certificate,square,True,990.0,81,81,"[1, 2, 3, 4, 6, 7, 11, 13, 15, 17, 19]","[1, 2, 3, 4, 6, 7, 11, 13, 15, 17, 19]",full_mesh,15325.140534036516,0.014628209000001391,0,33,11,0,0,0,11,6,11,1.0,1393.1945940033197,48950.70267018258,921,875,0
SELF-Q4-mixed-fixed_hash-16,16,mixed,fixed_hash,square_active,True,all_sources_cleared_with_certificate,square,True,990.0,81,81,"[1, 4, 5, 7, 8, 10, 11, 12, 14, 15, 16, 19]","[1, 4, 5, 7, 8, 10, 11, 12, 14, 15, 16, 19]",full_mesh,15705.134423434434,0.0157527910000006,0,66,12,0,0,0,12,11,12,1.0,1308.7612019528694,49190.67211717215,972,947,0
SELF-Q4-mixed-fixed_hash-17,17,mixed,fixed_hash,square_active,True,all_sources_cleared_with_certificate,square,True,990.0,81,81,"[1, 2, 3, 5, 9, 10, 12, 13, 14, 17, 18, 19, 20]","[1, 2, 3, 5, 9, 10, 12, 13, 14, 17, 18, 19, 20]",full_mesh,15427.734918528358,0.016841416999998415,0,63,13,0,0,0,13,4,13,1.0,1186.7488398867968,49973.674592641786,900,868,0
SELF-Q4-mixed-fixed_hash-18,18,mixed,fixed_hash,square_active,True,all_sources_cleared_with_certificate,square,True,990.0,81,81,"[3, 4, 5, 6, 8, 10, 11, 12, 13, 14, 15, 16, 17, 19]","[3, 4, 5, 6, 8, 10, 11, 12, 13, 14, 15, 16, 17, 19]",full_mesh,14857.583693218337,0.014623166999999881,0,44,14,0,0,0,14,4,14,1.0,1061.255978087024,50727.91846609168,780,742,0
SELF-Q4-mixed-fixed_hash-19,19,mixed,fixed_hash,square_active,True,all_sources_cleared_with_certificate,square,True,990.0,81,81,"[2, 3, 4, 5, 6, 7, 9, 10, 11, 12, 16, 17, 18, 19, 20]","[2, 3, 4, 5, 6, 7, 9, 10, 11, 12, 16, 17, 18, 19, 20]",full_mesh,15000.797773759012,0.01487258299999894,0,62,15,0,0,0,15,6,15,1.0,1000.0531849172675,51418.98886879507,779,747,0
SELF-Q4-mixed-fixed_hash-20,20,mixed,fixed_hash,square_active,True,all_sources_cleared_with_certificate,square,True,990.0,81,46,"[1, 2, 3, 4, 5, 6, 7, 8, 9, 11, 12, 14, 16, 18, 19, 20]","[1, 2, 3, 4, 5, 6, 7, 8, 9, 11, 12, 14, 16, 18, 19, 20]",count_upper_bound,11153.700396869348,0.012635208000002507,0,44,10,8,11,0,16,4,16,1.0,697.1062748043342,35208.50198434675,673,661,2
SELF-Q4-mixed-fixed_hash-21,21,mixed,fixed_hash,square_active,True,all_sources_cleared_with_certificate,square,True,990.0,81,81,"[4, 6, 8, 9, 10, 13, 14, 16, 18, 19]","[4, 6, 8, 9, 10, 13, 14, 16, 18, 19]",full_mesh,15215.211589476618,0.013401250000001141,0,26,10,0,0,0,10,3,10,1.0,1521.5211589476617,47446.05794738307,954,906,0
SELF-Q4-mixed-fixed_hash-22,22,mixed,fixed_hash,square_active,True,all_sources_cleared_with_certificate,square,True,990.0,81,81,"[1, 2, 5, 6, 8, 11, 12, 14, 15, 16, 17]","[1, 2, 5, 6, 8, 11, 12, 14, 15, 16, 17]",full_mesh,15906.640192199091,0.015253624999999715,0,30,11,0,0,0,11,4,11,1.0,1446.0581992908265,49868.20096099546,987,943,0
SELF-Q4-mixed-fixed_hash-23,23,mixed,fixed_hash,square_active,True,all_sources_cleared_with_certificate,square,True,990.0,81,81,"[1, 3, 4, 5, 6, 7, 8, 9, 10, 14, 19, 20]","[1, 3, 4, 5, 6, 7, 8, 9, 10, 14, 19, 20]",full_mesh,14731.034782179797,0.013559083000000527,0,28,12,0,0,0,12,1,12,1.0,1227.5862318483164,49040.17391089898,819,768,0
SELF-Q4-mixed-fixed_hash-24,24,mixed,fixed_hash,square_active,True,all_sources_cleared_with_certificate,square,True,990.0,81,81,"[1, 2, 3, 4, 5, 6, 7, 11, 13, 14, 18, 19, 20]","[1, 2, 3, 4, 5, 6, 7, 11, 13, 14, 18, 19, 20]",full_mesh,15033.278334298248,0.01444804100000141,0,63,13,0,0,0,13,8,13,1.0,1156.4060257152498,50631.39167149123,814,772,0
SELF-Q4-mixed-fixed_hash-25,25,mixed,fixed_hash,square_active,True,all_sources_cleared_with_certificate,square,True,990.0,81,81,"[1, 2, 5, 7, 10, 12, 13, 14, 15, 16, 17, 18, 19, 20]","[1, 2, 5, 7, 10, 12, 13, 14, 15, 16, 17, 18, 19, 20]",full_mesh,14595.731825965082,0.01473045899999903,0,27,14,0,0,0,14,2,14,1.0,1042.55227328322,51228.65912982542,721,675,0
SELF-Q4-mixed-fixed_hash-26,26,mixed,fixed_hash,square_active,True,all_sources_cleared_with_certificate,square,True,990.0,81,81,"[1, 2, 3, 4, 5, 6, 7, 8, 9, 10, 11, 13, 14, 15, 20]","[1, 2, 3, 4, 5, 6, 7, 8, 9, 10, 11, 13, 14, 15, 20]",full_mesh,14630.578716487917,0.013655332999999104,0,45,15,0,0,0,15,4,15,1.0,975.3719144325278,51857.89358243959,703,669,0
SELF-Q4-mixed-fixed_hash-27,27,mixed,fixed_hash,square_active,True,all_sources_cleared_with_certificate,square,True,990.0,81,68,"[2, 3, 4, 5, 6, 7, 9, 10, 12, 13, 14, 15, 16, 17, 19, 20]","[2, 3, 4, 5, 6, 7, 9, 10, 12, 13, 14, 15, 16, 17, 19, 20]",count_upper_bound,13149.457304106509,0.0137305000000012,0,33,15,1,1,0,16,14,16,1.0,821.8410815066568,45482.28652053252,666,643,0
SELF-Q4-mixed-fixed_hash-28,28,mixed,fixed_hash,square_active,True,all_sources_cleared_with_certificate,square,True,990.0,81,81,"[3, 4, 5, 6, 7, 8, 11, 16, 18, 20]","[3, 4, 5, 6, 7, 8, 11, 16, 18, 20]",full_mesh,16231.219206118081,0.015250833999999713,0,37,10,0,0,0,10,4,10,1.0,1623.121920611808,49656.09603059039,1048,1010,0
SELF-Q4-mixed-fixed_hash-29,29,mixed,fixed_hash,square_active,True,all_sources_cleared_with_certificate,square,True,990.0,81,81,"[1, 3, 6, 7, 9, 10, 11, 12, 13, 18, 19]","[1, 3, 6, 7, 9, 10, 11, 12, 13, 18, 19]",full_mesh,15824.174665751332,0.015684165999999777,0,11,11,0,0,0,11,2,11,1.0,1438.5613332501212,50100.87332875667,966,919,0
SELF-Q4-mixed-fixed_hash-30,30,mixed,fixed_hash,square_active,True,all_sources_cleared_with_certificate,square,True,990.0,81,81,"[1, 2, 3, 7, 8, 9, 10, 11, 14, 17, 18, 20]","[1, 2, 3, 7, 8, 9, 10, 11, 14, 17, 18, 20]",full_mesh,16264.909700974085,0.015514834000001088,0,26,12,0,0,0,12,1,12,1.0,1355.4091417478405,52259.54850487045,965,928,0
SELF-Q4-mixed-fixed_hash-31,31,mixed,fixed_hash,square_active,True,all_sources_cleared_with_certificate,square,True,990.0,81,81,"[1, 2, 3, 4, 5, 9, 11, 13, 15, 16, 17, 18, 20]","[1, 2, 3, 4, 5, 9, 11, 13, 15, 16, 17, 18, 20]",full_mesh,14869.190101005157,0.015128457999999512,0,90,13,0,0,0,13,12,13,1.0,1143.7838539234735,48325.95050502577,863,824,0
SELF-Q4-mixed-fixed_hash-32,32,mixed,fixed_hash,square_active,True,all_sources_cleared_with_certificate,square,True,990.0,81,81,"[1, 2, 3, 5, 6, 7, 8, 9, 10, 12, 14, 16, 17, 19]","[1, 2, 3, 5, 6, 7, 8, 9, 10, 12, 14, 16, 17, 19]",full_mesh,14393.579992291623,0.012893500000000557,0,23,14,0,0,0,14,1,14,1.0,1028.1128565922588,50662.89996145812,707,656,0
SELF-Q4-mixed-fixed_hash-33,33,mixed,fixed_hash,square_active,True,all_sources_cleared_with_certificate,square,True,990.0,81,81,"[3, 5, 6, 8, 9, 10, 11, 13, 14, 15, 16, 17, 18, 19, 20]","[3, 5, 6, 8, 9, 10, 11, 13, 14, 15, 16, 17, 18, 19, 20]",full_mesh,14676.874853524463,0.012893625000000242,0,73,15,0,0,0,15,8,15,1.0,978.4583235682975,52129.374267622305,701,671,0
SELF-Q4-mixed-fixed_hash-34,34,mixed,fixed_hash,square_active,True,all_sources_cleared_with_certificate,square,True,990.0,81,31,"[1, 2, 5, 6, 7, 8, 10, 11, 12, 13, 14, 15, 17, 18, 19, 20]","[1, 2, 5, 6, 7, 8, 10, 11, 12, 13, 14, 15, 17, 18, 19, 20]",count_upper_bound,6924.434630921296,0.007735708000002006,0,22,13,4,4,0,16,2,16,1.0,432.777164432581,25052.173154606488,308,291,1
SELF-Q4-mixed-fixed_hash-35,35,mixed,fixed_hash,square_active,True,all_sources_cleared_with_certificate,square,True,990.0,81,81,"[1, 5, 7, 10, 11, 15, 16, 18, 19, 20]","[1, 5, 7, 10, 11, 15, 16, 18, 19, 20]",full_mesh,16524.664942007894,0.01544979200000185,0,64,10,0,0,0,10,9,10,1.0,1652.4664942007894,49913.32471003946,1086,1062,0
SELF-Q4-mixed-fixed_hash-36,36,mixed,fixed_hash,square_active,True,all_sources_cleared_with_certificate,square,True,990.0,81,81,"[1, 2, 3, 4, 5, 9, 10, 11, 16, 18, 20]","[1, 2, 3, 4, 5, 9, 10, 11, 16, 18, 20]",full_mesh,15537.89755523472,0.014971917000000445,0,39,11,0,0,0,11,7,11,1.0,1412.5361413849746,48304.4877761736,977,937,0
SELF-Q4-mixed-fixed_hash-37,37,mixed,fixed_hash,square_active,True,all_sources_cleared_with_certificate,square,True,990.0,81,81,"[2, 3, 5, 8, 9, 11, 12, 13, 15, 17, 18, 20]","[2, 3, 5, 8, 9, 11, 12, 13, 15, 17, 18, 20]",full_mesh,14942.098666175014,0.014470124999999001,0,69,12,0,0,0,12,7,12,1.0,1245.1748888479178,48880.49333087509,856,826,0
SELF-Q4-mixed-fixed_hash-38,38,mixed,fixed_hash,square_active,True,all_sources_cleared_with_certificate,square,True,990.0,81,81,"[1, 3, 4, 6, 8, 9, 10, 12, 13, 14, 16, 17, 20]","[1, 3, 4, 6, 8, 9, 10, 12, 13, 14, 16, 17, 20]",full_mesh,14901.41620421565,0.013618999999998493,0,61,13,0,0,0,13,5,13,1.0,1146.2627849396654,49847.08102107826,818,777,0
SELF-Q4-mixed-fixed_hash-39,39,mixed,fixed_hash,square_active,True,all_sources_cleared_with_certificate,square,True,990.0,81,81,"[1, 3, 4, 5, 6, 7, 9, 10, 12, 13, 14, 16, 17, 20]","[1, 3, 4, 5, 6, 7, 9, 10, 12, 13, 14, 16, 17, 20]",full_mesh,14352.021792343974,0.013232834000000082,0,15,14,0,0,0,14,1,14,1.0,1025.1444137388553,51690.10896171987,666,614,0
SELF-Q4-mixed-fixed_hash-40,40,mixed,fixed_hash,square_active,True,all_sources_cleared_with_certificate,square,True,990.0,81,81,"[2, 3, 4, 5, 6, 8, 9, 11, 12, 13, 14, 15, 17, 19, 20]","[2, 3, 4, 5, 6, 8, 9, 11, 12, 13, 14, 15, 17, 19, 20]",full_mesh,15675.055758198867,0.014870333000001068,0,59,15,0,0,0,15,14,15,1.0,1045.0037172132577,51990.27879099434,871,847,0
SELF-Q4-mixed-fixed_hash-41,41,mixed,fixed_hash,square_active,True,all_sources_cleared_with_certificate,square,True,990.0,81,56,"[1, 4, 5, 6, 7, 8, 9, 10, 11, 12, 13, 14, 16, 17, 18, 20]","[1, 4, 5, 6, 7, 8, 9, 10, 11, 12, 13, 14, 16, 17, 18, 20]",count_upper_bound,10376.668184338338,0.010792083000001895,0,43,16,1,2,0,16,3,16,1.0,648.5417615211461,37933.34092169169,456,427,1
SELF-Q4-mixed-fixed_hash-42,42,mixed,fixed_hash,square_active,True,all_sources_cleared_with_certificate,square,True,990.0,81,81,"[1, 2, 3, 4, 8, 9, 11, 12, 17, 18]","[1, 2, 3, 4, 8, 9, 11, 12, 17, 18]",full_mesh,15521.18362527179,0.012857083000000102,0,15,10,0,0,0,10,2,10,1.0,1552.118362527179,49845.91812635894,926,872,0
SELF-Q4-mixed-fixed_hash-43,43,mixed,fixed_hash,square_active,True,all_sources_cleared_with_certificate,square,True,990.0,81,81,"[2, 5, 8, 10, 11, 12, 13, 15, 16, 19, 20]","[2, 5, 8, 10, 11, 12, 13, 15, 16, 19, 20]",full_mesh,15967.681385850894,0.015557041999997523,0,30,11,0,0,0,11,8,11,1.0,1451.6073987137177,49638.40692925448,1004,965,0
SELF-Q4-mixed-fixed_hash-44,44,mixed,fixed_hash,square_active,True,all_sources_cleared_with_certificate,square,True,990.0,81,81,"[1, 2, 4, 5, 6, 7, 12, 14, 17, 18, 19, 20]","[1, 2, 4, 5, 6, 7, 12, 14, 17, 18, 19, 20]",full_mesh,15546.015843809297,0.015051291999998995,0,39,12,0,0,0,12,2,12,1.0,1295.5013203174415,52085.07921904648,852,809,0
SELF-Q4-mixed-fixed_hash-45,45,mixed,fixed_hash,square_active,True,all_sources_cleared_with_certificate,square,True,990.0,81,81,"[1, 2, 3, 5, 6, 8, 9, 12, 13, 14, 15, 16, 20]","[1, 2, 3, 5, 6, 8, 9, 12, 13, 14, 15, 16, 20]",full_mesh,15090.705200022927,0.014735957999999272,0,42,13,0,0,0,13,2,13,1.0,1160.8234769248406,49553.52600011466,858,825,0
SELF-Q4-mixed-fixed_hash-46,46,mixed,fixed_hash,square_active,True,all_sources_cleared_with_certificate,square,True,990.0,81,81,"[1, 2, 3, 5, 6, 7, 8, 9, 10, 11, 12, 13, 18, 19]","[1, 2, 3, 5, 6, 7, 8, 9, 10, 11, 12, 13, 18, 19]",full_mesh,14761.454328625972,0.013403332999999407,0,41,14,0,0,0,14,1,14,1.0,1054.3895949018552,50472.27164312986,773,732,0
SELF-Q4-mixed-fixed_hash-47,47,mixed,fixed_hash,square_active,True,all_sources_cleared_with_certificate,square,True,990.0,81,81,"[1, 3, 5, 7, 8, 9, 10, 11, 12, 13, 14, 15, 16, 18, 20]","[1, 3, 5, 7, 8, 9, 10, 11, 12, 13, 14, 15, 16, 18, 20]",full_mesh,14643.487871976757,0.014735166000001243,0,54,15,0,0,0,15,5,15,1.0,976.2325247984504,50442.439359883785,752,720,0
SELF-Q4-mixed-fixed_hash-48,48,mixed,fixed_hash,square_active,True,all_sources_cleared_with_certificate,square,True,990.0,81,66,"[2, 3, 4, 5, 6, 7, 8, 10, 11, 12, 13, 15, 16, 17, 18, 20]","[2, 3, 4, 5, 6, 7, 8, 10, 11, 12, 13, 15, 16, 17, 18, 20]",count_upper_bound,12447.93647292316,0.012778541999999504,0,63,16,1,3,0,16,14,16,1.0,777.9960295576975,44749.682364615786,574,545,1
SELF-Q4-mixed-fixed_hash-49,49,mixed,fixed_hash,square_active,True,all_sources_cleared_with_certificate,square,True,990.0,81,81,"[1, 3, 4, 9, 11, 12, 13, 14, 16, 18]","[1, 3, 4, 9, 11, 12, 13, 14, 16, 18]",full_mesh,15655.869783914328,0.015116791000000518,0,29,10,0,0,0,10,1,10,1.0,1565.5869783914327,49824.34891957165,948,901,0
SELF-Q4-mixed-fixed_hash-50,50,mixed,fixed_hash,square_active,True,all_sources_cleared_with_certificate,square,True,990.0,81,81,"[2, 4, 6, 8, 9, 12, 13, 14, 16, 19, 20]","[2, 4, 6, 8, 9, 12, 13, 14, 16, 19, 20]",full_mesh,16378.03267948142,0.01625124999999983,0,48,11,0,0,0,11,9,11,1.0,1488.912061771038,49285.16339740711,1082,1056,0
SELF-Q4-mixed-fixed_hash-51,51,mixed,fixed_hash,square_active,True,all_sources_cleared_with_certificate,square,True,990.0,81,81,"[4, 5, 6, 7, 8, 9, 13, 14, 16, 17, 18, 20]","[4, 5, 6, 7, 8, 9, 13, 14, 16, 17, 18, 20]",full_mesh,16019.337735002659,0.015850707999998548,0,56,12,0,0,0,12,9,12,1.0,1334.9448112502216,50936.688675013276,969,927,0
SELF-Q4-mixed-fixed_hash-52,52,mixed,fixed_hash,square_active,True,all_sources_cleared_with_certificate,square,True,990.0,81,81,"[1, 2, 3, 6, 7, 8, 9, 12, 13, 15, 16, 17, 18]","[1, 2, 3, 6, 7, 8, 9, 12, 13, 15, 16, 17, 18]",full_mesh,14925.91561028544,0.014258749999999765,0,52,13,0,0,0,13,11,13,1.0,1148.1473546373416,50069.5780514272,814,777,0
SELF-Q4-mixed-fixed_hash-53,53,mixed,fixed_hash,square_active,True,all_sources_cleared_with_certificate,square,True,990.0,81,81,"[1, 3, 6, 7, 8, 9, 10, 11, 12, 15, 16, 17, 18, 20]","[1, 3, 6, 7, 8, 9, 10, 11, 12, 15, 16, 17, 18, 20]",full_mesh,15746.66826483288,0.015518000000000143,0,44,14,0,0,0,14,12,14,1.0,1124.7620189166344,49103.341324164394,981,951,0
SELF-Q4-mixed-fixed_hash-54,54,mixed,fixed_hash,square_active,True,all_sources_cleared_with_certificate,square,True,990.0,81,81,"[2, 4, 5, 6, 7, 8, 10, 12, 13, 14, 15, 16, 17, 18, 19]","[2, 4, 5, 6, 7, 8, 10, 12, 13, 14, 15, 16, 17, 18, 19]",full_mesh,14118.746258688956,0.014030125000001448,0,33,15,0,0,0,15,1,15,1.0,941.2497505792637,50183.73129344481,676,627,0
SELF-Q4-mixed-fixed_hash-55,55,mixed,fixed_hash,square_active,True,all_sources_cleared_with_certificate,square,True,990.0,81,31,"[2, 3, 4, 5, 6, 7, 8, 9, 10, 12, 13, 16, 17, 18, 19, 20]","[2, 3, 4, 5, 6, 7, 8, 9, 10, 12, 13, 16, 17, 18, 19, 20]",count_upper_bound,6957.547591586971,0.008104374999998498,0,31,16,1,5,0,16,6,16,1.0,434.8467244741857,24997.73795793485,314,305,1
SELF-Q4-mixed-fixed_hash-56,56,mixed,fixed_hash,square_active,True,all_sources_cleared_with_certificate,square,True,990.0,81,81,"[1, 4, 7, 9, 10, 12, 13, 16, 17, 18]","[1, 4, 7, 9, 10, 12, 13, 16, 17, 18]",full_mesh,15571.605581422451,0.013242333000000883,0,36,10,0,0,0,10,2,10,1.0,1557.160558142245,49413.02790711224,948,899,0
SELF-Q4-mixed-fixed_hash-57,57,mixed,fixed_hash,square_active,True,all_sources_cleared_with_certificate,square,True,990.0,81,81,"[1, 2, 5, 7, 8, 11, 12, 13, 16, 17, 18]","[1, 2, 5, 7, 8, 11, 12, 13, 16, 17, 18]",full_mesh,15447.290936885543,0.013971040999997797,0,39,11,0,0,0,11,3,11,1.0,1404.299176080504,49881.454684427714,909,871,0
SELF-Q4-mixed-fixed_hash-58,58,mixed,fixed_hash,square_active,True,all_sources_cleared_with_certificate,square,True,990.0,81,81,"[2, 4, 5, 6, 7, 8, 11, 14, 17, 18, 19, 20]","[2, 4, 5, 6, 7, 8, 11, 14, 17, 18, 19, 20]",full_mesh,16493.714264529994,0.016513541999998438,0,65,12,0,0,0,12,10,12,1.0,1374.4761887108327,51693.57132264998,1021,990,0
SELF-Q4-mixed-fixed_hash-59,59,mixed,fixed_hash,square_active,True,all_sources_cleared_with_certificate,square,True,990.0,81,81,"[1, 3, 5, 8, 10, 11, 12, 13, 14, 15, 16, 17, 20]","[1, 3, 5, 8, 10, 11, 12, 13, 14, 15, 16, 17, 20]",full_mesh,15090.51550422071,0.013903125000002348,0,71,13,0,0,0,13,7,13,1.0,1160.8088849400547,50707.57752110357,820,784,0
SELF-Q4-mixed-fixed_hash-60,60,mixed,fixed_hash,square_active,True,all_sources_cleared_with_certificate,square,True,990.0,81,81,"[1, 2, 3, 4, 5, 6, 8, 9, 10, 13, 14, 16, 17, 20]","[1, 2, 3, 4, 5, 6, 8, 9, 10, 13, 14, 16, 17, 20]",full_mesh,14785.38733272893,0.01253666599999903,0,41,14,0,0,0,14,1,14,1.0,1056.0990951949236,52391.93666364466,713,672,0
SELF-Q4-mixed-fixed_hash-61,61,mixed,fixed_hash,square_active,True,all_sources_cleared_with_certificate,square,True,990.0,81,81,"[1, 4, 5, 6, 7, 8, 9, 11, 12, 13, 14, 16, 18, 19, 20]","[1, 4, 5, 6, 7, 8, 9, 11, 12, 13, 14, 16, 18, 19, 20]",full_mesh,14551.893281132261,0.013779792000001123,0,63,15,0,0,0,15,8,15,1.0,970.1262187421507,51504.46640566131,700,676,0
SELF-Q4-mixed-fixed_hash-62,62,mixed,fixed_hash,square_active,True,all_sources_cleared_with_certificate,square,True,990.0,81,55,"[1, 2, 3, 5, 6, 8, 9, 10, 11, 12, 13, 14, 15, 18, 19, 20]","[1, 2, 3, 5, 6, 8, 9, 10, 11, 12, 13, 14, 15, 18, 19, 20]",count_upper_bound,11679.065373259764,0.013774667000003404,0,58,12,4,3,0,16,14,16,1.0,729.9415858287352,38740.326866298805,644,631,0
SELF-Q4-mixed-fixed_hash-63,63,mixed,fixed_hash,square_active,True,all_sources_cleared_with_certificate,square,True,990.0,81,81,"[2, 7, 9, 10, 11, 12, 14, 15, 16, 20]","[2, 7, 9, 10, 11, 12, 14, 15, 16, 20]",full_mesh,14693.057369123104,0.012561166999997653,0,4,10,0,0,0,10,2,10,1.0,1469.3057369123103,46385.28684561553,905,841,0
SELF-Q4-mixed-fixed_hash-64,64,mixed,fixed_hash,square_active,True,all_sources_cleared_with_certificate,square,True,990.0,81,81,"[1, 3, 4, 5, 7, 11, 12, 13, 16, 18, 19]","[1, 3, 4, 5, 7, 11, 12, 13, 16, 18, 19]",full_mesh,15951.213827042207,0.014858458999999158,0,55,11,0,0,0,11,2,11,1.0,1450.1103479129279,50286.069135211044,979,944,0
SELF-Q4-mixed-fixed_hash-65,65,mixed,fixed_hash,square_active,True,all_sources_cleared_with_certificate,square,True,990.0,81,81,"[6, 7, 8, 9, 10, 13, 14, 15, 16, 17, 19, 20]","[6, 7, 8, 9, 10, 13, 14, 15, 16, 17, 19, 20]",full_mesh,15437.857747743545,0.014518958000000026,0,25,12,0,0,0,12,4,12,1.0,1286.4881456452954,49454.288738717725,922,877,0
SELF-Q4-mixed-fixed_hash-66,66,mixed,fixed_hash,square_active,True,all_sources_cleared_with_certificate,square,True,990.0,81,81,"[2, 3, 5, 8, 9, 10, 13, 14, 15, 16, 17, 19, 20]","[2, 3, 5, 8, 9, 10, 13, 14, 15, 16, 17, 19, 20]",full_mesh,15686.23467015955,0.015647291999997037,0,71,13,0,0,0,13,9,13,1.0,1206.6334361661193,50346.17335079775,930,902,0
SELF-Q4-mixed-fixed_hash-67,67,mixed,fixed_hash,square_active,True,all_sources_cleared_with_certificate,square,True,990.0,81,81,"[1, 3, 4, 5, 6, 7, 8, 10, 14, 15, 16, 17, 18, 19]","[1, 3, 4, 5, 6, 7, 8, 10, 14, 15, 16, 17, 18, 19]",full_mesh,15006.438769788025,0.015560750000002344,0,27,14,0,0,0,14,3,14,1.0,1071.8884835562874,52512.193848940115,745,709,0
SELF-Q4-mixed-fixed_hash-68,68,mixed,fixed_hash,square_active,True,all_sources_cleared_with_certificate,square,True,990.0,81,81,"[2, 4, 5, 6, 8, 9, 11, 12, 13, 14, 15, 16, 17, 19, 20]","[2, 4, 5, 6, 8, 9, 11, 12, 13, 14, 15, 16, 17, 19, 20]",full_mesh,14241.86105466539,0.013820082999998817,0,95,15,0,0,0,15,11,15,1.0,949.4574036443594,50114.30527332693,697,659,0
SELF-Q4-mixed-fixed_hash-69,69,mixed,fixed_hash,square_active,True,all_sources_cleared_with_certificate,square,True,990.0,81,31,"[2, 3, 4, 5, 6, 7, 8, 9, 10, 11, 12, 13, 14, 16, 17, 18]","[2, 3, 4, 5, 6, 7, 8, 9, 10, 11, 12, 13, 14, 16, 17, 18]",count_upper_bound,8099.582786158028,0.012112875000003243,1,56,14,3,10,96,16,9,16,1.0,506.22392413487677,28842.91393079013,328,320,97
SELF-Q4-mixed-fixed_hash-70,70,mixed,fixed_hash,square_active,True,all_sources_cleared_with_certificate,square,True,990.0,81,81,"[2, 3, 4, 5, 6, 10, 11, 12, 15, 18]","[2, 3, 4, 5, 6, 10, 11, 12, 15, 18]",full_mesh,15986.749011843458,0.015600833000000591,0,46,10,0,0,0,10,4,10,1.0,1598.6749011843458,50248.74505921729,988,947,0
SELF-Q4-mixed-fixed_hash-71,71,mixed,fixed_hash,square_active,True,all_sources_cleared_with_certificate,square,True,990.0,81,81,"[1, 2, 4, 5, 9, 11, 13, 14, 15, 16, 17]","[1, 2, 4, 5, 9, 11, 13, 14, 15, 16, 17]",full_mesh,15384.444805228657,0.01564216699999932,0,74,11,0,0,0,11,9,11,1.0,1398.5858913844233,48197.224026143296,955,915,0
SELF-Q4-mixed-fixed_hash-72,72,mixed,fixed_hash,square_active,True,all_sources_cleared_with_certificate,square,True,990.0,81,81,"[3, 4, 6, 10, 11, 12, 15, 16, 17, 18, 19, 20]","[3, 4, 6, 10, 11, 12, 15, 16, 17, 18, 19, 20]",full_mesh,15712.803421782597,0.016831708000001555,0,36,12,0,0,0,12,7,12,1.0,1309.4002851485498,50979.017108912994,914,887,0
SELF-Q4-mixed-fixed_hash-73,73,mixed,fixed_hash,square_active,True,all_sources_cleared_with_certificate,square,True,990.0,81,81,"[2, 4, 5, 6, 7, 8, 9, 10, 15, 16, 17, 19, 20]","[2, 4, 5, 6, 7, 8, 9, 10, 15, 16, 17, 19, 20]",full_mesh,15834.007766137976,0.016014375000001024,0,60,13,0,0,0,13,8,13,1.0,1218.0005973952289,49265.03883068989,990,966,0
SELF-Q4-mixed-fixed_hash-74,74,mixed,fixed_hash,square_active,True,all_sources_cleared_with_certificate,square,True,990.0,81,81,"[2, 3, 4, 5, 6, 8, 9, 11, 13, 14, 16, 17, 18, 20]","[2, 3, 4, 5, 6, 8, 9, 11, 13, 14, 16, 17, 18, 20]",full_mesh,14411.40710982708,0.014437749999999028,0,31,14,0,0,0,14,5,14,1.0,1029.3862221305058,50247.03554913541,722,682,0
SELF-Q4-mixed-fixed_hash-75,75,mixed,fixed_hash,square_active,True,all_sources_cleared_with_certificate,square,True,990.0,81,81,"[2, 3, 6, 8, 9, 11, 12, 13, 14, 15, 16, 17, 18, 19, 20]","[2, 3, 6, 8, 9, 11, 12, 13, 14, 15, 16, 17, 18, 19, 20]",full_mesh,14246.612481012511,0.01382604199999804,0,49,15,0,0,0,15,2,15,1.0,949.774165400834,53338.062405062556,592,544,0
SELF-Q4-mixed-fixed_hash-76,76,mixed,fixed_hash,square_active,True,all_sources_cleared_with_certificate,square,True,990.0,81,41,"[1, 3, 4, 5, 6, 7, 8, 10, 12, 13, 15, 16, 17, 18, 19, 20]","[1, 3, 4, 5, 6, 7, 8, 10, 12, 13, 15, 16, 17, 18, 19, 20]",count_upper_bound,9457.389780605323,0.010865791000000513,0,56,12,6,5,0,16,4,16,1.0,591.0868612878327,33056.948903026605,462,450,2
SELF-Q4-mixed-fixed_hash-77,77,mixed,fixed_hash,square_active,True,all_sources_cleared_with_certificate,square,True,990.0,81,81,"[2, 5, 7, 8, 9, 11, 14, 17, 18, 20]","[2, 5, 7, 8, 9, 11, 14, 17, 18, 20]",full_mesh,16561.8777696961,0.01563337500000017,0,37,10,0,0,0,10,4,10,1.0,1656.18777696961,49414.3888484805,1111,1074,0
SELF-Q4-mixed-fixed_hash-78,78,mixed,fixed_hash,square_active,True,all_sources_cleared_with_certificate,square,True,990.0,81,81,"[1, 3, 4, 7, 9, 10, 11, 13, 14, 15, 20]","[1, 3, 4, 7, 9, 10, 11, 13, 14, 15, 20]",full_mesh,16097.635694656155,0.016333958000000592,0,29,11,0,0,0,11,4,11,1.0,1463.4214267869231,49183.17847328077,1040,1006,0
SELF-Q4-mixed-fixed_hash-79,79,mixed,fixed_hash,square_active,True,all_sources_cleared_with_certificate,square,True,990.0,81,81,"[2, 3, 4, 5, 6, 8, 12, 14, 15, 16, 17, 18]","[2, 3, 4, 5, 6, 8, 12, 14, 15, 16, 17, 18]",full_mesh,15434.636101087559,0.01582029200000079,0,37,12,0,0,0,12,1,12,1.0,1286.2196750906298,49343.18050543779,925,881,0
SELF-Q4-mixed-fixed_hash-80,80,mixed,fixed_hash,square_active,True,all_sources_cleared_with_certificate,square,True,990.0,81,81,"[1, 4, 6, 7, 9, 12, 13, 14, 15, 17, 18, 19, 20]","[1, 4, 6, 7, 9, 12, 13, 14, 15, 17, 18, 19, 20]",full_mesh,15718.859977667202,0.015348082999999235,0,21,13,0,0,0,13,10,13,1.0,1209.1430752051695,51629.29988833602,894,858,0
SELF-Q4-mixed-fixed_hash-81,81,mixed,fixed_hash,square_active,True,all_sources_cleared_with_certificate,square,True,990.0,81,81,"[1, 3, 6, 8, 10, 11, 12, 13, 14, 15, 16, 17, 19, 20]","[1, 3, 6, 8, 10, 11, 12, 13, 14, 15, 16, 17, 19, 20]",full_mesh,14694.822914027365,0.014254749999999206,0,115,14,0,0,0,14,12,14,1.0,1049.6302081448118,50124.11457013682,770,750,0
SELF-Q4-mixed-fixed_hash-82,82,mixed,fixed_hash,square_active,True,all_sources_cleared_with_certificate,square,True,990.0,81,81,"[1, 3, 5, 6, 7, 8, 10, 11, 12, 13, 14, 16, 17, 18, 20]","[1, 3, 5, 6, 7, 8, 10, 11, 12, 13, 14, 16, 17, 18, 20]",full_mesh,14646.81067785604,0.015261667000000756,0,39,15,0,0,0,15,4,15,1.0,976.4540451904027,52454.0533892802,686,651,0
SELF-Q4-mixed-fixed_hash-83,83,mixed,fixed_hash,square_active,True,all_sources_cleared_with_certificate,square,True,990.0,81,46,"[1, 2, 3, 4, 5, 7, 11, 12, 13, 14, 15, 16, 17, 18, 19, 20]","[1, 2, 3, 4, 5, 7, 11, 12, 13, 14, 15, 16, 17, 18, 19, 20]",count_upper_bound,10018.871882346382,0.011782707999998365,0,41,12,4,2,0,16,3,16,1.0,626.1794926466489,36589.35941173191,440,421,0
SELF-Q4-mixed-fixed_hash-84,84,mixed,fixed_hash,square_active,True,all_sources_cleared_with_certificate,square,True,990.0,81,81,"[1, 2, 4, 8, 9, 10, 11, 13, 14, 16]","[1, 2, 4, 8, 9, 10, 11, 13, 14, 16]",full_mesh,16151.230235103527,0.014961249999998927,0,37,10,0,0,0,10,6,10,1.0,1615.1230235103526,50991.15117551763,991,948,0
SELF-Q4-mixed-fixed_hash-85,85,mixed,fixed_hash,square_active,True,all_sources_cleared_with_certificate,square,True,990.0,81,81,"[4, 6, 7, 8, 10, 11, 13, 14, 16, 19, 20]","[4, 6, 7, 8, 10, 11, 13, 14, 16, 19, 20]",full_mesh,15451.045597817143,0.014201416999998884,0,41,11,0,0,0,11,7,11,1.0,1404.6405088924676,49210.22798908573,931,899,0
SELF-Q4-mixed-fixed_hash-86,86,mixed,fixed_hash,square_active,True,all_sources_cleared_with_certificate,square,True,990.0,81,81,"[1, 2, 3, 5, 7, 9, 11, 12, 15, 18, 19, 20]","[1, 2, 3, 5, 7, 9, 11, 12, 15, 18, 19, 20]",full_mesh,16265.424549423758,0.016815250000000503,0,45,12,0,0,0,12,9,12,1.0,1355.4520457853132,53132.12274711879,935,904,0
SELF-Q4-mixed-fixed_hash-87,87,mixed,fixed_hash,square_active,True,all_sources_cleared_with_certificate,square,True,990.0,81,81,"[1, 2, 4, 5, 6, 7, 9, 11, 13, 14, 15, 16, 18]","[1, 2, 4, 5, 6, 7, 9, 11, 13, 14, 15, 16, 18]",full_mesh,14781.356959587029,0.01408537500000051,0,30,13,0,0,0,13,5,13,1.0,1137.0274584297715,50366.78479793512,781,738,0
SELF-Q4-mixed-fixed_hash-88,88,mixed,fixed_hash,square_active,True,all_sources_cleared_with_certificate,square,True,990.0,81,81,"[1, 3, 4, 6, 7, 8, 9, 11, 12, 13, 14, 16, 17, 20]","[1, 3, 4, 6, 7, 8, 9, 11, 12, 13, 14, 16, 17, 20]",full_mesh,15303.110310216214,0.016281792000000905,0,84,14,0,0,0,14,12,14,1.0,1093.0793078725867,50730.55155108106,851,832,0
SELF-Q4-mixed-fixed_hash-89,89,mixed,fixed_hash,square_active,True,all_sources_cleared_with_certificate,square,True,990.0,81,81,"[2, 3, 4, 5, 6, 7, 8, 9, 10, 12, 14, 16, 17, 18, 20]","[2, 3, 4, 5, 6, 7, 8, 9, 10, 12, 14, 16, 17, 18, 20]",full_mesh,14101.448405596939,0.013960666999999205,0,49,15,0,0,0,15,8,15,1.0,940.0965603731293,49702.2420279847,687,651,0
SELF-Q4-mixed-fixed_hash-90,90,mixed,fixed_hash,square_active,True,all_sources_cleared_with_certificate,square,True,990.0,81,32,"[1, 2, 3, 5, 6, 7, 8, 9, 10, 11, 12, 13, 14, 16, 17, 18]","[1, 2, 3, 5, 6, 7, 8, 9, 10, 11, 12, 13, 14, 16, 17, 18]",count_upper_bound,7153.132873205089,0.0088896250000019,0,22,11,5,3,0,16,1,16,1.0,447.07080457531805,26430.66436602544,301,282,0
SELF-Q4-mixed-fixed_hash-91,91,mixed,fixed_hash,square_active,True,all_sources_cleared_with_certificate,square,True,990.0,81,81,"[3, 6, 8, 12, 13, 14, 15, 16, 18, 19]","[3, 6, 8, 12, 13, 14, 15, 16, 18, 19]",full_mesh,15937.15127469094,0.014602833000001425,0,22,10,0,0,0,10,8,10,1.0,1593.7151274690939,48070.75637345471,1054,1003,0
SELF-Q4-mixed-fixed_hash-92,92,mixed,fixed_hash,square_active,True,all_sources_cleared_with_certificate,square,True,990.0,81,81,"[2, 3, 4, 8, 9, 10, 14, 15, 17, 18, 19]","[2, 3, 4, 8, 9, 10, 14, 15, 17, 18, 19]",full_mesh,15663.436432998833,0.014727749999998707,0,22,11,0,0,0,11,6,11,1.0,1423.9487666362575,50662.18216499417,920,876,0
SELF-Q4-mixed-fixed_hash-93,93,mixed,fixed_hash,square_active,True,all_sources_cleared_with_certificate,square,True,990.0,81,81,"[1, 2, 3, 4, 6, 7, 12, 13, 14, 16, 19, 20]","[1, 2, 3, 4, 6, 7, 12, 13, 14, 16, 19, 20]",full_mesh,15813.712787672943,0.01414187499999997,0,47,12,0,0,0,12,10,12,1.0,1317.8093989727452,52078.56393836473,895,863,0
SELF-Q4-mixed-fixed_hash-94,94,mixed,fixed_hash,square_active,True,all_sources_cleared_with_certificate,square,True,990.0,81,81,"[1, 4, 5, 6, 7, 8, 9, 10, 11, 14, 15, 18, 19]","[1, 4, 5, 6, 7, 8, 9, 10, 11, 14, 15, 18, 19]",full_mesh,16465.806999859815,0.014981957999999906,0,47,13,0,0,0,13,10,13,1.0,1266.600538450755,53044.034999299074,970,942,0
SELF-Q4-mixed-fixed_hash-95,95,mixed,fixed_hash,square_active,True,all_sources_cleared_with_certificate,square,True,990.0,81,81,"[1, 2, 3, 4, 5, 10, 12, 13, 15, 16, 17, 18, 19, 20]","[1, 2, 3, 4, 5, 10, 12, 13, 15, 16, 17, 18, 19, 20]",full_mesh,15319.788166676775,0.014707292000000649,0,78,14,0,0,0,14,10,14,1.0,1094.2705833340553,49983.94083338388,880,853,0
SELF-Q4-mixed-fixed_hash-96,96,mixed,fixed_hash,square_active,True,all_sources_cleared_with_certificate,square,True,990.0,81,81,"[1, 3, 4, 6, 7, 10, 11, 12, 13, 14, 15, 17, 18, 19, 20]","[1, 3, 4, 6, 7, 10, 11, 12, 13, 14, 15, 17, 18, 19, 20]",full_mesh,14933.053207159128,0.013825124999996774,0,50,15,0,0,0,15,6,15,1.0,995.5368804772752,52250.26603579562,741,703,0
SELF-Q4-mixed-fixed_hash-97,97,mixed,fixed_hash,square_active,True,all_sources_cleared_with_certificate,square,True,990.0,81,54,"[1, 2, 4, 5, 6, 7, 9, 10, 12, 13, 14, 16, 17, 18, 19, 20]","[1, 2, 4, 5, 6, 7, 9, 10, 12, 13, 14, 16, 17, 18, 19, 20]",count_upper_bound,11303.713628429412,0.012011125000000789,0,85,13,3,5,0,16,11,16,1.0,706.4821017768382,37913.56814214707,608,601,0
SELF-Q4-mixed-fixed_hash-98,98,mixed,fixed_hash,square_active,True,all_sources_cleared_with_certificate,square,True,990.0,81,81,"[1, 2, 5, 8, 11, 12, 14, 17, 19, 20]","[1, 2, 5, 8, 11, 12, 14, 17, 19, 20]",full_mesh,16390.788525515713,0.01569041699999829,0,33,10,0,0,0,10,9,10,1.0,1639.0788525515713,48563.94262757855,1112,1068,0
SELF-Q4-mixed-fixed_hash-99,99,mixed,fixed_hash,square_active,True,all_sources_cleared_with_certificate,square,True,990.0,81,81,"[2, 3, 4, 5, 6, 7, 8, 13, 18, 19, 20]","[2, 3, 4, 5, 6, 7, 8, 13, 18, 19, 20]",full_mesh,16024.372811611944,0.015402084000001537,0,41,11,0,0,0,11,9,11,1.0,1456.761164691995,49641.864058059735,1012,981,0
SELF-Q4-mixed-fixed_hash-100,100,mixed,fixed_hash,square_active,True,all_sources_cleared_with_certificate,square,True,990.0,81,81,"[2, 5, 6, 7, 9, 11, 12, 13, 15, 17, 18, 19]","[2, 5, 6, 7, 9, 11, 12, 13, 15, 17, 18, 19]",full_mesh,15188.04193745055,0.016262999999998584,0,38,12,0,0,0,12,2,12,1.0,1265.6701614542126,50200.209687252755,855,813,0
SELF-Q4-mixed-fixed_hash-101,101,mixed,fixed_hash,square_active,True,all_sources_cleared_with_certificate,square,True,990.0,81,81,"[1, 4, 5, 7, 8, 9, 10, 11, 12, 15, 17, 18, 19]","[1, 4, 5, 7, 8, 9, 10, 11, 12, 15, 17, 18, 19]",full_mesh,15618.786828223312,0.015590541999998209,0,53,13,0,0,0,13,12,13,1.0,1201.4451406325625,50928.93414111655,900,868,0
SELF-Q4-mixed-fixed_hash-102,102,mixed,fixed_hash,square_active,True,all_sources_cleared_with_certificate,square,True,990.0,81,81,"[1, 3, 5, 6, 7, 9, 10, 12, 13, 14, 17, 18, 19, 20]","[1, 3, 5, 6, 7, 9, 10, 12, 13, 14, 17, 18, 19, 20]",full_mesh,15065.005355532778,0.01563337500000017,0,86,14,0,0,0,14,13,14,1.0,1076.071811109484,49845.026777663916,842,816,0
SELF-Q4-mixed-fixed_hash-103,103,mixed,fixed_hash,square_active,True,all_sources_cleared_with_certificate,square,True,990.0,81,81,"[1, 2, 3, 4, 5, 6, 7, 8, 11, 12, 13, 15, 17, 18, 20]","[1, 2, 3, 4, 5, 6, 7, 8, 11, 12, 13, 15, 17, 18, 20]",full_mesh,13690.788216199813,0.012529500000002969,0,50,15,0,0,0,15,1,15,1.0,912.7192144133209,49363.94108099907,631,588,0
SELF-Q4-mixed-fixed_hash-104,104,mixed,fixed_hash,square_active,True,all_sources_cleared_with_certificate,square,True,990.0,81,35,"[1, 2, 3, 6, 7, 8, 9, 10, 11, 12, 13, 14, 15, 16, 17, 20]","[1, 2, 3, 6, 7, 8, 9, 10, 11, 12, 13, 14, 15, 16, 17, 20]",count_upper_bound,9073.35825430449,0.010025167000002,0,41,13,6,6,0,16,6,16,1.0,567.0848908940307,31126.791271522456,461,454,3
SELF-Q4-mixed-fixed_hash-105,105,mixed,fixed_hash,square_active,True,all_sources_cleared_with_certificate,square,True,990.0,81,81,"[1, 4, 5, 6, 9, 10, 12, 13, 16, 19]","[1, 4, 5, 6, 9, 10, 12, 13, 16, 19]",full_mesh,15661.639580933741,0.015139999999998821,0,38,10,0,0,0,10,3,10,1.0,1566.163958093374,48843.19790466873,983,928,0
SELF-Q4-mixed-fixed_hash-106,106,mixed,fixed_hash,square_active,True,all_sources_cleared_with_certificate,square,True,990.0,81,81,"[1, 2, 4, 5, 8, 13, 16, 17, 18, 19, 20]","[1, 2, 4, 5, 8, 13, 16, 17, 18, 19, 20]",full_mesh,16175.02820738926,0.01488820799999857,0,46,11,0,0,0,11,6,11,1.0,1470.45710976266,50510.141036946305,1010,968,0
SELF-Q4-mixed-fixed_hash-107,107,mixed,fixed_hash,square_active,True,all_sources_cleared_with_certificate,square,True,990.0,81,81,"[1, 2, 3, 5, 7, 8, 9, 10, 11, 14, 16, 19]","[1, 2, 3, 5, 7, 8, 9, 10, 11, 14, 16, 19]",full_mesh,15089.382802297321,0.015713041999998012,0,75,12,0,0,0,12,11,12,1.0,1257.44856685811,48886.91401148661,882,842,0
SELF-Q4-mixed-fixed_hash-108,108,mixed,fixed_hash,square_active,True,all_sources_cleared_with_certificate,square,True,990.0,81,81,"[2, 3, 4, 5, 6, 9, 10, 12, 13, 15, 18, 19, 20]","[2, 3, 4, 5, 6, 9, 10, 12, 13, 15, 18, 19, 20]",full_mesh,15026.639881233852,0.014907917000002158,0,39,13,0,0,0,13,2,13,1.0,1155.895375479527,50118.19940616924,829,793,0
SELF-Q4-mixed-fixed_hash-109,109,mixed,fixed_hash,square_active,True,all_sources_cleared_with_certificate,square,True,990.0,81,81,"[2, 4, 5, 7, 8, 9, 10, 13, 15, 16, 17, 18, 19, 20]","[2, 4, 5, 7, 8, 9, 10, 13, 15, 16, 17, 18, 19, 20]",full_mesh,14035.942048640558,0.01305016699999939,0,68,14,0,0,0,14,4,14,1.0,1002.5672891886113,49649.71024320279,680,636,0
SELF-Q4-mixed-fixed_hash-110,110,mixed,fixed_hash,square_active,True,all_sources_cleared_with_certificate,square,True,990.0,81,81,"[1, 2, 6, 7, 8, 9, 11, 12, 13, 14, 15, 16, 17, 18, 19]","[1, 2, 6, 7, 8, 9, 11, 12, 13, 14, 15, 16, 17, 18, 19]",full_mesh,13786.20173762639,0.012872500000000286,0,20,15,0,0,0,15,2,15,1.0,919.0801158417594,50486.008688131944,610,564,0
SELF-Q4-mixed-fixed_hash-111,111,mixed,fixed_hash,square_active,True,all_sources_cleared_with_certificate,square,True,990.0,81,33,"[2, 3, 4, 6, 7, 8, 10, 11, 13, 14, 15, 16, 17, 18, 19, 20]","[2, 3, 4, 6, 7, 8, 10, 11, 13, 14, 15, 16, 17, 18, 19, 20]",count_upper_bound,7479.045739983731,0.009929833000001054,0,16,13,3,3,0,16,7,16,1.0,467.4403587489832,25240.228699918658,393,386,0
SELF-Q4-mixed-fixed_hash-112,112,mixed,fixed_hash,square_active,True,all_sources_cleared_with_certificate,square,True,990.0,81,81,"[3, 4, 6, 10, 11, 13, 14, 15, 16, 19]","[3, 4, 6, 10, 11, 13, 14, 15, 16, 19]",full_mesh,15290.064469668347,0.014462416999997174,0,44,10,0,0,0,10,9,10,1.0,1529.0064469668346,47850.322348341746,951,915,0
SELF-Q4-mixed-fixed_hash-113,113,mixed,fixed_hash,square_active,True,all_sources_cleared_with_certificate,square,True,990.0,81,81,"[1, 2, 3, 4, 5, 7, 9, 12, 16, 18, 20]","[1, 2, 3, 4, 5, 7, 9, 12, 16, 18, 20]",full_mesh,15646.264867009904,0.01302249999999816,0,40,11,0,0,0,11,10,11,1.0,1422.3877151827185,50191.32433504953,932,893,0
SELF-Q4-mixed-fixed_hash-114,114,mixed,fixed_hash,square_active,True,all_sources_cleared_with_certificate,square,True,990.0,81,81,"[1, 3, 4, 8, 9, 10, 11, 14, 15, 17, 19, 20]","[1, 3, 4, 8, 9, 10, 11, 14, 15, 17, 19, 20]",full_mesh,15529.451624294139,0.015686792000000338,0,29,12,0,0,0,12,5,12,1.0,1294.1209686911782,51022.25812147071,884,845,0
SELF-Q4-mixed-fixed_hash-115,115,mixed,fixed_hash,square_active,True,all_sources_cleared_with_certificate,square,True,990.0,81,81,"[4, 5, 6, 7, 8, 9, 10, 11, 12, 13, 14, 16, 18]","[4, 5, 6, 7, 8, 9, 10, 11, 12, 13, 14, 16, 18]",full_mesh,14577.667565295944,0.012985249999999837,0,30,13,0,0,0,13,1,13,1.0,1121.3590434843034,50353.33782647972,749,697,0
SELF-Q4-mixed-fixed_hash-116,116,mixed,fixed_hash,square_active,True,all_sources_cleared_with_certificate,square,True,990.0,81,81,"[1, 3, 4, 5, 7, 8, 9, 10, 12, 13, 15, 16, 18, 20]","[1, 3, 4, 5, 7, 8, 9, 10, 12, 13, 15, 16, 18, 20]",full_mesh,14908.849997144587,0.014024625000001123,0,54,14,0,0,0,14,10,14,1.0,1064.9178569388991,51604.24998572293,760,718,0
SELF-Q4-mixed-fixed_hash-117,117,mixed,fixed_hash,square_active,True,all_sources_cleared_with_certificate,square,True,990.0,81,81,"[2, 3, 4, 6, 7, 8, 9, 10, 13, 14, 16, 17, 18, 19, 20]","[2, 3, 4, 6, 7, 8, 9, 10, 13, 14, 16, 17, 18, 19, 20]",full_mesh,14222.63455905539,0.01384325000000075,0,45,15,0,0,0,15,1,15,1.0,948.1756372703593,51848.172795276936,637,593,0
SELF-Q4-mixed-fixed_hash-118,118,mixed,fixed_hash,square_active,True,all_sources_cleared_with_certificate,square,True,990.0,81,59,"[1, 2, 4, 5, 6, 7, 8, 10, 12, 13, 14, 15, 16, 17, 19, 20]","[1, 2, 4, 5, 6, 7, 8, 10, 12, 13, 14, 15, 16, 17, 19, 20]",count_upper_bound,12019.937290775439,0.01369583299999988,0,62,15,1,2,0,16,14,16,1.0,751.2460806734649,41609.68645387719,605,593,0
SELF-Q4-mixed-fixed_hash-119,119,mixed,fixed_hash,square_active,True,all_sources_cleared_with_certificate,square,True,990.0,81,81,"[2, 3, 4, 6, 7, 10, 11, 14, 16, 18]","[2, 3, 4, 6, 7, 10, 11, 14, 16, 18]",full_mesh,16130.797060146886,0.014799208999999536,0,41,10,0,0,0,10,5,10,1.0,1613.0797060146886,50238.98530073443,1013,968,0
SELF-Q4-mixed-fixed_hash-120,120,mixed,fixed_hash,square_active,True,all_sources_cleared_with_certificate,square,True,990.0,81,81,"[3, 4, 5, 6, 7, 8, 13, 14, 15, 17, 20]","[3, 4, 5, 6, 7, 8, 13, 14, 15, 17, 20]",full_mesh,15281.393731390026,0.015542583000001997,0,46,11,0,0,0,11,6,11,1.0,1389.2176119445478,48856.968656950135,916,875,0
SELF-Q4-mixed-fixed_hash-121,121,mixed,fixed_hash,square_active,True,all_sources_cleared_with_certificate,square,True,990.0,81,81,"[1, 3, 5, 6, 7, 11, 12, 13, 16, 17, 19, 20]","[1, 3, 5, 6, 7, 11, 12, 13, 16, 17, 19, 20]",full_mesh,16078.265407633375,0.015910333000000776,0,72,12,0,0,0,12,3,12,1.0,1339.8554506361145,51866.32703816687,947,910,0
SELF-Q4-mixed-fixed_hash-122,122,mixed,fixed_hash,square_active,True,all_sources_cleared_with_certificate,square,True,990.0,81,81,"[2, 3, 4, 5, 7, 8, 10, 11, 12, 13, 17, 18, 20]","[2, 3, 4, 5, 7, 8, 10, 11, 12, 13, 17, 18, 20]",full_mesh,15815.809356968786,0.016050667000001795,0,70,13,0,0,0,13,8,13,1.0,1216.6007197668298,51564.04678484393,909,893,0
SELF-Q4-mixed-fixed_hash-123,123,mixed,fixed_hash,square_active,True,all_sources_cleared_with_certificate,square,True,990.0,81,81,"[1, 2, 3, 6, 7, 9, 10, 11, 12, 14, 16, 17, 19, 20]","[1, 2, 3, 6, 7, 9, 10, 11, 12, 14, 16, 17, 19, 20]",full_mesh,14960.035524300463,0.013919417000000323,0,34,14,0,0,0,14,1,14,1.0,1068.5739660214617,51590.17762150232,768,732,0
SELF-Q4-mixed-fixed_hash-124,124,mixed,fixed_hash,square_active,True,all_sources_cleared_with_certificate,square,True,990.0,81,81,"[1, 2, 3, 4, 5, 6, 7, 9, 12, 13, 15, 17, 18, 19, 20]","[1, 2, 3, 4, 5, 6, 7, 9, 12, 13, 15, 17, 18, 19, 20]",full_mesh,14155.543058159968,0.011656957999999662,0,23,15,0,0,0,15,1,15,1.0,943.7028705439978,52457.715290799846,606,559,0
SELF-Q4-mixed-fixed_hash-125,125,mixed,fixed_hash,square_active,True,all_sources_cleared_with_certificate,square,True,990.0,81,57,"[1, 2, 3, 4, 5, 6, 7, 8, 10, 11, 12, 13, 14, 15, 18, 20]","[1, 2, 3, 4, 5, 6, 7, 8, 10, 11, 12, 13, 14, 15, 18, 20]",count_upper_bound,11718.678609751463,0.013052666000000102,0,84,16,1,4,0,16,11,16,1.0,732.4174131094665,40013.39304875733,607,598,1
SELF-Q4-mixed-fixed_hash-126,126,mixed,fixed_hash,square_active,True,all_sources_cleared_with_certificate,square,True,990.0,81,81,"[2, 3, 4, 6, 8, 11, 15, 17, 18, 19]","[2, 3, 4, 6, 8, 11, 15, 17, 18, 19]",full_mesh,15938.816721080386,0.015985292000003426,0,36,10,0,0,0,10,3,10,1.0,1593.8816721080386,49874.08360540193,993,949,0
SELF-Q4-mixed-fixed_hash-127,127,mixed,fixed_hash,square_active,True,all_sources_cleared_with_certificate,square,True,990.0,81,81,"[1, 2, 4, 5, 7, 11, 14, 15, 17, 18, 19]","[1, 2, 4, 5, 7, 11, 14, 15, 17, 18, 19]",full_mesh,16003.172454394595,0.014894625000000161,0,44,11,0,0,0,11,7,11,1.0,1454.8338594904178,50175.862271973,992,953,0
SELF-Q4-mixed-fixed_hash-128,128,mixed,fixed_hash,square_active,True,all_sources_cleared_with_certificate,square,True,990.0,81,81,"[1, 3, 5, 6, 8, 9, 11, 12, 13, 16, 17, 20]","[1, 3, 5, 6, 8, 9, 11, 12, 13, 16, 17, 20]",full_mesh,15605.893484756978,0.015015249999997593,0,73,12,0,0,0,12,11,12,1.0,1300.491123729748,50519.467423784896,912,882,0
SELF-Q4-mixed-fixed_hash-129,129,mixed,fixed_hash,square_active,True,all_sources_cleared_with_certificate,square,True,990.0,81,81,"[2, 3, 4, 6, 9, 10, 11, 13, 14, 17, 18, 19, 20]","[2, 3, 4, 6, 9, 10, 11, 13, 14, 17, 18, 19, 20]",full_mesh,15060.393864651305,0.014313666000003167,0,72,13,0,0,0,13,11,13,1.0,1158.491835742408,48856.96932325651,877,839,0
SELF-Q4-mixed-fixed_hash-130,130,mixed,fixed_hash,square_active,True,all_sources_cleared_with_certificate,square,True,990.0,81,81,"[1, 2, 4, 5, 6, 9, 10, 11, 13, 14, 15, 17, 19, 20]","[1, 2, 4, 5, 6, 9, 10, 11, 13, 14, 15, 17, 19, 20]",full_mesh,15993.655665428507,0.015452958000000905,0,65,14,0,0,0,14,11,14,1.0,1142.4039761020363,53493.27832714252,875,850,0
SELF-Q4-mixed-fixed_hash-131,131,mixed,fixed_hash,square_active,True,all_sources_cleared_with_certificate,square,True,990.0,81,81,"[1, 2, 3, 5, 6, 7, 9, 10, 11, 12, 13, 17, 18, 19, 20]","[1, 2, 3, 5, 6, 7, 9, 10, 11, 12, 13, 17, 18, 19, 20]",full_mesh,15687.8117067102,0.01454608400000268,0,57,15,0,0,0,15,12,15,1.0,1045.8541137806799,54479.05853355099,792,757,0
SELF-Q4-mixed-fixed_hash-132,132,mixed,fixed_hash,square_active,True,all_sources_cleared_with_certificate,square,True,990.0,81,33,"[1, 2, 3, 4, 5, 6, 8, 9, 11, 12, 14, 15, 17, 18, 19, 20]","[1, 2, 3, 4, 5, 6, 8, 9, 11, 12, 14, 15, 17, 18, 19, 20]",count_upper_bound,8943.198550798948,0.010088208999999182,0,32,13,6,11,0,16,3,16,1.0,558.9499094249343,30045.99275399474,476,465,3
SELF-Q4-mixed-fixed_hash-133,133,mixed,fixed_hash,square_active,True,all_sources_cleared_with_certificate,square,True,990.0,81,81,"[1, 9, 10, 11, 12, 15, 16, 17, 19, 20]","[1, 9, 10, 11, 12, 15, 16, 17, 19, 20]",full_mesh,15697.737545293525,0.0149685830000017,0,38,10,0,0,0,10,2,10,1.0,1569.7737545293526,48138.68772646762,1010,970,0
SELF-Q4-mixed-fixed_hash-134,134,mixed,fixed_hash,square_active,True,all_sources_cleared_with_certificate,square,True,990.0,81,81,"[1, 2, 4, 5, 7, 8, 11, 13, 16, 17, 18]","[1, 2, 4, 5, 7, 8, 11, 13, 16, 17, 18]",full_mesh,15932.732789400055,0.015356374999999645,0,65,11,0,0,0,11,8,11,1.0,1448.4302535818233,50043.663947000256,984,949,0
SELF-Q4-mixed-fixed_hash-135,135,mixed,fixed_hash,square_active,True,all_sources_cleared_with_certificate,square,True,990.0,81,81,"[1, 2, 3, 5, 8, 9, 10, 12, 14, 16, 19, 20]","[1, 2, 3, 5, 8, 9, 10, 12, 14, 16, 19, 20]",full_mesh,14846.44667348497,0.01476895800000122,0,63,12,0,0,0,12,6,12,1.0,1237.2038894570808,49422.233367424844,824,782,0
SELF-Q4-mixed-fixed_hash-136,136,mixed,fixed_hash,square_active,True,all_sources_cleared_with_certificate,square,True,990.0,81,81,"[1, 2, 3, 4, 7, 8, 11, 13, 14, 15, 17, 19, 20]","[1, 2, 3, 4, 7, 8, 11, 13, 14, 15, 17, 19, 20]",full_mesh,15441.187660652922,0.014590832999999748,0,23,13,0,0,0,13,3,13,1.0,1187.7836662040709,49815.93830326462,908,873,0
SELF-Q4-mixed-fixed_hash-137,137,mixed,fixed_hash,square_active,True,all_sources_cleared_with_certificate,square,True,990.0,81,81,"[1, 3, 4, 6, 7, 8, 9, 11, 13, 14, 16, 17, 18, 19]","[1, 3, 4, 6, 7, 8, 9, 11, 13, 14, 16, 17, 18, 19]",full_mesh,14376.684457051213,0.014612375000002231,0,77,14,0,0,0,14,9,14,1.0,1026.9060326465153,50228.42228525607,717,676,0
SELF-Q4-mixed-fixed_hash-138,138,mixed,fixed_hash,square_active,True,all_sources_cleared_with_certificate,square,True,990.0,81,81,"[3, 4, 5, 6, 7, 8, 9, 10, 11, 13, 14, 15, 17, 18, 20]","[3, 4, 5, 6, 7, 8, 9, 10, 11, 13, 14, 15, 17, 18, 20]",full_mesh,15495.611767646622,0.015682667000000095,0,56,15,0,0,0,15,12,15,1.0,1033.0407845097748,50243.05883823312,899,877,0
SELF-Q4-mixed-fixed_hash-139,139,mixed,fixed_hash,square_active,True,all_sources_cleared_with_certificate,square,True,990.0,81,57,"[1, 3, 4, 5, 6, 8, 9, 10, 11, 12, 13, 14, 16, 18, 19, 20]","[1, 3, 4, 5, 6, 8, 9, 10, 11, 12, 13, 14, 16, 18, 19, 20]",count_upper_bound,10583.08668242688,0.011987874999999093,0,41,16,1,2,0,16,3,16,1.0,661.44291765168,39815.43341213439,427,402,1
SELF-Q4-mixed-fixed_hash-140,140,mixed,fixed_hash,square_active,True,all_sources_cleared_with_certificate,square,True,990.0,81,81,"[1, 2, 4, 9, 11, 12, 17, 18, 19, 20]","[1, 2, 4, 9, 11, 12, 17, 18, 19, 20]",full_mesh,15161.248287336977,0.013676083000000006,0,54,10,0,0,0,10,4,10,1.0,1516.1248287336978,48361.241436684875,915,864,0
SELF-Q4-mixed-fixed_hash-141,141,mixed,fixed_hash,square_active,True,all_sources_cleared_with_certificate,square,True,990.0,81,81,"[1, 5, 6, 9, 11, 15, 16, 17, 18, 19, 20]","[1, 5, 6, 9, 11, 15, 16, 17, 18, 19, 20]",full_mesh,15876.0494319245,0.015137667000001187,0,40,11,0,0,0,11,7,11,1.0,1443.2772210840456,48590.24715962249,1025,978,0
SELF-Q4-mixed-fixed_hash-142,142,mixed,fixed_hash,square_active,True,all_sources_cleared_with_certificate,square,True,990.0,81,81,"[1, 2, 5, 6, 10, 12, 13, 15, 16, 18, 19, 20]","[1, 2, 5, 6, 10, 12, 13, 15, 16, 18, 19, 20]",full_mesh,15964.188468607246,0.015170041000001078,0,38,12,0,0,0,12,3,12,1.0,1330.3490390506038,53280.94234303624,880,848,0
SELF-Q4-mixed-fixed_hash-143,143,mixed,fixed_hash,square_active,True,all_sources_cleared_with_certificate,square,True,990.0,81,81,"[1, 2, 3, 4, 5, 6, 7, 8, 10, 12, 14, 17, 19]","[1, 2, 3, 4, 5, 6, 7, 8, 10, 12, 14, 17, 19]",full_mesh,15447.868413651278,0.015034166999999599,0,55,13,0,0,0,13,10,13,1.0,1188.2975702808676,48769.34206825638,944,909,0
SELF-Q4-mixed-fixed_hash-144,144,mixed,fixed_hash,square_active,True,all_sources_cleared_with_certificate,square,True,990.0,81,81,"[2, 3, 4, 6, 7, 8, 10, 11, 13, 14, 15, 16, 19, 20]","[2, 3, 4, 6, 7, 8, 10, 11, 13, 14, 15, 16, 19, 20]",full_mesh,14929.128246812536,0.0133716669999977,0,53,14,0,0,0,14,3,14,1.0,1066.3663033437526,53010.64123406267,717,672,0
SELF-Q4-mixed-fixed_hash-145,145,mixed,fixed_hash,square_active,True,all_sources_cleared_with_certificate,square,True,990.0,81,81,"[1, 3, 5, 6, 8, 9, 11, 12, 13, 14, 15, 16, 17, 18, 19]","[1, 3, 5, 6, 8, 9, 11, 12, 13, 14, 15, 16, 17, 18, 19]",full_mesh,14237.859860220036,0.013336582999997404,0,76,15,0,0,0,15,14,15,1.0,949.1906573480024,50329.299301100196,689,652,0
SELF-Q4-mixed-fixed_hash-146,146,mixed,fixed_hash,square_active,True,all_sources_cleared_with_certificate,square,True,990.0,81,76,"[1, 2, 3, 4, 5, 6, 7, 8, 9, 10, 11, 14, 15, 16, 19, 20]","[1, 2, 3, 4, 5, 6, 7, 8, 9, 10, 11, 14, 15, 16, 19, 20]",count_upper_bound,14247.134467199992,0.014634916999998637,1,31,15,0,3,83,16,3,16,1.0,890.4459041999995,49950.67233599997,661,626,82
SELF-Q4-mixed-fixed_hash-147,147,mixed,fixed_hash,square_active,True,all_sources_cleared_with_certificate,square,True,990.0,81,81,"[3, 5, 7, 11, 12, 13, 15, 17, 19, 20]","[3, 5, 7, 11, 12, 13, 15, 17, 19, 20]",full_mesh,16307.576721829219,0.01569658300000043,0,54,10,0,0,0,10,8,10,1.0,1630.7576721829219,48862.88360914609,1087,1050,0
SELF-Q4-mixed-fixed_hash-148,148,mixed,fixed_hash,square_active,True,all_sources_cleared_with_certificate,square,True,990.0,81,81,"[2, 4, 5, 8, 10, 11, 12, 13, 14, 19, 20]","[2, 4, 5, 8, 10, 11, 12, 13, 14, 19, 20]",full_mesh,16057.950208579354,0.015102416999997814,0,49,11,0,0,0,11,5,11,1.0,1459.8136553253958,50524.75104289677,989,953,0
SELF-Q4-mixed-fixed_hash-149,149,mixed,fixed_hash,square_active,True,all_sources_cleared_with_certificate,square,True,990.0,81,81,"[1, 3, 4, 5, 7, 9, 10, 13, 14, 15, 17, 20]","[1, 3, 4, 5, 7, 9, 10, 13, 14, 15, 17, 20]",full_mesh,15729.00754805253,0.013670874999998972,0,28,12,0,0,0,12,1,12,1.0,1310.7506290043775,51905.03774026263,888,848,0
SELF-Q4-mixed-fixed_hash-150,150,mixed,fixed_hash,square_active,True,all_sources_cleared_with_certificate,square,True,990.0,81,81,"[2, 3, 5, 6, 7, 8, 10, 11, 13, 15, 17, 18, 19]","[2, 3, 5, 6, 7, 8, 10, 11, 13, 15, 17, 18, 19]",full_mesh,15056.79274151594,0.014646750000000708,0,61,13,0,0,0,13,5,13,1.0,1158.2148262704568,50428.96370757972,823,791,0
SELF-Q4-mixed-fixed_hash-151,151,mixed,fixed_hash,square_active,True,all_sources_cleared_with_certificate,square,True,990.0,81,81,"[2, 7, 8, 10, 11, 12, 13, 14, 15, 16, 17, 18, 19, 20]","[2, 7, 8, 10, 11, 12, 13, 14, 15, 16, 17, 18, 19, 20]",full_mesh,15574.220938766854,0.01612100000000183,0,56,14,0,0,0,14,7,14,1.0,1112.444352769061,52756.10469383426,831,798,0
SELF-Q4-mixed-fixed_hash-152,152,mixed,fixed_hash,square_active,True,all_sources_cleared_with_certificate,square,True,990.0,81,81,"[1, 2, 3, 5, 6, 7, 8, 10, 11, 12, 13, 14, 18, 19, 20]","[1, 2, 3, 5, 6, 7, 8, 10, 11, 12, 13, 14, 18, 19, 20]",full_mesh,15709.608982221087,0.01558437499999954,0,74,15,0,0,0,15,14,15,1.0,1047.3072654814057,53363.04491110544,832,802,0
SELF-Q4-mixed-fixed_hash-153,153,mixed,fixed_hash,square_active,True,all_sources_cleared_with_certificate,square,True,990.0,81,62,"[2, 3, 4, 5, 6, 7, 9, 10, 11, 12, 13, 14, 15, 16, 17, 20]","[2, 3, 4, 5, 6, 7, 9, 10, 11, 12, 13, 14, 15, 16, 17, 20]",count_upper_bound,12259.70377743982,0.012397666999998336,0,68,13,3,2,0,16,6,16,1.0,766.2314860899887,44193.51888719908,561,536,0
SELF-Q4-mixed-fixed_hash-154,154,mixed,fixed_hash,square_active,True,all_sources_cleared_with_certificate,square,True,990.0,81,81,"[1, 5, 7, 8, 9, 13, 15, 16, 17, 20]","[1, 5, 7, 8, 9, 13, 15, 16, 17, 20]",full_mesh,16887.261132676675,0.015579708000000636,0,36,10,0,0,0,10,7,10,1.0,1688.7261132676674,49946.30566338338,1148,1108,0
SELF-Q4-mixed-fixed_hash-155,155,mixed,fixed_hash,square_active,True,all_sources_cleared_with_certificate,square,True,990.0,81,81,"[4, 5, 7, 9, 10, 14, 15, 17, 18, 19, 20]","[4, 5, 7, 9, 10, 14, 15, 17, 18, 19, 20]",full_mesh,15400.03950408656,0.01373487499999726,0,30,11,0,0,0,11,1,11,1.0,1400.0035912805963,49555.19752043283,913,869,0
SELF-Q4-mixed-fixed_hash-156,156,mixed,fixed_hash,square_active,True,all_sources_cleared_with_certificate,square,True,990.0,81,81,"[3, 4, 5, 7, 8, 9, 12, 14, 16, 17, 18, 19]","[3, 4, 5, 7, 8, 9, 12, 14, 16, 17, 18, 19]",full_mesh,16244.791080584691,0.01646495800000025,0,59,12,0,0,0,12,6,12,1.0,1353.7325900487242,49828.95540292346,1042,1009,0
SELF-Q4-mixed-fixed_hash-157,157,mixed,fixed_hash,square_active,True,all_sources_cleared_with_certificate,square,True,990.0,81,81,"[1, 2, 3, 4, 6, 8, 10, 13, 14, 16, 17, 19, 20]","[1, 2, 3, 4, 6, 8, 10, 13, 14, 16, 17, 19, 20]",full_mesh,15176.371664301007,0.013936749999999165,0,43,13,0,0,0,13,4,13,1.0,1167.4132049462312,51236.85832150503,817,779,0
SELF-Q4-mixed-fixed_hash-158,158,mixed,fixed_hash,square_active,True,all_sources_cleared_with_certificate,square,True,990.0,81,81,"[1, 2, 4, 5, 8, 10, 11, 12, 13, 14, 16, 17, 18, 20]","[1, 2, 4, 5, 8, 10, 11, 12, 13, 14, 16, 17, 18, 20]",full_mesh,14830.612435729317,0.01387962499999773,0,62,14,0,0,0,14,5,14,1.0,1059.3294596949513,52058.06217864659,731,694,0
SELF-Q4-mixed-fixed_hash-159,159,mixed,fixed_hash,square_active,True,all_sources_cleared_with_certificate,square,True,990.0,81,81,"[1, 4, 5, 6, 7, 8, 10, 12, 13, 14, 15, 16, 17, 19, 20]","[1, 4, 5, 6, 7, 8, 10, 12, 13, 14, 15, 16, 17, 19, 20]",full_mesh,14859.50043568758,0.014375582999999637,0,64,15,0,0,0,15,4,15,1.0,990.633362379172,52577.5021784379,718,679,0
SELF-Q4-mixed-fixed_hash-160,160,mixed,fixed_hash,square_active,True,all_sources_cleared_with_certificate,square,True,990.0,81,33,"[4, 6, 7, 8, 9, 10, 11, 12, 13, 14, 15, 16, 17, 18, 19, 20]","[4, 6, 7, 8, 9, 10, 11, 12, 13, 14, 15, 16, 17, 18, 19, 20]",count_upper_bound,7686.964794170889,0.011418041999998962,0,31,13,4,2,0,16,1,16,1.0,480.43529963568056,26774.823970854457,376,369,1
SELF-Q4-mixed-fixed_hash-161,161,mixed,fixed_hash,square_active,True,all_sources_cleared_with_certificate,square,True,990.0,81,81,"[1, 6, 7, 8, 10, 11, 15, 16, 17, 18]","[1, 6, 7, 8, 10, 11, 15, 16, 17, 18]",full_mesh,16495.158885194953,0.01582516699999914,0,57,10,0,0,0,10,8,10,1.0,1649.5158885194953,50925.79442597478,1049,1015,0
SELF-Q4-mixed-fixed_hash-162,162,mixed,fixed_hash,square_active,True,all_sources_cleared_with_certificate,square,True,990.0,81,81,"[2, 5, 7, 8, 10, 11, 13, 14, 15, 17, 19]","[2, 5, 7, 8, 10, 11, 13, 14, 15, 17, 19]",full_mesh,15416.539904395471,0.014570833999997035,0,36,11,0,0,0,11,1,11,1.0,1401.5036276723156,48777.69952197736,941,901,0
SELF-Q4-mixed-fixed_hash-163,163,mixed,fixed_hash,square_active,True,all_sources_cleared_with_certificate,square,True,990.0,81,81,"[3, 4, 6, 10, 11, 14, 15, 16, 17, 18, 19, 20]","[3, 4, 6, 10, 11, 14, 15, 16, 17, 18, 19, 20]",full_mesh,14983.848030570105,0.014128916999997188,0,33,12,0,0,0,12,10,12,1.0,1248.6540025475088,47949.24015285055,896,854,0
SELF-Q4-mixed-fixed_hash-164,164,mixed,fixed_hash,square_active,True,all_sources_cleared_with_certificate,square,True,990.0,81,81,"[1, 2, 4, 7, 9, 10, 11, 13, 14, 15, 16, 19, 20]","[1, 2, 4, 7, 9, 10, 11, 13, 14, 15, 16, 19, 20]",full_mesh,15200.42538601147,0.017456417000001778,0,41,13,0,0,0,13,3,13,1.0,1169.2634912316514,50772.12693005735,837,796,0
SELF-Q4-mixed-fixed_hash-165,165,mixed,fixed_hash,square_active,True,all_sources_cleared_with_certificate,square,True,990.0,81,81,"[1, 2, 3, 4, 6, 7, 8, 10, 11, 14, 16, 17, 19, 20]","[1, 2, 3, 4, 6, 7, 8, 10, 11, 14, 16, 17, 19, 20]",full_mesh,13729.484788126458,0.01613858300000004,0,34,14,0,0,0,14,2,14,1.0,980.6774848661755,49077.423940632274,648,604,0
SELF-Q4-mixed-fixed_hash-166,166,mixed,fixed_hash,square_active,True,all_sources_cleared_with_certificate,square,True,990.0,81,81,"[1, 2, 4, 5, 6, 8, 10, 11, 12, 14, 16, 17, 18, 19, 20]","[1, 2, 4, 5, 6, 8, 10, 11, 12, 14, 16, 17, 18, 19, 20]",full_mesh,14575.388005088718,0.013946624999999102,0,34,15,0,0,0,15,1,15,1.0,971.6925336725812,50991.940025443575,724,682,0
SELF-Q4-mixed-fixed_hash-167,167,mixed,fixed_hash,square_active,True,all_sources_cleared_with_certificate,square,True,990.0,81,55,"[1, 2, 3, 4, 5, 7, 8, 9, 11, 12, 13, 14, 15, 16, 17, 18]","[1, 2, 3, 4, 5, 7, 8, 9, 11, 12, 13, 14, 15, 16, 17, 18]",count_upper_bound,11053.72520017632,0.012568208000001135,0,20,14,3,4,0,16,1,16,1.0,690.85782501102,38678.62600088161,543,520,1
SELF-Q4-mixed-fixed_hash-168,168,mixed,fixed_hash,square_active,True,all_sources_cleared_with_certificate,square,True,990.0,81,81,"[4, 6, 9, 12, 13, 14, 15, 17, 19, 20]","[4, 6, 9, 12, 13, 14, 15, 17, 19, 20]",full_mesh,15790.542881667874,0.015168332999998313,0,42,10,0,0,0,10,9,10,1.0,1579.0542881667875,47617.71440833936,1042,1007,0
SELF-Q4-mixed-fixed_hash-169,169,mixed,fixed_hash,square_active,True,all_sources_cleared_with_certificate,square,True,990.0,81,81,"[4, 5, 6, 8, 9, 13, 15, 17, 18, 19, 20]","[4, 5, 6, 8, 9, 13, 15, 17, 18, 19, 20]",full_mesh,15777.710051299773,0.01656304200000136,0,35,11,0,0,0,11,10,11,1.0,1434.3372773908884,49023.550256498886,993,953,0
SELF-Q4-mixed-fixed_hash-170,170,mixed,fixed_hash,square_active,True,all_sources_cleared_with_certificate,square,True,990.0,81,81,"[1, 2, 3, 4, 5, 6, 10, 11, 12, 15, 18, 19]","[1, 2, 3, 4, 5, 6, 10, 11, 12, 15, 18, 19]",full_mesh,15382.187886243693,0.014234542000000516,0,72,12,0,0,0,12,7,12,1.0,1281.8489905203078,49495.93943121847,910,873,0
SELF-Q4-mixed-fixed_hash-171,171,mixed,fixed_hash,square_active,True,all_sources_cleared_with_certificate,square,True,990.0,81,81,"[3, 4, 5, 6, 7, 9, 11, 13, 14, 15, 16, 18, 19]","[3, 4, 5, 6, 7, 9, 11, 13, 14, 15, 16, 18, 19]",full_mesh,15276.636611406584,0.01465541700000017,0,28,13,0,0,0,13,3,13,1.0,1175.1258931851219,52133.18305703292,804,765,0
SELF-Q4-mixed-fixed_hash-172,172,mixed,fixed_hash,square_active,True,all_sources_cleared_with_certificate,square,True,990.0,81,81,"[1, 4, 7, 8, 9, 10, 11, 12, 14, 15, 16, 18, 19, 20]","[1, 4, 7, 8, 9, 10, 11, 12, 14, 15, 16, 18, 19, 20]",full_mesh,14831.75602235976,0.014277875000001217,0,61,14,0,0,0,14,5,14,1.0,1059.4111444542684,51183.780111798806,760,725,0
SELF-Q4-mixed-fixed_hash-173,173,mixed,fixed_hash,square_active,True,all_sources_cleared_with_certificate,square,True,990.0,81,81,"[1, 2, 3, 4, 6, 7, 8, 11, 12, 13, 14, 16, 17, 18, 19]","[1, 2, 3, 4, 6, 7, 8, 11, 12, 13, 14, 16, 17, 18, 19]",full_mesh,15718.791558190227,0.015373374999999356,0,67,15,0,0,0,15,14,15,1.0,1047.9194372126817,50918.957790951135,913,895,0
SELF-Q4-mixed-fixed_hash-174,174,mixed,fixed_hash,square_active,True,all_sources_cleared_with_certificate,square,True,990.0,81,52,"[1, 2, 3, 4, 6, 7, 9, 10, 11, 12, 14, 15, 16, 17, 19, 20]","[1, 2, 3, 4, 6, 7, 9, 10, 11, 12, 14, 15, 16, 17, 19, 20]",count_upper_bound,10645.360792872094,0.013912708999999523,1,69,13,3,3,4,16,10,16,1.0,665.3350495545059,36246.80396436046,552,544,4
SELF-Q4-mixed-fixed_hash-175,175,mixed,fixed_hash,square_active,True,all_sources_cleared_with_certificate,square,True,990.0,81,81,"[2, 5, 7, 8, 9, 10, 15, 17, 18, 19]","[2, 5, 7, 8, 9, 10, 15, 17, 18, 19]",full_mesh,16519.09691896052,0.01659316699999991,0,61,10,0,0,0,10,8,10,1.0,1651.909691896052,50045.48459480262,1081,1055,0
SELF-Q4-mixed-fixed_hash-176,176,mixed,fixed_hash,square_active,True,all_sources_cleared_with_certificate,square,True,990.0,81,81,"[1, 2, 4, 6, 8, 10, 11, 13, 15, 16, 18]","[1, 2, 4, 6, 8, 10, 11, 13, 15, 16, 18]",full_mesh,15041.180285387058,0.01392854100000207,0,45,11,0,0,0,11,2,11,1.0,1367.380025944278,49310.901426935285,862,814,0
SELF-Q4-mixed-fixed_hash-177,177,mixed,fixed_hash,square_active,True,all_sources_cleared_with_certificate,square,True,990.0,81,81,"[1, 2, 5, 7, 10, 11, 13, 14, 16, 17, 19, 20]","[1, 2, 5, 7, 10, 11, 13, 14, 16, 17, 19, 20]",full_mesh,15367.089882214874,0.015583292000002302,0,45,12,0,0,0,12,2,12,1.0,1280.590823517906,50820.4494110744,863,828,0
SELF-Q4-mixed-fixed_hash-178,178,mixed,fixed_hash,square_active,True,all_sources_cleared_with_certificate,square,True,990.0,81,81,"[2, 3, 4, 5, 8, 11, 12, 13, 15, 17, 18, 19, 20]","[2, 3, 4, 5, 8, 11, 12, 13, 15, 17, 18, 19, 20]",full_mesh,16282.544246316753,0.014370792000001131,0,64,13,0,0,0,13,9,13,1.0,1252.503403562827,54162.721231583775,903,870,0
SELF-Q4-mixed-fixed_hash-179,179,mixed,fixed_hash,square_active,True,all_sources_cleared_with_certificate,square,True,990.0,81,81,"[1, 2, 3, 4, 5, 7, 8, 10, 11, 12, 13, 16, 18, 19]","[1, 2, 3, 4, 5, 7, 8, 10, 11, 12, 13, 16, 18, 19]",full_mesh,15647.04774131316,0.013524374999999367,0,53,14,0,0,0,14,9,14,1.0,1117.6462672366542,53965.238706565804,803,769,0
SELF-Q4-mixed-fixed_hash-180,180,mixed,fixed_hash,square_active,True,all_sources_cleared_with_certificate,square,True,990.0,81,81,"[1, 2, 3, 4, 5, 6, 8, 9, 10, 11, 15, 16, 17, 18, 19]","[1, 2, 3, 4, 5, 6, 8, 9, 10, 11, 15, 16, 17, 18, 19]",full_mesh,14476.369660055188,0.015466583000002032,0,80,15,0,0,0,15,1,15,1.0,965.0913106703459,52436.848300275946,659,619,0
SELF-Q4-mixed-fixed_hash-181,181,mixed,fixed_hash,square_active,True,all_sources_cleared_with_certificate,square,True,990.0,81,34,"[1, 2, 4, 5, 6, 8, 9, 11, 13, 14, 15, 16, 17, 18, 19, 20]","[1, 2, 4, 5, 6, 8, 9, 11, 13, 14, 15, 16, 17, 18, 19, 20]",count_upper_bound,8391.200875530678,0.011705167000002348,0,36,15,4,9,0,16,4,16,1.0,524.4500547206674,29171.00437765337,413,403,3
SELF-Q4-mixed-fixed_hash-182,182,mixed,fixed_hash,square_active,True,all_sources_cleared_with_certificate,square,True,990.0,81,81,"[2, 5, 6, 8, 11, 12, 14, 15, 18, 19]","[2, 5, 6, 8, 11, 12, 14, 15, 18, 19]",full_mesh,15594.031374077635,0.013922208000000325,0,38,10,0,0,0,10,1,10,1.0,1559.4031374077636,48710.15687038817,975,927,0
SELF-Q4-mixed-fixed_hash-183,183,mixed,fixed_hash,square_active,True,all_sources_cleared_with_certificate,square,True,990.0,81,81,"[1, 2, 3, 4, 9, 10, 12, 13, 15, 18, 20]","[1, 2, 3, 4, 9, 10, 12, 13, 15, 18, 20]",full_mesh,16504.378265527404,0.015908625000001564,0,27,11,0,0,0,11,1,11,1.0,1500.398024138855,50281.89132763703,1071,1038,0
SELF-Q4-mixed-fixed_hash-184,184,mixed,fixed_hash,square_active,True,all_sources_cleared_with_certificate,square,True,990.0,81,81,"[1, 4, 6, 8, 9, 10, 11, 12, 13, 17, 18, 20]","[1, 4, 6, 8, 9, 10, 11, 12, 13, 17, 18, 20]",full_mesh,15616.891099862009,0.014601958000000081,0,49,12,0,0,0,12,10,12,1.0,1301.4075916551674,51869.45549931005,871,828,0
SELF-Q4-mixed-fixed_hash-185,185,mixed,fixed_hash,square_active,True,all_sources_cleared_with_certificate,square,True,990.0,81,81,"[1, 3, 4, 5, 7, 8, 10, 12, 16, 17, 18, 19, 20]","[1, 3, 4, 5, 7, 8, 10, 12, 16, 17, 18, 19, 20]",full_mesh,15294.119785565279,0.013283292000000557,0,66,13,0,0,0,13,7,13,1.0,1176.4707527357907,51710.598927826395,820,787,0
SELF-Q4-mixed-fixed_hash-186,186,mixed,fixed_hash,square_active,True,all_sources_cleared_with_certificate,square,True,990.0,81,81,"[1, 2, 4, 6, 8, 9, 11, 13, 14, 15, 16, 18, 19, 20]","[1, 2, 4, 6, 8, 9, 11, 13, 14, 15, 16, 18, 19, 20]",full_mesh,14294.455742837501,0.013585499999997808,0,43,14,0,0,0,14,6,14,1.0,1021.0325530598215,50582.278714187516,692,648,0
SELF-Q4-mixed-fixed_hash-187,187,mixed,fixed_hash,square_active,True,all_sources_cleared_with_certificate,square,True,990.0,81,81,"[1, 2, 3, 5, 6, 8, 10, 11, 12, 13, 14, 15, 16, 19, 20]","[1, 2, 3, 5, 6, 8, 10, 11, 12, 13, 14, 15, 16, 19, 20]",full_mesh,14991.552338034813,0.015845833000000198,0,28,15,0,0,0,15,4,15,1.0,999.4368225356542,53132.761690174055,722,680,0
SELF-Q4-mixed-fixed_hash-188,188,mixed,fixed_hash,square_active,True,all_sources_cleared_with_certificate,square,True,990.0,81,47,"[1, 2, 3, 5, 6, 7, 8, 9, 10, 12, 13, 14, 15, 18, 19, 20]","[1, 2, 3, 5, 6, 7, 8, 9, 10, 12, 13, 14, 15, 18, 19, 20]",count_upper_bound,9571.765799444725,0.009551667000000208,0,57,15,2,3,0,16,12,16,1.0,598.2353624652953,35598.82899722364,397,384,1
SELF-Q4-mixed-fixed_hash-189,189,mixed,fixed_hash,square_active,True,all_sources_cleared_with_certificate,square,True,990.0,81,81,"[1, 4, 5, 9, 11, 12, 13, 14, 16, 19]","[1, 4, 5, 9, 11, 12, 13, 14, 16, 19]",full_mesh,15771.536137874222,0.014822917000000047,0,32,10,0,0,0,10,1,10,1.0,1577.1536137874223,48907.680689371104,998,950,0
SELF-Q4-mixed-fixed_hash-190,190,mixed,fixed_hash,square_active,True,all_sources_cleared_with_certificate,square,True,990.0,81,81,"[2, 3, 4, 6, 7, 8, 11, 12, 16, 17, 20]","[2, 3, 4, 6, 7, 8, 11, 12, 16, 17, 20]",full_mesh,15825.606798268347,0.014501415999998102,0,31,11,0,0,0,11,9,11,1.0,1438.6915271153043,49388.03399134172,989,948,0
SELF-Q4-mixed-fixed_hash-191,191,mixed,fixed_hash,square_active,True,all_sources_cleared_with_certificate,square,True,990.0,81,81,"[1, 2, 5, 7, 8, 11, 13, 15, 17, 18, 19, 20]","[1, 2, 5, 7, 8, 11, 13, 15, 17, 18, 19, 20]",full_mesh,14503.835149081135,0.013221916999999195,0,31,12,0,0,0,12,1,12,1.0,1208.6529290900946,48784.17574540568,790,737,0
SELF-Q4-mixed-fixed_hash-192,192,mixed,fixed_hash,square_active,True,all_sources_cleared_with_certificate,square,True,990.0,81,81,"[3, 4, 5, 6, 7, 10, 11, 12, 14, 15, 17, 18, 19]","[3, 4, 5, 6, 7, 10, 11, 12, 14, 15, 17, 18, 19]",full_mesh,14422.775364871133,0.012915833000000987,0,36,13,0,0,0,13,3,13,1.0,1109.444258836241,49508.87682435566,750,706,0
SELF-Q4-mixed-fixed_hash-193,193,mixed,fixed_hash,square_active,True,all_sources_cleared_with_certificate,square,True,990.0,81,81,"[1, 2, 3, 4, 5, 6, 8, 9, 10, 14, 15, 16, 18, 19]","[1, 2, 3, 4, 5, 6, 8, 9, 10, 14, 15, 16, 18, 19]",full_mesh,15251.59063440104,0.015767124999999993,0,53,14,0,0,0,14,13,14,1.0,1089.3993310286457,50817.9531720052,842,808,0
SELF-Q4-mixed-fixed_hash-194,194,mixed,fixed_hash,square_active,True,all_sources_cleared_with_certificate,square,True,990.0,81,81,"[2, 3, 5, 7, 8, 9, 10, 12, 13, 15, 16, 17, 18, 19, 20]","[2, 3, 5, 7, 8, 9, 10, 12, 13, 15, 16, 17, 18, 19, 20]",full_mesh,14199.707654311016,0.01513483300000118,0,105,15,0,0,0,15,11,15,1.0,946.6471769540677,49858.53827155508,697,668,0
SELF-Q4-mixed-fixed_hash-195,195,mixed,fixed_hash,square_active,True,all_sources_cleared_with_certificate,square,True,990.0,81,56,"[2, 3, 4, 5, 6, 7, 10, 11, 13, 14, 15, 16, 17, 18, 19, 20]","[2, 3, 4, 5, 6, 7, 10, 11, 13, 14, 15, 16, 17, 18, 19, 20]",count_upper_bound,11130.717999252933,0.01096483400000281,0,27,12,4,3,0,16,2,16,1.0,695.6698749533083,40653.58999626466,491,465,0
SELF-Q4-mixed-fixed_hash-196,196,mixed,fixed_hash,square_active,True,all_sources_cleared_with_certificate,square,True,990.0,81,81,"[1, 2, 3, 5, 7, 11, 12, 13, 14, 17]","[1, 2, 3, 5, 7, 11, 12, 13, 14, 17]",full_mesh,16079.387654927737,0.014253917000001337,0,51,10,0,0,0,10,9,10,1.0,1607.9387654927737,48926.9382746387,1047,1009,0
SELF-Q4-mixed-fixed_hash-197,197,mixed,fixed_hash,square_active,True,all_sources_cleared_with_certificate,square,True,990.0,81,81,"[1, 2, 4, 5, 6, 10, 12, 13, 16, 18, 19]","[1, 2, 4, 5, 6, 10, 12, 13, 16, 18, 19]",full_mesh,15744.756473154512,0.015275167000002199,0,38,11,0,0,0,11,8,11,1.0,1431.341497559501,49633.78236577257,966,933,0
SELF-Q4-mixed-fixed_hash-198,198,mixed,fixed_hash,square_active,True,all_sources_cleared_with_certificate,square,True,990.0,81,81,"[1, 2, 3, 4, 5, 7, 8, 9, 16, 17, 18, 19]","[1, 2, 3, 4, 5, 7, 8, 9, 16, 17, 18, 19]",full_mesh,14904.336263185529,0.014445375000001093,0,49,12,0,0,0,12,7,12,1.0,1242.0280219321273,49206.68131592765,841,798,0
SELF-Q4-mixed-fixed_hash-199,199,mixed,fixed_hash,square_active,True,all_sources_cleared_with_certificate,square,True,990.0,81,81,"[1, 4, 5, 6, 7, 8, 9, 10, 12, 13, 14, 18, 20]","[1, 4, 5, 6, 7, 8, 9, 10, 12, 13, 14, 18, 20]",full_mesh,14555.947102881055,0.012963417000001698,0,25,13,0,0,0,13,1,13,1.0,1119.688238683158,50709.73551440527,733,684,0
SELF-Q4-mixed-fixed_hash-200,200,mixed,fixed_hash,square_active,True,all_sources_cleared_with_certificate,square,True,990.0,81,81,"[1, 2, 3, 4, 5, 7, 8, 9, 12, 13, 14, 15, 17, 18]","[1, 2, 3, 4, 5, 7, 8, 9, 12, 13, 14, 15, 17, 18]",full_mesh,14433.482366466968,0.014198208999999906,0,68,14,0,0,0,14,8,14,1.0,1030.963026176212,49522.411832334845,749,714,0
SELF-Q4-mixed-fixed_hash-201,201,mixed,fixed_hash,square_active,True,all_sources_cleared_with_certificate,square,True,990.0,81,81,"[1, 3, 4, 5, 6, 8, 9, 10, 11, 12, 13, 14, 16, 18, 19]","[1, 3, 4, 5, 6, 8, 9, 10, 11, 12, 13, 14, 16, 18, 19]",full_mesh,14756.792405986547,0.012932750000000937,0,99,15,0,0,0,15,10,15,1.0,983.7861603991031,53193.962029932736,680,643,0
SELF-Q4-mixed-fixed_hash-202,202,mixed,fixed_hash,square_active,True,all_sources_cleared_with_certificate,square,True,990.0,81,63,"[1, 2, 4, 6, 7, 8, 11, 12, 13, 14, 15, 16, 17, 18, 19, 20]","[1, 2, 4, 6, 7, 8, 11, 12, 13, 14, 15, 16, 17, 18, 19, 20]",count_upper_bound,13313.899965364892,0.013664415999997459,0,68,15,2,4,0,16,11,16,1.0,832.1187478353057,44639.499826824445,720,703,1
SELF-Q4-mixed-fixed_hash-203,203,mixed,fixed_hash,square_active,True,all_sources_cleared_with_certificate,square,True,990.0,81,81,"[1, 2, 3, 4, 5, 7, 10, 13, 14, 16]","[1, 2, 3, 4, 5, 7, 10, 13, 14, 16]",full_mesh,15410.36382765222,0.014526124999999723,0,38,10,0,0,0,10,1,10,1.0,1541.036382765222,47766.8191382611,976,927,0
SELF-Q4-mixed-fixed_hash-204,204,mixed,fixed_hash,square_active,True,all_sources_cleared_with_certificate,square,True,990.0,81,81,"[2, 3, 5, 6, 7, 8, 10, 13, 14, 16, 19]","[2, 3, 5, 6, 7, 8, 10, 13, 14, 16, 19]",full_mesh,16215.21954773313,0.01485045800000151,0,29,11,0,0,0,11,6,11,1.0,1474.110867975739,51706.09773866566,977,934,0
SELF-Q4-mixed-fixed_hash-205,205,mixed,fixed_hash,square_active,True,all_sources_cleared_with_certificate,square,True,990.0,81,81,"[2, 3, 4, 9, 12, 13, 14, 15, 16, 18, 19, 20]","[2, 3, 4, 9, 12, 13, 14, 15, 16, 18, 19, 20]",full_mesh,16208.617594203082,0.01625262499999991,0,39,12,0,0,0,12,4,12,1.0,1350.7181328502568,51538.087971015426,979,946,0
SELF-Q4-mixed-fixed_hash-206,206,mixed,fixed_hash,square_active,True,all_sources_cleared_with_certificate,square,True,990.0,81,81,"[1, 3, 4, 5, 6, 8, 9, 10, 12, 14, 15, 16, 19]","[1, 3, 4, 5, 6, 8, 9, 10, 12, 14, 15, 16, 19]",full_mesh,15091.024324356937,0.013624332999999211,0,83,13,0,0,0,13,11,13,1.0,1160.8480249505335,52800.12162178469,751,711,0
SELF-Q4-mixed-fixed_hash-207,207,mixed,fixed_hash,square_active,True,all_sources_cleared_with_certificate,square,True,990.0,81,81,"[1, 2, 3, 6, 8, 10, 12, 14, 15, 16, 17, 18, 19, 20]","[1, 2, 3, 6, 8, 10, 12, 14, 15, 16, 17, 18, 19, 20]",full_mesh,14886.63388159492,0.014736708999997461,0,38,14,0,0,0,14,2,14,1.0,1063.3309915424943,49723.16940797461,819,777,0
SELF-Q4-mixed-fixed_hash-208,208,mixed,fixed_hash,square_active,True,all_sources_cleared_with_certificate,square,True,990.0,81,81,"[2, 5, 6, 7, 8, 9, 10, 12, 13, 14, 15, 17, 18, 19, 20]","[2, 5, 6, 7, 8, 9, 10, 12, 13, 14, 15, 17, 18, 19, 20]",full_mesh,14843.391934027444,0.013014292000001149,0,33,15,0,0,0,15,4,15,1.0,989.5594622684963,51446.9596701372,753,714,0
SELF-Q4-mixed-fixed_hash-209,209,mixed,fixed_hash,square_active,True,all_sources_cleared_with_certificate,square,True,990.0,81,65,"[1, 2, 3, 4, 6, 7, 10, 11, 12, 13, 14, 15, 16, 17, 18, 20]","[1, 2, 3, 4, 6, 7, 10, 11, 12, 13, 14, 15, 16, 17, 18, 20]",count_upper_bound,12236.709212391152,0.012752667000000883,0,62,16,1,3,0,16,5,16,1.0,764.794325774447,42058.54606195576,627,607,1
SELF-Q4-mixed-fixed_hash-210,210,mixed,fixed_hash,square_active,True,all_sources_cleared_with_certificate,square,True,990.0,81,81,"[1, 4, 5, 6, 11, 13, 15, 16, 19, 20]","[1, 4, 5, 6, 11, 13, 15, 16, 19, 20]",full_mesh,15590.98972106773,0.014012541999999684,0,25,10,0,0,0,10,3,10,1.0,1559.098972106773,49349.94860533866,953,906,0
SELF-Q4-mixed-fixed_hash-211,211,mixed,fixed_hash,square_active,True,all_sources_cleared_with_certificate,square,True,990.0,81,81,"[1, 6, 8, 9, 10, 11, 12, 14, 15, 16, 19]","[1, 6, 8, 9, 10, 11, 12, 14, 15, 16, 19]",full_mesh,15847.084830177555,0.014818500000000512,0,51,11,0,0,0,11,10,11,1.0,1440.6440754706869,49035.424150887775,1003,970,0
SELF-Q4-mixed-fixed_hash-212,212,mixed,fixed_hash,square_active,True,all_sources_cleared_with_certificate,square,True,990.0,81,81,"[1, 2, 3, 5, 6, 9, 10, 12, 13, 15, 16, 19]","[1, 2, 3, 5, 6, 9, 10, 12, 13, 15, 16, 19]",full_mesh,15201.513520784909,0.013789250000002085,0,40,12,0,0,0,12,2,12,1.0,1266.7927933987423,50277.567603924545,855,811,0
SELF-Q4-mixed-fixed_hash-213,213,mixed,fixed_hash,square_active,True,all_sources_cleared_with_certificate,square,True,990.0,81,81,"[1, 3, 4, 5, 6, 7, 8, 9, 10, 13, 14, 19, 20]","[1, 3, 4, 5, 6, 7, 8, 9, 10, 13, 14, 19, 20]",full_mesh,15428.756846772465,0.01435954199999756,0,55,13,0,0,0,13,9,13,1.0,1186.8274497517282,49768.784233862316,907,875,0
SELF-Q4-mixed-fixed_hash-214,214,mixed,fixed_hash,square_active,True,all_sources_cleared_with_certificate,square,True,990.0,81,81,"[1, 2, 4, 5, 6, 7, 10, 12, 14, 15, 16, 17, 18, 20]","[1, 2, 4, 5, 6, 7, 10, 12, 14, 15, 16, 17, 18, 20]",full_mesh,14892.245877616446,0.015966583000000867,0,51,14,0,0,0,14,3,14,1.0,1063.7318484011746,51331.2293880822,765,731,0
SELF-Q4-mixed-fixed_hash-215,215,mixed,fixed_hash,square_active,True,all_sources_cleared_with_certificate,square,True,990.0,81,81,"[1, 2, 4, 5, 6, 7, 8, 9, 10, 11, 13, 15, 17, 19, 20]","[1, 2, 4, 5, 6, 7, 8, 9, 10, 11, 13, 15, 17, 19, 20]",full_mesh,15025.56594339377,0.01329575000000105,0,56,15,0,0,0,15,14,15,1.0,1001.7043962262513,52882.829716968874,737,689,0
SELF-Q4-mixed-fixed_hash-216,216,mixed,fixed_hash,square_active,True,all_sources_cleared_with_certificate,square,True,990.0,81,33,"[1, 2, 4, 5, 6, 7, 8, 9, 10, 14, 15, 16, 17, 18, 19, 20]","[1, 2, 4, 5, 6, 7, 8, 9, 10, 14, 15, 16, 17, 18, 19, 20]",count_upper_bound,7889.665470551159,0.009404458999998866,0,32,15,3,8,0,16,7,16,1.0,493.10409190944745,26223.327352755798,429,414,2
SELF-Q4-mixed-fixed_hash-217,217,mixed,fixed_hash,square_active,True,all_sources_cleared_with_certificate,square,True,990.0,81,81,"[2, 3, 5, 6, 8, 9, 10, 14, 18, 19]","[2, 3, 5, 6, 8, 9, 10, 14, 18, 19]",full_mesh,16588.809229159666,0.016615708999999868,0,62,10,0,0,0,10,7,10,1.0,1658.8809229159665,49569.04614579834,1107,1090,0
SELF-Q4-mixed-fixed_hash-218,218,mixed,fixed_hash,square_active,True,all_sources_cleared_with_certificate,square,True,990.0,81,81,"[1, 4, 6, 8, 9, 10, 11, 12, 14, 18, 19]","[1, 4, 6, 8, 9, 10, 11, 12, 14, 18, 19]",full_mesh,16254.15403100512,0.014793707999999128,0,51,11,0,0,0,11,4,11,1.0,1477.650366455011,51120.77015502561,1003,960,0
SELF-Q4-mixed-fixed_hash-219,219,mixed,fixed_hash,square_active,True,all_sources_cleared_with_certificate,square,True,990.0,81,81,"[1, 2, 4, 5, 6, 7, 8, 11, 13, 14, 17, 20]","[1, 2, 4, 5, 6, 7, 8, 11, 13, 14, 17, 20]",full_mesh,15359.326166596287,0.014382333000000358,0,61,12,0,0,0,12,3,12,1.0,1279.9438472163572,49336.63083298145,912,872,0
SELF-Q4-mixed-fixed_hash-220,220,mixed,fixed_hash,square_active,True,all_sources_cleared_with_certificate,square,True,990.0,81,81,"[3, 4, 6, 7, 8, 9, 12, 13, 14, 15, 16, 19, 20]","[3, 4, 6, 7, 8, 9, 12, 13, 14, 15, 16, 19, 20]",full_mesh,15243.139130811585,0.016173709000000258,0,72,13,0,0,0,13,7,13,1.0,1172.5491639085835,48730.695654057905,912,872,0
SELF-Q4-mixed-fixed_hash-221,221,mixed,fixed_hash,square_active,True,all_sources_cleared_with_certificate,square,True,990.0,81,81,"[1, 2, 3, 4, 6, 8, 9, 13, 14, 15, 16, 17, 19, 20]","[1, 2, 3, 4, 6, 8, 9, 13, 14, 15, 16, 17, 19, 20]",full_mesh,15216.846753341766,0.013680332999999933,0,43,14,0,0,0,14,5,14,1.0,1086.9176252386976,52509.23376670885,781,740,0
SELF-Q4-mixed-fixed_hash-222,222,mixed,fixed_hash,square_active,True,all_sources_cleared_with_certificate,square,True,990.0,81,81,"[1, 2, 4, 8, 10, 11, 12, 13, 14, 15, 16, 17, 18, 19, 20]","[1, 2, 4, 8, 10, 11, 12, 13, 14, 15, 16, 17, 18, 19, 20]",full_mesh,14897.798661641187,0.01295791699999782,0,26,15,0,0,0,15,2,15,1.0,993.1865774427458,53903.99330820593,681,637,0
SELF-Q4-mixed-fixed_hash-223,223,mixed,fixed_hash,square_active,True,all_sources_cleared_with_certificate,square,True,990.0,81,55,"[1, 2, 5, 6, 7, 9, 11, 12, 13, 14, 15, 16, 17, 18, 19, 20]","[1, 2, 5, 6, 7, 9, 11, 12, 13, 14, 15, 16, 17, 18, 19, 20]",count_upper_bound,11391.20567692835,0.012556541999998672,0,65,15,1,3,0,16,6,16,1.0,711.9503548080219,40151.02838464176,548,541,0
SELF-Q4-mixed-fixed_hash-224,224,mixed,fixed_hash,square_active,True,all_sources_cleared_with_certificate,square,True,990.0,81,81,"[2, 3, 7, 8, 9, 11, 15, 17, 19, 20]","[2, 3, 7, 8, 9, 11, 15, 17, 19, 20]",full_mesh,16263.058966740382,0.014665291000000025,0,42,10,0,0,0,10,1,10,1.0,1626.3058966740382,50730.294833701904,1017,982,0
SELF-Q4-mixed-fixed_hash-225,225,mixed,fixed_hash,square_active,True,all_sources_cleared_with_certificate,square,True,990.0,81,81,"[1, 3, 5, 6, 7, 8, 10, 12, 13, 14, 15]","[1, 3, 5, 6, 7, 8, 10, 12, 13, 14, 15]",full_mesh,15257.05038805008,0.013321583999999831,0,47,11,0,0,0,11,1,11,1.0,1387.0045807318254,49470.251940250404,892,848,0
SELF-Q4-mixed-fixed_hash-226,226,mixed,fixed_hash,square_active,True,all_sources_cleared_with_certificate,square,True,990.0,81,81,"[2, 6, 7, 8, 9, 12, 14, 15, 16, 18, 19, 20]","[2, 6, 7, 8, 9, 12, 14, 15, 16, 18, 19, 20]",full_mesh,14752.709198700974,0.013612042000001878,0,41,12,0,0,0,12,2,12,1.0,1229.392433225081,49528.54599350486,806,757,0
SELF-Q4-mixed-fixed_hash-227,227,mixed,fixed_hash,square_active,True,all_sources_cleared_with_certificate,square,True,990.0,81,81,"[1, 2, 3, 4, 5, 7, 8, 12, 13, 14, 15, 18, 19]","[1, 2, 3, 4, 5, 7, 8, 12, 13, 14, 15, 18, 19]",full_mesh,14549.078486528686,0.014500458000000549,0,33,13,0,0,0,13,2,13,1.0,1119.1598835791297,48200.392432643435,815,769,0
SELF-Q4-mixed-fixed_hash-228,228,mixed,fixed_hash,square_active,True,all_sources_cleared_with_certificate,square,True,990.0,81,81,"[2, 3, 5, 6, 8, 10, 11, 12, 15, 16, 17, 18, 19, 20]","[2, 3, 5, 6, 8, 10, 11, 12, 15, 16, 17, 18, 19, 20]",full_mesh,15124.405193826906,0.015617584000001017,0,61,14,0,0,0,14,12,14,1.0,1080.3146567019219,50707.02596913452,824,793,0
SELF-Q4-mixed-fixed_hash-229,229,mixed,fixed_hash,square_active,True,all_sources_cleared_with_certificate,square,True,990.0,81,81,"[1, 3, 4, 5, 8, 9, 10, 11, 12, 14, 16, 17, 18, 19, 20]","[1, 3, 4, 5, 8, 9, 10, 11, 12, 14, 16, 17, 18, 19, 20]",full_mesh,14352.051547758512,0.015012250000001615,0,36,15,0,0,0,15,1,15,1.0,956.8034365172341,51280.25773879258,676,641,0
SELF-Q4-mixed-fixed_hash-230,230,mixed,fixed_hash,square_active,True,all_sources_cleared_with_certificate,square,True,990.0,81,66,"[1, 3, 5, 6, 7, 8, 9, 10, 11, 12, 13, 14, 15, 16, 17, 18]","[1, 3, 5, 6, 7, 8, 9, 10, 11, 12, 13, 14, 15, 16, 17, 18]",count_upper_bound,12925.751763245045,0.014159833000000788,0,77,15,1,3,0,16,11,16,1.0,807.8594852028153,43108.75881622521,706,694,0
SELF-Q4-mixed-fixed_hash-231,231,mixed,fixed_hash,square_active,True,all_sources_cleared_with_certificate,square,True,990.0,81,81,"[1, 4, 5, 8, 10, 11, 13, 14, 18, 19]","[1, 4, 5, 8, 10, 11, 13, 14, 18, 19]",full_mesh,16258.793778831267,0.014553291999998663,0,60,10,0,0,0,10,7,10,1.0,1625.8793778831266,49398.96889415635,1061,1024,0
SELF-Q4-mixed-fixed_hash-232,232,mixed,fixed_hash,square_active,True,all_sources_cleared_with_certificate,square,True,990.0,81,81,"[3, 4, 5, 7, 8, 9, 12, 14, 15, 16, 17]","[3, 4, 5, 7, 8, 9, 12, 14, 15, 16, 17]",full_mesh,16239.075005996094,0.015368207999998162,0,45,11,0,0,0,11,9,11,1.0,1476.2795459996448,49910.375029980474,1040,1002,0
SELF-Q4-mixed-fixed_hash-233,233,mixed,fixed_hash,square_active,True,all_sources_cleared_with_certificate,square,True,990.0,81,81,"[1, 2, 4, 5, 6, 7, 8, 13, 14, 15, 16, 17]","[1, 2, 4, 5, 6, 7, 8, 13, 14, 15, 16, 17]",full_mesh,16169.182146832049,0.015391707999999227,0,59,12,0,0,0,12,11,12,1.0,1347.4318455693374,50960.910734160236,991,962,0
SELF-Q4-mixed-fixed_hash-234,234,mixed,fixed_hash,square_active,True,all_sources_cleared_with_certificate,square,True,990.0,81,81,"[2, 4, 5, 6, 8, 9, 11, 13, 14, 16, 17, 18, 20]","[2, 4, 5, 6, 8, 9, 11, 13, 14, 16, 17, 18, 20]",full_mesh,15439.09220558739,0.014384292000002574,0,58,13,0,0,0,13,5,13,1.0,1187.622477352876,51410.46102793696,854,822,0
SELF-Q4-mixed-fixed_hash-235,235,mixed,fixed_hash,square_active,True,all_sources_cleared_with_certificate,square,True,990.0,81,81,"[1, 2, 3, 5, 8, 10, 11, 12, 14, 15, 16, 17, 18, 19]","[1, 2, 3, 5, 8, 10, 11, 12, 14, 15, 16, 17, 18, 19]",full_mesh,15430.87773225924,0.016030499999999392,0,71,14,0,0,0,14,3,14,1.0,1102.2055523042313,49699.388661296194,909,876,0
SELF-Q4-mixed-fixed_hash-236,236,mixed,fixed_hash,square_active,True,all_sources_cleared_with_certificate,square,True,990.0,81,81,"[3, 5, 7, 9, 10, 11, 12, 13, 14, 15, 16, 17, 18, 19, 20]","[3, 5, 7, 9, 10, 11, 12, 13, 14, 15, 16, 17, 18, 19, 20]",full_mesh,15226.55838016241,0.014662832999999154,0,100,15,0,0,0,15,12,15,1.0,1015.1038920108274,52227.791900812044,789,761,0
SELF-Q4-mixed-fixed_hash-237,237,mixed,fixed_hash,square_active,True,all_sources_cleared_with_certificate,square,True,990.0,81,52,"[1, 3, 4, 5, 6, 7, 8, 9, 11, 12, 14, 15, 16, 17, 19, 20]","[1, 3, 4, 5, 6, 7, 8, 9, 11, 12, 14, 15, 16, 17, 19, 20]",count_upper_bound,11399.613971744617,0.012431875000000758,0,56,13,5,5,0,16,12,16,1.0,712.4758732340385,38438.069858723095,606,596,2
SELF-Q4-mixed-fixed_hash-238,238,mixed,fixed_hash,square_active,True,all_sources_cleared_with_certificate,square,True,990.0,81,81,"[2, 3, 9, 12, 13, 14, 15, 16, 17, 19]","[2, 3, 9, 12, 13, 14, 15, 16, 17, 19]",full_mesh,16547.277006629687,0.016345915999998795,0,39,10,0,0,0,10,9,10,1.0,1654.7277006629688,48641.38503314842,1134,1099,0
SELF-Q4-mixed-fixed_hash-239,239,mixed,fixed_hash,square_active,True,all_sources_cleared_with_certificate,square,True,990.0,81,81,"[1, 4, 5, 6, 7, 14, 15, 17, 18, 19, 20]","[1, 4, 5, 6, 7, 14, 15, 17, 18, 19, 20]",full_mesh,15589.184832000503,0.012878083000000373,0,30,11,0,0,0,11,5,11,1.0,1417.1986210909547,50390.9241600025,917,871,0
SELF-Q4-mixed-fixed_hash-240,240,mixed,fixed_hash,square_active,True,all_sources_cleared_with_certificate,square,True,990.0,81,81,"[1, 2, 5, 6, 9, 10, 11, 12, 13, 17, 19, 20]","[1, 2, 5, 6, 9, 10, 11, 12, 13, 17, 19, 20]",full_mesh,15196.454474686618,0.01428312499999862,0,46,12,0,0,0,12,2,12,1.0,1266.3712062238849,51072.27237343308,827,787,0
SELF-Q4-mixed-fixed_hash-241,241,mixed,fixed_hash,square_active,True,all_sources_cleared_with_certificate,square,True,990.0,81,81,"[3, 4, 5, 6, 8, 9, 10, 11, 12, 14, 15, 17, 18]","[3, 4, 5, 6, 8, 9, 10, 11, 12, 14, 15, 17, 18]",full_mesh,15427.852206896221,0.014172083000001834,0,74,13,0,0,0,13,12,13,1.0,1186.75786206894,52759.2610344811,808,771,0
SELF-Q4-mixed-fixed_hash-242,242,mixed,fixed_hash,square_active,True,all_sources_cleared_with_certificate,square,True,990.0,81,81,"[1, 2, 3, 4, 5, 9, 10, 11, 12, 13, 16, 17, 18, 19]","[1, 2, 3, 4, 5, 9, 10, 11, 12, 13, 16, 17, 18, 19]",full_mesh,14836.238208789167,0.014289375000000604,0,26,14,0,0,0,14,10,14,1.0,1059.7313006277977,50646.19104394584,780,737,0
SELF-Q4-mixed-fixed_hash-243,243,mixed,fixed_hash,square_active,True,all_sources_cleared_with_certificate,square,True,990.0,81,81,"[1, 2, 3, 5, 6, 7, 10, 11, 13, 14, 15, 17, 18, 19, 20]","[1, 2, 3, 5, 6, 7, 10, 11, 13, 14, 15, 17, 18, 19, 20]",full_mesh,14504.39847729795,0.014271707999998995,0,94,15,0,0,0,15,10,15,1.0,966.9598984865299,50806.99238648976,717,683,0
SELF-Q4-mixed-fixed_hash-244,244,mixed,fixed_hash,square_active,True,all_sources_cleared_with_certificate,square,True,990.0,81,46,"[2, 3, 4, 5, 6, 7, 8, 11, 12, 13, 14, 15, 16, 17, 18, 19]","[2, 3, 4, 5, 6, 7, 8, 11, 12, 13, 14, 15, 16, 17, 18, 19]",count_upper_bound,10827.542115921375,0.012439042000000455,0,56,11,5,3,0,16,2,16,1.0,676.7213822450859,36432.71057960689,579,566,0
SELF-Q4-mixed-fixed_hash-245,245,mixed,fixed_hash,square_active,True,all_sources_cleared_with_certificate,square,True,990.0,81,81,"[3, 5, 6, 10, 11, 12, 13, 15, 16, 19]","[3, 5, 6, 10, 11, 12, 13, 15, 16, 19]",full_mesh,16712.44603670807,0.015312833999999498,0,33,10,0,0,0,10,8,10,1.0,1671.2446036708068,51142.23018354035,1077,1049,0
SELF-Q4-mixed-fixed_hash-246,246,mixed,fixed_hash,square_active,True,all_sources_cleared_with_certificate,square,True,990.0,81,81,"[2, 3, 6, 8, 10, 12, 13, 16, 17, 18, 19]","[2, 3, 6, 8, 10, 12, 13, 16, 17, 18, 19]",full_mesh,16302.363249390088,0.014299541999999832,0,40,11,0,0,0,11,9,11,1.0,1482.033022671826,50186.816246950446,1041,1005,0
SELF-Q4-mixed-fixed_hash-247,247,mixed,fixed_hash,square_active,True,all_sources_cleared_with_certificate,square,True,990.0,81,81,"[1, 3, 6, 7, 10, 11, 12, 13, 14, 15, 16, 18]","[1, 3, 6, 7, 10, 11, 12, 13, 14, 15, 16, 18]",full_mesh,16253.395361246361,0.01492183299999894,0,25,12,0,0,0,12,1,12,1.0,1354.4496134371968,53126.976806231796,935,893,0
SELF-Q4-mixed-fixed_hash-248,248,mixed,fixed_hash,square_active,True,all_sources_cleared_with_certificate,square,True,990.0,81,81,"[2, 4, 5, 6, 7, 8, 10, 11, 12, 14, 15, 16, 17]","[2, 4, 5, 6, 7, 8, 10, 11, 12, 14, 15, 16, 17]",full_mesh,14937.257296976948,0.013165125000000444,0,58,13,0,0,0,13,7,13,1.0,1149.0197920751498,50426.28648488474,805,762,0
SELF-Q4-mixed-fixed_hash-249,249,mixed,fixed_hash,square_active,True,all_sources_cleared_with_certificate,square,True,990.0,81,81,"[1, 2, 5, 6, 7, 9, 10, 13, 14, 16, 17, 18, 19, 20]","[1, 2, 5, 6, 7, 9, 10, 13, 14, 16, 17, 18, 19, 20]",full_mesh,15402.568839258498,0.01620370799999904,0,92,14,0,0,0,14,11,14,1.0,1100.1834885184642,50387.84419629249,881,850,0
SELF-Q4-mixed-fixed_hash-250,250,mixed,fixed_hash,square_active,True,all_sources_cleared_with_certificate,square,True,990.0,81,81,"[2, 3, 4, 5, 6, 7, 8, 9, 10, 11, 12, 13, 17, 18, 20]","[2, 3, 4, 5, 6, 7, 8, 9, 10, 11, 12, 13, 17, 18, 20]",full_mesh,15485.208083704789,0.015542874999997736,0,47,15,0,0,0,15,10,15,1.0,1032.3472055803193,53216.04041852395,800,767,0
SELF-Q4-mixed-fixed_hash-251,251,mixed,fixed_hash,square_active,True,all_sources_cleared_with_certificate,square,True,990.0,81,46,"[2, 4, 5, 7, 8, 9, 11, 12, 13, 14, 15, 16, 17, 18, 19, 20]","[2, 4, 5, 7, 8, 9, 11, 12, 13, 14, 15, 16, 17, 18, 19, 20]",count_upper_bound,9664.764044620773,0.011059582999997986,0,46,13,4,7,0,16,5,16,1.0,604.0477527887983,34688.82022310387,444,424,1
SELF-Q4-mixed-fixed_hash-252,252,mixed,fixed_hash,square_active,True,all_sources_cleared_with_certificate,square,True,990.0,81,81,"[1, 5, 6, 7, 8, 10, 13, 14, 17, 20]","[1, 5, 6, 7, 8, 10, 13, 14, 17, 20]",full_mesh,15398.185091408026,0.014432167000002494,0,15,10,0,0,0,10,1,10,1.0,1539.8185091408027,47230.92545704012,992,942,0
SELF-Q4-mixed-fixed_hash-253,253,mixed,fixed_hash,square_active,True,all_sources_cleared_with_certificate,square,True,990.0,81,81,"[2, 4, 5, 8, 11, 12, 13, 14, 15, 18, 20]","[2, 4, 5, 8, 11, 12, 13, 14, 15, 18, 20]",full_mesh,15038.244674734817,0.013956000000000301,0,50,11,0,0,0,11,3,11,1.0,1367.1131522486196,48111.22337367408,901,856,0
SELF-Q4-mixed-fixed_hash-254,254,mixed,fixed_hash,square_active,True,all_sources_cleared_with_certificate,square,True,990.0,81,81,"[1, 3, 4, 6, 8, 9, 11, 12, 14, 17, 18, 20]","[1, 3, 4, 6, 8, 9, 11, 12, 14, 17, 18, 20]",full_mesh,15058.289614314148,0.01636958399999955,0,51,12,0,0,0,12,8,12,1.0,1254.8574678595123,50226.44807157073,834,783,0
SELF-Q4-mixed-fixed_hash-255,255,mixed,fixed_hash,square_active,True,all_sources_cleared_with_certificate,square,True,990.0,81,81,"[2, 5, 7, 8, 9, 11, 12, 13, 14, 15, 16, 19, 20]","[2, 5, 7, 8, 9, 11, 12, 13, 14, 15, 16, 19, 20]",full_mesh,14671.6719431384,0.017228582999997855,0,58,13,0,0,0,13,3,13,1.0,1128.5901494721847,48938.35971569199,809,774,0
SELF-Q4-mixed-fixed_hash-256,256,mixed,fixed_hash,square_active,True,all_sources_cleared_with_certificate,square,True,990.0,81,81,"[1, 3, 4, 5, 6, 7, 8, 9, 10, 12, 13, 14, 16, 20]","[1, 3, 4, 5, 6, 7, 8, 9, 10, 12, 13, 14, 16, 20]",full_mesh,15025.012652923953,0.015230708000000703,0,96,14,0,0,0,14,6,14,1.0,1073.215189494568,51655.06326461976,776,744,0
SELF-Q4-mixed-fixed_hash-257,257,mixed,fixed_hash,square_active,True,all_sources_cleared_with_certificate,square,True,990.0,81,81,"[1, 3, 4, 6, 7, 8, 9, 10, 11, 12, 14, 15, 17, 18, 19]","[1, 3, 4, 6, 7, 8, 9, 10, 11, 12, 14, 15, 17, 18, 19]",full_mesh,15580.160035481955,0.01755500000000154,0,27,15,0,0,0,15,10,15,1.0,1038.677335698797,52685.80017740977,834,798,0
SELF-Q4-mixed-fixed_hash-258,258,mixed,fixed_hash,square_active,True,all_sources_cleared_with_certificate,square,True,990.0,81,32,"[1, 2, 3, 4, 5, 6, 7, 10, 11, 13, 14, 15, 16, 18, 19, 20]","[1, 2, 3, 4, 5, 6, 7, 10, 11, 13, 14, 15, 16, 18, 19, 20]",count_upper_bound,8568.333425489483,0.01118070800000126,0,33,7,9,7,0,16,3,16,1.0,535.5208390930927,29661.6671274474,428,416,0
SELF-Q4-mixed-fixed_hash-259,259,mixed,fixed_hash,square_active,True,all_sources_cleared_with_certificate,square,True,990.0,81,81,"[1, 2, 3, 4, 11, 12, 14, 16, 18, 20]","[1, 2, 3, 4, 11, 12, 14, 16, 18, 20]",full_mesh,16144.006183532301,0.015832916000000807,0,38,10,0,0,0,10,9,10,1.0,1614.4006183532301,49615.03091766151,1036,991,0
SELF-Q4-mixed-fixed_hash-260,260,mixed,fixed_hash,square_active,True,all_sources_cleared_with_certificate,square,True,990.0,81,81,"[1, 2, 3, 5, 7, 10, 12, 14, 16, 17, 20]","[1, 2, 3, 5, 7, 10, 12, 14, 16, 17, 20]",full_mesh,15586.202567911496,0.017667542000001646,0,41,11,0,0,0,11,5,11,1.0,1416.9275061737724,49396.01283955747,948,912,0
SELF-Q4-mixed-fixed_hash-261,261,mixed,fixed_hash,square_active,True,all_sources_cleared_with_certificate,square,True,990.0,81,81,"[1, 2, 3, 5, 6, 7, 8, 9, 11, 13, 14, 15]","[1, 2, 3, 5, 6, 7, 8, 9, 11, 13, 14, 15]",full_mesh,15837.463420086127,0.015956124999998877,0,68,12,0,0,0,12,7,12,1.0,1319.7886183405105,50812.31710043065,940,915,0
SELF-Q4-mixed-fixed_hash-262,262,mixed,fixed_hash,square_active,True,all_sources_cleared_with_certificate,square,True,990.0,81,81,"[1, 4, 6, 7, 10, 11, 12, 14, 15, 17, 18, 19, 20]","[1, 4, 6, 7, 10, 11, 12, 14, 15, 17, 18, 19, 20]",full_mesh,14822.914688951112,0.013926874999999228,0,43,13,0,0,0,13,3,13,1.0,1140.2242068423932,50159.57344475559,795,751,0
SELF-Q4-mixed-fixed_hash-263,263,mixed,fixed_hash,square_active,True,all_sources_cleared_with_certificate,square,True,990.0,81,81,"[1, 5, 6, 8, 9, 10, 11, 12, 13, 14, 15, 16, 17, 18]","[1, 5, 6, 8, 9, 10, 11, 12, 13, 14, 15, 16, 17, 18]",full_mesh,15463.895588354659,0.015253333000000424,0,80,14,0,0,0,14,3,14,1.0,1104.5639705967612,51109.47794177329,867,837,0
SELF-Q4-mixed-fixed_hash-264,264,mixed,fixed_hash,square_active,True,all_sources_cleared_with_certificate,square,True,990.0,81,81,"[1, 2, 4, 5, 6, 7, 10, 11, 12, 14, 15, 16, 18, 19, 20]","[1, 2, 4, 5, 6, 7, 10, 11, 12, 14, 15, 16, 18, 19, 20]",full_mesh,14828.78164201746,0.014345583000000772,0,40,15,0,0,0,15,1,15,1.0,988.585442801164,53118.90821008726,695,655,0
SELF-Q4-mixed-fixed_hash-265,265,mixed,fixed_hash,square_active,True,all_sources_cleared_with_certificate,square,True,990.0,81,44,"[1, 2, 3, 4, 5, 9, 10, 11, 12, 13, 14, 15, 16, 18, 19, 20]","[1, 2, 3, 4, 5, 9, 10, 11, 12, 13, 14, 15, 16, 18, 19, 20]",count_upper_bound,10436.806829887913,0.011171708999999197,1,61,14,3,13,13,16,8,16,1.0,652.3004268679946,36389.03414943958,508,497,14
SELF-Q4-mixed-fixed_hash-266,266,mixed,fixed_hash,square_active,True,all_sources_cleared_with_certificate,square,True,990.0,81,81,"[1, 3, 4, 7, 9, 10, 14, 15, 16, 18]","[1, 3, 4, 7, 9, 10, 14, 15, 16, 18]",full_mesh,16020.04773580603,0.015270415999999898,0,16,10,0,0,0,10,2,10,1.0,1602.0047735806031,48655.23867903015,1048,999,0
SELF-Q4-mixed-fixed_hash-267,267,mixed,fixed_hash,square_active,True,all_sources_cleared_with_certificate,square,True,990.0,81,81,"[1, 4, 7, 8, 9, 11, 15, 16, 17, 18, 19]","[1, 4, 7, 8, 9, 11, 15, 16, 17, 18, 19]",full_mesh,17049.571016651324,0.016436999999999813,0,76,11,0,0,0,11,10,11,1.0,1549.9610015137566,52247.8550832566,1095,1070,0
SELF-Q4-mixed-fixed_hash-268,268,mixed,fixed_hash,square_active,True,all_sources_cleared_with_certificate,square,True,990.0,81,81,"[2, 3, 4, 5, 10, 11, 12, 14, 16, 17, 18, 20]","[2, 3, 4, 5, 10, 11, 12, 14, 16, 17, 18, 20]",full_mesh,15342.40430580631,0.015629790999998505,0,27,12,0,0,0,12,1,12,1.0,1278.533692150526,49477.02152903155,904,867,0
SELF-Q4-mixed-fixed_hash-269,269,mixed,fixed_hash,square_active,True,all_sources_cleared_with_certificate,square,True,990.0,81,81,"[1, 2, 3, 5, 6, 7, 9, 10, 11, 13, 15, 18, 20]","[1, 2, 3, 5, 6, 7, 9, 10, 11, 13, 15, 18, 20]",full_mesh,14651.387810067865,0.013762249999999199,0,54,13,0,0,0,13,7,13,1.0,1127.029831543682,49851.93905033933,774,746,0
SELF-Q4-mixed-fixed_hash-270,270,mixed,fixed_hash,square_active,True,all_sources_cleared_with_certificate,square,True,990.0,81,81,"[1, 3, 5, 6, 8, 9, 10, 11, 12, 15, 16, 17, 18, 20]","[1, 3, 5, 6, 8, 9, 10, 11, 12, 15, 16, 17, 18, 20]",full_mesh,14219.331732520906,0.012556083999999856,0,34,14,0,0,0,14,11,14,1.0,1015.6665523229219,49716.65866260451,709,661,0
SELF-Q4-mixed-fixed_hash-271,271,mixed,fixed_hash,square_active,True,all_sources_cleared_with_certificate,square,True,990.0,81,81,"[2, 4, 6, 7, 8, 9, 10, 11, 12, 13, 14, 15, 16, 18, 19]","[2, 4, 6, 7, 8, 9, 10, 11, 12, 13, 14, 15, 16, 18, 19]",full_mesh,15114.424713623353,0.01483333299999856,0,85,15,0,0,0,15,11,15,1.0,1007.628314241557,52137.12356811675,773,747,0
SELF-Q4-mixed-fixed_hash-272,272,mixed,fixed_hash,square_active,True,all_sources_cleared_with_certificate,square,True,990.0,81,75,"[2, 3, 4, 5, 6, 7, 9, 10, 11, 12, 13, 15, 16, 18, 19, 20]","[2, 3, 4, 5, 6, 7, 9, 10, 11, 12, 13, 15, 16, 18, 19, 20]",count_upper_bound,14880.848502243764,0.015298000000001366,0,60,15,1,1,0,16,13,16,1.0,930.0530313902352,49419.242511218785,824,797,0
SELF-Q4-mixed-fixed_hash-273,273,mixed,fixed_hash,square_active,True,all_sources_cleared_with_certificate,square,True,990.0,81,81,"[2, 3, 4, 7, 8, 9, 10, 14, 17, 19]","[2, 3, 4, 7, 8, 9, 10, 14, 17, 19]",full_mesh,17332.68532106046,0.016122916999997017,0,30,10,0,0,0,10,9,10,1.0,1733.268532106046,51683.42660530227,1164,1126,0
SELF-Q4-mixed-fixed_hash-274,274,mixed,fixed_hash,square_active,True,all_sources_cleared_with_certificate,square,True,990.0,81,81,"[1, 2, 4, 5, 11, 12, 13, 14, 15, 17, 20]","[1, 2, 4, 5, 11, 12, 13, 14, 15, 17, 20]",full_mesh,16002.075282043881,0.016194957999999815,0,36,11,0,0,0,11,10,11,1.0,1454.7341165494438,49255.3764102194,1021,991,0
SELF-Q4-mixed-fixed_hash-275,275,mixed,fixed_hash,square_active,True,all_sources_cleared_with_certificate,square,True,990.0,81,81,"[3, 4, 6, 10, 11, 12, 13, 14, 15, 16, 17, 19]","[3, 4, 6, 10, 11, 12, 13, 14, 15, 16, 17, 19]",full_mesh,14767.301147694357,0.013077541999997777,0,33,12,0,0,0,12,6,12,1.0,1230.6084289745297,48231.505738471795,850,811,0
SELF-Q4-mixed-fixed_hash-276,276,mixed,fixed_hash,square_active,True,all_sources_cleared_with_certificate,square,True,990.0,81,81,"[1, 3, 4, 5, 7, 8, 9, 11, 12, 13, 15, 18, 19]","[1, 3, 4, 5, 7, 8, 9, 11, 12, 13, 15, 18, 19]",full_mesh,15159.3223434921,0.013730999999999938,0,43,13,0,0,0,13,6,13,1.0,1166.1017187301616,52226.6117174605,782,739,0
SELF-Q4-mixed-fixed_hash-277,277,mixed,fixed_hash,square_active,True,all_sources_cleared_with_certificate,square,True,990.0,81,81,"[2, 3, 4, 5, 6, 7, 8, 10, 13, 14, 15, 17, 19, 20]","[2, 3, 4, 5, 6, 7, 8, 10, 13, 14, 15, 17, 19, 20]",full_mesh,14669.658217616687,0.014733791999997692,0,66,14,0,0,0,14,4,14,1.0,1047.8327298297634,50138.29108808344,768,732,0
SELF-Q4-mixed-fixed_hash-278,278,mixed,fixed_hash,square_active,True,all_sources_cleared_with_certificate,square,True,990.0,81,81,"[2, 3, 4, 6, 7, 8, 9, 10, 11, 13, 14, 15, 16, 18, 19]","[2, 3, 4, 6, 7, 8, 9, 10, 11, 13, 14, 15, 16, 18, 19]",full_mesh,14957.497775136813,0.016851000000002614,0,83,15,0,0,0,15,13,15,1.0,997.1665183424542,52162.48887568409,746,720,0
SELF-Q4-mixed-fixed_hash-279,279,mixed,fixed_hash,square_active,True,all_sources_cleared_with_certificate,square,True,990.0,81,36,"[1, 2, 3, 4, 5, 6, 7, 8, 10, 12, 13, 14, 15, 16, 17, 18]","[1, 2, 3, 4, 5, 6, 7, 8, 10, 12, 13, 14, 15, 16, 17, 18]",count_upper_bound,9242.883672175041,0.011284749999997956,0,57,12,6,4,0,16,7,16,1.0,577.6802295109401,31444.418360875214,479,473,2
SELF-Q4-mixed-fixed_hash-280,280,mixed,fixed_hash,square_active,True,all_sources_cleared_with_certificate,square,True,990.0,81,81,"[1, 3, 6, 8, 9, 10, 15, 16, 17, 19]","[1, 3, 6, 8, 9, 10, 15, 16, 17, 19]",full_mesh,15643.140277521023,0.015729624999998748,0,24,10,0,0,0,10,1,10,1.0,1564.3140277521022,48870.701387605106,978,929,0
SELF-Q4-mixed-fixed_hash-281,281,mixed,fixed_hash,square_active,True,all_sources_cleared_with_certificate,square,True,990.0,81,81,"[1, 4, 8, 9, 10, 13, 14, 15, 17, 18, 20]","[1, 4, 8, 9, 10, 13, 14, 15, 17, 18, 20]",full_mesh,15537.784556246175,0.013424042000000469,0,21,11,0,0,0,11,5,11,1.0,1412.5258687496523,49803.92278123088,928,882,0
SELF-Q4-mixed-fixed_hash-282,282,mixed,fixed_hash,square_active,True,all_sources_cleared_with_certificate,square,True,990.0,81,81,"[1, 2, 4, 5, 6, 9, 10, 11, 12, 13, 16, 20]","[1, 2, 4, 5, 6, 9, 10, 11, 12, 13, 16, 20]",full_mesh,15596.2073663624,0.015795084000000514,0,40,12,0,0,0,12,8,12,1.0,1299.6839471968667,48701.03683181201,972,936,0
SELF-Q4-mixed-fixed_hash-283,283,mixed,fixed_hash,square_active,True,all_sources_cleared_with_certificate,square,True,990.0,81,81,"[1, 3, 4, 5, 7, 9, 10, 11, 12, 13, 14, 15, 17]","[1, 3, 4, 5, 7, 9, 10, 11, 12, 13, 14, 15, 17]",full_mesh,14641.17098943992,0.01569895800000154,0,34,13,0,0,0,13,1,13,1.0,1126.2439222646092,49470.8549471996,788,742,0
SELF-Q4-mixed-fixed_hash-284,284,mixed,fixed_hash,square_active,True,all_sources_cleared_with_certificate,square,True,990.0,81,81,"[2, 3, 4, 5, 8, 9, 10, 12, 13, 14, 15, 18, 19, 20]","[2, 3, 4, 5, 8, 9, 10, 12, 13, 14, 15, 18, 19, 20]",full_mesh,14986.825670125922,0.015583165999998982,0,38,14,0,0,0,14,6,14,1.0,1070.4875478661372,49924.12835062961,828,792,0
SELF-Q4-mixed-fixed_hash-285,285,mixed,fixed_hash,square_active,True,all_sources_cleared_with_certificate,square,True,990.0,81,81,"[1, 3, 5, 6, 7, 8, 10, 12, 13, 14, 15, 16, 18, 19, 20]","[1, 3, 5, 6, 7, 8, 10, 12, 13, 14, 15, 16, 18, 19, 20]",full_mesh,15382.810713161189,0.015526415999996601,0,87,15,0,0,0,15,11,15,1.0,1025.5207142107458,51884.053565805945,827,796,0
SELF-Q4-mixed-fixed_hash-286,286,mixed,fixed_hash,square_active,True,all_sources_cleared_with_certificate,square,True,990.0,81,53,"[1, 3, 4, 6, 7, 8, 9, 11, 12, 13, 14, 16, 17, 18, 19, 20]","[1, 3, 4, 6, 7, 8, 9, 11, 12, 13, 14, 16, 17, 18, 19, 20]",count_upper_bound,11092.41567330547,0.01232112499999971,0,60,14,3,4,0,16,13,16,1.0,693.2759795815919,39312.07836652734,526,517,1
SELF-Q4-mixed-fixed_hash-287,287,mixed,fixed_hash,square_active,True,all_sources_cleared_with_certificate,square,True,990.0,81,81,"[1, 3, 4, 7, 9, 10, 11, 13, 17, 18]","[1, 3, 4, 7, 9, 10, 11, 13, 17, 18]",full_mesh,16349.405429475957,0.015498999999998375,0,35,10,0,0,0,10,4,10,1.0,1634.9405429475958,48587.0271473798,1103,1067,0
SELF-Q4-mixed-fixed_hash-288,288,mixed,fixed_hash,square_active,True,all_sources_cleared_with_certificate,square,True,990.0,81,81,"[1, 2, 7, 8, 9, 10, 11, 12, 16, 18, 19]","[1, 2, 7, 8, 9, 10, 11, 12, 16, 18, 19]",full_mesh,16014.4124026958,0.014929458000001006,0,48,11,0,0,0,11,10,11,1.0,1455.8556729723455,49397.06201347898,1019,985,0
SELF-Q4-mixed-fixed_hash-289,289,mixed,fixed_hash,square_active,True,all_sources_cleared_with_certificate,square,True,990.0,81,81,"[1, 3, 6, 7, 9, 11, 12, 13, 14, 15, 16, 17]","[1, 3, 6, 7, 9, 11, 12, 13, 14, 15, 16, 17]",full_mesh,16455.60705434266,0.014922458000000915,0,51,12,0,0,0,12,8,12,1.0,1371.3005878618885,51833.035271713285,1010,979,0
SELF-Q4-mixed-fixed_hash-290,290,mixed,fixed_hash,square_active,True,all_sources_cleared_with_certificate,square,True,990.0,81,81,"[1, 2, 4, 5, 7, 8, 10, 11, 14, 16, 17, 18, 19]","[1, 2, 4, 5, 7, 8, 10, 11, 14, 16, 17, 18, 19]",full_mesh,14689.730718537103,0.013779124999999226,0,67,13,0,0,0,13,6,13,1.0,1129.9792860413156,50523.65359268553,760,720,0
SELF-Q4-mixed-fixed_hash-291,291,mixed,fixed_hash,square_active,True,all_sources_cleared_with_certificate,square,True,990.0,81,81,"[2, 3, 4, 5, 6, 10, 11, 12, 13, 14, 16, 17, 19, 20]","[2, 3, 4, 5, 6, 10, 11, 12, 13, 14, 16, 17, 19, 20]",full_mesh,14828.535437382785,0.015010124999999874,0,43,14,0,0,0,14,2,14,1.0,1059.181102670199,51247.67718691394,758,719,0
SELF-Q4-mixed-fixed_hash-292,292,mixed,fixed_hash,square_active,True,all_sources_cleared_with_certificate,square,True,990.0,81,81,"[1, 4, 5, 6, 7, 8, 9, 10, 11, 14, 15, 16, 18, 19, 20]","[1, 4, 5, 6, 7, 8, 9, 10, 11, 14, 15, 16, 18, 19, 20]",full_mesh,15524.623651302394,0.016391124999998397,0,60,15,0,0,0,15,10,15,1.0,1034.9749100868262,52918.11825651199,815,791,0
SELF-Q4-mixed-fixed_hash-293,293,mixed,fixed_hash,square_active,True,all_sources_cleared_with_certificate,square,True,990.0,81,55,"[1, 2, 4, 6, 7, 8, 10, 11, 13, 14, 15, 16, 17, 18, 19, 20]","[1, 2, 4, 6, 7, 8, 10, 11, 13, 14, 15, 16, 17, 18, 19, 20]",count_upper_bound,12302.031503766113,0.014288125000000207,0,41,14,3,4,0,16,12,16,1.0,768.8769689853821,40940.15751883056,674,661,1
SELF-Q4-mixed-fixed_hash-294,294,mixed,fixed_hash,square_active,True,all_sources_cleared_with_certificate,square,True,990.0,81,81,"[2, 3, 6, 7, 10, 12, 13, 15, 16, 17]","[2, 3, 6, 7, 10, 12, 13, 15, 16, 17]",full_mesh,16295.083933746455,0.015949042000002578,0,78,10,0,0,0,10,7,10,1.0,1629.5083933746455,49395.41966873228,1067,1031,0
SELF-Q4-mixed-fixed_hash-295,295,mixed,fixed_hash,square_active,True,all_sources_cleared_with_certificate,square,True,990.0,81,81,"[1, 3, 4, 5, 10, 11, 12, 13, 15, 16, 19]","[1, 3, 4, 5, 10, 11, 12, 13, 15, 16, 19]",full_mesh,15983.970866675272,0.01545441700000083,0,36,11,0,0,0,11,4,11,1.0,1453.0882606068428,49969.854333376345,996,955,0
SELF-Q4-mixed-fixed_hash-296,296,mixed,fixed_hash,square_active,True,all_sources_cleared_with_certificate,square,True,990.0,81,81,"[1, 2, 3, 7, 9, 10, 11, 12, 14, 16, 17, 20]","[1, 2, 3, 7, 9, 10, 11, 12, 14, 16, 17, 20]",full_mesh,15274.634961504722,0.014744750000001972,0,30,12,0,0,0,12,5,12,1.0,1272.88624679206,50303.174807523625,866,824,0
SELF-Q4-mixed-fixed_hash-297,297,mixed,fixed_hash,square_active,True,all_sources_cleared_with_certificate,square,True,990.0,81,81,"[1, 2, 3, 7, 8, 11, 12, 13, 14, 15, 17, 19, 20]","[1, 2, 3, 7, 8, 11, 12, 13, 14, 15, 17, 19, 20]",full_mesh,15420.190556326348,0.013852582999998475,0,47,13,0,0,0,13,5,13,1.0,1186.168504332796,51990.95278163175,832,797,0
SELF-Q4-mixed-fixed_hash-298,298,mixed,fixed_hash,square_active,True,all_sources_cleared_with_certificate,square,True,990.0,81,81,"[1, 3, 6, 7, 8, 9, 10, 12, 13, 14, 16, 17, 18, 19]","[1, 3, 6, 7, 8, 9, 10, 12, 13, 14, 16, 17, 18, 19]",full_mesh,15194.181220688495,0.014260416999999137,0,36,14,0,0,0,14,5,14,1.0,1085.2986586206068,51125.90610344247,822,789,0
SELF-Q4-mixed-fixed_hash-299,299,mixed,fixed_hash,square_active,True,all_sources_cleared_with_certificate,square,True,990.0,81,81,"[1, 5, 6, 7, 8, 9, 10, 11, 12, 13, 15, 16, 17, 19, 20]","[1, 5, 6, 7, 8, 9, 10, 11, 12, 13, 15, 16, 17, 19, 20]",full_mesh,14419.772322331994,0.01351125000000053,0,70,15,0,0,0,15,12,15,1.0,961.3181548221329,52083.86161165998,659,633,0
SELF-Q4-mixed-fixed_hash-300,300,mixed,fixed_hash,square_active,True,all_sources_cleared_with_certificate,square,True,990.0,81,50,"[1, 2, 3, 4, 6, 7, 9, 10, 11, 12, 14, 15, 16, 18, 19, 20]","[1, 2, 3, 4, 6, 7, 9, 10, 11, 12, 14, 15, 16, 18, 19, 20]",count_upper_bound,10626.510325223055,0.013251708000002083,1,72,11,6,4,2,16,10,16,1.0,664.1568953264409,35962.551626115295,559,550,3
SELF-Q4-mixed-fixed_hash-301,301,mixed,fixed_hash,square_active,True,all_sources_cleared_with_certificate,square,True,990.0,81,81,"[2, 4, 5, 8, 10, 11, 13, 15, 16, 18]","[2, 4, 5, 8, 10, 11, 13, 15, 16, 18]",full_mesh,15630.201970447879,0.01490562500000081,0,61,10,0,0,0,10,9,10,1.0,1563.020197044788,45661.009852239404,1080,1048,0
SELF-Q4-mixed-fixed_hash-302,302,mixed,fixed_hash,square_active,True,all_sources_cleared_with_certificate,square,True,990.0,81,81,"[1, 4, 7, 12, 14, 15, 16, 17, 18, 19, 20]","[1, 4, 7, 12, 14, 15, 16, 17, 18, 19, 20]",full_mesh,16160.676849096912,0.015132833999999207,0,59,11,0,0,0,11,9,11,1.0,1469.152440826992,50958.38424548457,991,959,0
SELF-Q4-mixed-fixed_hash-303,303,mixed,fixed_hash,square_active,True,all_sources_cleared_with_certificate,square,True,990.0,81,81,"[2, 3, 7, 8, 9, 10, 13, 16, 17, 18, 19, 20]","[2, 3, 7, 8, 9, 10, 13, 16, 17, 18, 19, 20]",full_mesh,15670.907839663994,0.013466291000000297,0,33,12,0,0,0,12,5,12,1.0,1305.9089866386662,51794.53919831995,882,842,0
SELF-Q4-mixed-fixed_hash-304,304,mixed,fixed_hash,square_active,True,all_sources_cleared_with_certificate,square,True,990.0,81,81,"[1, 4, 5, 7, 10, 11, 13, 14, 15, 16, 17, 18, 20]","[1, 4, 5, 7, 10, 11, 13, 14, 15, 16, 17, 18, 20]",full_mesh,15143.489530907611,0.014356791999997398,0,36,13,0,0,0,13,1,13,1.0,1164.8838100698163,49867.447654538046,859,810,0
SELF-Q4-mixed-fixed_hash-305,305,mixed,fixed_hash,square_active,True,all_sources_cleared_with_certificate,square,True,990.0,81,81,"[3, 5, 6, 8, 10, 11, 12, 13, 15, 16, 17, 18, 19, 20]","[3, 5, 6, 8, 10, 11, 12, 13, 15, 16, 17, 18, 19, 20]",full_mesh,15155.6237166312,0.013194417000001124,0,54,14,0,0,0,14,4,14,1.0,1082.544551187943,52233.118583156,778,749,0
SELF-Q4-mixed-fixed_hash-306,306,mixed,fixed_hash,square_active,True,all_sources_cleared_with_certificate,square,True,990.0,81,81,"[1, 3, 7, 9, 10, 11, 12, 13, 14, 15, 16, 17, 18, 19, 20]","[1, 3, 7, 9, 10, 11, 12, 13, 14, 15, 16, 17, 18, 19, 20]",full_mesh,15104.342382703055,0.015193749999998118,0,34,15,0,0,0,15,2,15,1.0,1006.9561588468703,51711.711913515246,787,752,0
SELF-Q4-mixed-fixed_hash-307,307,mixed,fixed_hash,square_active,True,all_sources_cleared_with_certificate,square,True,990.0,81,55,"[1, 2, 4, 5, 6, 7, 8, 9, 10, 11, 15, 16, 17, 18, 19, 20]","[1, 2, 4, 5, 6, 7, 8, 9, 10, 11, 15, 16, 17, 18, 19, 20]",count_upper_bound,11168.758433539244,0.011778041999999544,0,58,12,4,2,0,16,12,16,1.0,698.0474020962027,36968.79216769622,619,600,0
SELF-Q4-mixed-fixed_hash-308,308,mixed,fixed_hash,square_active,True,all_sources_cleared_with_certificate,square,True,990.0,81,81,"[3, 5, 6, 7, 9, 12, 13, 17, 18, 19]","[3, 5, 6, 7, 9, 12, 13, 17, 18, 19]",full_mesh,15807.762924026832,0.01465783300000112,0,18,10,0,0,0,10,5,10,1.0,1580.7762924026833,47843.81462013418,1038,999,0
SELF-Q4-mixed-fixed_hash-309,309,mixed,fixed_hash,square_active,True,all_sources_cleared_with_certificate,square,True,990.0,81,81,"[1, 3, 4, 5, 7, 8, 10, 13, 14, 15, 18]","[1, 3, 4, 5, 7, 8, 10, 13, 14, 15, 18]",full_mesh,15434.320724055333,0.015129459000000622,0,27,11,0,0,0,11,3,11,1.0,1403.1200658232121,48426.60362027667,956,914,0
SELF-Q4-mixed-fixed_hash-310,310,mixed,fixed_hash,square_active,True,all_sources_cleared_with_certificate,square,True,990.0,81,81,"[3, 5, 6, 7, 8, 9, 10, 12, 16, 17, 18, 20]","[3, 5, 6, 7, 8, 9, 10, 12, 16, 17, 18, 20]",full_mesh,15443.382719013855,0.015455875000000674,0,30,12,0,0,0,12,4,12,1.0,1286.9485599178213,50336.91359506928,893,851,0
SELF-Q4-mixed-fixed_hash-311,311,mixed,fixed_hash,square_active,True,all_sources_cleared_with_certificate,square,True,990.0,81,81,"[1, 3, 4, 5, 7, 9, 12, 14, 15, 16, 18, 19, 20]","[1, 3, 4, 5, 7, 9, 12, 14, 15, 16, 18, 19, 20]",full_mesh,15157.376534671097,0.014617250000000581,0,66,13,0,0,0,13,12,13,1.0,1165.952041128546,50691.882673355474,831,799,0
SELF-Q4-mixed-fixed_hash-312,312,mixed,fixed_hash,square_active,True,all_sources_cleared_with_certificate,square,True,990.0,81,81,"[2, 4, 5, 6, 8, 10, 11, 13, 15, 16, 17, 18, 19, 20]","[2, 4, 5, 6, 8, 10, 11, 13, 15, 16, 17, 18, 19, 20]",full_mesh,14945.174022475014,0.014864374999998375,0,42,14,0,0,0,14,1,14,1.0,1067.5124301767867,50625.870112375065,797,765,0
SELF-Q4-mixed-fixed_hash-313,313,mixed,fixed_hash,square_active,True,all_sources_cleared_with_certificate,square,True,990.0,81,81,"[1, 3, 4, 6, 7, 11, 12, 13, 14, 15, 16, 17, 18, 19, 20]","[1, 3, 4, 6, 7, 11, 12, 13, 14, 15, 16, 17, 18, 19, 20]",full_mesh,14773.43028677753,0.014792959000001105,0,55,15,0,0,0,15,8,15,1.0,984.8953524518353,50672.15143388765,765,739,0
SELF-Q4-mixed-fixed_hash-314,314,mixed,fixed_hash,square_active,True,all_sources_cleared_with_certificate,square,True,990.0,81,49,"[1, 2, 4, 5, 6, 7, 8, 11, 12, 14, 15, 16, 17, 18, 19, 20]","[1, 2, 4, 5, 6, 7, 8, 11, 12, 14, 15, 16, 17, 18, 19, 20]",count_upper_bound,9187.248512419144,0.010565750000001373,0,36,15,1,1,0,16,3,16,1.0,574.2030320261965,33516.24256209572,404,384,0
SELF-Q4-mixed-fixed_hash-315,315,mixed,fixed_hash,square_active,True,all_sources_cleared_with_certificate,square,True,990.0,81,81,"[1, 2, 3, 10, 11, 12, 14, 17, 18, 20]","[1, 2, 3, 10, 11, 12, 14, 17, 18, 20]",full_mesh,16711.736750311524,0.016448165999999986,0,29,10,0,0,0,10,5,10,1.0,1671.1736750311525,50033.68375155762,1117,1070,0
SELF-Q4-mixed-fixed_hash-316,316,mixed,fixed_hash,square_active,True,all_sources_cleared_with_certificate,square,True,990.0,81,81,"[1, 4, 8, 9, 11, 13, 14, 16, 17, 19, 20]","[1, 4, 8, 9, 11, 13, 14, 16, 17, 19, 20]",full_mesh,15041.682723651693,0.014056917000001334,0,20,11,0,0,0,11,2,11,1.0,1367.425702150154,48583.413618258484,887,835,0
SELF-Q4-mixed-fixed_hash-317,317,mixed,fixed_hash,square_active,True,all_sources_cleared_with_certificate,square,True,990.0,81,81,"[1, 4, 5, 7, 8, 9, 11, 12, 13, 15, 18, 19]","[1, 4, 5, 7, 8, 9, 11, 12, 13, 15, 18, 19]",full_mesh,15719.524070263466,0.014231750000000432,0,23,12,0,0,0,12,6,12,1.0,1309.9603391886221,50862.620351317324,921,882,0
SELF-Q4-mixed-fixed_hash-318,318,mixed,fixed_hash,square_active,True,all_sources_cleared_with_certificate,square,True,990.0,81,81,"[2, 4, 5, 6, 7, 10, 11, 13, 14, 15, 16, 17, 18]","[2, 4, 5, 6, 7, 10, 11, 13, 14, 15, 16, 17, 18]",full_mesh,14060.926817911806,0.014869875000002253,0,44,13,0,0,0,13,7,13,1.0,1081.609755223985,48994.63408955904,708,657,0
SELF-Q4-mixed-fixed_hash-319,319,mixed,fixed_hash,square_active,True,all_sources_cleared_with_certificate,square,True,990.0,81,81,"[2, 3, 4, 5, 6, 10, 11, 12, 13, 16, 17, 18, 19, 20]","[2, 3, 4, 5, 6, 10, 11, 12, 13, 16, 17, 18, 19, 20]",full_mesh,15770.72137469685,0.01549804199999727,0,54,14,0,0,0,14,12,14,1.0,1126.480098192632,51948.60687348427,891,856,0
SELF-Q4-mixed-fixed_hash-320,320,mixed,fixed_hash,square_active,True,all_sources_cleared_with_certificate,square,True,990.0,81,81,"[2, 3, 4, 5, 6, 7, 8, 9, 11, 12, 15, 16, 17, 19, 20]","[2, 3, 4, 5, 6, 7, 8, 9, 11, 12, 15, 16, 17, 19, 20]",full_mesh,14691.261312670595,0.013282000000000238,0,44,15,0,0,0,15,8,15,1.0,979.4174208447063,53321.30656335297,664,632,0
SELF-Q4-mixed-fixed_hash-321,321,mixed,fixed_hash,square_active,True,all_sources_cleared_with_certificate,square,True,990.0,81,54,"[1, 2, 4, 5, 6, 7, 8, 9, 10, 11, 12, 13, 14, 15, 17, 18]","[1, 2, 4, 5, 6, 7, 8, 9, 10, 11, 12, 13, 14, 15, 17, 18]",count_upper_bound,11158.204238132274,0.01332754199999897,0,82,16,1,5,0,16,15,16,1.0,697.3877648832671,38016.02119066139,581,567,1
SELF-Q4-mixed-fixed_hash-322,322,mixed,fixed_hash,square_active,True,all_sources_cleared_with_certificate,square,True,990.0,81,81,"[3, 5, 6, 8, 10, 13, 14, 16, 18, 19]","[3, 5, 6, 8, 10, 13, 14, 16, 18, 19]",full_mesh,15734.63876403505,0.015614458000001719,0,67,10,0,0,0,10,9,10,1.0,1573.4638764035049,48133.19382017526,1015,983,0
SELF-Q4-mixed-fixed_hash-323,323,mixed,fixed_hash,square_active,True,all_sources_cleared_with_certificate,square,True,990.0,81,81,"[2, 4, 5, 6, 7, 8, 10, 14, 15, 16, 20]","[2, 4, 5, 6, 7, 8, 10, 14, 15, 16, 20]",full_mesh,16379.004957182126,0.014974999999999739,0,36,11,0,0,0,11,8,11,1.0,1489.0004506529206,50030.024785910624,1060,1018,0
SELF-Q4-mixed-fixed_hash-324,324,mixed,fixed_hash,square_active,True,all_sources_cleared_with_certificate,square,True,990.0,81,81,"[1, 2, 3, 5, 6, 9, 14, 16, 17, 18, 19, 20]","[1, 2, 3, 5, 6, 9, 14, 16, 17, 18, 19, 20]",full_mesh,15795.490188778298,0.016333750000001146,0,49,12,0,0,0,12,4,12,1.0,1316.290849064858,48627.45094389148,1007,975,0
SELF-Q4-mixed-fixed_hash-325,325,mixed,fixed_hash,square_active,True,all_sources_cleared_with_certificate,square,True,990.0,81,81,"[1, 2, 3, 4, 5, 6, 10, 11, 13, 14, 16, 18, 20]","[1, 2, 3, 4, 5, 6, 10, 11, 13, 14, 16, 18, 20]",full_mesh,14992.335584757668,0.013073874999999902,0,54,13,0,0,0,13,2,13,1.0,1153.2565834428974,50321.67792378834,818,773,0
SELF-Q4-mixed-fixed_hash-326,326,mixed,fixed_hash,square_active,True,all_sources_cleared_with_certificate,square,True,990.0,81,81,"[1, 2, 3, 4, 5, 6, 7, 10, 11, 13, 14, 15, 16, 17]","[1, 2, 3, 4, 5, 6, 7, 10, 11, 13, 14, 15, 16, 17]",full_mesh,15155.262648492995,0.016241000000000838,0,64,14,0,0,0,14,6,14,1.0,1082.5187606066424,51571.31324246499,801,766,0
SELF-Q4-mixed-fixed_hash-327,327,mixed,fixed_hash,square_active,True,all_sources_cleared_with_certificate,square,True,990.0,81,81,"[1, 2, 3, 4, 5, 8, 9, 10, 11, 13, 14, 15, 17, 18, 20]","[1, 2, 3, 4, 5, 8, 9, 10, 11, 13, 14, 15, 17, 18, 20]",full_mesh,13695.301922707049,0.012529749999998785,0,21,15,0,0,0,15,4,15,1.0,913.0201281804699,50236.509613535236,603,558,0
SELF-Q4-mixed-fixed_hash-328,328,mixed,fixed_hash,square_active,True,all_sources_cleared_with_certificate,square,True,990.0,81,52,"[3, 4, 5, 6, 7, 8, 9, 11, 12, 13, 14, 15, 16, 17, 19, 20]","[3, 4, 5, 6, 7, 8, 9, 11, 12, 13, 14, 15, 16, 17, 19, 20]",count_upper_bound,10976.616097759817,0.012969709000000051,0,80,12,5,5,0,16,14,16,1.0,686.0385061099886,36273.080488799096,609,594,1
SELF-Q4-mixed-fixed_hash-329,329,mixed,fixed_hash,square_active,True,all_sources_cleared_with_certificate,square,True,990.0,81,81,"[2, 4, 5, 7, 8, 10, 11, 16, 17, 20]","[2, 4, 5, 7, 8, 10, 11, 16, 17, 20]",full_mesh,15431.108574948039,0.01633199999999846,0,70,10,0,0,0,10,1,10,1.0,1543.110857494804,46525.542874740204,1020,976,0
SELF-Q4-mixed-fixed_hash-330,330,mixed,fixed_hash,square_active,True,all_sources_cleared_with_certificate,square,True,990.0,81,81,"[1, 2, 3, 6, 9, 10, 11, 13, 14, 15, 20]","[1, 2, 3, 6, 9, 10, 11, 13, 14, 15, 20]",full_mesh,16223.829419503196,0.016121417000000804,0,44,11,0,0,0,11,4,11,1.0,1474.8935835911996,51349.14709751597,990,949,0
SELF-Q4-mixed-fixed_hash-331,331,mixed,fixed_hash,square_active,True,all_sources_cleared_with_certificate,square,True,990.0,81,81,"[4, 6, 7, 8, 10, 11, 13, 14, 16, 18, 19, 20]","[4, 6, 7, 8, 10, 11, 13, 14, 16, 18, 19, 20]",full_mesh,16117.825409410938,0.016537584000001715,0,78,12,0,0,0,12,10,12,1.0,1343.1521174509114,50919.12704705469,984,954,0
SELF-Q4-mixed-fixed_hash-332,332,mixed,fixed_hash,square_active,True,all_sources_cleared_with_certificate,square,True,990.0,81,81,"[1, 2, 3, 4, 8, 9, 12, 13, 14, 16, 17, 18, 19]","[1, 2, 3, 4, 8, 9, 12, 13, 14, 16, 17, 18, 19]",full_mesh,14669.901297243854,0.014086750000000592,0,29,13,0,0,0,13,3,13,1.0,1128.453945941835,48759.50648621928,816,773,0
SELF-Q4-mixed-fixed_hash-333,333,mixed,fixed_hash,square_active,True,all_sources_cleared_with_certificate,square,True,990.0,81,81,"[2, 4, 5, 6, 7, 9, 10, 12, 13, 14, 16, 17, 18, 19]","[2, 4, 5, 6, 7, 9, 10, 12, 13, 14, 16, 17, 18, 19]",full_mesh,14009.73843998452,0.011992792000000918,0,24,14,0,0,0,14,6,14,1.0,1000.6956028560371,50273.6921999226,657,600,0
SELF-Q4-mixed-fixed_hash-334,334,mixed,fixed_hash,square_active,True,all_sources_cleared_with_certificate,square,True,990.0,81,81,"[1, 4, 5, 6, 7, 8, 12, 13, 14, 15, 16, 17, 18, 19, 20]","[1, 4, 5, 6, 7, 8, 12, 13, 14, 15, 16, 17, 18, 19, 20]",full_mesh,14851.657040778378,0.0142354580000017,0,59,15,0,0,0,15,1,15,1.0,990.1104693852252,53073.2852038919,700,662,0
SELF-Q4-mixed-fixed_hash-335,335,mixed,fixed_hash,square_active,True,all_sources_cleared_with_certificate,square,True,990.0,81,56,"[1, 2, 3, 4, 5, 6, 7, 8, 10, 11, 13, 14, 15, 17, 18, 19]","[1, 2, 3, 4, 5, 6, 7, 8, 10, 11, 13, 14, 15, 17, 18, 19]",count_upper_bound,11904.792180492745,0.014469625000000264,0,63,13,3,3,0,16,14,16,1.0,744.0495112807965,38358.96090246372,695,678,0
SELF-Q4-mixed-fixed_hash-336,336,mixed,fixed_hash,square_active,True,all_sources_cleared_with_certificate,square,True,990.0,81,81,"[1, 3, 5, 7, 8, 12, 14, 16, 18, 20]","[1, 3, 5, 7, 8, 12, 14, 16, 18, 20]",full_mesh,16508.466011984463,0.014623791999998303,0,33,10,0,0,0,10,8,10,1.0,1650.8466011984463,50847.33005992234,1054,1019,0
SELF-Q4-mixed-fixed_hash-337,337,mixed,fixed_hash,square_active,True,all_sources_cleared_with_certificate,square,True,990.0,81,81,"[1, 5, 6, 7, 8, 9, 12, 15, 16, 17, 19]","[1, 5, 6, 7, 8, 9, 12, 15, 16, 17, 19]",full_mesh,15219.221664020135,0.01312037499999974,0,71,11,0,0,0,11,6,11,1.0,1383.5656058200123,49786.10832010068,875,832,0
SELF-Q4-mixed-fixed_hash-338,338,mixed,fixed_hash,square_active,True,all_sources_cleared_with_certificate,square,True,990.0,81,81,"[1, 4, 5, 8, 9, 10, 12, 14, 15, 16, 19, 20]","[1, 4, 5, 8, 9, 10, 12, 14, 15, 16, 19, 20]",full_mesh,15723.687302415341,0.015779374999997486,0,54,12,0,0,0,12,11,12,1.0,1310.3072752012783,48823.436512076696,989,954,0
SELF-Q4-mixed-fixed_hash-339,339,mixed,fixed_hash,square_active,True,all_sources_cleared_with_certificate,square,True,990.0,81,81,"[1, 2, 3, 5, 6, 8, 9, 10, 12, 15, 17, 18, 20]","[1, 2, 3, 5, 6, 8, 9, 10, 12, 15, 17, 18, 20]",full_mesh,16133.179178882796,0.015564333000000374,0,74,13,0,0,0,13,10,13,1.0,1241.0137829909843,51825.89589441398,953,938,0
SELF-Q4-mixed-fixed_hash-340,340,mixed,fixed_hash,square_active,True,all_sources_cleared_with_certificate,square,True,990.0,81,81,"[3, 4, 5, 6, 9, 10, 13, 14, 15, 16, 17, 18, 19, 20]","[3, 4, 5, 6, 9, 10, 13, 14, 15, 16, 17, 18, 19, 20]",full_mesh,14714.164651088235,0.01300816699999885,0,31,14,0,0,0,14,3,14,1.0,1051.0117607920167,50705.82325544118,757,718,0
SELF-Q4-mixed-fixed_hash-341,341,mixed,fixed_hash,square_active,True,all_sources_cleared_with_certificate,square,True,990.0,81,81,"[1, 2, 5, 6, 8, 9, 10, 11, 12, 13, 14, 16, 17, 18, 19]","[1, 2, 5, 6, 8, 9, 10, 11, 12, 13, 14, 16, 17, 18, 19]",full_mesh,15975.489748238857,0.018345249999999425,0,63,15,0,0,0,15,12,15,1.0,1065.0326498825905,49977.44874119428,987,970,0
SELF-Q4-mixed-fixed_hash-342,342,mixed,fixed_hash,square_active,True,all_sources_cleared_with_certificate,square,True,990.0,81,43,"[1, 2, 3, 4, 5, 6, 7, 8, 9, 11, 12, 13, 17, 18, 19, 20]","[1, 2, 3, 4, 5, 6, 7, 8, 9, 11, 12, 13, 17, 18, 19, 20]",count_upper_bound,9546.282662414544,0.010838332999998812,0,85,13,4,7,0,16,12,16,1.0,596.642666400909,31786.413312072724,520,506,1
SELF-Q4-mixed-fixed_hash-343,343,mixed,fixed_hash,square_active,True,all_sources_cleared_with_certificate,square,True,990.0,81,81,"[1, 3, 5, 6, 7, 9, 15, 16, 18, 20]","[1, 3, 5, 6, 7, 9, 15, 16, 18, 20]",full_mesh,15563.24091814743,0.014886624999999043,0,20,10,0,0,0,10,5,10,1.0,1556.324091814743,48476.20459073717,978,928,0
SELF-Q4-mixed-fixed_hash-344,344,mixed,fixed_hash,square_active,True,all_sources_cleared_with_certificate,square,True,990.0,81,81,"[4, 5, 7, 10, 11, 12, 13, 14, 15, 16, 20]","[4, 5, 7, 10, 11, 12, 13, 14, 15, 16, 20]",full_mesh,15427.286993252636,0.014035457999998613,0,41,11,0,0,0,11,6,11,1.0,1402.4806357502396,49241.43496626316,927,889,0
SELF-Q4-mixed-fixed_hash-345,345,mixed,fixed_hash,square_active,True,all_sources_cleared_with_certificate,square,True,990.0,81,81,"[1, 3, 4, 5, 6, 7, 10, 11, 12, 14, 16, 18]","[1, 3, 4, 5, 6, 7, 10, 11, 12, 14, 16, 18]",full_mesh,15553.347798168286,0.015100083000000097,0,56,12,0,0,0,12,11,12,1.0,1296.1123165140239,50016.738990841426,921,885,0
SELF-Q4-mixed-fixed_hash-346,346,mixed,fixed_hash,square_active,True,all_sources_cleared_with_certificate,square,True,990.0,81,81,"[2, 3, 4, 7, 8, 9, 11, 12, 13, 14, 15, 17, 18]","[2, 3, 4, 7, 8, 9, 11, 12, 13, 14, 15, 17, 18]",full_mesh,14457.315651671464,0.011691958000000113,0,23,13,0,0,0,13,3,13,1.0,1112.101203974728,50576.57825835732,722,667,0
SELF-Q4-mixed-fixed_hash-347,347,mixed,fixed_hash,square_active,True,all_sources_cleared_with_certificate,square,True,990.0,81,81,"[1, 3, 4, 5, 6, 7, 8, 9, 12, 16, 17, 18, 19, 20]","[1, 3, 4, 5, 6, 7, 8, 9, 12, 16, 17, 18, 19, 20]",full_mesh,15288.585215639305,0.013183999999998974,0,45,14,0,0,0,14,7,14,1.0,1092.0418011170932,53022.92607819652,774,744,0
SELF-Q4-mixed-fixed_hash-348,348,mixed,fixed_hash,square_active,True,all_sources_cleared_with_certificate,square,True,990.0,81,81,"[1, 2, 3, 4, 6, 7, 8, 9, 11, 14, 15, 16, 17, 18, 19]","[1, 2, 3, 4, 6, 7, 8, 9, 11, 14, 15, 16, 17, 18, 19]",full_mesh,14343.562933414336,0.012746834000001428,0,43,15,0,0,0,15,3,15,1.0,956.2375288942891,51137.814667071674,681,636,0
SELF-Q4-mixed-fixed_hash-349,349,mixed,fixed_hash,square_active,True,all_sources_cleared_with_certificate,square,True,990.0,81,58,"[1, 3, 4, 5, 6, 8, 9, 10, 13, 14, 15, 16, 17, 18, 19, 20]","[1, 3, 4, 5, 6, 8, 9, 10, 13, 14, 15, 16, 17, 18, 19, 20]",count_upper_bound,11954.93959274149,0.013943624999999571,0,40,16,0,1,0,16,12,16,1.0,747.1837245463431,40154.69796370746,644,624,0
SELF-Q4-mixed-fixed_hash-350,350,mixed,fixed_hash,square_active,True,all_sources_cleared_with_certificate,square,True,990.0,81,81,"[3, 5, 6, 10, 11, 12, 13, 14, 18, 20]","[3, 5, 6, 10, 11, 12, 13, 14, 18, 20]",full_mesh,15858.741656777098,0.015202416999997581,0,37,10,0,0,0,10,8,10,1.0,1585.8741656777097,48593.70828388549,1022,980,0
SELF-Q4-mixed-fixed_hash-351,351,mixed,fixed_hash,square_active,True,all_sources_cleared_with_certificate,square,True,990.0,81,81,"[5, 6, 7, 8, 9, 10, 11, 12, 18, 19, 20]","[5, 6, 7, 8, 9, 10, 11, 12, 18, 19, 20]",full_mesh,16365.264725792495,0.014866250000000747,0,63,11,0,0,0,11,4,11,1.0,1487.7513387084086,51916.32362896247,994,957,0
SELF-Q4-mixed-fixed_hash-352,352,mixed,fixed_hash,square_active,True,all_sources_cleared_with_certificate,square,True,990.0,81,81,"[2, 3, 4, 5, 8, 9, 10, 14, 16, 17, 19, 20]","[2, 3, 4, 5, 8, 9, 10, 14, 16, 17, 19, 20]",full_mesh,15365.32090060219,0.015496875000000188,0,30,12,0,0,0,12,2,12,1.0,1280.4434083835158,49501.60450301094,907,870,0
SELF-Q4-mixed-fixed_hash-353,353,mixed,fixed_hash,square_active,True,all_sources_cleared_with_certificate,square,True,990.0,81,81,"[2, 3, 4, 6, 7, 8, 9, 10, 12, 13, 15, 16, 19]","[2, 3, 4, 6, 7, 8, 9, 10, 12, 13, 15, 16, 19]",full_mesh,14833.334389834552,0.014262207999998111,0,68,13,0,0,0,13,10,13,1.0,1141.0257222949656,49291.67194917278,824,790,0
SELF-Q4-mixed-fixed_hash-354,354,mixed,fixed_hash,square_active,True,all_sources_cleared_with_certificate,square,True,990.0,81,81,"[1, 2, 3, 4, 5, 7, 8, 10, 11, 16, 17, 18, 19, 20]","[1, 2, 3, 4, 5, 7, 8, 10, 11, 16, 17, 18, 19, 20]",full_mesh,15005.482525246323,0.014217125000001829,0,31,14,0,0,0,14,5,14,1.0,1071.8201803747374,51317.412626231606,785,747,0
SELF-Q4-mixed-fixed_hash-355,355,mixed,fixed_hash,square_active,True,all_sources_cleared_with_certificate,square,True,990.0,81,81,"[2, 3, 4, 5, 6, 7, 9, 10, 11, 13, 14, 15, 16, 19, 20]","[2, 3, 4, 5, 6, 7, 9, 10, 11, 13, 14, 15, 16, 19, 20]",full_mesh,14555.021875320726,0.014624958000002408,0,49,15,0,0,0,15,10,15,1.0,970.3347916880484,52195.10937660363,679,646,0
SELF-Q4-mixed-fixed_hash-356,356,mixed,fixed_hash,square_active,True,all_sources_cleared_with_certificate,square,True,990.0,81,58,"[2, 4, 6, 7, 8, 9, 10, 11, 12, 13, 14, 15, 16, 17, 18, 19]","[2, 4, 6, 7, 8, 9, 10, 11, 12, 13, 14, 15, 16, 17, 18, 19]",count_upper_bound,11664.34407237532,0.013320749999998327,0,23,15,1,2,0,16,5,16,1.0,729.0215045234575,38801.72036187659,640,624,0
SELF-Q4-mixed-fixed_hash-357,357,mixed,fixed_hash,square_active,True,all_sources_cleared_with_certificate,square,True,990.0,81,81,"[3, 4, 5, 6, 7, 8, 9, 12, 18, 20]","[3, 4, 5, 6, 7, 8, 9, 12, 18, 20]",full_mesh,15909.26391602634,0.015836291999999474,0,45,10,0,0,0,10,7,10,1.0,1590.926391602634,47421.3195801317,1068,1035,0
SELF-Q4-mixed-fixed_hash-358,358,mixed,fixed_hash,square_active,True,all_sources_cleared_with_certificate,square,True,990.0,81,81,"[1, 2, 3, 7, 8, 10, 11, 13, 14, 15, 19]","[1, 2, 3, 7, 8, 10, 11, 13, 14, 15, 19]",full_mesh,16087.081768570772,0.014922792000000129,0,47,11,0,0,0,11,4,11,1.0,1462.4619789609792,49805.408842853845,1017,986,0
SELF-Q4-mixed-fixed_hash-359,359,mixed,fixed_hash,square_active,True,all_sources_cleared_with_certificate,square,True,990.0,81,81,"[1, 2, 3, 7, 9, 10, 13, 15, 16, 17, 18, 19]","[1, 2, 3, 7, 9, 10, 13, 15, 16, 17, 18, 19]",full_mesh,15691.355082419706,0.015413167000001948,0,27,12,0,0,0,12,4,12,1.0,1307.6129235349756,50206.77541209852,938,900,0
SELF-Q4-mixed-fixed_hash-360,360,mixed,fixed_hash,square_active,True,all_sources_cleared_with_certificate,square,True,990.0,81,81,"[2, 3, 4, 7, 8, 9, 10, 11, 13, 14, 15, 17, 20]","[2, 3, 4, 7, 8, 9, 10, 11, 13, 14, 15, 17, 20]",full_mesh,15228.485561423297,0.012820500000000123,0,43,13,0,0,0,13,6,13,1.0,1171.4219662633304,52017.427807116466,801,755,0
SELF-Q4-mixed-fixed_hash-361,361,mixed,fixed_hash,square_active,True,all_sources_cleared_with_certificate,square,True,990.0,81,81,"[1, 3, 4, 5, 6, 7, 10, 11, 12, 13, 15, 16, 18, 20]","[1, 3, 4, 5, 6, 7, 10, 11, 12, 13, 15, 16, 18, 20]",full_mesh,15004.954577462924,0.01366599999999707,0,92,14,0,0,0,14,10,14,1.0,1071.7824698187803,50344.7728873146,817,781,0
SELF-Q4-mixed-fixed_hash-362,362,mixed,fixed_hash,square_active,True,all_sources_cleared_with_certificate,square,True,990.0,81,81,"[3, 5, 6, 8, 9, 10, 11, 12, 13, 14, 16, 17, 18, 19, 20]","[3, 5, 6, 8, 9, 10, 11, 12, 13, 14, 16, 17, 18, 19, 20]",full_mesh,15127.919934122127,0.015493959000000501,0,88,15,0,0,0,15,10,15,1.0,1008.5279956081417,51419.59967061062,799,774,0
SELF-Q4-mixed-fixed_hash-363,363,mixed,fixed_hash,square_active,True,all_sources_cleared_with_certificate,square,True,990.0,81,32,"[2, 3, 6, 7, 9, 10, 11, 12, 13, 14, 15, 16, 17, 18, 19, 20]","[2, 3, 6, 7, 9, 10, 11, 12, 13, 14, 15, 16, 17, 18, 19, 20]",count_upper_bound,7954.768260293615,0.010846957999998352,1,37,10,5,6,2,16,6,16,1.0,497.1730162683509,27018.841301468077,413,403,1
SELF-Q4-mixed-fixed_hash-364,364,mixed,fixed_hash,square_active,True,all_sources_cleared_with_certificate,square,True,990.0,81,81,"[1, 3, 4, 6, 9, 15, 16, 17, 19, 20]","[1, 3, 4, 6, 9, 15, 16, 17, 19, 20]",full_mesh,15977.575206240796,0.01528066699999897,0,31,10,0,0,0,10,4,10,1.0,1597.7575206240795,49297.876031204,1018,978,0
SELF-Q4-mixed-fixed_hash-365,365,mixed,fixed_hash,square_active,True,all_sources_cleared_with_certificate,square,True,990.0,81,81,"[1, 3, 5, 7, 9, 10, 11, 13, 17, 18, 20]","[1, 3, 5, 7, 9, 10, 11, 13, 17, 18, 20]",full_mesh,15240.77012820958,0.01409754099999816,0,40,11,0,0,0,11,4,11,1.0,1385.524557109962,49518.8506410479,887,847,0
SELF-Q4-mixed-fixed_hash-366,366,mixed,fixed_hash,square_active,True,all_sources_cleared_with_certificate,square,True,990.0,81,81,"[2, 3, 4, 5, 6, 7, 11, 12, 13, 15, 16, 20]","[2, 3, 4, 5, 6, 7, 11, 12, 13, 15, 16, 20]",full_mesh,15951.605589289667,0.015535624999998277,0,75,12,0,0,0,12,7,12,1.0,1329.300465774139,49728.02794644834,995,971,0
SELF-Q4-mixed-fixed_hash-367,367,mixed,fixed_hash,square_active,True,all_sources_cleared_with_certificate,square,True,990.0,81,81,"[1, 2, 4, 5, 7, 8, 9, 12, 14, 16, 17, 18, 19]","[1, 2, 4, 5, 7, 8, 9, 12, 14, 16, 17, 18, 19]",full_mesh,15451.223250948062,0.014404750000000632,0,39,13,0,0,0,13,4,13,1.0,1188.5556346883125,51316.116254740315,860,823,0
SELF-Q4-mixed-fixed_hash-368,368,mixed,fixed_hash,square_active,True,all_sources_cleared_with_certificate,square,True,990.0,81,81,"[2, 5, 7, 8, 9, 10, 11, 13, 14, 15, 16, 17, 18, 19]","[2, 5, 7, 8, 9, 10, 11, 13, 14, 15, 16, 17, 18, 19]",full_mesh,14809.851323547718,0.014386582999996733,0,74,14,0,0,0,14,6,14,1.0,1057.8465231105513,49454.25661773858,813,784,0
SELF-Q4-mixed-fixed_hash-369,369,mixed,fixed_hash,square_active,True,all_sources_cleared_with_certificate,square,True,990.0,81,81,"[1, 2, 3, 4, 7, 8, 9, 10, 12, 13, 15, 16, 17, 18, 19]","[1, 2, 3, 4, 7, 8, 9, 10, 12, 13, 15, 16, 17, 18, 19]",full_mesh,13689.820352195518,0.011926415999997886,0,70,15,0,0,0,15,6,15,1.0,912.6546901463679,50019.101760977566,610,561,0
SELF-Q4-mixed-fixed_hash-370,370,mixed,fixed_hash,square_active,True,all_sources_cleared_with_certificate,square,True,990.0,81,63,"[1, 3, 4, 5, 6, 8, 9, 10, 11, 12, 13, 14, 15, 16, 17, 19]","[1, 3, 4, 5, 6, 8, 9, 10, 11, 12, 13, 14, 15, 16, 17, 19]",count_upper_bound,13186.867428347414,0.014228958000000347,0,67,16,2,4,0,16,10,16,1.0,824.1792142717134,44819.337141737065,692,677,2
SELF-Q4-mixed-fixed_hash-371,371,mixed,fixed_hash,square_active,True,all_sources_cleared_with_certificate,square,True,990.0,81,81,"[1, 4, 6, 8, 10, 13, 14, 17, 18, 19]","[1, 4, 6, 8, 10, 13, 14, 17, 18, 19]",full_mesh,15564.08080198907,0.01394224999999949,0,17,10,0,0,0,10,4,10,1.0,1556.408080198907,48130.40400994535,989,943,0
SELF-Q4-mixed-fixed_hash-372,372,mixed,fixed_hash,square_active,True,all_sources_cleared_with_certificate,square,True,990.0,81,81,"[3, 4, 7, 8, 9, 10, 12, 16, 18, 19, 20]","[3, 4, 7, 8, 9, 10, 12, 16, 18, 19, 20]",full_mesh,16251.98550753382,0.016273417000000734,0,61,11,0,0,0,11,7,11,1.0,1477.45322795762,50064.927537669086,1036,1004,0
SELF-Q4-mixed-fixed_hash-373,373,mixed,fixed_hash,square_active,True,all_sources_cleared_with_certificate,square,True,990.0,81,81,"[2, 4, 5, 6, 7, 8, 10, 12, 15, 16, 17, 19]","[2, 4, 5, 6, 7, 8, 10, 12, 15, 16, 17, 19]",full_mesh,16367.280960731787,0.01437699999999964,0,40,12,0,0,0,12,8,12,1.0,1363.9400800609822,51861.40480365893,995,960,0
SELF-Q4-mixed-fixed_hash-374,374,mixed,fixed_hash,square_active,True,all_sources_cleared_with_certificate,square,True,990.0,81,81,"[4, 5, 8, 9, 11, 12, 13, 14, 15, 16, 17, 18, 19]","[4, 5, 8, 9, 11, 12, 13, 14, 15, 16, 17, 18, 19]",full_mesh,15054.531052493929,0.013775666000000797,0,52,13,0,0,0,13,7,13,1.0,1158.0408501918407,51657.655262469634,783,743,0
SELF-Q4-mixed-fixed_hash-375,375,mixed,fixed_hash,square_active,True,all_sources_cleared_with_certificate,square,True,990.0,81,81,"[3, 5, 6, 7, 8, 9, 12, 13, 14, 15, 16, 17, 19, 20]","[3, 5, 6, 7, 8, 9, 12, 13, 14, 15, 16, 17, 19, 20]",full_mesh,15297.591386747545,0.01430758300000079,0,91,14,0,0,0,14,11,14,1.0,1092.685099053396,50527.95693373771,857,837,0
SELF-Q4-mixed-fixed_hash-376,376,mixed,fixed_hash,square_active,True,all_sources_cleared_with_certificate,square,True,990.0,81,81,"[1, 3, 4, 6, 7, 8, 9, 10, 12, 13, 15, 16, 17, 18, 20]","[1, 3, 4, 6, 7, 8, 9, 10, 12, 13, 15, 16, 17, 18, 20]",full_mesh,14283.420090823549,0.013426750000000709,0,26,15,0,0,0,15,10,15,1.0,952.2280060549033,50717.10045411774,685,640,0
SELF-Q4-mixed-fixed_hash-377,377,mixed,fixed_hash,square_active,True,all_sources_cleared_with_certificate,square,True,990.0,81,57,"[1, 2, 3, 4, 6, 7, 8, 9, 11, 13, 14, 15, 17, 18, 19, 20]","[1, 2, 3, 4, 6, 7, 8, 9, 11, 13, 14, 15, 17, 18, 19, 20]",count_upper_bound,11470.82791875762,0.01378862500000011,0,56,13,3,5,0,16,6,16,1.0,716.9267449223513,38289.1395937881,625,608,0
SELF-Q4-mixed-fixed_hash-378,378,mixed,fixed_hash,square_active,True,all_sources_cleared_with_certificate,square,True,990.0,81,81,"[1, 5, 7, 8, 10, 12, 13, 15, 17, 20]","[1, 5, 7, 8, 10, 12, 13, 15, 17, 20]",full_mesh,15946.038235498017,0.014368915999998677,0,26,10,0,0,0,10,3,10,1.0,1594.6038235498017,50295.191177490095,980,937,0
SELF-Q4-mixed-fixed_hash-379,379,mixed,fixed_hash,square_active,True,all_sources_cleared_with_certificate,square,True,990.0,81,81,"[1, 6, 7, 8, 10, 11, 13, 14, 16, 17, 18]","[1, 6, 7, 8, 10, 11, 13, 14, 16, 17, 18]",full_mesh,15542.26474790867,0.01556237499999824,0,61,11,0,0,0,11,8,11,1.0,1412.9331589007882,47836.32373954336,991,965,0
SELF-Q4-mixed-fixed_hash-380,380,mixed,fixed_hash,square_active,True,all_sources_cleared_with_certificate,square,True,990.0,81,81,"[4, 5, 8, 9, 10, 11, 12, 13, 14, 15, 18, 20]","[4, 5, 8, 9, 10, 11, 12, 13, 14, 15, 18, 20]",full_mesh,15020.955138674655,0.014500832999999602,0,48,12,0,0,0,12,8,12,1.0,1251.7462615562213,48399.77569337329,887,846,0
SELF-Q4-mixed-fixed_hash-381,381,mixed,fixed_hash,square_active,True,all_sources_cleared_with_certificate,square,True,990.0,81,81,"[1, 4, 5, 7, 9, 10, 11, 13, 14, 15, 16, 19, 20]","[1, 4, 5, 7, 9, 10, 11, 13, 14, 15, 16, 19, 20]",full_mesh,15141.89262265878,0.01540091600000082,0,47,13,0,0,0,13,7,13,1.0,1164.7609709737521,52554.4631132939,767,731,0
SELF-Q4-mixed-fixed_hash-382,382,mixed,fixed_hash,square_active,True,all_sources_cleared_with_certificate,square,True,990.0,81,81,"[1, 2, 3, 5, 6, 8, 9, 10, 11, 12, 13, 15, 16, 19]","[1, 2, 3, 5, 6, 8, 9, 10, 11, 12, 13, 15, 16, 19]",full_mesh,15624.249064568896,0.01638962499999863,0,91,14,0,0,0,14,12,14,1.0,1116.0177903263498,51071.245322844494,895,865,0
SELF-Q4-mixed-fixed_hash-383,383,mixed,fixed_hash,square_active,True,all_sources_cleared_with_certificate,square,True,990.0,81,81,"[2, 4, 5, 6, 8, 11, 12, 13, 14, 15, 16, 17, 18, 19, 20]","[2, 4, 5, 6, 8, 11, 12, 13, 14, 15, 16, 17, 18, 19, 20]",full_mesh,14100.185101076744,0.01466624999999766,0,73,15,0,0,0,15,5,15,1.0,940.0123400717829,50875.92550538372,648,610,0
SELF-Q4-mixed-fixed_hash-384,384,mixed,fixed_hash,square_active,True,all_sources_cleared_with_certificate,square,True,990.0,81,65,"[1, 2, 4, 5, 7, 8, 9, 10, 12, 13, 15, 16, 17, 18, 19, 20]","[1, 2, 4, 5, 7, 8, 9, 10, 12, 13, 15, 16, 17, 18, 19, 20]",count_upper_bound,12462.501443374904,0.012574541999999411,0,69,15,1,2,0,16,8,16,1.0,778.9063402109315,44857.50721687453,572,551,0
SELF-Q4-mixed-fixed_hash-385,385,mixed,fixed_hash,square_active,True,all_sources_cleared_with_certificate,square,True,990.0,81,81,"[1, 3, 4, 7, 10, 13, 14, 16, 17, 19]","[1, 3, 4, 7, 10, 13, 14, 16, 17, 19]",full_mesh,15910.10132970819,0.015233124999998182,0,44,10,0,0,0,10,6,10,1.0,1591.010132970819,48175.50664854093,1045,1000,0
SELF-Q4-mixed-fixed_hash-386,386,mixed,fixed_hash,square_active,True,all_sources_cleared_with_certificate,square,True,990.0,81,81,"[1, 4, 5, 9, 10, 11, 13, 14, 15, 17, 20]","[1, 4, 5, 9, 10, 11, 13, 14, 15, 17, 20]",full_mesh,16185.031098800391,0.014138916000000279,0,28,11,0,0,0,11,10,11,1.0,1471.3664635273083,49160.15549400194,1057,1013,0
SELF-Q4-mixed-fixed_hash-387,387,mixed,fixed_hash,square_active,True,all_sources_cleared_with_certificate,square,True,990.0,81,81,"[2, 4, 5, 6, 7, 9, 10, 15, 17, 18, 19, 20]","[2, 4, 5, 6, 7, 9, 10, 15, 17, 18, 19, 20]",full_mesh,15587.654008672363,0.015824667000000403,0,23,12,0,0,0,12,2,12,1.0,1298.9711673893637,50203.27004336183,921,882,0
SELF-Q4-mixed-fixed_hash-388,388,mixed,fixed_hash,square_active,True,all_sources_cleared_with_certificate,square,True,990.0,81,81,"[2, 3, 4, 6, 7, 8, 11, 12, 13, 14, 17, 19, 20]","[2, 3, 4, 6, 7, 8, 11, 12, 13, 14, 17, 19, 20]",full_mesh,15017.935040939657,0.015006291999998922,0,65,13,0,0,0,13,2,13,1.0,1155.2257723799737,50594.675204698295,813,769,0
SELF-Q4-mixed-fixed_hash-389,389,mixed,fixed_hash,square_active,True,all_sources_cleared_with_certificate,square,True,990.0,81,81,"[1, 3, 4, 7, 8, 9, 12, 13, 14, 16, 17, 18, 19, 20]","[1, 3, 4, 7, 8, 9, 12, 13, 14, 16, 17, 18, 19, 20]",full_mesh,14386.476386299291,0.013340082999999225,0,48,14,0,0,0,14,8,14,1.0,1027.6054561642352,50482.38193149644,709,675,0
SELF-Q4-mixed-fixed_hash-390,390,mixed,fixed_hash,square_active,True,all_sources_cleared_with_certificate,square,True,990.0,81,81,"[1, 3, 4, 5, 6, 9, 11, 13, 14, 15, 16, 17, 18, 19, 20]","[1, 3, 4, 5, 6, 9, 11, 13, 14, 15, 16, 17, 18, 19, 20]",full_mesh,13284.492699472652,0.012496834000000234,0,61,15,0,0,0,15,5,15,1.0,885.6328466315101,50032.46349736324,542,493,0
SELF-Q4-mixed-fixed_hash-391,391,mixed,fixed_hash,square_active,True,all_sources_cleared_with_certificate,square,True,990.0,81,46,"[1, 2, 4, 5, 6, 8, 10, 11, 12, 13, 14, 15, 16, 18, 19, 20]","[1, 2, 4, 5, 6, 8, 10, 11, 12, 13, 14, 15, 16, 18, 19, 20]",count_upper_bound,9613.78420724939,0.012822082999999651,1,47,12,4,4,9,16,2,16,1.0,600.8615129530868,32888.921036246946,490,479,9
SELF-Q4-mixed-fixed_hash-392,392,mixed,fixed_hash,square_active,True,all_sources_cleared_with_certificate,square,True,990.0,81,81,"[2, 4, 6, 7, 9, 15, 16, 18, 19, 20]","[2, 4, 6, 7, 9, 15, 16, 18, 19, 20]",full_mesh,15864.317217779577,0.014873582999999968,0,46,10,0,0,0,10,5,10,1.0,1586.4317217779576,48216.58608889788,1036,991,0
SELF-Q4-mixed-fixed_hash-393,393,mixed,fixed_hash,square_active,True,all_sources_cleared_with_certificate,square,True,990.0,81,81,"[1, 3, 4, 6, 8, 10, 11, 12, 14, 17, 19]","[1, 3, 4, 6, 8, 10, 11, 12, 14, 17, 19]",full_mesh,15275.75640301902,0.013733624999996863,0,15,11,0,0,0,11,2,11,1.0,1388.7051275471838,49953.782015095094,880,830,0
SELF-Q4-mixed-fixed_hash-394,394,mixed,fixed_hash,square_active,True,all_sources_cleared_with_certificate,square,True,990.0,81,81,"[2, 3, 4, 6, 7, 8, 12, 14, 16, 17, 18, 20]","[2, 3, 4, 6, 7, 8, 12, 14, 16, 17, 18, 20]",full_mesh,15572.994772666132,0.013821124999999768,0,46,12,0,0,0,12,8,12,1.0,1297.7495643888444,50719.97386333066,901,864,0
SELF-Q4-mixed-fixed_hash-395,395,mixed,fixed_hash,square_active,True,all_sources_cleared_with_certificate,square,True,990.0,81,81,"[1, 2, 3, 4, 5, 6, 7, 11, 12, 13, 14, 15, 17]","[1, 2, 3, 4, 5, 6, 7, 11, 12, 13, 14, 15, 17]",full_mesh,15722.280280176103,0.015637832999999546,0,36,13,0,0,0,13,9,13,1.0,1209.4061753981618,51136.40140088052,910,880,0
SELF-Q4-mixed-fixed_hash-396,396,mixed,fixed_hash,square_active,True,all_sources_cleared_with_certificate,square,True,990.0,81,81,"[2, 4, 5, 6, 7, 9, 10, 12, 14, 15, 17, 18, 19, 20]","[2, 4, 5, 6, 7, 9, 10, 12, 14, 15, 17, 18, 19, 20]",full_mesh,14816.696546235253,0.014330499999999802,0,92,14,0,0,0,14,6,14,1.0,1058.3354675882324,49753.48273117624,805,771,0
SELF-Q4-mixed-fixed_hash-397,397,mixed,fixed_hash,square_active,True,all_sources_cleared_with_certificate,square,True,990.0,81,81,"[1, 2, 3, 4, 5, 7, 9, 10, 12, 13, 15, 17, 18, 19, 20]","[1, 2, 3, 4, 5, 7, 9, 10, 12, 13, 15, 17, 18, 19, 20]",full_mesh,14020.967936085592,0.013400374999999798,0,60,15,0,0,0,15,14,15,1.0,934.7311957390394,49349.83968042795,686,646,0
SELF-Q4-mixed-fixed_hash-398,398,mixed,fixed_hash,square_active,True,all_sources_cleared_with_certificate,square,True,990.0,81,37,"[1, 2, 3, 4, 6, 8, 10, 11, 12, 13, 14, 15, 16, 17, 18, 20]","[1, 2, 3, 4, 6, 8, 10, 11, 12, 13, 14, 15, 16, 17, 18, 20]",count_upper_bound,8829.764765759342,0.009535959000000815,0,47,14,3,5,0,16,7,16,1.0,551.8602978599589,30938.8238287967,428,419,1
SELF-Q4-mixed-fixed_hash-399,399,mixed,fixed_hash,square_active,True,all_sources_cleared_with_certificate,square,True,990.0,81,81,"[1, 2, 3, 4, 6, 8, 9, 11, 18, 20]","[1, 2, 3, 4, 6, 8, 9, 11, 18, 20]",full_mesh,15230.828886282154,0.013857249999997379,0,40,10,0,0,0,10,1,10,1.0,1523.0828886282154,48314.144431410765,928,878,0
SELF-Q4-mixed-fixed_hash-400,400,mixed,fixed_hash,square_active,True,all_sources_cleared_with_certificate,square,True,990.0,81,81,"[3, 7, 8, 9, 10, 12, 13, 15, 16, 18, 19]","[3, 7, 8, 9, 10, 12, 13, 15, 16, 18, 19]",full_mesh,16882.235141002417,0.015888541999999006,0,28,11,0,0,0,11,5,11,1.0,1534.748649182038,52286.17570501209,1067,1035,0
SELF-Q4-mixed-fixed_hash-401,401,mixed,fixed_hash,square_active,True,all_sources_cleared_with_certificate,square,True,990.0,81,81,"[3, 4, 5, 6, 8, 9, 11, 13, 14, 15, 16, 20]","[3, 4, 5, 6, 8, 9, 11, 13, 14, 15, 16, 20]",full_mesh,15314.40882373781,0.015106417000001926,0,40,12,0,0,0,12,2,12,1.0,1276.200735311484,48922.04411868904,917,885,0
SELF-Q4-mixed-fixed_hash-402,402,mixed,fixed_hash,square_active,True,all_sources_cleared_with_certificate,square,True,990.0,81,81,"[1, 3, 4, 7, 8, 9, 10, 13, 14, 16, 17, 18, 20]","[1, 3, 4, 7, 8, 9, 10, 13, 14, 16, 17, 18, 20]",full_mesh,15951.929354454225,0.014739875000000069,0,44,13,0,0,0,13,10,13,1.0,1227.0714888041712,52604.64677227112,900,866,0
SELF-Q4-mixed-fixed_hash-403,403,mixed,fixed_hash,square_active,True,all_sources_cleared_with_certificate,square,True,990.0,81,81,"[2, 3, 6, 7, 8, 9, 10, 11, 12, 13, 14, 16, 17, 20]","[2, 3, 6, 7, 8, 9, 10, 11, 12, 13, 14, 16, 17, 20]",full_mesh,15128.889416605713,0.015022874999999658,0,67,14,0,0,0,14,12,14,1.0,1080.6349583289796,51549.447083028586,797,764,0
SELF-Q4-mixed-fixed_hash-404,404,mixed,fixed_hash,square_active,True,all_sources_cleared_with_certificate,square,True,990.0,81,81,"[1, 2, 3, 6, 7, 10, 11, 12, 13, 14, 16, 17, 18, 19, 20]","[1, 2, 3, 6, 7, 10, 11, 12, 13, 14, 16, 17, 18, 19, 20]",full_mesh,15254.793800111373,0.014273541000001444,0,83,15,0,0,0,15,14,15,1.0,1016.9862533407581,53038.96900055688,768,732,0
SELF-Q4-mixed-fixed_hash-405,405,mixed,fixed_hash,square_active,True,all_sources_cleared_with_certificate,square,True,990.0,81,47,"[1, 2, 4, 5, 6, 7, 9, 10, 11, 13, 14, 15, 16, 17, 18, 19]","[1, 2, 4, 5, 6, 7, 9, 10, 11, 13, 14, 15, 16, 17, 18, 19]",count_upper_bound,9795.407735966723,0.01109383300000033,0,67,15,2,4,0,16,9,16,1.0,612.2129834979202,33892.03867983361,492,474,1
SELF-Q4-mixed-fixed_hash-406,406,mixed,fixed_hash,square_active,True,all_sources_cleared_with_certificate,square,True,990.0,81,81,"[1, 2, 3, 4, 5, 10, 13, 14, 15, 20]","[1, 2, 3, 4, 5, 10, 13, 14, 15, 20]",full_mesh,16321.220622593662,0.014913791999997983,0,37,10,0,0,0,10,2,10,1.0,1632.1220622593662,50891.103112968325,1022,983,0
SELF-Q4-mixed-fixed_hash-407,407,mixed,fixed_hash,square_active,True,all_sources_cleared_with_certificate,square,True,990.0,81,81,"[4, 8, 9, 10, 11, 12, 13, 14, 16, 18, 19]","[4, 8, 9, 10, 11, 12, 13, 14, 16, 18, 19]",full_mesh,16277.733177902222,0.016322207999998284,0,40,11,0,0,0,11,7,11,1.0,1479.7939252638384,48673.66588951112,1088,1048,0
SELF-Q4-mixed-fixed_hash-408,408,mixed,fixed_hash,square_active,True,all_sources_cleared_with_certificate,square,True,990.0,81,81,"[2, 4, 5, 7, 8, 9, 11, 14, 15, 17, 18, 19]","[2, 4, 5, 7, 8, 9, 11, 14, 15, 17, 18, 19]",full_mesh,15820.091054142586,0.014355292000001185,0,45,12,0,0,0,12,9,12,1.0,1318.3409211785488,51770.45527071292,909,861,0
SELF-Q4-mixed-fixed_hash-409,409,mixed,fixed_hash,square_active,True,all_sources_cleared_with_certificate,square,True,990.0,81,81,"[2, 4, 5, 7, 9, 11, 12, 13, 14, 16, 17, 18, 19]","[2, 4, 5, 7, 9, 11, 12, 13, 14, 16, 17, 18, 19]",full_mesh,15479.897408514747,0.01653158300000257,0,43,13,0,0,0,13,4,13,1.0,1190.7613391165191,51474.48704257373,860,820,0
SELF-Q4-mixed-fixed_hash-410,410,mixed,fixed_hash,square_active,True,all_sources_cleared_with_certificate,square,True,990.0,81,81,"[1, 3, 4, 5, 8, 9, 10, 11, 12, 14, 16, 17, 19, 20]","[1, 3, 4, 5, 8, 9, 10, 11, 12, 14, 16, 17, 19, 20]",full_mesh,14537.276956263398,0.013455208999999968,0,59,14,0,0,0,14,1,14,1.0,1038.3769254473857,52241.38478131701,678,629,0
SELF-Q4-mixed-fixed_hash-411,411,mixed,fixed_hash,square_active,True,all_sources_cleared_with_certificate,square,True,990.0,81,81,"[1, 2, 4, 6, 7, 8, 9, 10, 11, 14, 15, 16, 17, 19, 20]","[1, 2, 4, 6, 7, 8, 9, 10, 11, 14, 15, 16, 17, 19, 20]",full_mesh,13768.362143352377,0.012376417000002249,0,34,15,0,0,0,15,2,15,1.0,917.8908095568252,50266.81071676187,614,570,0
SELF-Q4-mixed-fixed_hash-412,412,mixed,fixed_hash,square_active,True,all_sources_cleared_with_certificate,square,True,990.0,81,57,"[1, 2, 4, 5, 6, 7, 8, 10, 11, 13, 14, 15, 16, 18, 19, 20]","[1, 2, 4, 5, 6, 7, 8, 10, 11, 13, 14, 15, 16, 18, 19, 20]",count_upper_bound,11191.825910743348,0.012468000000001922,0,44,16,0,4,0,16,6,16,1.0,699.4891194214592,38929.12955371673,557,541,0
SELF-Q4-mixed-fixed_hash-413,413,mixed,fixed_hash,square_active,True,all_sources_cleared_with_certificate,square,True,990.0,81,81,"[3, 5, 6, 8, 9, 10, 11, 15, 18, 19]","[3, 5, 6, 8, 9, 10, 11, 15, 18, 19]",full_mesh,15866.420439595599,0.015882582999999784,0,41,10,0,0,0,10,5,10,1.0,1586.64204395956,48437.102197978,1028,989,0
SELF-Q4-mixed-fixed_hash-414,414,mixed,fixed_hash,square_active,True,all_sources_cleared_with_certificate,square,True,990.0,81,81,"[2, 3, 5, 6, 8, 9, 10, 12, 13, 14, 17]","[2, 3, 5, 6, 8, 9, 10, 12, 13, 14, 17]",full_mesh,15485.089683396896,0.01490670899999813,0,61,11,0,0,0,11,7,11,1.0,1407.7354257633542,49010.44841698447,944,908,0
SELF-Q4-mixed-fixed_hash-415,415,mixed,fixed_hash,square_active,True,all_sources_cleared_with_certificate,square,True,990.0,81,81,"[1, 2, 3, 7, 8, 9, 11, 13, 14, 15, 17, 18]","[1, 2, 3, 7, 8, 9, 11, 13, 14, 15, 17, 18]",full_mesh,15881.389403258792,0.014353457999998653,0,43,12,0,0,0,12,8,12,1.0,1323.4491169382327,51646.947016293954,922,882,0
SELF-Q4-mixed-fixed_hash-416,416,mixed,fixed_hash,square_active,True,all_sources_cleared_with_certificate,square,True,990.0,81,81,"[1, 6, 8, 9, 10, 11, 12, 15, 16, 17, 18, 19, 20]","[1, 6, 8, 9, 10, 11, 12, 15, 16, 17, 18, 19, 20]",full_mesh,15185.931835516027,0.014781667000001164,0,68,13,0,0,0,13,11,13,1.0,1168.148602732002,51369.65917758014,815,772,0
SELF-Q4-mixed-fixed_hash-417,417,mixed,fixed_hash,square_active,True,all_sources_cleared_with_certificate,square,True,990.0,81,81,"[1, 2, 3, 6, 7, 8, 9, 10, 11, 12, 13, 14, 15, 20]","[1, 2, 3, 6, 7, 8, 9, 10, 11, 12, 13, 14, 15, 20]",full_mesh,15422.817926754858,0.01456229200000081,0,46,14,0,0,0,14,1,14,1.0,1101.6298519110612,53269.0896337743,790,749,0
SELF-Q4-mixed-fixed_hash-418,418,mixed,fixed_hash,square_active,True,all_sources_cleared_with_certificate,square,True,990.0,81,81,"[1, 3, 4, 5, 7, 8, 9, 10, 11, 12, 13, 15, 16, 18, 20]","[1, 3, 4, 5, 7, 8, 9, 10, 11, 12, 13, 15, 16, 18, 20]",full_mesh,15137.924963599273,0.016517332999999468,0,35,15,0,0,0,15,10,15,1.0,1009.1949975732848,50944.62481799637,819,779,0
SELF-Q4-mixed-fixed_hash-419,419,mixed,fixed_hash,square_active,True,all_sources_cleared_with_certificate,square,True,990.0,81,31,"[1, 2, 3, 4, 5, 9, 10, 11, 12, 13, 14, 15, 16, 17, 19, 20]","[1, 2, 3, 4, 5, 9, 10, 11, 12, 13, 14, 15, 16, 17, 19, 20]",count_upper_bound,7778.5089222177085,0.011078750000002913,0,67,11,6,6,0,16,15,16,1.0,486.1568076386068,25657.544611088557,428,424,1
SELF-Q4-mixed-fixed_hash-420,420,mixed,fixed_hash,square_active,True,all_sources_cleared_with_certificate,square,True,990.0,81,81,"[1, 2, 4, 9, 11, 12, 13, 14, 15, 17]","[1, 2, 4, 9, 11, 12, 13, 14, 15, 17]",full_mesh,15535.571976287914,0.01382979199999923,0,28,10,0,0,0,10,1,10,1.0,1553.5571976287915,49652.85988143958,935,880,0
SELF-Q4-mixed-fixed_hash-421,421,mixed,fixed_hash,square_active,True,all_sources_cleared_with_certificate,square,True,990.0,81,81,"[4, 6, 7, 8, 9, 10, 16, 17, 18, 19, 20]","[4, 6, 7, 8, 9, 10, 16, 17, 18, 19, 20]",full_mesh,15897.90613390271,0.014834791000001957,0,61,11,0,0,0,11,7,11,1.0,1445.2641939911555,48364.53066951355,1034,1000,0
SELF-Q4-mixed-fixed_hash-422,422,mixed,fixed_hash,square_active,True,all_sources_cleared_with_certificate,square,True,990.0,81,81,"[1, 3, 4, 5, 8, 10, 11, 13, 16, 18, 19, 20]","[1, 3, 4, 5, 8, 10, 11, 13, 16, 18, 19, 20]",full_mesh,14907.706719092643,0.013491334000001132,0,19,12,0,0,0,12,1,12,1.0,1242.3088932577202,49308.53359546321,839,791,0
SELF-Q4-mixed-fixed_hash-423,423,mixed,fixed_hash,square_active,True,all_sources_cleared_with_certificate,square,True,990.0,81,81,"[2, 4, 5, 6, 8, 9, 10, 11, 14, 15, 17, 18, 19]","[2, 4, 5, 6, 8, 9, 10, 11, 14, 15, 17, 18, 19]",full_mesh,15513.292872633021,0.015589207999997967,0,100,13,0,0,0,13,10,13,1.0,1193.3302209717708,49736.46436316513,920,901,0
SELF-Q4-mixed-fixed_hash-424,424,mixed,fixed_hash,square_active,True,all_sources_cleared_with_certificate,square,True,990.0,81,81,"[1, 2, 3, 4, 5, 7, 9, 13, 14, 15, 16, 17, 18, 19]","[1, 2, 3, 4, 5, 7, 9, 13, 14, 15, 16, 17, 18, 19]",full_mesh,15047.18602399678,0.015099958000000413,0,28,14,0,0,0,14,4,14,1.0,1074.7990017140557,51470.93011998389,787,748,0
SELF-Q4-mixed-fixed_hash-425,425,mixed,fixed_hash,square_active,True,all_sources_cleared_with_certificate,square,True,990.0,81,81,"[2, 3, 4, 5, 6, 9, 10, 11, 12, 13, 14, 15, 17, 18, 20]","[2, 3, 4, 5, 6, 9, 10, 11, 12, 13, 14, 15, 17, 18, 20]",full_mesh,14622.16138733349,0.01549237500000089,0,85,15,0,0,0,15,9,15,1.0,974.810759155566,50745.806936667446,738,708,0
SELF-Q4-mixed-fixed_hash-426,426,mixed,fixed_hash,square_active,True,all_sources_cleared_with_certificate,square,True,990.0,81,40,"[1, 2, 3, 4, 5, 6, 7, 8, 9, 10, 11, 12, 13, 15, 19, 20]","[1, 2, 3, 4, 5, 6, 7, 8, 9, 10, 11, 12, 13, 15, 19, 20]",count_upper_bound,9796.338622496358,0.010933582999999913,1,41,13,2,11,7,16,12,16,1.0,612.2711639060224,34041.693112481786,484,470,6
SELF-Q4-mixed-fixed_hash-427,427,mixed,fixed_hash,square_active,True,all_sources_cleared_with_certificate,square,True,990.0,81,81,"[1, 2, 5, 6, 11, 12, 16, 17, 18, 20]","[1, 2, 5, 6, 11, 12, 16, 17, 18, 20]",full_mesh,16645.701558871126,0.01573929199999924,0,38,10,0,0,0,10,9,10,1.0,1664.5701558871126,49758.507794355646,1113,1079,0
SELF-Q4-mixed-fixed_hash-428,428,mixed,fixed_hash,square_active,True,all_sources_cleared_with_certificate,square,True,990.0,81,81,"[2, 4, 5, 9, 10, 13, 15, 17, 18, 19, 20]","[2, 4, 5, 9, 10, 13, 15, 17, 18, 19, 20]",full_mesh,15692.85864707339,0.014926709000000926,0,52,11,0,0,0,11,5,11,1.0,1426.6235133703083,51139.29323536695,908,870,0
SELF-Q4-mixed-fixed_hash-429,429,mixed,fixed_hash,square_active,True,all_sources_cleared_with_certificate,square,True,990.0,81,81,"[1, 3, 4, 7, 8, 10, 11, 13, 16, 18, 19, 20]","[1, 3, 4, 7, 8, 10, 11, 13, 16, 18, 19, 20]",full_mesh,14570.57499397717,0.013495291999998216,0,31,12,0,0,0,12,2,12,1.0,1214.2145828314308,49772.87496988586,768,716,0
SELF-Q4-mixed-fixed_hash-430,430,mixed,fixed_hash,square_active,True,all_sources_cleared_with_certificate,square,True,990.0,81,81,"[1, 2, 4, 5, 6, 7, 8, 9, 11, 13, 16, 17, 19]","[1, 2, 4, 5, 6, 7, 8, 9, 11, 13, 16, 17, 19]",full_mesh,14357.391028401225,0.014247167000000616,0,38,13,0,0,0,13,7,13,1.0,1104.4146944924018,48661.95514200612,767,725,0
SELF-Q4-mixed-fixed_hash-431,431,mixed,fixed_hash,square_active,True,all_sources_cleared_with_certificate,square,True,990.0,81,81,"[1, 2, 3, 4, 7, 9, 10, 11, 12, 13, 14, 15, 16, 19]","[1, 2, 3, 4, 7, 9, 10, 11, 12, 13, 14, 15, 16, 19]",full_mesh,15037.947849031885,0.015443540999999783,0,34,14,0,0,0,14,2,14,1.0,1074.1391320737062,52099.73924515943,763,733,0
SELF-Q4-mixed-fixed_hash-432,432,mixed,fixed_hash,square_active,True,all_sources_cleared_with_certificate,square,True,990.0,81,81,"[1, 2, 3, 4, 7, 8, 9, 11, 12, 13, 14, 16, 18, 19, 20]","[1, 2, 3, 4, 7, 8, 9, 11, 12, 13, 14, 16, 18, 19, 20]",full_mesh,14816.362153804619,0.012532624999998632,0,48,15,0,0,0,15,6,15,1.0,987.7574769203079,53206.81076902307,691,645,0
SELF-Q4-mixed-fixed_hash-433,433,mixed,fixed_hash,square_active,True,all_sources_cleared_with_certificate,square,True,990.0,81,33,"[2, 3, 4, 5, 6, 7, 8, 9, 10, 11, 12, 14, 15, 16, 17, 19]","[2, 3, 4, 5, 6, 7, 8, 9, 10, 11, 12, 14, 15, 16, 17, 19]",count_upper_bound,7940.762229787566,0.010801167000000333,0,75,16,4,6,0,16,6,16,1.0,496.2976393617229,27298.811148937828,399,394,4
SELF-Q4-mixed-fixed_hash-434,434,mixed,fixed_hash,square_active,True,all_sources_cleared_with_certificate,square,True,990.0,81,81,"[1, 3, 5, 7, 9, 12, 13, 14, 17, 19]","[1, 3, 5, 7, 9, 12, 13, 14, 17, 19]",full_mesh,16051.942315205903,0.016009374999999437,0,68,10,0,0,0,10,8,10,1.0,1605.1942315205902,47764.711576029506,1080,1049,0
SELF-Q4-mixed-fixed_hash-435,435,mixed,fixed_hash,square_active,True,all_sources_cleared_with_certificate,square,True,990.0,81,81,"[2, 6, 7, 8, 10, 12, 13, 15, 16, 17, 19]","[2, 6, 7, 8, 10, 12, 13, 15, 16, 17, 19]",full_mesh,16502.14244842162,0.016710667000001678,0,74,11,0,0,0,11,9,11,1.0,1500.194768038329,50780.71224210807,1053,1026,0
SELF-Q4-mixed-fixed_hash-436,436,mixed,fixed_hash,square_active,True,all_sources_cleared_with_certificate,square,True,990.0,81,81,"[2, 4, 6, 8, 9, 11, 13, 14, 15, 16, 19, 20]","[2, 4, 6, 8, 9, 11, 13, 14, 15, 16, 19, 20]",full_mesh,15444.007875904013,0.01579912499999736,0,62,12,0,0,0,12,10,12,1.0,1287.0006563253344,50365.03937952006,891,856,0
SELF-Q4-mixed-fixed_hash-437,437,mixed,fixed_hash,square_active,True,all_sources_cleared_with_certificate,square,True,990.0,81,81,"[1, 4, 5, 6, 8, 10, 11, 12, 13, 16, 17, 19, 20]","[1, 4, 5, 6, 8, 10, 11, 12, 13, 16, 17, 19, 20]",full_mesh,15275.752459612739,0.015351333999998218,0,54,13,0,0,0,13,6,13,1.0,1175.0578815086722,50383.76229806371,862,824,0
SELF-Q4-mixed-fixed_hash-438,438,mixed,fixed_hash,square_active,True,all_sources_cleared_with_certificate,square,True,990.0,81,81,"[1, 2, 3, 7, 9, 10, 12, 13, 15, 16, 17, 18, 19, 20]","[1, 2, 3, 7, 9, 10, 12, 13, 15, 16, 17, 18, 19, 20]",full_mesh,15423.688033332155,0.015569541999997938,0,36,14,0,0,0,14,3,14,1.0,1101.6920023808682,51453.44016666079,850,813,0
SELF-Q4-mixed-fixed_hash-439,439,mixed,fixed_hash,square_active,True,all_sources_cleared_with_certificate,square,True,990.0,81,81,"[2, 4, 5, 7, 8, 9, 10, 11, 12, 13, 14, 16, 17, 18, 20]","[2, 4, 5, 7, 8, 9, 10, 11, 12, 13, 14, 16, 17, 18, 20]",full_mesh,15010.009162086128,0.014564749999998128,0,45,15,0,0,0,15,12,15,1.0,1000.6672774724085,50120.04581043063,825,786,0
SELF-Q4-mixed-fixed_hash-440,440,mixed,fixed_hash,square_active,True,all_sources_cleared_with_certificate,square,True,990.0,81,62,"[1, 2, 3, 4, 6, 7, 8, 9, 10, 12, 14, 15, 16, 17, 18, 20]","[1, 2, 3, 4, 6, 7, 8, 9, 10, 12, 14, 15, 16, 17, 18, 20]",count_upper_bound,12968.673968206756,0.015030875000000776,0,88,14,3,3,0,16,10,16,1.0,810.5421230129223,42558.3698410338,732,714,1
SELF-Q4-mixed-fixed_hash-441,441,mixed,fixed_hash,square_active,True,all_sources_cleared_with_certificate,square,True,990.0,81,81,"[1, 5, 6, 7, 8, 10, 12, 13, 16, 18]","[1, 5, 6, 7, 8, 10, 12, 13, 16, 18]",full_mesh,16198.203673277449,0.014922249999997916,0,46,10,0,0,0,10,7,10,1.0,1619.8203673277449,49971.01836638726,1032,994,0
SELF-Q4-mixed-fixed_hash-442,442,mixed,fixed_hash,square_active,True,all_sources_cleared_with_certificate,square,True,990.0,81,81,"[3, 4, 6, 7, 8, 10, 12, 14, 15, 17, 19]","[3, 4, 6, 7, 8, 10, 12, 14, 15, 17, 19]",full_mesh,16563.218427856882,0.01610383300000251,0,39,11,0,0,0,11,7,11,1.0,1505.7471298051712,48871.09213928442,1129,1089,0
SELF-Q4-mixed-fixed_hash-443,443,mixed,fixed_hash,square_active,True,all_sources_cleared_with_certificate,square,True,990.0,81,81,"[1, 2, 4, 5, 6, 9, 10, 11, 16, 18, 19, 20]","[1, 2, 4, 5, 6, 9, 10, 11, 16, 18, 19, 20]",full_mesh,15836.999633804611,0.014940584000001422,0,20,12,0,0,0,12,9,12,1.0,1319.7499694837177,51939.99816902304,905,864,0
SELF-Q4-mixed-fixed_hash-444,444,mixed,fixed_hash,square_active,True,all_sources_cleared_with_certificate,square,True,990.0,81,81,"[1, 5, 8, 9, 10, 11, 12, 13, 14, 15, 16, 19, 20]","[1, 5, 8, 9, 10, 11, 12, 13, 14, 15, 16, 19, 20]",full_mesh,15544.336322562825,0.015076042000000456,0,50,13,0,0,0,13,8,13,1.0,1195.7181786586789,50581.681612814136,900,863,0
SELF-Q4-mixed-fixed_hash-445,445,mixed,fixed_hash,square_active,True,all_sources_cleared_with_certificate,square,True,990.0,81,81,"[3, 5, 7, 8, 9, 10, 11, 13, 14, 16, 17, 18, 19, 20]","[3, 5, 7, 8, 9, 10, 11, 13, 14, 16, 17, 18, 19, 20]",full_mesh,14989.957399358009,0.016041582999999804,0,68,14,0,0,0,14,5,14,1.0,1070.7112428112864,51014.78699679004,792,757,0
SELF-Q4-mixed-fixed_hash-446,446,mixed,fixed_hash,square_active,True,all_sources_cleared_with_certificate,square,True,990.0,81,81,"[1, 2, 4, 5, 6, 7, 10, 12, 13, 14, 15, 16, 18, 19, 20]","[1, 2, 4, 5, 6, 7, 10, 12, 13, 14, 15, 16, 18, 19, 20]",full_mesh,14785.716131314573,0.013793250000002644,0,83,15,0,0,0,15,14,15,1.0,985.7144087543049,51313.580656572856,745,723,0
SELF-Q4-mixed-fixed_hash-447,447,mixed,fixed_hash,square_active,True,all_sources_cleared_with_certificate,square,True,990.0,81,67,"[1, 2, 3, 4, 5, 7, 9, 10, 11, 12, 13, 14, 16, 17, 19, 20]","[1, 2, 3, 4, 5, 7, 9, 10, 11, 12, 13, 14, 16, 17, 19, 20]",count_upper_bound,13415.495757152627,0.015069750000002102,0,89,15,1,2,0,16,15,16,1.0,838.4684848220392,44062.4787857631,757,738,0
SELF-Q4-mixed-fixed_hash-448,448,mixed,fixed_hash,square_active,True,all_sources_cleared_with_certificate,square,True,990.0,81,81,"[1, 4, 6, 8, 9, 10, 13, 16, 17, 20]","[1, 4, 6, 8, 9, 10, 13, 16, 17, 20]",full_mesh,16440.700708073615,0.01601004100000125,0,24,10,0,0,0,10,7,10,1.0,1644.0700708073614,49848.503540368074,1077,1036,0
SELF-Q4-mixed-fixed_hash-449,449,mixed,fixed_hash,square_active,True,all_sources_cleared_with_certificate,square,True,990.0,81,81,"[2, 4, 7, 8, 10, 11, 13, 14, 16, 19, 20]","[2, 4, 7, 8, 10, 11, 13, 14, 16, 19, 20]",full_mesh,15837.344830766831,0.013424832999998415,0,26,11,0,0,0,11,6,11,1.0,1439.7586209788028,50726.724153834155,947,902,0
SELF-Q4-mixed-fixed_hash-450,450,mixed,fixed_hash,square_active,True,all_sources_cleared_with_certificate,square,True,990.0,81,81,"[1, 2, 4, 5, 8, 10, 12, 13, 16, 17, 19, 20]","[1, 2, 4, 5, 8, 10, 12, 13, 16, 17, 19, 20]",full_mesh,15933.890426308508,0.014313874999999143,0,54,12,0,0,0,12,10,12,1.0,1327.8242021923757,52879.452131542545,890,848,0
SELF-Q4-mixed-fixed_hash-451,451,mixed,fixed_hash,square_active,True,all_sources_cleared_with_certificate,square,True,990.0,81,81,"[1, 2, 3, 5, 6, 11, 12, 13, 14, 16, 18, 19, 20]","[1, 2, 3, 5, 6, 11, 12, 13, 14, 16, 18, 19, 20]",full_mesh,15390.218375208233,0.01523308299999826,0,59,13,0,0,0,13,8,13,1.0,1183.8629519390947,49926.09187604115,896,860,0
SELF-Q4-mixed-fixed_hash-452,452,mixed,fixed_hash,square_active,True,all_sources_cleared_with_certificate,square,True,990.0,81,81,"[1, 2, 3, 4, 5, 8, 9, 10, 11, 12, 15, 17, 19, 20]","[1, 2, 3, 4, 5, 8, 9, 10, 11, 12, 15, 17, 19, 20]",full_mesh,15319.889959409793,0.014413708999999386,0,33,14,0,0,0,14,8,14,1.0,1094.2778542435567,50504.44979704896,864,829,0
SELF-Q4-mixed-fixed_hash-453,453,mixed,fixed_hash,square_active,True,all_sources_cleared_with_certificate,square,True,990.0,81,81,"[1, 3, 4, 6, 7, 8, 9, 12, 13, 14, 16, 17, 18, 19, 20]","[1, 3, 4, 6, 7, 8, 9, 12, 13, 14, 16, 17, 18, 19, 20]",full_mesh,14092.769010787604,0.01507512499999919,0,78,15,0,0,0,15,14,15,1.0,939.5179340525069,51053.845053938036,640,607,0
SELF-Q4-mixed-fixed_hash-454,454,mixed,fixed_hash,square_active,True,all_sources_cleared_with_certificate,square,True,990.0,81,64,"[1, 3, 4, 5, 6, 7, 8, 9, 10, 11, 12, 14, 16, 17, 18, 19]","[1, 3, 4, 5, 6, 7, 8, 9, 10, 11, 12, 14, 16, 17, 18, 19]",count_upper_bound,12292.568849285162,0.011962874999998263,0,37,15,2,5,0,16,13,16,1.0,768.2855530803226,42367.84424642584,628,596,1
SELF-Q4-mixed-fixed_hash-455,455,mixed,fixed_hash,square_active,True,all_sources_cleared_with_certificate,square,True,990.0,81,81,"[1, 2, 3, 6, 8, 11, 13, 15, 16, 18]","[1, 2, 3, 6, 8, 11, 13, 15, 16, 18]",full_mesh,15076.623374690509,0.013952124999999427,0,46,10,0,0,0,10,7,10,1.0,1507.662337469051,47983.11687345255,913,865,0
SELF-Q4-mixed-fixed_hash-456,456,mixed,fixed_hash,square_active,True,all_sources_cleared_with_certificate,square,True,990.0,81,81,"[2, 6, 9, 10, 12, 13, 14, 15, 16, 17, 20]","[2, 6, 9, 10, 12, 13, 14, 15, 16, 17, 20]",full_mesh,16017.423361568312,0.014868624999998303,0,36,11,0,0,0,11,8,11,1.0,1456.1293965062102,50092.116807841565,997,959,0
SELF-Q4-mixed-fixed_hash-457,457,mixed,fixed_hash,square_active,True,all_sources_cleared_with_certificate,square,True,990.0,81,81,"[1, 3, 6, 9, 10, 11, 12, 13, 15, 18, 19, 20]","[1, 3, 6, 9, 10, 11, 12, 13, 15, 18, 19, 20]",full_mesh,14670.30734812734,0.013933458000000343,0,18,12,0,0,0,12,4,12,1.0,1222.525612343945,48276.53674063671,834,785,0
SELF-Q4-mixed-fixed_hash-458,458,mixed,fixed_hash,square_active,True,all_sources_cleared_with_certificate,square,True,990.0,81,81,"[1, 3, 5, 6, 8, 9, 11, 13, 14, 15, 17, 19, 20]","[1, 3, 5, 6, 8, 9, 11, 13, 14, 15, 17, 19, 20]",full_mesh,14759.444756822668,0.014933082999998959,0,61,13,0,0,0,13,8,13,1.0,1135.3419043709744,49927.22378411334,790,759,0
SELF-Q4-mixed-fixed_hash-459,459,mixed,fixed_hash,square_active,True,all_sources_cleared_with_certificate,square,True,990.0,81,81,"[1, 2, 4, 5, 6, 7, 8, 13, 14, 15, 17, 18, 19, 20]","[1, 2, 4, 5, 6, 7, 8, 13, 14, 15, 17, 18, 19, 20]",full_mesh,14906.40726994624,0.013032708000000781,0,24,14,0,0,0,14,4,14,1.0,1064.7433764247314,51302.03634973119,771,721,0
SELF-Q4-mixed-fixed_hash-460,460,mixed,fixed_hash,square_active,True,all_sources_cleared_with_certificate,square,True,990.0,81,81,"[1, 6, 7, 8, 9, 10, 11, 12, 13, 14, 16, 17, 18, 19, 20]","[1, 6, 7, 8, 9, 10, 11, 12, 13, 14, 16, 17, 18, 19, 20]",full_mesh,13778.055970812866,0.013537042000002941,0,56,15,0,0,0,15,1,15,1.0,918.5370647208578,50550.27985406433,606,563,0
SELF-Q4-mixed-fixed_hash-461,461,mixed,fixed_hash,square_active,True,all_sources_cleared_with_certificate,square,True,990.0,81,33,"[2, 3, 4, 5, 6, 7, 8, 9, 10, 11, 12, 14, 15, 17, 18, 19]","[2, 3, 4, 5, 6, 7, 8, 9, 10, 11, 12, 14, 15, 17, 18, 19]",count_upper_bound,8479.744594367667,0.01030450000000016,0,13,13,7,9,0,16,2,16,1.0,529.9840371479792,28568.72297183834,448,434,4
SELF-Q4-mixed-fixed_hash-462,462,mixed,fixed_hash,square_active,True,all_sources_cleared_with_certificate,square,True,990.0,81,81,"[1, 2, 3, 5, 6, 10, 11, 13, 16, 19]","[1, 2, 3, 5, 6, 10, 11, 13, 16, 19]",full_mesh,15684.495815767357,0.014641000000001014,0,43,10,0,0,0,10,5,10,1.0,1568.4495815767357,48787.47907883679,987,942,0
SELF-Q4-mixed-fixed_hash-463,463,mixed,fixed_hash,square_active,True,all_sources_cleared_with_certificate,square,True,990.0,81,81,"[2, 3, 7, 8, 9, 10, 14, 16, 17, 18, 20]","[2, 3, 7, 8, 9, 10, 14, 16, 17, 18, 20]",full_mesh,15588.345834089308,0.01453516699999824,0,51,11,0,0,0,11,4,11,1.0,1417.1223485535736,49236.72917044654,954,916,0
SELF-Q4-mixed-fixed_hash-464,464,mixed,fixed_hash,square_active,True,all_sources_cleared_with_certificate,square,True,990.0,81,81,"[2, 3, 5, 6, 8, 9, 13, 15, 17, 18, 19, 20]","[2, 3, 5, 6, 8, 9, 13, 15, 17, 18, 19, 20]",full_mesh,16098.44844688297,0.015413041999998711,0,48,12,0,0,0,12,7,12,1.0,1341.5373705735808,52092.24223441485,943,905,0
SELF-Q4-mixed-fixed_hash-465,465,mixed,fixed_hash,square_active,True,all_sources_cleared_with_certificate,square,True,990.0,81,81,"[1, 2, 3, 4, 6, 7, 8, 9, 11, 12, 13, 18, 20]","[1, 2, 3, 4, 6, 7, 8, 9, 11, 12, 13, 18, 20]",full_mesh,15015.141929861913,0.015370166999996826,0,30,13,0,0,0,13,6,13,1.0,1155.0109176816857,48965.70964930956,866,827,0
SELF-Q4-mixed-fixed_hash-466,466,mixed,fixed_hash,square_active,True,all_sources_cleared_with_certificate,square,True,990.0,81,81,"[2, 3, 4, 5, 6, 7, 8, 9, 10, 13, 14, 15, 17, 19]","[2, 3, 4, 5, 6, 7, 8, 9, 10, 13, 14, 15, 17, 19]",full_mesh,15126.353642565851,0.015612292000000139,0,61,14,0,0,0,14,8,14,1.0,1080.4538316118465,50986.76821282925,815,784,0
SELF-Q4-mixed-fixed_hash-467,467,mixed,fixed_hash,square_active,True,all_sources_cleared_with_certificate,square,True,990.0,81,81,"[1, 2, 3, 5, 7, 9, 12, 13, 14, 15, 16, 17, 18, 19, 20]","[1, 2, 3, 5, 7, 9, 12, 13, 14, 15, 16, 17, 18, 19, 20]",full_mesh,13888.636581824943,0.01638391600000233,0,86,15,0,0,0,15,5,15,1.0,925.9091054549962,49058.182909124684,674,632,0
SELF-Q4-mixed-fixed_hash-468,468,mixed,fixed_hash,square_active,True,all_sources_cleared_with_certificate,square,True,990.0,81,68,"[1, 2, 3, 5, 6, 7, 8, 9, 11, 12, 13, 14, 15, 17, 19, 20]","[1, 2, 3, 5, 6, 7, 8, 9, 11, 12, 13, 14, 15, 17, 19, 20]",count_upper_bound,13284.047593851079,0.015202667000000503,1,48,15,0,3,27,16,3,16,1.0,830.2529746156924,47175.237969255395,619,596,26
SELF-Q4-mixed-fixed_hash-469,469,mixed,fixed_hash,square_active,True,all_sources_cleared_with_certificate,square,True,990.0,81,81,"[1, 2, 5, 9, 10, 11, 12, 13, 14, 20]","[1, 2, 5, 9, 10, 11, 12, 13, 14, 20]",full_mesh,16285.668965644796,0.015514500000001874,0,28,10,0,0,0,10,1,10,1.0,1628.5668965644795,49318.34482822398,1070,1022,0
SELF-Q4-mixed-fixed_hash-470,470,mixed,fixed_hash,square_active,True,all_sources_cleared_with_certificate,square,True,990.0,81,81,"[1, 2, 5, 6, 7, 12, 13, 15, 16, 19, 20]","[1, 2, 5, 6, 7, 12, 13, 15, 16, 19, 20]",full_mesh,16592.445128127616,0.017623584000002523,0,63,11,0,0,0,11,6,11,1.0,1508.404102557056,51017.2256406381,1062,1024,0
SELF-Q4-mixed-fixed_hash-471,471,mixed,fixed_hash,square_active,True,all_sources_cleared_with_certificate,square,True,990.0,81,81,"[2, 3, 4, 6, 8, 9, 10, 11, 12, 14, 15, 16]","[2, 3, 4, 6, 8, 9, 10, 11, 12, 14, 15, 16]",full_mesh,15174.01247110648,0.014407125000001741,0,42,12,0,0,0,12,1,12,1.0,1264.5010392588733,50845.06235553241,832,785,0
SELF-Q4-mixed-fixed_hash-472,472,mixed,fixed_hash,square_active,True,all_sources_cleared_with_certificate,square,True,990.0,81,81,"[1, 2, 3, 5, 6, 7, 11, 12, 13, 15, 17, 19, 20]","[1, 2, 3, 5, 6, 7, 11, 12, 13, 15, 17, 19, 20]",full_mesh,14682.582397450442,0.013041459000000089,0,27,13,0,0,0,13,2,13,1.0,1129.4294151884956,50372.911987252206,764,723,0
SELF-Q4-mixed-fixed_hash-473,473,mixed,fixed_hash,square_active,True,all_sources_cleared_with_certificate,square,True,990.0,81,81,"[1, 2, 3, 5, 8, 11, 12, 13, 14, 15, 16, 17, 18, 20]","[1, 2, 3, 5, 8, 11, 12, 13, 14, 15, 16, 17, 18, 20]",full_mesh,15111.359979691477,0.013928166999999547,0,34,14,0,0,0,14,6,14,1.0,1079.3828556922483,52046.79989845739,777,747,0
SELF-Q4-mixed-fixed_hash-474,474,mixed,fixed_hash,square_active,True,all_sources_cleared_with_certificate,square,True,990.0,81,81,"[1, 2, 3, 4, 5, 6, 10, 12, 13, 14, 15, 16, 18, 19, 20]","[1, 2, 3, 4, 5, 6, 10, 12, 13, 14, 15, 16, 18, 19, 20]",full_mesh,14159.400340922326,0.013608625000003371,0,21,15,0,0,0,15,3,15,1.0,943.9600227281551,50187.001704611626,682,637,0
SELF-Q4-mixed-fixed_hash-475,475,mixed,fixed_hash,square_active,True,all_sources_cleared_with_certificate,square,True,990.0,81,31,"[1, 2, 3, 5, 6, 8, 9, 10, 11, 12, 13, 14, 15, 17, 18, 20]","[1, 2, 3, 5, 6, 8, 9, 10, 11, 12, 13, 14, 15, 17, 18, 20]",count_upper_bound,7710.93753965969,0.009993042000001395,0,31,15,5,9,0,16,5,16,1.0,481.9335962287306,24984.687698298447,438,432,4
SELF-Q4-mixed-fixed_hash-476,476,mixed,fixed_hash,square_active,True,all_sources_cleared_with_certificate,square,True,990.0,81,81,"[7, 8, 9, 12, 13, 14, 16, 17, 19, 20]","[7, 8, 9, 12, 13, 14, 16, 17, 19, 20]",full_mesh,15699.718507642894,0.013386291999999855,0,16,10,0,0,0,10,4,10,1.0,1569.9718507642895,49613.59253821446,963,912,0
SELF-Q4-mixed-fixed_hash-477,477,mixed,fixed_hash,square_active,True,all_sources_cleared_with_certificate,square,True,990.0,81,81,"[2, 3, 6, 7, 9, 10, 11, 14, 17, 19, 20]","[2, 3, 6, 7, 9, 10, 11, 14, 17, 19, 20]",full_mesh,16011.8777668102,0.016484625000000364,0,28,11,0,0,0,11,1,11,1.0,1455.6252515282,47894.38883405101,1070,1028,0
SELF-Q4-mixed-fixed_hash-478,478,mixed,fixed_hash,square_active,True,all_sources_cleared_with_certificate,square,True,990.0,81,81,"[1, 2, 4, 5, 6, 7, 9, 10, 11, 13, 17, 19]","[1, 2, 4, 5, 6, 7, 9, 10, 11, 13, 17, 19]",full_mesh,15236.293992078245,0.01581900000000047,0,80,12,0,0,0,12,5,12,1.0,1269.6911660065205,48836.46996039123,908,869,0
SELF-Q4-mixed-fixed_hash-479,479,mixed,fixed_hash,square_active,True,all_sources_cleared_with_certificate,square,True,990.0,81,81,"[2, 3, 5, 9, 11, 12, 13, 14, 15, 17, 18, 19, 20]","[2, 3, 5, 9, 11, 12, 13, 14, 15, 17, 18, 19, 20]",full_mesh,14795.702374211407,0.01521720799999926,0,48,13,0,0,0,13,1,13,1.0,1138.130951862416,50058.51187105703,793,754,0
SELF-Q4-mixed-fixed_hash-480,480,mixed,fixed_hash,square_active,True,all_sources_cleared_with_certificate,square,True,990.0,81,81,"[2, 4, 5, 8, 10, 11, 12, 13, 15, 16, 17, 18, 19, 20]","[2, 4, 5, 8, 10, 11, 12, 13, 15, 16, 17, 18, 19, 20]",full_mesh,15085.52923547011,0.013353249999997985,0,32,14,0,0,0,14,5,14,1.0,1077.5378025335792,50577.64617735058,823,785,0
SELF-Q4-mixed-fixed_hash-481,481,mixed,fixed_hash,square_active,True,all_sources_cleared_with_certificate,square,True,990.0,81,81,"[1, 2, 3, 4, 5, 6, 8, 9, 10, 11, 14, 15, 16, 18, 20]","[1, 2, 3, 4, 5, 6, 8, 9, 10, 11, 14, 15, 16, 18, 20]",full_mesh,14953.463328786056,0.01431654099999946,0,58,15,0,0,0,15,4,15,1.0,996.8975552524038,53582.31664393028,699,667,0
SELF-Q4-mixed-fixed_hash-482,482,mixed,fixed_hash,square_active,True,all_sources_cleared_with_certificate,square,True,990.0,81,61,"[1, 3, 4, 5, 6, 7, 8, 9, 10, 13, 14, 16, 17, 18, 19, 20]","[1, 3, 4, 5, 6, 7, 8, 9, 10, 13, 14, 16, 17, 18, 19, 20]",count_upper_bound,12339.82844170641,0.01426045800000253,0,44,16,1,4,0,16,6,16,1.0,771.2392776066506,41519.14220853206,662,643,1
SELF-Q4-mixed-fixed_hash-483,483,mixed,fixed_hash,square_active,True,all_sources_cleared_with_certificate,square,True,990.0,81,81,"[1, 3, 4, 9, 10, 11, 15, 17, 19, 20]","[1, 3, 4, 9, 10, 11, 15, 17, 19, 20]",full_mesh,15608.155644333117,0.013891624999999408,0,44,10,0,0,0,10,6,10,1.0,1560.8155644333117,48470.778221665605,984,944,0
SELF-Q4-mixed-fixed_hash-484,484,mixed,fixed_hash,square_active,True,all_sources_cleared_with_certificate,square,True,990.0,81,81,"[2, 4, 6, 8, 11, 12, 14, 15, 16, 17, 19]","[2, 4, 6, 8, 11, 12, 14, 15, 16, 17, 19]",full_mesh,15362.201696368937,0.014406999999998504,0,39,11,0,0,0,11,5,11,1.0,1396.5637905789943,50176.00848184469,886,842,0
SELF-Q4-mixed-fixed_hash-485,485,mixed,fixed_hash,square_active,True,all_sources_cleared_with_certificate,square,True,990.0,81,81,"[2, 5, 6, 7, 8, 10, 11, 12, 13, 16, 18, 20]","[2, 5, 6, 7, 8, 10, 11, 12, 13, 16, 18, 20]",full_mesh,16327.82257260616,0.015574624999999287,0,28,12,0,0,0,12,6,12,1.0,1360.6518810505133,51489.112863030816,1000,970,0
SELF-Q4-mixed-fixed_hash-486,486,mixed,fixed_hash,square_active,True,all_sources_cleared_with_certificate,square,True,990.0,81,81,"[1, 4, 5, 6, 7, 8, 9, 12, 13, 14, 16, 19, 20]","[1, 4, 5, 6, 7, 8, 9, 12, 13, 14, 16, 19, 20]",full_mesh,15708.127292279758,0.015191083000001271,0,77,13,0,0,0,13,7,13,1.0,1208.31748402152,50670.63646139877,924,889,0
SELF-Q4-mixed-fixed_hash-487,487,mixed,fixed_hash,square_active,True,all_sources_cleared_with_certificate,square,True,990.0,81,81,"[2, 4, 5, 6, 8, 9, 10, 11, 12, 13, 14, 16, 18, 20]","[2, 4, 5, 6, 8, 9, 10, 11, 12, 13, 14, 16, 18, 20]",full_mesh,14368.149419131096,0.0164053750000015,0,29,14,0,0,0,14,5,14,1.0,1026.2963870807926,48390.74709565549,776,740,0
SELF-Q4-mixed-fixed_hash-488,488,mixed,fixed_hash,square_active,True,all_sources_cleared_with_certificate,square,True,990.0,81,81,"[2, 3, 4, 5, 6, 7, 8, 9, 10, 11, 13, 15, 17, 18, 19]","[2, 3, 4, 5, 6, 7, 8, 9, 10, 11, 13, 15, 17, 18, 19]",full_mesh,14980.01855686156,0.01565108399999815,0,61,15,0,0,0,15,5,15,1.0,998.6679037907707,52465.09278430781,741,707,0
SELF-Q4-mixed-fixed_hash-489,489,mixed,fixed_hash,square_active,True,all_sources_cleared_with_certificate,square,True,990.0,81,53,"[1, 2, 3, 6, 7, 8, 9, 12, 13, 14, 15, 16, 17, 18, 19, 20]","[1, 2, 3, 6, 7, 8, 9, 12, 13, 14, 15, 16, 17, 18, 19, 20]",count_upper_bound,11123.677873765102,0.01248379200000116,1,43,13,2,3,5,16,4,16,1.0,695.2298671103189,38723.38936882553,551,532,4
SELF-Q4-mixed-fixed_hash-490,490,mixed,fixed_hash,square_active,True,all_sources_cleared_with_certificate,square,True,990.0,81,81,"[3, 4, 6, 7, 8, 9, 10, 16, 18, 20]","[3, 4, 6, 7, 8, 9, 10, 16, 18, 20]",full_mesh,16300.228213043554,0.01560775000000092,0,35,10,0,0,0,10,7,10,1.0,1630.0228213043554,49286.141065217766,1072,1033,0
SELF-Q4-mixed-fixed_hash-491,491,mixed,fixed_hash,square_active,True,all_sources_cleared_with_certificate,square,True,990.0,81,81,"[4, 6, 7, 8, 9, 11, 12, 13, 14, 16, 20]","[4, 6, 7, 8, 9, 11, 12, 13, 14, 16, 20]",full_mesh,15698.324536223283,0.016110916999998892,0,43,11,0,0,0,11,6,11,1.0,1427.1204123839348,48596.62268111641,993,959,0
SELF-Q4-mixed-fixed_hash-492,492,mixed,fixed_hash,square_active,True,all_sources_cleared_with_certificate,square,True,990.0,81,81,"[1, 3, 4, 5, 10, 11, 12, 15, 16, 18, 19, 20]","[1, 3, 4, 5, 10, 11, 12, 15, 16, 18, 19, 20]",full_mesh,15900.262023568179,0.014327666999999877,0,35,12,0,0,0,12,2,12,1.0,1325.0218352973482,51791.31011784089,920,882,0
SELF-Q4-mixed-fixed_hash-493,493,mixed,fixed_hash,square_active,True,all_sources_cleared_with_certificate,square,True,990.0,81,81,"[1, 4, 5, 8, 9, 10, 11, 12, 14, 16, 17, 18, 20]","[1, 4, 5, 8, 9, 10, 11, 12, 14, 16, 17, 18, 20]",full_mesh,15029.24427643701,0.014022790999998591,0,27,13,0,0,0,13,4,13,1.0,1156.0957135720778,50456.22138218503,821,768,0
SELF-Q4-mixed-fixed_hash-494,494,mixed,fixed_hash,square_active,True,all_sources_cleared_with_certificate,square,True,990.0,81,81,"[1, 4, 5, 6, 7, 9, 11, 12, 14, 15, 16, 18, 19, 20]","[1, 4, 5, 6, 7, 9, 11, 12, 14, 15, 16, 18, 19, 20]",full_mesh,15065.829241456384,0.014174249999999944,0,56,14,0,0,0,14,7,14,1.0,1076.1306601040274,52254.146207281934,763,730,0
SELF-Q4-mixed-fixed_hash-495,495,mixed,fixed_hash,square_active,True,all_sources_cleared_with_certificate,square,True,990.0,81,81,"[2, 3, 4, 5, 6, 7, 10, 11, 13, 14, 15, 17, 18, 19, 20]","[2, 3, 4, 5, 6, 7, 10, 11, 13, 14, 15, 17, 18, 19, 20]",full_mesh,15977.763865845307,0.015501207999999878,0,91,15,0,0,0,15,13,15,1.0,1065.1842577230204,51883.8193292265,924,906,0
SELF-Q4-mixed-fixed_hash-496,496,mixed,fixed_hash,square_active,True,all_sources_cleared_with_certificate,square,True,990.0,81,32,"[3, 4, 5, 7, 8, 9, 10, 11, 12, 13, 15, 16, 17, 18, 19, 20]","[3, 4, 5, 7, 8, 9, 10, 11, 12, 13, 15, 16, 17, 18, 19, 20]",count_upper_bound,8472.76629805237,0.010947041000001434,0,55,13,8,15,0,16,7,16,1.0,529.5478936282731,27733.831490261862,474,461,5
SELF-Q4-mixed-fixed_hash-497,497,mixed,fixed_hash,square_active,True,all_sources_cleared_with_certificate,square,True,990.0,81,81,"[2, 4, 6, 7, 9, 10, 11, 12, 13, 18]","[2, 4, 6, 7, 9, 10, 11, 12, 13, 18]",full_mesh,15456.799607149454,0.01382279199999914,0,22,10,0,0,0,10,5,10,1.0,1545.6799607149455,48998.99803574728,943,892,0
SELF-Q4-mixed-fixed_hash-498,498,mixed,fixed_hash,square_active,True,all_sources_cleared_with_certificate,square,True,990.0,81,81,"[1, 7, 8, 10, 12, 14, 16, 17, 18, 19, 20]","[1, 7, 8, 10, 12, 14, 16, 17, 18, 19, 20]",full_mesh,15849.509076734883,0.014984416999997308,0,36,11,0,0,0,11,5,11,1.0,1440.864461521353,50647.54538367441,950,915,0
SELF-Q4-mixed-fixed_hash-499,499,mixed,fixed_hash,square_active,True,all_sources_cleared_with_certificate,square,True,990.0,81,81,"[2, 4, 5, 6, 9, 10, 11, 12, 13, 15, 16, 18]","[2, 4, 5, 6, 9, 10, 11, 12, 13, 15, 16, 18]",full_mesh,14761.00104564662,0.015226667000000305,0,57,12,0,0,0,12,7,12,1.0,1230.0834204705518,48360.005228233094,845,804,0
SELF-Q4-mixed-fixed_hash-0,0,mixed,fixed_hash,triangle_optical,True,all_sources_cleared_with_certificate,triangle,False,990.0,31,31,"[2, 5, 6, 7, 8, 9, 13, 14, 16, 20]","[2, 5, 6, 7, 8, 9, 13, 14, 16, 20]",full_mesh,11295.333986954221,0.015562666000001002,10,0,0,0,0,253,10,4,10,1.0,1129.5333986954222,42261.669934771126,349,319,243
SELF-Q4-mixed-fixed_hash-1,1,mixed,fixed_hash,triangle_optical,True,all_sources_cleared_with_certificate,triangle,False,990.0,31,31,"[3, 4, 5, 7, 8, 9, 11, 13, 14, 15, 19]","[3, 4, 5, 7, 8, 9, 11, 13, 14, 15, 19]",full_mesh,13562.179611830608,0.025154459000003015,11,0,0,0,0,634,11,4,11,1.0,1232.925419257328,48020.89805915309,344,314,623
SELF-Q4-mixed-fixed_hash-2,2,mixed,fixed_hash,triangle_optical,True,all_sources_cleared_with_certificate,triangle,False,990.0,31,31,"[2, 3, 4, 5, 6, 10, 11, 12, 13, 15, 17, 19]","[2, 3, 4, 5, 6, 10, 11, 12, 13, 15, 17, 19]",full_mesh,14145.258188446373,0.02659079100000028,12,0,0,0,0,719,12,10,12,1.0,1178.7715157038645,50311.29094223191,322,292,707
SELF-Q4-mixed-fixed_hash-3,3,mixed,fixed_hash,triangle_optical,True,all_sources_cleared_with_certificate,triangle,False,990.0,31,31,"[1, 2, 5, 8, 10, 11, 12, 13, 14, 15, 18, 19, 20]","[1, 2, 5, 8, 10, 11, 12, 13, 14, 15, 18, 19, 20]",full_mesh,14909.443909562744,0.028592625000001703,13,0,0,0,0,786,13,5,13,1.0,1146.8803007355957,53202.21954781378,319,290,773
SELF-Q4-mixed-fixed_hash-4,4,mixed,fixed_hash,triangle_optical,True,all_sources_cleared_with_certificate,triangle,False,990.0,31,31,"[1, 2, 3, 4, 5, 7, 8, 9, 10, 12, 13, 14, 16, 17]","[1, 2, 3, 4, 5, 7, 8, 9, 10, 12, 13, 14, 16, 17]",full_mesh,14851.502854690078,0.03099950000000007,14,0,0,0,0,866,14,9,14,1.0,1060.8216324778627,53902.51427345047,246,215,852
SELF-Q4-mixed-fixed_hash-5,5,mixed,fixed_hash,triangle_optical,True,all_sources_cleared_with_certificate,triangle,False,990.0,31,31,"[1, 2, 3, 4, 8, 9, 11, 12, 13, 14, 16, 17, 18, 19, 20]","[1, 2, 3, 4, 8, 9, 11, 12, 13, 14, 16, 17, 18, 19, 20]",full_mesh,15477.936023328306,0.0317647920000006,15,0,0,0,0,839,15,14,15,1.0,1031.8624015552205,54904.68011664156,330,300,824
SELF-Q4-mixed-fixed_hash-6,6,mixed,fixed_hash,triangle_optical,True,all_sources_cleared_with_certificate,triangle,False,990.0,31,25,"[1, 2, 3, 4, 6, 8, 9, 10, 11, 12, 14, 15, 16, 18, 19, 20]","[1, 2, 3, 4, 6, 8, 9, 10, 11, 12, 14, 15, 16, 18, 19, 20]",count_upper_bound,14800.926612903699,0.036044416999999385,16,0,0,0,0,1006,16,12,16,1.0,925.0579133064812,51219.63306451852,255,232,990
SELF-Q4-mixed-fixed_hash-7,7,mixed,fixed_hash,triangle_optical,True,all_sources_cleared_with_certificate,triangle,False,990.0,31,31,"[2, 3, 5, 6, 9, 10, 11, 13, 14, 17]","[2, 3, 5, 6, 9, 10, 11, 13, 14, 17]",full_mesh,13488.187518395642,0.022520541999998756,10,0,0,0,0,583,10,1,10,1.0,1348.8187518395641,47410.93759197825,378,347,573
SELF-Q4-mixed-fixed_hash-8,8,mixed,fixed_hash,triangle_optical,True,all_sources_cleared_with_certificate,triangle,False,990.0,31,31,"[1, 2, 3, 4, 5, 7, 8, 9, 12, 13, 19]","[1, 2, 3, 4, 5, 7, 8, 9, 12, 13, 19]",full_mesh,12426.380345480997,0.02004112499999877,11,0,0,0,0,406,11,4,11,1.0,1129.6709404982723,44446.901727405,388,357,395
SELF-Q4-mixed-fixed_hash-9,9,mixed,fixed_hash,triangle_optical,True,all_sources_cleared_with_certificate,triangle,False,990.0,31,31,"[1, 2, 5, 6, 8, 9, 11, 12, 14, 15, 16, 18]","[1, 2, 5, 6, 8, 9, 11, 12, 14, 15, 16, 18]",full_mesh,14694.685830410948,0.026075541999997398,12,0,0,0,0,707,12,6,12,1.0,1224.5571525342457,53033.42915205483,329,298,695
SELF-Q4-mixed-fixed_hash-10,10,mixed,fixed_hash,triangle_optical,True,all_sources_cleared_with_certificate,triangle,False,990.0,31,31,"[1, 2, 3, 4, 5, 8, 11, 13, 14, 16, 17, 18, 19]","[1, 2, 3, 4, 5, 8, 11, 13, 14, 16, 17, 18, 19]",full_mesh,14493.970275245412,0.02870799999999818,13,0,0,0,0,769,13,6,13,1.0,1114.9207904034934,50874.85137622708,336,306,756
SELF-Q4-mixed-fixed_hash-11,11,mixed,fixed_hash,triangle_optical,True,all_sources_cleared_with_certificate,triangle,False,990.0,31,31,"[2, 3, 4, 7, 8, 9, 10, 11, 13, 15, 17, 18, 19, 20]","[2, 3, 4, 7, 8, 9, 10, 11, 13, 15, 17, 18, 19, 20]",full_mesh,13779.222093702681,0.026999332999999126,14,0,0,0,0,707,14,5,14,1.0,984.2301495501915,50681.11046851348,254,224,693
SELF-Q4-mixed-fixed_hash-12,12,mixed,fixed_hash,triangle_optical,True,all_sources_cleared_with_certificate,triangle,False,990.0,31,31,"[1, 4, 5, 6, 7, 8, 9, 11, 12, 13, 14, 16, 17, 18, 20]","[1, 4, 5, 6, 7, 8, 9, 11, 12, 13, 14, 16, 17, 18, 20]",full_mesh,15722.315080587721,0.031769415999999495,15,0,0,0,0,942,15,3,15,1.0,1048.154338705848,57486.5754029387,233,204,927
SELF-Q4-mixed-fixed_hash-13,13,mixed,fixed_hash,triangle_optical,True,all_sources_cleared_with_certificate,triangle,False,990.0,31,28,"[1, 2, 3, 4, 5, 6, 8, 9, 10, 11, 12, 13, 14, 15, 18, 19]","[1, 2, 3, 4, 5, 6, 8, 9, 10, 11, 12, 13, 14, 15, 18, 19]",count_upper_bound,13701.887069048264,0.030616792000000004,16,0,0,0,0,821,16,7,16,1.0,856.3679418155165,49599.43534524135,219,192,805
SELF-Q4-mixed-fixed_hash-14,14,mixed,fixed_hash,triangle_optical,True,all_sources_cleared_with_certificate,triangle,False,990.0,31,31,"[2, 4, 5, 8, 9, 11, 12, 17, 18, 19]","[2, 4, 5, 8, 9, 11, 12, 17, 18, 19]",full_mesh,13961.24065688271,0.024557209000001023,10,0,0,0,0,646,10,5,10,1.0,1396.124065688271,48766.20328441359,380,350,636
SELF-Q4-mixed-fixed_hash-15,15,mixed,fixed_hash,triangle_optical,True,all_sources_cleared_with_certificate,triangle,False,990.0,31,31,"[1, 2, 3, 4, 6, 7, 11, 13, 15, 17, 19]","[1, 2, 3, 4, 6, 7, 11, 13, 15, 17, 19]",full_mesh,15216.864944247029,0.029908459000001386,11,0,0,0,0,863,11,6,11,1.0,1383.3513585679118,52894.32472123521,343,312,852
SELF-Q4-mixed-fixed_hash-16,16,mixed,fixed_hash,triangle_optical,True,all_sources_cleared_with_certificate,triangle,False,990.0,31,31,"[1, 4, 5, 7, 8, 10, 11, 12, 14, 15, 16, 19]","[1, 4, 5, 7, 8, 10, 11, 12, 14, 15, 16, 19]",full_mesh,15267.502264856164,0.03179912499999915,12,0,0,0,0,820,12,11,12,1.0,1272.2918554046803,52487.51132428087,386,356,808
SELF-Q4-mixed-fixed_hash-17,17,mixed,fixed_hash,triangle_optical,True,all_sources_cleared_with_certificate,triangle,False,990.0,31,31,"[1, 2, 3, 5, 9, 10, 12, 13, 14, 17, 18, 19, 20]","[1, 2, 3, 5, 9, 10, 12, 13, 14, 17, 18, 19, 20]",full_mesh,15959.70722899718,0.03313483299999831,13,0,0,0,0,1000,13,4,13,1.0,1227.6697868459369,55043.536144985956,326,295,987
SELF-Q4-mixed-fixed_hash-18,18,mixed,fixed_hash,triangle_optical,True,all_sources_cleared_with_certificate,triangle,False,990.0,31,31,"[3, 4, 5, 6, 8, 10, 11, 12, 13, 14, 15, 16, 17, 19]","[3, 4, 5, 6, 8, 10, 11, 12, 13, 14, 15, 16, 17, 19]",full_mesh,14790.84540234117,0.029906834000001936,14,0,0,0,0,834,14,4,14,1.0,1056.4889573100836,52574.227011705894,296,266,820
SELF-Q4-mixed-fixed_hash-19,19,mixed,fixed_hash,triangle_optical,True,all_sources_cleared_with_certificate,triangle,False,990.0,31,31,"[2, 3, 4, 5, 6, 7, 9, 10, 11, 12, 16, 17, 18, 19, 20]","[2, 3, 4, 5, 6, 7, 9, 10, 11, 12, 16, 17, 18, 19, 20]",full_mesh,14690.171059191662,0.030160915999999816,15,0,0,0,0,779,15,6,15,1.0,979.3447372794441,53150.85529595835,287,258,764
SELF-Q4-mixed-fixed_hash-20,20,mixed,fixed_hash,triangle_optical,True,all_sources_cleared_with_certificate,triangle,False,990.0,31,22,"[1, 2, 3, 4, 5, 6, 7, 8, 9, 11, 12, 14, 16, 18, 19, 20]","[1, 2, 3, 4, 5, 6, 7, 8, 9, 11, 12, 14, 16, 18, 19, 20]",count_upper_bound,14181.719383699266,0.03321387500000128,16,0,0,0,0,953,16,4,16,1.0,886.3574614812042,47913.5969184964,288,268,937
SELF-Q4-mixed-fixed_hash-21,21,mixed,fixed_hash,triangle_optical,True,all_sources_cleared_with_certificate,triangle,False,990.0,31,31,"[4, 6, 8, 9, 10, 13, 14, 16, 18, 19]","[4, 6, 8, 9, 10, 13, 14, 16, 18, 19]",full_mesh,12269.741812200355,0.018698499999999285,10,0,0,0,0,413,10,3,10,1.0,1226.9741812200355,44408.7090610018,360,329,403
SELF-Q4-mixed-fixed_hash-22,22,mixed,fixed_hash,triangle_optical,True,all_sources_cleared_with_certificate,triangle,False,990.0,31,31,"[1, 2, 5, 6, 8, 11, 12, 14, 15, 16, 17]","[1, 2, 5, 6, 8, 11, 12, 14, 15, 16, 17]",full_mesh,13416.546134067785,0.022922416999996642,11,0,0,0,0,565,11,4,11,1.0,1219.6860121879804,47312.730670338955,378,347,554
SELF-Q4-mixed-fixed_hash-23,23,mixed,fixed_hash,triangle_optical,True,all_sources_cleared_with_certificate,triangle,False,990.0,31,31,"[1, 3, 4, 5, 6, 7, 8, 9, 10, 14, 19, 20]","[1, 3, 4, 5, 6, 7, 8, 9, 10, 14, 19, 20]",full_mesh,14996.310565857186,0.0312646249999986,12,0,0,0,0,921,12,1,12,1.0,1249.6925471547654,52166.55282928598,301,271,909
SELF-Q4-mixed-fixed_hash-24,24,mixed,fixed_hash,triangle_optical,True,all_sources_cleared_with_certificate,triangle,False,990.0,31,31,"[1, 2, 3, 4, 5, 6, 7, 11, 13, 14, 18, 19, 20]","[1, 2, 3, 4, 5, 6, 7, 11, 13, 14, 18, 19, 20]",full_mesh,12642.591351928371,0.023876292000000632,13,0,0,0,0,546,13,8,13,1.0,972.5070270714132,46102.95675964189,298,268,533
SELF-Q4-mixed-fixed_hash-25,25,mixed,fixed_hash,triangle_optical,True,all_sources_cleared_with_certificate,triangle,False,990.0,31,31,"[1, 2, 5, 7, 10, 12, 13, 14, 15, 16, 17, 18, 19, 20]","[1, 2, 5, 7, 10, 12, 13, 14, 15, 16, 17, 18, 19, 20]",full_mesh,13008.300626352737,0.025584208000001496,14,0,0,0,0,623,14,2,14,1.0,929.1643304537669,47871.5031317637,261,232,609
SELF-Q4-mixed-fixed_hash-26,26,mixed,fixed_hash,triangle_optical,True,all_sources_cleared_with_certificate,triangle,False,990.0,31,31,"[1, 2, 3, 4, 5, 6, 7, 8, 9, 10, 11, 13, 14, 15, 20]","[1, 2, 3, 4, 5, 6, 7, 8, 9, 10, 11, 13, 14, 15, 20]",full_mesh,14441.77405904325,0.02945395800000128,15,0,0,0,0,792,15,4,15,1.0,962.7849372695499,52348.8702952163,266,236,777
SELF-Q4-mixed-fixed_hash-27,27,mixed,fixed_hash,triangle_optical,True,all_sources_cleared_with_certificate,triangle,False,990.0,31,28,"[2, 3, 4, 5, 6, 7, 9, 10, 12, 13, 14, 15, 16, 17, 19, 20]","[2, 3, 4, 5, 6, 7, 9, 10, 12, 13, 14, 15, 16, 17, 19, 20]",count_upper_bound,17120.095608721622,0.04197145900000265,16,0,0,0,0,1325,16,14,16,1.0,1070.0059755451014,58225.478043608215,249,223,1309
SELF-Q4-mixed-fixed_hash-28,28,mixed,fixed_hash,triangle_optical,True,all_sources_cleared_with_certificate,triangle,False,990.0,31,31,"[3, 4, 5, 6, 7, 8, 11, 16, 18, 20]","[3, 4, 5, 6, 7, 8, 11, 16, 18, 20]",full_mesh,12368.98350974727,0.019015583000001612,10,0,0,0,0,393,10,4,10,1.0,1236.898350974727,44274.91754873635,391,360,383
SELF-Q4-mixed-fixed_hash-29,29,mixed,fixed_hash,triangle_optical,True,all_sources_cleared_with_certificate,triangle,False,990.0,31,31,"[1, 3, 6, 7, 9, 10, 11, 12, 13, 18, 19]","[1, 3, 6, 7, 9, 10, 11, 12, 13, 18, 19]",full_mesh,14718.310872046248,0.027385041999998805,11,0,0,0,0,769,11,2,11,1.0,1338.0282610951135,51081.5543602313,367,338,758
SELF-Q4-mixed-fixed_hash-30,30,mixed,fixed_hash,triangle_optical,True,all_sources_cleared_with_certificate,triangle,False,990.0,31,31,"[1, 2, 3, 7, 8, 9, 10, 11, 14, 17, 18, 20]","[1, 2, 3, 7, 8, 9, 10, 11, 14, 17, 18, 20]",full_mesh,13332.365799332454,0.02293283299999871,12,0,0,0,0,518,12,1,12,1.0,1111.0304832777044,48481.82899666232,348,318,506
SELF-Q4-mixed-fixed_hash-31,31,mixed,fixed_hash,triangle_optical,True,all_sources_cleared_with_certificate,triangle,False,990.0,31,31,"[1, 2, 3, 4, 5, 9, 11, 13, 15, 16, 17, 18, 20]","[1, 2, 3, 4, 5, 9, 11, 13, 15, 16, 17, 18, 20]",full_mesh,14720.917425360572,0.02976554199999981,13,0,0,0,0,835,13,12,13,1.0,1132.3782634892748,51559.58712680294,318,288,822
SELF-Q4-mixed-fixed_hash-32,32,mixed,fixed_hash,triangle_optical,True,all_sources_cleared_with_certificate,triangle,False,990.0,31,31,"[1, 2, 3, 5, 6, 7, 8, 9, 10, 12, 14, 16, 17, 19]","[1, 2, 3, 5, 6, 7, 8, 9, 10, 12, 14, 16, 17, 19]",full_mesh,13157.391952472162,0.025022207999999324,14,0,0,0,0,614,14,1,14,1.0,939.8137108908687,48911.959762360864,256,225,600
SELF-Q4-mixed-fixed_hash-33,33,mixed,fixed_hash,triangle_optical,True,all_sources_cleared_with_certificate,triangle,False,990.0,31,31,"[3, 5, 6, 8, 9, 10, 11, 13, 14, 15, 16, 17, 18, 19, 20]","[3, 5, 6, 8, 9, 10, 11, 13, 14, 15, 16, 17, 18, 19, 20]",full_mesh,13517.416264001538,0.026387540999998294,15,0,0,0,0,610,15,8,15,1.0,901.1610842667692,50937.081320007725,250,220,595
SELF-Q4-mixed-fixed_hash-34,34,mixed,fixed_hash,triangle_optical,True,all_sources_cleared_with_certificate,triangle,False,990.0,31,22,"[1, 2, 5, 6, 7, 8, 10, 11, 12, 13, 14, 15, 17, 18, 19, 20]","[1, 2, 5, 6, 7, 8, 10, 11, 12, 13, 14, 15, 17, 18, 19, 20]",count_upper_bound,13870.357538039245,0.034134874999999454,16,0,0,0,0,1043,16,2,16,1.0,866.8973461274528,49066.78769019629,153,131,1027
SELF-Q4-mixed-fixed_hash-35,35,mixed,fixed_hash,triangle_optical,True,all_sources_cleared_with_certificate,triangle,False,990.0,31,31,"[1, 5, 7, 10, 11, 15, 16, 18, 19, 20]","[1, 5, 7, 10, 11, 15, 16, 18, 19, 20]",full_mesh,14350.565984873454,0.02496800000000121,10,0,0,0,0,664,10,9,10,1.0,1435.0565984873454,49962.829924367325,396,366,654
SELF-Q4-mixed-fixed_hash-36,36,mixed,fixed_hash,triangle_optical,True,all_sources_cleared_with_certificate,triangle,False,990.0,31,31,"[1, 2, 3, 4, 5, 9, 10, 11, 16, 18, 20]","[1, 2, 3, 4, 5, 9, 10, 11, 16, 18, 20]",full_mesh,13515.90111714212,0.023326083000000608,11,0,0,0,0,618,11,7,11,1.0,1228.7182833765564,48064.505585710656,343,312,607
SELF-Q4-mixed-fixed_hash-37,37,mixed,fixed_hash,triangle_optical,True,all_sources_cleared_with_certificate,triangle,False,990.0,31,31,"[2, 3, 5, 8, 9, 11, 12, 13, 15, 17, 18, 20]","[2, 3, 5, 8, 9, 11, 12, 13, 15, 17, 18, 20]",full_mesh,11662.729788959874,0.020068083000001735,12,0,0,0,0,421,12,7,12,1.0,971.8941490799895,42998.64894479942,301,271,409
SELF-Q4-mixed-fixed_hash-38,38,mixed,fixed_hash,triangle_optical,True,all_sources_cleared_with_certificate,triangle,False,990.0,31,31,"[1, 3, 4, 6, 8, 9, 10, 12, 13, 14, 16, 17, 20]","[1, 3, 4, 6, 8, 9, 10, 12, 13, 14, 16, 17, 20]",full_mesh,14637.311296354941,0.029640791000002054,13,0,0,0,0,813,13,5,13,1.0,1125.947022796534,51711.55648177476,310,280,800
SELF-Q4-mixed-fixed_hash-39,39,mixed,fixed_hash,triangle_optical,True,all_sources_cleared_with_certificate,triangle,False,990.0,31,31,"[1, 3, 4, 5, 6, 7, 9, 10, 12, 13, 14, 16, 17, 20]","[1, 3, 4, 5, 6, 7, 9, 10, 12, 13, 14, 16, 17, 20]",full_mesh,13008.326246971594,0.024359125000000148,14,0,0,0,0,620,14,1,14,1.0,929.166160497971,49061.631234858025,223,193,606
SELF-Q4-mixed-fixed_hash-40,40,mixed,fixed_hash,triangle_optical,True,all_sources_cleared_with_certificate,triangle,False,990.0,31,31,"[2, 3, 4, 5, 6, 8, 9, 11, 12, 13, 14, 15, 17, 19, 20]","[2, 3, 4, 5, 6, 8, 9, 11, 12, 13, 14, 15, 17, 19, 20]",full_mesh,15538.801287060616,0.03133679099999753,15,0,0,0,0,870,15,14,15,1.0,1035.920085804041,55824.00643530317,294,264,855
SELF-Q4-mixed-fixed_hash-41,41,mixed,fixed_hash,triangle_optical,True,all_sources_cleared_with_certificate,triangle,False,990.0,31,24,"[1, 4, 5, 6, 7, 8, 9, 10, 11, 12, 13, 14, 16, 17, 18, 20]","[1, 4, 5, 6, 7, 8, 9, 10, 11, 12, 13, 14, 16, 17, 18, 20]",count_upper_bound,14251.421758350725,0.03447775000000064,16,0,0,0,0,1052,16,3,16,1.0,890.7138598969203,50717.108791753686,157,135,1036
SELF-Q4-mixed-fixed_hash-42,42,mixed,fixed_hash,triangle_optical,True,all_sources_cleared_with_certificate,triangle,False,990.0,31,31,"[1, 2, 3, 4, 8, 9, 11, 12, 17, 18]","[1, 2, 3, 4, 8, 9, 11, 12, 17, 18]",full_mesh,11422.008577263074,0.016672375000002404,10,0,0,0,0,295,10,2,10,1.0,1142.2008577263073,41850.0428863154,363,332,285
SELF-Q4-mixed-fixed_hash-43,43,mixed,fixed_hash,triangle_optical,True,all_sources_cleared_with_certificate,triangle,False,990.0,31,31,"[2, 5, 8, 10, 11, 12, 13, 15, 16, 19, 20]","[2, 5, 8, 10, 11, 12, 13, 15, 16, 19, 20]",full_mesh,14413.671441113225,0.027300791999998353,11,0,0,0,0,713,11,8,11,1.0,1310.3337673739295,50463.35720556621,365,335,702
SELF-Q4-mixed-fixed_hash-44,44,mixed,fixed_hash,triangle_optical,True,all_sources_cleared_with_certificate,triangle,False,990.0,31,31,"[1, 2, 4, 5, 6, 7, 12, 14, 17, 18, 19, 20]","[1, 2, 4, 5, 6, 7, 12, 14, 17, 18, 19, 20]",full_mesh,13451.290769075013,0.02473583300000115,12,0,0,0,0,638,12,2,12,1.0,1120.9408974229177,47806.45384537511,330,302,626
SELF-Q4-mixed-fixed_hash-45,45,mixed,fixed_hash,triangle_optical,True,all_sources_cleared_with_certificate,triangle,False,990.0,31,31,"[1, 2, 3, 5, 6, 8, 9, 12, 13, 14, 15, 16, 20]","[1, 2, 3, 5, 6, 8, 9, 12, 13, 14, 15, 16, 20]",full_mesh,15550.063274208725,0.032228041999999846,13,0,0,0,0,921,13,2,13,1.0,1196.158713400671,54355.31637104369,320,290,908
SELF-Q4-mixed-fixed_hash-46,46,mixed,fixed_hash,triangle_optical,True,all_sources_cleared_with_certificate,triangle,False,990.0,31,31,"[1, 2, 3, 5, 6, 7, 8, 9, 10, 11, 12, 13, 18, 19]","[1, 2, 3, 5, 6, 7, 8, 9, 10, 11, 12, 13, 18, 19]",full_mesh,14700.905845299596,0.030437375000001765,14,0,0,0,0,801,14,1,14,1.0,1050.0647032356853,52414.52922649804,303,272,787
SELF-Q4-mixed-fixed_hash-47,47,mixed,fixed_hash,triangle_optical,True,all_sources_cleared_with_certificate,triangle,False,990.0,31,31,"[1, 3, 5, 7, 8, 9, 10, 11, 12, 13, 14, 15, 16, 18, 20]","[1, 3, 5, 7, 8, 9, 10, 11, 12, 13, 14, 15, 16, 18, 20]",full_mesh,14717.424404118128,0.030196416999999087,15,0,0,0,0,823,15,5,15,1.0,981.1616269412085,52872.122020590694,279,249,808
SELF-Q4-mixed-fixed_hash-48,48,mixed,fixed_hash,triangle_optical,True,all_sources_cleared_with_certificate,triangle,False,990.0,31,22,"[2, 3, 4, 5, 6, 7, 8, 10, 11, 12, 13, 15, 16, 17, 18, 20]","[2, 3, 4, 5, 6, 7, 8, 10, 11, 12, 13, 15, 16, 17, 18, 20]",count_upper_bound,13382.454052411735,0.0335715840000006,16,0,0,0,0,984,16,14,16,1.0,836.4033782757334,46732.2702620587,179,157,968
SELF-Q4-mixed-fixed_hash-49,49,mixed,fixed_hash,triangle_optical,True,all_sources_cleared_with_certificate,triangle,False,990.0,31,31,"[1, 3, 4, 9, 11, 12, 13, 14, 16, 18]","[1, 3, 4, 9, 11, 12, 13, 14, 16, 18]",full_mesh,13658.658922092807,0.023453250000002868,10,0,0,0,0,622,10,1,10,1.0,1365.8658922092807,48578.294610464065,348,317,612
SELF-Q4-mixed-fixed_hash-50,50,mixed,fixed_hash,triangle_optical,True,all_sources_cleared_with_certificate,triangle,False,990.0,31,31,"[2, 4, 6, 8, 9, 12, 13, 14, 16, 19, 20]","[2, 4, 6, 8, 9, 12, 13, 14, 16, 19, 20]",full_mesh,14047.748332904494,0.024321749999998588,11,0,0,0,0,643,11,9,11,1.0,1277.0680302640449,49508.74166452253,371,340,632
SELF-Q4-mixed-fixed_hash-51,51,mixed,fixed_hash,triangle_optical,True,all_sources_cleared_with_certificate,triangle,False,990.0,31,31,"[4, 5, 6, 7, 8, 9, 13, 14, 16, 17, 18, 20]","[4, 5, 6, 7, 8, 9, 13, 14, 16, 17, 18, 20]",full_mesh,13871.727091625513,0.026021000000000072,12,0,0,0,0,643,12,9,12,1.0,1155.9772576354594,48228.635458127595,384,353,631
SELF-Q4-mixed-fixed_hash-52,52,mixed,fixed_hash,triangle_optical,True,all_sources_cleared_with_certificate,triangle,False,990.0,31,31,"[1, 2, 3, 6, 7, 8, 9, 12, 13, 15, 16, 17, 18]","[1, 2, 3, 6, 7, 8, 9, 12, 13, 15, 16, 17, 18]",full_mesh,12846.759298631618,0.02469820800000022,13,0,0,0,0,583,13,11,13,1.0,988.2122537408936,46213.79649315813,310,279,570
SELF-Q4-mixed-fixed_hash-53,53,mixed,fixed_hash,triangle_optical,True,all_sources_cleared_with_certificate,triangle,False,990.0,31,31,"[1, 3, 6, 7, 8, 9, 10, 11, 12, 15, 16, 17, 18, 20]","[1, 3, 6, 7, 8, 9, 10, 11, 12, 15, 16, 17, 18, 20]",full_mesh,15257.291050328155,0.0313710829999998,14,0,0,0,0,830,14,12,14,1.0,1089.8065035948682,53886.455251640844,332,302,816
SELF-Q4-mixed-fixed_hash-54,54,mixed,fixed_hash,triangle_optical,True,all_sources_cleared_with_certificate,triangle,False,990.0,31,31,"[2, 4, 5, 6, 7, 8, 10, 12, 13, 14, 15, 16, 17, 18, 19]","[2, 4, 5, 6, 7, 8, 10, 12, 13, 14, 15, 16, 17, 18, 19]",full_mesh,14697.05273624308,0.030146082999998214,15,0,0,0,0,831,15,1,15,1.0,979.8035157495386,53580.26368121544,248,218,816
SELF-Q4-mixed-fixed_hash-55,55,mixed,fixed_hash,triangle_optical,True,all_sources_cleared_with_certificate,triangle,False,990.0,31,20,"[2, 3, 4, 5, 6, 7, 8, 9, 10, 12, 13, 16, 17, 18, 19, 20]","[2, 3, 4, 5, 6, 7, 8, 9, 10, 12, 13, 16, 17, 18, 19, 20]",count_upper_bound,11380.778213725724,0.029251250000001505,16,0,0,0,0,793,16,6,16,1.0,711.2986383578577,39628.89106862867,177,159,777
SELF-Q4-mixed-fixed_hash-56,56,mixed,fixed_hash,triangle_optical,True,all_sources_cleared_with_certificate,triangle,False,990.0,31,31,"[1, 4, 7, 9, 10, 12, 13, 16, 17, 18]","[1, 4, 7, 9, 10, 12, 13, 16, 17, 18]",full_mesh,12480.026007252623,0.021106791000001124,10,0,0,0,0,479,10,2,10,1.0,1248.0026007252623,44410.13003626316,362,331,469
SELF-Q4-mixed-fixed_hash-57,57,mixed,fixed_hash,triangle_optical,True,all_sources_cleared_with_certificate,triangle,False,990.0,31,31,"[1, 2, 5, 7, 8, 11, 12, 13, 16, 17, 18]","[1, 2, 5, 7, 8, 11, 12, 13, 16, 17, 18]",full_mesh,13405.77790388554,0.022067832999997705,11,0,0,0,0,509,11,3,11,1.0,1218.7070821714128,48008.88951942774,381,350,498
SELF-Q4-mixed-fixed_hash-58,58,mixed,fixed_hash,triangle_optical,True,all_sources_cleared_with_certificate,triangle,False,990.0,31,31,"[2, 4, 5, 6, 7, 8, 11, 14, 17, 18, 19, 20]","[2, 4, 5, 6, 7, 8, 11, 14, 17, 18, 19, 20]",full_mesh,15212.69247474881,0.02716529200000295,12,0,0,0,0,740,12,10,12,1.0,1267.7243728957342,53078.4623737441,397,368,728
SELF-Q4-mixed-fixed_hash-59,59,mixed,fixed_hash,triangle_optical,True,all_sources_cleared_with_certificate,triangle,False,990.0,31,31,"[1, 3, 5, 8, 10, 11, 12, 13, 14, 15, 16, 17, 20]","[1, 3, 5, 8, 10, 11, 12, 13, 14, 15, 16, 17, 20]",full_mesh,14424.192696831671,0.027909207999996966,13,0,0,0,0,755,13,7,13,1.0,1109.553284371667,52235.96348415844,286,256,742
SELF-Q4-mixed-fixed_hash-60,60,mixed,fixed_hash,triangle_optical,True,all_sources_cleared_with_certificate,triangle,False,990.0,31,31,"[1, 2, 3, 4, 5, 6, 8, 9, 10, 13, 14, 16, 17, 20]","[1, 2, 3, 4, 5, 6, 8, 9, 10, 13, 14, 16, 17, 20]",full_mesh,12764.525064167648,0.02465254099999825,14,0,0,0,0,566,14,1,14,1.0,911.7517902976891,47182.62532083827,272,242,552
SELF-Q4-mixed-fixed_hash-61,61,mixed,fixed_hash,triangle_optical,True,all_sources_cleared_with_certificate,triangle,False,990.0,31,31,"[1, 4, 5, 6, 7, 8, 9, 11, 12, 13, 14, 16, 18, 19, 20]","[1, 4, 5, 6, 7, 8, 9, 11, 12, 13, 14, 16, 18, 19, 20]",full_mesh,12558.859470042471,0.023012041999997734,15,0,0,0,0,487,15,8,15,1.0,837.2572980028314,47654.29735021241,261,232,472
SELF-Q4-mixed-fixed_hash-62,62,mixed,fixed_hash,triangle_optical,True,all_sources_cleared_with_certificate,triangle,False,990.0,31,23,"[1, 2, 3, 5, 6, 8, 9, 10, 11, 12, 13, 14, 15, 18, 19, 20]","[1, 2, 3, 5, 6, 8, 9, 10, 11, 12, 13, 14, 15, 18, 19, 20]",count_upper_bound,13523.409550870387,0.03386637499999878,16,0,0,0,0,891,16,14,16,1.0,845.2130969293992,46822.04775435198,246,224,875
SELF-Q4-mixed-fixed_hash-63,63,mixed,fixed_hash,triangle_optical,True,all_sources_cleared_with_certificate,triangle,False,990.0,31,31,"[2, 7, 9, 10, 11, 12, 14, 15, 16, 20]","[2, 7, 9, 10, 11, 12, 14, 15, 16, 20]",full_mesh,11117.453377294229,0.017358999999999014,10,0,0,0,0,342,10,2,10,1.0,1111.7453377294228,40757.26688647116,325,295,332
SELF-Q4-mixed-fixed_hash-64,64,mixed,fixed_hash,triangle_optical,True,all_sources_cleared_with_certificate,triangle,False,990.0,31,31,"[1, 3, 4, 5, 7, 11, 12, 13, 16, 18, 19]","[1, 3, 4, 5, 7, 11, 12, 13, 16, 18, 19]",full_mesh,14279.484656054858,0.027268374999998457,11,0,0,0,0,732,11,2,11,1.0,1298.1349687322597,48577.42328027433,396,366,721
SELF-Q4-mixed-fixed_hash-65,65,mixed,fixed_hash,triangle_optical,True,all_sources_cleared_with_certificate,triangle,False,990.0,31,31,"[6, 7, 8, 9, 10, 13, 14, 15, 16, 17, 19, 20]","[6, 7, 8, 9, 10, 13, 14, 15, 16, 17, 19, 20]",full_mesh,13904.76998792261,0.026116625000000226,12,0,0,0,0,694,12,4,12,1.0,1158.7308323268842,48428.849939613094,357,328,682
SELF-Q4-mixed-fixed_hash-66,66,mixed,fixed_hash,triangle_optical,True,all_sources_cleared_with_certificate,triangle,False,990.0,31,31,"[2, 3, 5, 8, 9, 10, 13, 14, 15, 16, 17, 19, 20]","[2, 3, 5, 8, 9, 10, 13, 14, 15, 16, 17, 19, 20]",full_mesh,13587.548693481715,0.025081666999998475,13,0,0,0,0,637,13,9,13,1.0,1045.1960533447473,48347.74346740862,335,306,624
SELF-Q4-mixed-fixed_hash-67,67,mixed,fixed_hash,triangle_optical,True,all_sources_cleared_with_certificate,triangle,False,990.0,31,31,"[1, 3, 4, 5, 6, 7, 8, 10, 14, 15, 16, 17, 18, 19]","[1, 3, 4, 5, 6, 7, 8, 10, 14, 15, 16, 17, 18, 19]",full_mesh,13580.113473986197,0.025668166000002657,14,0,0,0,0,624,14,3,14,1.0,970.0081052847283,50895.56736993102,255,226,610
SELF-Q4-mixed-fixed_hash-68,68,mixed,fixed_hash,triangle_optical,True,all_sources_cleared_with_certificate,triangle,False,990.0,31,31,"[2, 4, 5, 6, 8, 9, 11, 12, 13, 14, 15, 16, 17, 19, 20]","[2, 4, 5, 6, 8, 9, 11, 12, 13, 14, 15, 16, 17, 19, 20]",full_mesh,14620.955456167014,0.03048487499999908,15,0,0,0,0,830,15,11,15,1.0,974.7303637444676,52344.77728083513,277,247,815
SELF-Q4-mixed-fixed_hash-69,69,mixed,fixed_hash,triangle_optical,True,all_sources_cleared_with_certificate,triangle,False,990.0,31,23,"[2, 3, 4, 5, 6, 7, 8, 9, 10, 11, 12, 13, 14, 16, 17, 18]","[2, 3, 4, 5, 6, 7, 8, 9, 10, 11, 12, 13, 14, 16, 17, 18]",count_upper_bound,13372.119362800551,0.034041332999997564,16,0,0,0,0,946,16,9,16,1.0,835.7574601750345,46925.59681400279,190,167,930
SELF-Q4-mixed-fixed_hash-70,70,mixed,fixed_hash,triangle_optical,True,all_sources_cleared_with_certificate,triangle,False,990.0,31,31,"[2, 3, 4, 5, 6, 10, 11, 12, 15, 18]","[2, 3, 4, 5, 6, 10, 11, 12, 15, 18]",full_mesh,13169.487155632787,0.022448542000002902,10,0,0,0,0,558,10,4,10,1.0,1316.9487155632787,46522.43577816398,367,336,548
SELF-Q4-mixed-fixed_hash-71,71,mixed,fixed_hash,triangle_optical,True,all_sources_cleared_with_certificate,triangle,False,990.0,31,31,"[1, 2, 4, 5, 9, 11, 13, 14, 15, 16, 17]","[1, 2, 4, 5, 9, 11, 13, 14, 15, 16, 17]",full_mesh,13290.207319699764,0.022432500000000744,11,0,0,0,0,541,11,9,11,1.0,1208.2006654272514,46771.036598498875,387,356,530
SELF-Q4-mixed-fixed_hash-72,72,mixed,fixed_hash,triangle_optical,True,all_sources_cleared_with_certificate,triangle,False,990.0,31,31,"[3, 4, 6, 10, 11, 12, 15, 16, 17, 18, 19, 20]","[3, 4, 6, 10, 11, 12, 15, 16, 17, 18, 19, 20]",full_mesh,12792.988564155785,0.022828249999999883,12,0,0,0,0,508,12,7,12,1.0,1066.0823803463154,46114.94282077896,342,312,496
SELF-Q4-mixed-fixed_hash-73,73,mixed,fixed_hash,triangle_optical,True,all_sources_cleared_with_certificate,triangle,False,990.0,31,31,"[2, 4, 5, 6, 7, 8, 9, 10, 15, 16, 17, 19, 20]","[2, 4, 5, 6, 7, 8, 9, 10, 15, 16, 17, 19, 20]",full_mesh,14584.775416476696,0.027482458000001486,13,0,0,0,0,745,13,8,13,1.0,1121.9058012674382,51333.87708238355,348,317,732
SELF-Q4-mixed-fixed_hash-74,74,mixed,fixed_hash,triangle_optical,True,all_sources_cleared_with_certificate,triangle,False,990.0,31,31,"[2, 3, 4, 5, 6, 8, 9, 11, 13, 14, 16, 17, 18, 20]","[2, 3, 4, 5, 6, 8, 9, 11, 13, 14, 16, 17, 18, 20]",full_mesh,15642.964187314534,0.03346904100000003,14,0,0,0,0,1014,14,5,14,1.0,1117.354584808181,55204.82093657276,260,232,1000
SELF-Q4-mixed-fixed_hash-75,75,mixed,fixed_hash,triangle_optical,True,all_sources_cleared_with_certificate,triangle,False,990.0,31,31,"[2, 3, 6, 8, 9, 11, 12, 13, 14, 15, 16, 17, 18, 19, 20]","[2, 3, 6, 8, 9, 11, 12, 13, 14, 15, 16, 17, 18, 19, 20]",full_mesh,14455.403534066721,0.02990054200000003,15,0,0,0,0,833,15,2,15,1.0,963.6935689377814,52972.01767033366,227,197,818
SELF-Q4-mixed-fixed_hash-76,76,mixed,fixed_hash,triangle_optical,True,all_sources_cleared_with_certificate,triangle,False,990.0,31,24,"[1, 3, 4, 5, 6, 7, 8, 10, 12, 13, 15, 16, 17, 18, 19, 20]","[1, 3, 4, 5, 6, 7, 8, 10, 12, 13, 15, 16, 17, 18, 19, 20]",count_upper_bound,14942.959065462195,0.03790000000000049,16,0,0,0,0,1171,16,4,16,1.0,933.9349415913872,51249.79532731106,195,173,1155
SELF-Q4-mixed-fixed_hash-77,77,mixed,fixed_hash,triangle_optical,True,all_sources_cleared_with_certificate,triangle,False,990.0,31,31,"[2, 5, 7, 8, 9, 11, 14, 17, 18, 20]","[2, 5, 7, 8, 9, 11, 14, 17, 18, 20]",full_mesh,13186.09153229212,0.02272133300000334,10,0,0,0,0,534,10,4,10,1.0,1318.6091532292119,44595.45766146064,446,415,524
SELF-Q4-mixed-fixed_hash-78,78,mixed,fixed_hash,triangle_optical,True,all_sources_cleared_with_certificate,triangle,False,990.0,31,31,"[1, 3, 4, 7, 9, 10, 11, 13, 14, 15, 20]","[1, 3, 4, 7, 9, 10, 11, 13, 14, 15, 20]",full_mesh,11532.754975530648,0.017617791999999355,11,0,0,0,0,333,11,4,11,1.0,1048.4322705027862,41853.77487765328,362,331,322
SELF-Q4-mixed-fixed_hash-79,79,mixed,fixed_hash,triangle_optical,True,all_sources_cleared_with_certificate,triangle,False,990.0,31,31,"[2, 3, 4, 5, 6, 8, 12, 14, 15, 16, 17, 18]","[2, 3, 4, 5, 6, 8, 12, 14, 15, 16, 17, 18]",full_mesh,14890.272228581505,0.02693516599999768,12,0,0,0,0,762,12,1,12,1.0,1240.8560190484588,52706.3611429076,345,314,750
SELF-Q4-mixed-fixed_hash-80,80,mixed,fixed_hash,triangle_optical,True,all_sources_cleared_with_certificate,triangle,False,990.0,31,31,"[1, 4, 6, 7, 9, 12, 13, 14, 15, 17, 18, 19, 20]","[1, 4, 6, 7, 9, 12, 13, 14, 15, 17, 18, 19, 20]",full_mesh,14999.41059808383,0.02663133300000098,13,0,0,0,0,718,13,10,13,1.0,1153.8008152372176,54127.05299041917,337,309,705
SELF-Q4-mixed-fixed_hash-81,81,mixed,fixed_hash,triangle_optical,True,all_sources_cleared_with_certificate,triangle,False,990.0,31,31,"[1, 3, 6, 8, 10, 11, 12, 13, 14, 15, 16, 17, 19, 20]","[1, 3, 6, 8, 10, 11, 12, 13, 14, 15, 16, 17, 19, 20]",full_mesh,15900.041499526757,0.034291959000000816,14,0,0,0,0,995,14,12,14,1.0,1135.717249966197,56420.20749763385,272,243,981
SELF-Q4-mixed-fixed_hash-82,82,mixed,fixed_hash,triangle_optical,True,all_sources_cleared_with_certificate,triangle,False,990.0,31,31,"[1, 3, 5, 6, 7, 8, 10, 11, 12, 13, 14, 16, 17, 18, 20]","[1, 3, 5, 6, 7, 8, 10, 11, 12, 13, 14, 16, 17, 18, 20]",full_mesh,13934.55450376512,0.0271080839999982,15,0,0,0,0,716,15,4,15,1.0,928.9703002510081,50837.77251882568,270,239,701
SELF-Q4-mixed-fixed_hash-83,83,mixed,fixed_hash,triangle_optical,True,all_sources_cleared_with_certificate,triangle,False,990.0,31,23,"[1, 2, 3, 4, 5, 7, 11, 12, 13, 14, 15, 16, 17, 18, 19, 20]","[1, 2, 3, 4, 5, 7, 11, 12, 13, 14, 15, 16, 17, 18, 19, 20]",count_upper_bound,13525.091871654939,0.0335357089999988,16,0,0,0,0,955,16,3,16,1.0,845.3182419784337,47185.45935827472,202,181,939
SELF-Q4-mixed-fixed_hash-84,84,mixed,fixed_hash,triangle_optical,True,all_sources_cleared_with_certificate,triangle,False,990.0,31,31,"[1, 2, 4, 8, 9, 10, 11, 13, 14, 16]","[1, 2, 4, 8, 9, 10, 11, 13, 14, 16]",full_mesh,12388.784078980598,0.019566375000000136,10,0,0,0,0,431,10,6,10,1.0,1238.8784078980598,44283.920394903034,375,344,421
SELF-Q4-mixed-fixed_hash-85,85,mixed,fixed_hash,triangle_optical,True,all_sources_cleared_with_certificate,triangle,False,990.0,31,31,"[4, 6, 7, 8, 10, 11, 13, 14, 16, 19, 20]","[4, 6, 7, 8, 10, 11, 13, 14, 16, 19, 20]",full_mesh,14067.247547883795,0.025482582999998726,11,0,0,0,0,661,11,7,11,1.0,1278.840686171254,48976.237739419,383,352,650
SELF-Q4-mixed-fixed_hash-86,86,mixed,fixed_hash,triangle_optical,True,all_sources_cleared_with_certificate,triangle,False,990.0,31,31,"[1, 2, 3, 5, 7, 9, 11, 12, 15, 18, 19, 20]","[1, 2, 3, 5, 7, 9, 11, 12, 15, 18, 19, 20]",full_mesh,12954.91484730227,0.022274041999999383,12,0,0,0,0,521,12,9,12,1.0,1079.5762372751892,46634.5742365114,345,316,509
SELF-Q4-mixed-fixed_hash-87,87,mixed,fixed_hash,triangle_optical,True,all_sources_cleared_with_certificate,triangle,False,990.0,31,31,"[1, 2, 4, 5, 6, 7, 9, 11, 13, 14, 15, 16, 18]","[1, 2, 4, 5, 6, 7, 9, 11, 13, 14, 15, 16, 18]",full_mesh,15394.65960671275,0.029246875000001893,13,0,0,0,0,911,13,5,13,1.0,1184.20458513175,55503.29803356385,261,230,898
SELF-Q4-mixed-fixed_hash-88,88,mixed,fixed_hash,triangle_optical,True,all_sources_cleared_with_certificate,triangle,False,990.0,31,31,"[1, 3, 4, 6, 7, 8, 9, 11, 12, 13, 14, 16, 17, 20]","[1, 3, 4, 6, 7, 8, 9, 11, 12, 13, 14, 16, 17, 20]",full_mesh,14079.947512499322,0.02580466699999917,14,0,0,0,0,673,14,12,14,1.0,1005.7105366070945,50929.737562496644,313,282,659
SELF-Q4-mixed-fixed_hash-89,89,mixed,fixed_hash,triangle_optical,True,all_sources_cleared_with_certificate,triangle,False,990.0,31,31,"[2, 3, 4, 5, 6, 7, 8, 9, 10, 12, 14, 16, 17, 18, 20]","[2, 3, 4, 5, 6, 7, 8, 9, 10, 12, 14, 16, 17, 18, 20]",full_mesh,15417.086038387344,0.03317312499999758,15,0,0,0,0,959,15,8,15,1.0,1027.8057358924896,54725.43019193678,266,235,944
SELF-Q4-mixed-fixed_hash-90,90,mixed,fixed_hash,triangle_optical,True,all_sources_cleared_with_certificate,triangle,False,990.0,31,22,"[1, 2, 3, 5, 6, 7, 8, 9, 10, 11, 12, 13, 14, 16, 17, 18]","[1, 2, 3, 5, 6, 7, 8, 9, 10, 11, 12, 13, 14, 16, 17, 18]",count_upper_bound,12992.52192775963,0.03378925000000166,16,0,0,0,0,1011,16,1,16,1.0,812.0326204849769,45307.609638798196,148,126,995
SELF-Q4-mixed-fixed_hash-91,91,mixed,fixed_hash,triangle_optical,True,all_sources_cleared_with_certificate,triangle,False,990.0,31,31,"[3, 6, 8, 12, 13, 14, 15, 16, 18, 19]","[3, 6, 8, 12, 13, 14, 15, 16, 18, 19]",full_mesh,13737.265638742727,0.023373917000000688,10,0,0,0,0,610,10,8,10,1.0,1373.7265638742726,48246.32819371367,378,348,600
SELF-Q4-mixed-fixed_hash-92,92,mixed,fixed_hash,triangle_optical,True,all_sources_cleared_with_certificate,triangle,False,990.0,31,31,"[2, 3, 4, 8, 9, 10, 14, 15, 17, 18, 19]","[2, 3, 4, 8, 9, 10, 14, 15, 17, 18, 19]",full_mesh,13963.60178814483,0.023446082999999618,11,0,0,0,0,606,11,6,11,1.0,1269.4183443768027,50383.00894072419,346,317,595
SELF-Q4-mixed-fixed_hash-93,93,mixed,fixed_hash,triangle_optical,True,all_sources_cleared_with_certificate,triangle,False,990.0,31,31,"[1, 2, 3, 4, 6, 7, 12, 13, 14, 16, 19, 20]","[1, 2, 3, 4, 6, 7, 12, 13, 14, 16, 19, 20]",full_mesh,13206.43421307511,0.022010500000000377,12,0,0,0,0,505,12,10,12,1.0,1100.5361844229258,48532.1710653756,332,301,493
SELF-Q4-mixed-fixed_hash-94,94,mixed,fixed_hash,triangle_optical,True,all_sources_cleared_with_certificate,triangle,False,990.0,31,31,"[1, 4, 5, 6, 7, 8, 9, 10, 11, 14, 15, 18, 19]","[1, 4, 5, 6, 7, 8, 9, 10, 11, 14, 15, 18, 19]",full_mesh,15472.948594067686,0.02874295799999871,13,0,0,0,0,818,13,10,13,1.0,1190.2268149282836,54134.74297033851,366,336,805
SELF-Q4-mixed-fixed_hash-95,95,mixed,fixed_hash,triangle_optical,True,all_sources_cleared_with_certificate,triangle,False,990.0,31,31,"[1, 2, 3, 4, 5, 10, 12, 13, 15, 16, 17, 18, 19, 20]","[1, 2, 3, 4, 5, 10, 12, 13, 15, 16, 17, 18, 19, 20]",full_mesh,14651.968260894919,0.027700291999998683,14,0,0,0,0,726,14,10,14,1.0,1046.5691614924942,52859.84130447467,317,289,712
SELF-Q4-mixed-fixed_hash-96,96,mixed,fixed_hash,triangle_optical,True,all_sources_cleared_with_certificate,triangle,False,990.0,31,31,"[1, 3, 4, 6, 7, 10, 11, 12, 13, 14, 15, 17, 18, 19, 20]","[1, 3, 4, 6, 7, 10, 11, 12, 13, 14, 15, 17, 18, 19, 20]",full_mesh,15270.701906982084,0.031843625000000486,15,0,0,0,0,909,15,6,15,1.0,1018.0467937988055,54583.509534910474,271,242,894
SELF-Q4-mixed-fixed_hash-97,97,mixed,fixed_hash,triangle_optical,True,all_sources_cleared_with_certificate,triangle,False,990.0,31,22,"[1, 2, 4, 5, 6, 7, 9, 10, 12, 13, 14, 16, 17, 18, 19, 20]","[1, 2, 4, 5, 6, 7, 9, 10, 12, 13, 14, 16, 17, 18, 19, 20]",count_upper_bound,14663.22112999093,0.036595166999997986,16,0,0,0,0,1124,16,11,16,1.0,916.4513206244332,50191.10564995466,207,186,1108
SELF-Q4-mixed-fixed_hash-98,98,mixed,fixed_hash,triangle_optical,True,all_sources_cleared_with_certificate,triangle,False,990.0,31,31,"[1, 2, 5, 8, 11, 12, 14, 17, 19, 20]","[1, 2, 5, 8, 11, 12, 14, 17, 19, 20]",full_mesh,14640.272420129555,0.02767620899999912,10,0,0,0,0,751,10,9,10,1.0,1464.0272420129554,48161.362100647835,461,430,741
SELF-Q4-mixed-fixed_hash-99,99,mixed,fixed_hash,triangle_optical,True,all_sources_cleared_with_certificate,triangle,False,990.0,31,31,"[2, 3, 4, 5, 6, 7, 8, 13, 18, 19, 20]","[2, 3, 4, 5, 6, 7, 8, 13, 18, 19, 20]",full_mesh,13498.71679495991,0.022888583000000295,11,0,0,0,0,515,11,9,11,1.0,1227.1560722690826,48168.583974799585,388,358,504
SELF-Q4-mixed-fixed_hash-100,100,mixed,fixed_hash,triangle_optical,True,all_sources_cleared_with_certificate,triangle,False,990.0,31,31,"[2, 5, 6, 7, 9, 11, 12, 13, 15, 17, 18, 19]","[2, 5, 6, 7, 9, 11, 12, 13, 15, 17, 18, 19]",full_mesh,13160.636440890541,0.022770166999997343,12,0,0,0,0,534,12,2,12,1.0,1096.719703407545,48043.18220445277,326,296,522
SELF-Q4-mixed-fixed_hash-101,101,mixed,fixed_hash,triangle_optical,True,all_sources_cleared_with_certificate,triangle,False,990.0,31,31,"[1, 4, 5, 7, 8, 9, 10, 11, 12, 15, 17, 18, 19]","[1, 4, 5, 7, 8, 9, 10, 11, 12, 15, 17, 18, 19]",full_mesh,13526.558394220317,0.025120333000000272,13,0,0,0,0,633,13,12,13,1.0,1040.5044918631013,48977.79197110168,306,276,620
SELF-Q4-mixed-fixed_hash-102,102,mixed,fixed_hash,triangle_optical,True,all_sources_cleared_with_certificate,triangle,False,990.0,31,31,"[1, 3, 5, 6, 7, 9, 10, 12, 13, 14, 17, 18, 19, 20]","[1, 3, 5, 6, 7, 9, 10, 12, 13, 14, 17, 18, 19, 20]",full_mesh,15284.352542655999,0.03131516699999892,14,0,0,0,0,884,14,13,14,1.0,1091.7394673325714,53841.76271328008,311,281,870
SELF-Q4-mixed-fixed_hash-103,103,mixed,fixed_hash,triangle_optical,True,all_sources_cleared_with_certificate,triangle,False,990.0,31,31,"[1, 2, 3, 4, 5, 6, 7, 8, 11, 12, 13, 15, 17, 18, 20]","[1, 2, 3, 4, 5, 6, 7, 8, 11, 12, 13, 15, 17, 18, 20]",full_mesh,14661.81029816824,0.029142249999999592,15,0,0,0,0,828,15,1,15,1.0,977.4540198778827,53754.051490841244,238,207,813
SELF-Q4-mixed-fixed_hash-104,104,mixed,fixed_hash,triangle_optical,True,all_sources_cleared_with_certificate,triangle,False,990.0,31,23,"[1, 2, 3, 6, 7, 8, 9, 10, 11, 12, 13, 14, 15, 16, 17, 20]","[1, 2, 3, 6, 7, 8, 9, 10, 11, 12, 13, 14, 15, 16, 17, 20]",count_upper_bound,14274.486960446253,0.033791291,16,0,0,0,0,996,16,6,16,1.0,892.1554350278908,49667.43480223131,224,201,980
SELF-Q4-mixed-fixed_hash-105,105,mixed,fixed_hash,triangle_optical,True,all_sources_cleared_with_certificate,triangle,False,990.0,31,31,"[1, 4, 5, 6, 9, 10, 12, 13, 16, 19]","[1, 4, 5, 6, 9, 10, 12, 13, 16, 19]",full_mesh,13598.391551283394,0.02252899999999869,10,0,0,0,0,625,10,3,10,1.0,1359.8391551283394,48561.95775641705,337,306,615
SELF-Q4-mixed-fixed_hash-106,106,mixed,fixed_hash,triangle_optical,True,all_sources_cleared_with_certificate,triangle,False,990.0,31,31,"[1, 2, 4, 5, 8, 13, 16, 17, 18, 19, 20]","[1, 2, 4, 5, 8, 13, 16, 17, 18, 19, 20]",full_mesh,16119.23531230937,0.03075795799999881,11,0,0,0,0,933,11,6,11,1.0,1465.385028391761,54931.17656154694,390,362,922
SELF-Q4-mixed-fixed_hash-107,107,mixed,fixed_hash,triangle_optical,True,all_sources_cleared_with_certificate,triangle,False,990.0,31,31,"[1, 2, 3, 5, 7, 8, 9, 10, 11, 14, 16, 19]","[1, 2, 3, 5, 7, 8, 9, 10, 11, 14, 16, 19]",full_mesh,14180.176524175577,0.027172458999999094,12,0,0,0,0,741,12,11,12,1.0,1181.6813770146314,50905.882620877936,297,267,729
SELF-Q4-mixed-fixed_hash-108,108,mixed,fixed_hash,triangle_optical,True,all_sources_cleared_with_certificate,triangle,False,990.0,31,31,"[2, 3, 4, 5, 6, 9, 10, 12, 13, 15, 18, 19, 20]","[2, 3, 4, 5, 6, 9, 10, 12, 13, 15, 18, 19, 20]",full_mesh,15094.627185008467,0.028416833000001418,13,0,0,0,0,808,13,2,13,1.0,1161.1251680775745,54133.13592504242,308,278,795
SELF-Q4-mixed-fixed_hash-109,109,mixed,fixed_hash,triangle_optical,True,all_sources_cleared_with_certificate,triangle,False,990.0,31,31,"[2, 4, 5, 7, 8, 9, 10, 13, 15, 16, 17, 18, 19, 20]","[2, 4, 5, 7, 8, 9, 10, 13, 15, 16, 17, 18, 19, 20]",full_mesh,14532.338296011669,0.028549833999999663,14,0,0,0,0,865,14,4,14,1.0,1038.0241640008335,53241.69148005843,215,186,851
SELF-Q4-mixed-fixed_hash-110,110,mixed,fixed_hash,triangle_optical,True,all_sources_cleared_with_certificate,triangle,False,990.0,31,31,"[1, 2, 6, 7, 8, 9, 11, 12, 13, 14, 15, 16, 17, 18, 19]","[1, 2, 6, 7, 8, 9, 11, 12, 13, 14, 15, 16, 17, 18, 19]",full_mesh,13006.720548031066,0.025877291999997,15,0,0,0,0,605,15,2,15,1.0,867.114703202071,48398.60274015535,252,222,590
SELF-Q4-mixed-fixed_hash-111,111,mixed,fixed_hash,triangle_optical,True,all_sources_cleared_with_certificate,triangle,False,990.0,31,23,"[2, 3, 4, 6, 7, 8, 10, 11, 13, 14, 15, 16, 17, 18, 19, 20]","[2, 3, 4, 6, 7, 8, 10, 11, 13, 14, 15, 16, 17, 18, 19, 20]",count_upper_bound,12415.325535874266,0.02972816699999825,16,0,0,0,0,833,16,7,16,1.0,775.9578459921416,43526.6276793714,200,179,817
SELF-Q4-mixed-fixed_hash-112,112,mixed,fixed_hash,triangle_optical,True,all_sources_cleared_with_certificate,triangle,False,990.0,31,31,"[3, 4, 6, 10, 11, 13, 14, 15, 16, 19]","[3, 4, 6, 10, 11, 13, 14, 15, 16, 19]",full_mesh,13405.962269896221,0.02322008400000186,10,0,0,0,0,588,10,9,10,1.0,1340.5962269896222,47459.81134948115,360,330,578
SELF-Q4-mixed-fixed_hash-113,113,mixed,fixed_hash,triangle_optical,True,all_sources_cleared_with_certificate,triangle,False,990.0,31,31,"[1, 2, 3, 4, 5, 7, 9, 12, 16, 18, 20]","[1, 2, 3, 4, 5, 7, 9, 12, 16, 18, 20]",full_mesh,13797.659777709025,0.02385495900000123,11,0,0,0,0,607,11,10,11,1.0,1254.3327070644568,48818.29888854515,370,341,596
SELF-Q4-mixed-fixed_hash-114,114,mixed,fixed_hash,triangle_optical,True,all_sources_cleared_with_certificate,triangle,False,990.0,31,31,"[1, 3, 4, 8, 9, 10, 11, 14, 15, 17, 19, 20]","[1, 3, 4, 8, 9, 10, 11, 14, 15, 17, 19, 20]",full_mesh,13982.03385149193,0.02382570800000039,12,0,0,0,0,589,12,5,12,1.0,1165.1694876243275,51055.16925745968,335,305,577
SELF-Q4-mixed-fixed_hash-115,115,mixed,fixed_hash,triangle_optical,True,all_sources_cleared_with_certificate,triangle,False,990.0,31,31,"[4, 5, 6, 7, 8, 9, 10, 11, 12, 13, 14, 16, 18]","[4, 5, 6, 7, 8, 9, 10, 11, 12, 13, 14, 16, 18]",full_mesh,13907.92530108625,0.025662000000000518,13,0,0,0,0,714,13,1,13,1.0,1069.8404077758655,51024.62650543129,261,230,701
SELF-Q4-mixed-fixed_hash-116,116,mixed,fixed_hash,triangle_optical,True,all_sources_cleared_with_certificate,triangle,False,990.0,31,31,"[1, 3, 4, 5, 7, 8, 9, 10, 12, 13, 15, 16, 18, 20]","[1, 3, 4, 5, 7, 8, 9, 10, 12, 13, 15, 16, 18, 20]",full_mesh,14145.110154016891,0.028303790999999023,14,0,0,0,0,770,14,10,14,1.0,1010.3650110012065,51140.55077008452,268,239,756
SELF-Q4-mixed-fixed_hash-117,117,mixed,fixed_hash,triangle_optical,True,all_sources_cleared_with_certificate,triangle,False,990.0,31,31,"[2, 3, 4, 6, 7, 8, 9, 10, 13, 14, 16, 17, 18, 19, 20]","[2, 3, 4, 6, 7, 8, 9, 10, 13, 14, 16, 17, 18, 19, 20]",full_mesh,14598.018215001188,0.030434834000001132,15,0,0,0,0,806,15,1,15,1.0,973.2012143334125,52980.09107500601,264,234,791
SELF-Q4-mixed-fixed_hash-118,118,mixed,fixed_hash,triangle_optical,True,all_sources_cleared_with_certificate,triangle,False,990.0,31,22,"[1, 2, 4, 5, 6, 7, 8, 10, 12, 13, 14, 15, 16, 17, 19, 20]","[1, 2, 4, 5, 6, 7, 8, 10, 12, 13, 14, 15, 16, 17, 19, 20]",count_upper_bound,11917.07773247126,0.02958254199999999,16,0,0,0,0,799,16,14,16,1.0,744.8173582794537,41790.38866235633,192,170,783
SELF-Q4-mixed-fixed_hash-119,119,mixed,fixed_hash,triangle_optical,True,all_sources_cleared_with_certificate,triangle,False,990.0,31,31,"[2, 3, 4, 6, 7, 10, 11, 14, 16, 18]","[2, 3, 4, 6, 7, 10, 11, 14, 16, 18]",full_mesh,13497.256150259107,0.023515416999998706,10,0,0,0,0,603,10,5,10,1.0,1349.7256150259107,48056.280751295584,348,317,593
SELF-Q4-mixed-fixed_hash-120,120,mixed,fixed_hash,triangle_optical,True,all_sources_cleared_with_certificate,triangle,False,990.0,31,31,"[3, 4, 5, 6, 7, 8, 13, 14, 15, 17, 20]","[3, 4, 5, 6, 7, 8, 13, 14, 15, 17, 20]",full_mesh,13534.669957728094,0.025847500000001133,11,0,0,0,0,646,11,6,11,1.0,1230.4245416116448,48188.34978864052,328,297,635
SELF-Q4-mixed-fixed_hash-121,121,mixed,fixed_hash,triangle_optical,True,all_sources_cleared_with_certificate,triangle,False,990.0,31,31,"[1, 3, 5, 6, 7, 11, 12, 13, 16, 17, 19, 20]","[1, 3, 5, 6, 7, 11, 12, 13, 16, 17, 19, 20]",full_mesh,13592.626628113314,0.024973667000001143,12,0,0,0,0,624,12,3,12,1.0,1132.7188856761095,47683.133140566606,365,335,612
SELF-Q4-mixed-fixed_hash-122,122,mixed,fixed_hash,triangle_optical,True,all_sources_cleared_with_certificate,triangle,False,990.0,31,31,"[2, 3, 4, 5, 7, 8, 10, 11, 12, 13, 17, 18, 20]","[2, 3, 4, 5, 7, 8, 10, 11, 12, 13, 17, 18, 20]",full_mesh,14603.619096331304,0.028003583000000276,13,0,0,0,0,745,13,8,13,1.0,1123.355315102408,51363.09548165658,350,320,732
SELF-Q4-mixed-fixed_hash-123,123,mixed,fixed_hash,triangle_optical,True,all_sources_cleared_with_certificate,triangle,False,990.0,31,31,"[1, 2, 3, 6, 7, 9, 10, 11, 12, 14, 16, 17, 19, 20]","[1, 2, 3, 6, 7, 9, 10, 11, 12, 14, 16, 17, 19, 20]",full_mesh,15409.020214169821,0.0304402909999979,14,0,0,0,0,839,14,1,14,1.0,1100.64430101213,55135.10107084917,311,282,825
SELF-Q4-mixed-fixed_hash-124,124,mixed,fixed_hash,triangle_optical,True,all_sources_cleared_with_certificate,triangle,False,990.0,31,31,"[1, 2, 3, 4, 5, 6, 7, 9, 12, 13, 15, 17, 18, 19, 20]","[1, 2, 3, 4, 5, 6, 7, 9, 12, 13, 15, 17, 18, 19, 20]",full_mesh,17054.95512605016,0.03711229199999977,15,0,0,0,0,1195,15,1,15,1.0,1136.9970084033441,60509.77563025088,228,198,1180
SELF-Q4-mixed-fixed_hash-125,125,mixed,fixed_hash,triangle_optical,True,all_sources_cleared_with_certificate,triangle,False,990.0,31,24,"[1, 2, 3, 4, 5, 6, 7, 8, 10, 11, 12, 13, 14, 15, 18, 20]","[1, 2, 3, 4, 5, 6, 7, 8, 10, 11, 12, 13, 14, 15, 18, 20]",count_upper_bound,12924.72059349935,0.02967695899999967,16,0,0,0,0,804,16,11,16,1.0,807.7950370937094,45053.6029674968,249,225,788
SELF-Q4-mixed-fixed_hash-126,126,mixed,fixed_hash,triangle_optical,True,all_sources_cleared_with_certificate,triangle,False,990.0,31,31,"[2, 3, 4, 6, 8, 11, 15, 17, 18, 19]","[2, 3, 4, 6, 8, 11, 15, 17, 18, 19]",full_mesh,13085.447084851321,0.01911066700000319,10,0,0,0,0,415,10,3,10,1.0,1308.544708485132,48092.235424256614,372,342,405
SELF-Q4-mixed-fixed_hash-127,127,mixed,fixed_hash,triangle_optical,True,all_sources_cleared_with_certificate,triangle,False,990.0,31,31,"[1, 2, 4, 5, 7, 11, 14, 15, 17, 18, 19]","[1, 2, 4, 5, 7, 11, 14, 15, 17, 18, 19]",full_mesh,14557.003095785305,0.026657082999999915,11,0,0,0,0,764,11,7,11,1.0,1323.363917798664,50955.0154789266,347,317,753
SELF-Q4-mixed-fixed_hash-128,128,mixed,fixed_hash,triangle_optical,True,all_sources_cleared_with_certificate,triangle,False,990.0,31,31,"[1, 3, 5, 6, 8, 9, 11, 12, 13, 16, 17, 20]","[1, 3, 5, 6, 8, 9, 11, 12, 13, 16, 17, 20]",full_mesh,14097.842532216479,0.025095332999999442,12,0,0,0,0,629,12,11,12,1.0,1174.8202110180398,51304.21266108245,326,296,617
SELF-Q4-mixed-fixed_hash-129,129,mixed,fixed_hash,triangle_optical,True,all_sources_cleared_with_certificate,triangle,False,990.0,31,31,"[2, 3, 4, 6, 9, 10, 11, 13, 14, 17, 18, 19, 20]","[2, 3, 4, 6, 9, 10, 11, 13, 14, 17, 18, 19, 20]",full_mesh,15637.484810540005,0.030814500000001743,13,0,0,0,0,937,13,11,13,1.0,1202.8834469646158,55087.42405270011,302,273,924
SELF-Q4-mixed-fixed_hash-130,130,mixed,fixed_hash,triangle_optical,True,all_sources_cleared_with_certificate,triangle,False,990.0,31,31,"[1, 2, 4, 5, 6, 9, 10, 11, 13, 14, 15, 17, 19, 20]","[1, 2, 4, 5, 6, 9, 10, 11, 13, 14, 15, 17, 19, 20]",full_mesh,13940.925160798108,0.025639584000000326,14,0,0,0,0,646,14,11,14,1.0,995.7803686284362,50874.62580399059,305,275,632
SELF-Q4-mixed-fixed_hash-131,131,mixed,fixed_hash,triangle_optical,True,all_sources_cleared_with_certificate,triangle,False,990.0,31,31,"[1, 2, 3, 5, 6, 7, 9, 10, 11, 12, 13, 17, 18, 19, 20]","[1, 2, 3, 5, 6, 7, 9, 10, 11, 12, 13, 17, 18, 19, 20]",full_mesh,14091.783768304273,0.027330875000000532,15,0,0,0,0,670,15,12,15,1.0,939.4522512202849,50813.918841521445,320,289,655
SELF-Q4-mixed-fixed_hash-132,132,mixed,fixed_hash,triangle_optical,True,all_sources_cleared_with_certificate,triangle,False,990.0,31,23,"[1, 2, 3, 4, 5, 6, 8, 9, 11, 12, 14, 15, 17, 18, 19, 20]","[1, 2, 3, 4, 5, 6, 8, 9, 11, 12, 14, 15, 17, 18, 19, 20]",count_upper_bound,13471.769349973529,0.032256041000000124,16,0,0,0,0,888,16,3,16,1.0,841.9855843733455,47418.84674986768,219,197,872
SELF-Q4-mixed-fixed_hash-133,133,mixed,fixed_hash,triangle_optical,True,all_sources_cleared_with_certificate,triangle,False,990.0,31,31,"[1, 9, 10, 11, 12, 15, 16, 17, 19, 20]","[1, 9, 10, 11, 12, 15, 16, 17, 19, 20]",full_mesh,13696.071533279493,0.02258279199999791,10,0,0,0,0,574,10,2,10,1.0,1369.6071533279494,47830.35766639748,403,373,564
SELF-Q4-mixed-fixed_hash-134,134,mixed,fixed_hash,triangle_optical,True,all_sources_cleared_with_certificate,triangle,False,990.0,31,31,"[1, 2, 4, 5, 7, 8, 11, 13, 16, 17, 18]","[1, 2, 4, 5, 7, 8, 11, 13, 16, 17, 18]",full_mesh,14648.086034062346,0.028406042000000298,11,0,0,0,0,813,11,8,11,1.0,1331.6441849147586,51340.43017031181,325,294,802
SELF-Q4-mixed-fixed_hash-135,135,mixed,fixed_hash,triangle_optical,True,all_sources_cleared_with_certificate,triangle,False,990.0,31,31,"[1, 2, 3, 5, 8, 9, 10, 12, 14, 16, 19, 20]","[1, 2, 3, 5, 8, 9, 10, 12, 14, 16, 19, 20]",full_mesh,14637.391283100236,0.028578750000001207,12,0,0,0,0,806,12,6,12,1.0,1219.7826069250198,52876.95641550125,275,245,794
SELF-Q4-mixed-fixed_hash-136,136,mixed,fixed_hash,triangle_optical,True,all_sources_cleared_with_certificate,triangle,False,990.0,31,31,"[1, 2, 3, 4, 7, 8, 11, 13, 14, 15, 17, 19, 20]","[1, 2, 3, 4, 7, 8, 11, 13, 14, 15, 17, 19, 20]",full_mesh,13335.032184445763,0.024443290999997203,13,0,0,0,0,622,13,3,13,1.0,1025.7717064958279,47910.16092222885,315,286,609
SELF-Q4-mixed-fixed_hash-137,137,mixed,fixed_hash,triangle_optical,True,all_sources_cleared_with_certificate,triangle,False,990.0,31,31,"[1, 3, 4, 6, 7, 8, 9, 11, 13, 14, 16, 17, 18, 19]","[1, 3, 4, 6, 7, 8, 9, 11, 13, 14, 16, 17, 18, 19]",full_mesh,14535.885482048408,0.029054833000000002,14,0,0,0,0,786,14,9,14,1.0,1038.2775344320291,52439.427410242104,282,252,772
SELF-Q4-mixed-fixed_hash-138,138,mixed,fixed_hash,triangle_optical,True,all_sources_cleared_with_certificate,triangle,False,990.0,31,31,"[3, 4, 5, 6, 7, 8, 9, 10, 11, 13, 14, 15, 17, 18, 20]","[3, 4, 5, 6, 7, 8, 9, 10, 11, 13, 14, 15, 17, 18, 20]",full_mesh,14069.678677273523,0.02730012500000001,15,0,0,0,0,655,15,12,15,1.0,937.9785784849015,51288.39338636765,308,277,640
SELF-Q4-mixed-fixed_hash-139,139,mixed,fixed_hash,triangle_optical,True,all_sources_cleared_with_certificate,triangle,False,990.0,31,24,"[1, 3, 4, 5, 6, 8, 9, 10, 11, 12, 13, 14, 16, 18, 19, 20]","[1, 3, 4, 5, 6, 8, 9, 10, 11, 12, 13, 14, 16, 18, 19, 20]",count_upper_bound,14771.621764337799,0.03593520900000158,16,0,0,0,0,1100,16,3,16,1.0,923.2263602711124,52093.10882168906,174,151,1084
SELF-Q4-mixed-fixed_hash-140,140,mixed,fixed_hash,triangle_optical,True,all_sources_cleared_with_certificate,triangle,False,990.0,31,31,"[1, 2, 4, 9, 11, 12, 17, 18, 19, 20]","[1, 2, 4, 9, 11, 12, 17, 18, 19, 20]",full_mesh,12207.484972608483,0.019733166999998275,10,0,0,0,0,449,10,4,10,1.0,1220.7484972608484,43642.424863042426,357,327,439
SELF-Q4-mixed-fixed_hash-141,141,mixed,fixed_hash,triangle_optical,True,all_sources_cleared_with_certificate,triangle,False,990.0,31,31,"[1, 5, 6, 9, 11, 15, 16, 17, 18, 19, 20]","[1, 5, 6, 9, 11, 15, 16, 17, 18, 19, 20]",full_mesh,13498.54605949728,0.0237507079999979,11,0,0,0,0,556,11,7,11,1.0,1227.140550863389,46777.730297486436,414,383,545
SELF-Q4-mixed-fixed_hash-142,142,mixed,fixed_hash,triangle_optical,True,all_sources_cleared_with_certificate,triangle,False,990.0,31,31,"[1, 2, 5, 6, 10, 12, 13, 15, 16, 18, 19, 20]","[1, 2, 5, 6, 10, 12, 13, 15, 16, 18, 19, 20]",full_mesh,13147.48138886687,0.02203804100000184,12,0,0,0,0,506,12,3,12,1.0,1095.6234490722393,48867.40694433436,310,282,494
SELF-Q4-mixed-fixed_hash-143,143,mixed,fixed_hash,triangle_optical,True,all_sources_cleared_with_certificate,triangle,False,990.0,31,31,"[1, 2, 3, 4, 5, 6, 7, 8, 10, 12, 14, 17, 19]","[1, 2, 3, 4, 5, 6, 7, 8, 10, 12, 14, 17, 19]",full_mesh,15265.996540207534,0.03133720800000006,13,0,0,0,0,859,13,10,13,1.0,1174.3074261698102,52214.98270103776,375,345,846
SELF-Q4-mixed-fixed_hash-144,144,mixed,fixed_hash,triangle_optical,True,all_sources_cleared_with_certificate,triangle,False,990.0,31,31,"[2, 3, 4, 6, 7, 8, 10, 11, 13, 14, 15, 16, 19, 20]","[2, 3, 4, 6, 7, 8, 10, 11, 13, 14, 15, 16, 19, 20]",full_mesh,15084.42591660034,0.030377916999999144,14,0,0,0,0,861,14,3,14,1.0,1077.4589940428814,54422.12958300177,270,239,847
SELF-Q4-mixed-fixed_hash-145,145,mixed,fixed_hash,triangle_optical,True,all_sources_cleared_with_certificate,triangle,False,990.0,31,31,"[1, 3, 5, 6, 8, 9, 11, 12, 13, 14, 15, 16, 17, 18, 19]","[1, 3, 5, 6, 8, 9, 11, 12, 13, 14, 15, 16, 17, 18, 19]",full_mesh,17842.880624956426,0.03882195799999977,15,0,0,0,0,1235,15,14,15,1.0,1189.525374997095,62169.40312478224,284,254,1220
SELF-Q4-mixed-fixed_hash-146,146,mixed,fixed_hash,triangle_optical,True,all_sources_cleared_with_certificate,triangle,False,990.0,31,27,"[1, 2, 3, 4, 5, 6, 7, 8, 9, 10, 11, 14, 15, 16, 19, 20]","[1, 2, 3, 4, 5, 6, 7, 8, 9, 10, 11, 14, 15, 16, 19, 20]",count_upper_bound,14914.003661389363,0.03240999999999872,16,0,0,0,0,984,16,3,16,1.0,932.1252288368352,52905.01830694688,229,204,968
SELF-Q4-mixed-fixed_hash-147,147,mixed,fixed_hash,triangle_optical,True,all_sources_cleared_with_certificate,triangle,False,990.0,31,31,"[3, 5, 7, 11, 12, 13, 15, 17, 19, 20]","[3, 5, 7, 11, 12, 13, 15, 17, 19, 20]",full_mesh,13066.865827732781,0.021256707999999236,10,0,0,0,0,507,10,8,10,1.0,1306.6865827732781,46054.32913866393,391,360,497
SELF-Q4-mixed-fixed_hash-148,148,mixed,fixed_hash,triangle_optical,True,all_sources_cleared_with_certificate,triangle,False,990.0,31,31,"[2, 4, 5, 8, 10, 11, 12, 13, 14, 19, 20]","[2, 4, 5, 8, 10, 11, 12, 13, 14, 19, 20]",full_mesh,14075.723604441337,0.02417649999999938,11,0,0,0,0,625,11,5,11,1.0,1279.6112367673943,49523.61802220671,384,354,614
SELF-Q4-mixed-fixed_hash-149,149,mixed,fixed_hash,triangle_optical,True,all_sources_cleared_with_certificate,triangle,False,990.0,31,31,"[1, 3, 4, 5, 7, 9, 10, 13, 14, 15, 17, 20]","[1, 3, 4, 5, 7, 9, 10, 13, 14, 15, 17, 20]",full_mesh,13174.029252165876,0.021965374999997067,12,0,0,0,0,534,12,1,12,1.0,1097.835771013823,47210.146260829424,356,326,522
SELF-Q4-mixed-fixed_hash-150,150,mixed,fixed_hash,triangle_optical,True,all_sources_cleared_with_certificate,triangle,False,990.0,31,31,"[2, 3, 5, 6, 7, 8, 10, 11, 13, 15, 17, 18, 19]","[2, 3, 5, 6, 7, 8, 10, 11, 13, 15, 17, 18, 19]",full_mesh,15669.497109296231,0.0309870839999995,13,0,0,0,0,921,13,5,13,1.0,1205.3459314843255,55827.48554648124,291,260,908
SELF-Q4-mixed-fixed_hash-151,151,mixed,fixed_hash,triangle_optical,True,all_sources_cleared_with_certificate,triangle,False,990.0,31,31,"[2, 7, 8, 10, 11, 12, 13, 14, 15, 16, 17, 18, 19, 20]","[2, 7, 8, 10, 11, 12, 13, 14, 15, 16, 17, 18, 19, 20]",full_mesh,14988.731775853337,0.028981625000000122,14,0,0,0,0,831,14,7,14,1.0,1070.6236982752384,54473.65887926675,267,238,817
SELF-Q4-mixed-fixed_hash-152,152,mixed,fixed_hash,triangle_optical,True,all_sources_cleared_with_certificate,triangle,False,990.0,31,31,"[1, 2, 3, 5, 6, 7, 8, 10, 11, 12, 13, 14, 18, 19, 20]","[1, 2, 3, 5, 6, 7, 8, 10, 11, 12, 13, 14, 18, 19, 20]",full_mesh,14835.5115983593,0.02931812499999964,15,0,0,0,0,754,15,14,15,1.0,989.0341065572867,53142.55799179655,324,295,739
SELF-Q4-mixed-fixed_hash-153,153,mixed,fixed_hash,triangle_optical,True,all_sources_cleared_with_certificate,triangle,False,990.0,31,25,"[2, 3, 4, 5, 6, 7, 9, 10, 11, 12, 13, 14, 15, 16, 17, 20]","[2, 3, 4, 5, 6, 7, 9, 10, 11, 12, 13, 14, 15, 16, 17, 20]",count_upper_bound,14930.375113681408,0.03491537500000064,16,0,0,0,0,1051,16,6,16,1.0,933.148444605088,52366.8755684071,216,192,1035
SELF-Q4-mixed-fixed_hash-154,154,mixed,fixed_hash,triangle_optical,True,all_sources_cleared_with_certificate,triangle,False,990.0,31,31,"[1, 5, 7, 8, 9, 13, 15, 16, 17, 20]","[1, 5, 7, 8, 9, 13, 15, 16, 17, 20]",full_mesh,13115.166083888902,0.020579999999998932,10,0,0,0,0,441,10,7,10,1.0,1311.5166083888903,46775.83041944454,408,377,431
SELF-Q4-mixed-fixed_hash-155,155,mixed,fixed_hash,triangle_optical,True,all_sources_cleared_with_certificate,triangle,False,990.0,31,31,"[4, 5, 7, 9, 10, 14, 15, 17, 18, 19, 20]","[4, 5, 7, 9, 10, 14, 15, 17, 18, 19, 20]",full_mesh,13311.737671983663,0.023928333000000634,11,0,0,0,0,603,11,1,11,1.0,1210.157970180333,46803.68835991838,358,330,592
SELF-Q4-mixed-fixed_hash-156,156,mixed,fixed_hash,triangle_optical,True,all_sources_cleared_with_certificate,triangle,False,990.0,31,31,"[3, 4, 5, 7, 8, 9, 12, 14, 16, 17, 18, 19]","[3, 4, 5, 7, 8, 9, 12, 14, 16, 17, 18, 19]",full_mesh,14761.918774455586,0.027907833000000437,12,0,0,0,0,797,12,6,12,1.0,1230.1598978712989,51029.59387227803,362,331,785
SELF-Q4-mixed-fixed_hash-157,157,mixed,fixed_hash,triangle_optical,True,all_sources_cleared_with_certificate,triangle,False,990.0,31,31,"[1, 2, 3, 4, 6, 8, 10, 13, 14, 16, 17, 19, 20]","[1, 2, 3, 4, 6, 8, 10, 13, 14, 16, 17, 19, 20]",full_mesh,12779.841633771306,0.024242916999998698,13,0,0,0,0,588,13,4,13,1.0,983.0647410593313,46554.20816885658,285,254,575
SELF-Q4-mixed-fixed_hash-158,158,mixed,fixed_hash,triangle_optical,True,all_sources_cleared_with_certificate,triangle,False,990.0,31,31,"[1, 2, 4, 5, 8, 10, 11, 12, 13, 14, 16, 17, 18, 20]","[1, 2, 4, 5, 8, 10, 11, 12, 13, 14, 16, 17, 18, 20]",full_mesh,15307.3707419252,0.03210079200000138,14,0,0,0,0,910,14,5,14,1.0,1093.3836244232286,55341.85370962607,252,221,896
SELF-Q4-mixed-fixed_hash-159,159,mixed,fixed_hash,triangle_optical,True,all_sources_cleared_with_certificate,triangle,False,990.0,31,31,"[1, 4, 5, 6, 7, 8, 10, 12, 13, 14, 15, 16, 17, 19, 20]","[1, 4, 5, 6, 7, 8, 10, 12, 13, 14, 15, 16, 17, 19, 20]",full_mesh,14475.398846318765,0.03196512499999926,15,0,0,0,0,852,15,4,15,1.0,965.0265897545844,52906.9942315939,223,193,837
SELF-Q4-mixed-fixed_hash-160,160,mixed,fixed_hash,triangle_optical,True,all_sources_cleared_with_certificate,triangle,False,990.0,31,23,"[4, 6, 7, 8, 9, 10, 11, 12, 13, 14, 15, 16, 17, 18, 19, 20]","[4, 6, 7, 8, 9, 10, 11, 12, 13, 14, 15, 16, 17, 18, 19, 20]",count_upper_bound,10536.30848346115,0.024435374999999482,16,0,0,0,0,563,16,1,16,1.0,658.5192802163219,39376.542417305754,160,140,547
SELF-Q4-mixed-fixed_hash-161,161,mixed,fixed_hash,triangle_optical,True,all_sources_cleared_with_certificate,triangle,False,990.0,31,31,"[1, 6, 7, 8, 10, 11, 15, 16, 17, 18]","[1, 6, 7, 8, 10, 11, 15, 16, 17, 18]",full_mesh,12868.407604320424,0.018889708000003225,10,0,0,0,0,422,10,8,10,1.0,1286.8407604320423,46967.03802160216,370,339,412
SELF-Q4-mixed-fixed_hash-162,162,mixed,fixed_hash,triangle_optical,True,all_sources_cleared_with_certificate,triangle,False,990.0,31,31,"[2, 5, 7, 8, 10, 11, 13, 14, 15, 17, 19]","[2, 5, 7, 8, 10, 11, 13, 14, 15, 17, 19]",full_mesh,13303.296358860158,0.02184945899999846,11,0,0,0,0,533,11,1,11,1.0,1209.390578078196,47946.481794300824,354,323,522
SELF-Q4-mixed-fixed_hash-163,163,mixed,fixed_hash,triangle_optical,True,all_sources_cleared_with_certificate,triangle,False,990.0,31,31,"[3, 4, 6, 10, 11, 14, 15, 16, 17, 18, 19, 20]","[3, 4, 6, 10, 11, 14, 15, 16, 17, 18, 19, 20]",full_mesh,13371.63242064437,0.02316795800000193,12,0,0,0,0,599,12,10,12,1.0,1114.3027017203642,48118.16210322188,326,297,587
SELF-Q4-mixed-fixed_hash-164,164,mixed,fixed_hash,triangle_optical,True,all_sources_cleared_with_certificate,triangle,False,990.0,31,31,"[1, 2, 4, 7, 9, 10, 11, 13, 14, 15, 16, 19, 20]","[1, 2, 4, 7, 9, 10, 11, 13, 14, 15, 16, 19, 20]",full_mesh,13513.225123863513,0.025015584000001923,13,0,0,0,0,637,13,3,13,1.0,1039.4788556818087,48341.12561931762,323,293,624
SELF-Q4-mixed-fixed_hash-165,165,mixed,fixed_hash,triangle_optical,True,all_sources_cleared_with_certificate,triangle,False,990.0,31,31,"[1, 2, 3, 4, 6, 7, 8, 10, 11, 14, 16, 17, 19, 20]","[1, 2, 3, 4, 6, 7, 8, 10, 11, 14, 16, 17, 19, 20]",full_mesh,14714.52661704032,0.03035520899999966,14,0,0,0,0,856,14,2,14,1.0,1051.03761550288,53692.633085201654,235,205,842
SELF-Q4-mixed-fixed_hash-166,166,mixed,fixed_hash,triangle_optical,True,all_sources_cleared_with_certificate,triangle,False,990.0,31,31,"[1, 2, 4, 5, 6, 8, 10, 11, 12, 14, 16, 17, 18, 19, 20]","[1, 2, 4, 5, 6, 8, 10, 11, 12, 14, 16, 17, 18, 19, 20]",full_mesh,13434.983399453875,0.024646333999999825,15,0,0,0,0,621,15,1,15,1.0,895.6655599635917,49304.91699726941,285,256,606
SELF-Q4-mixed-fixed_hash-167,167,mixed,fixed_hash,triangle_optical,True,all_sources_cleared_with_certificate,triangle,False,990.0,31,24,"[1, 2, 3, 4, 5, 7, 8, 9, 11, 12, 13, 14, 15, 16, 17, 18]","[1, 2, 3, 4, 5, 7, 8, 9, 11, 12, 13, 14, 15, 16, 17, 18]",count_upper_bound,12155.51981090132,0.026732959000000278,16,0,0,0,0,692,16,1,16,1.0,759.7199881813325,43397.599054506616,232,208,676
SELF-Q4-mixed-fixed_hash-168,168,mixed,fixed_hash,triangle_optical,True,all_sources_cleared_with_certificate,triangle,False,990.0,31,31,"[4, 6, 9, 12, 13, 14, 15, 17, 19, 20]","[4, 6, 9, 12, 13, 14, 15, 17, 19, 20]",full_mesh,11885.232207658979,0.018398791999999276,10,0,0,0,0,347,10,9,10,1.0,1188.5232207658978,42656.161038294915,387,358,337
SELF-Q4-mixed-fixed_hash-169,169,mixed,fixed_hash,triangle_optical,True,all_sources_cleared_with_certificate,triangle,False,990.0,31,31,"[4, 5, 6, 8, 9, 13, 15, 17, 18, 19, 20]","[4, 5, 6, 8, 9, 13, 15, 17, 18, 19, 20]",full_mesh,13452.497018303078,0.024192957999996878,11,0,0,0,0,593,11,10,11,1.0,1222.9542743911888,46847.48509151544,385,357,582
SELF-Q4-mixed-fixed_hash-170,170,mixed,fixed_hash,triangle_optical,True,all_sources_cleared_with_certificate,triangle,False,990.0,31,31,"[1, 2, 3, 4, 5, 6, 10, 11, 12, 15, 18, 19]","[1, 2, 3, 4, 5, 6, 10, 11, 12, 15, 18, 19]",full_mesh,14285.151802877584,0.026461791000002677,12,0,0,0,0,712,12,7,12,1.0,1190.4293169064654,50690.759014387986,336,307,700
SELF-Q4-mixed-fixed_hash-171,171,mixed,fixed_hash,triangle_optical,True,all_sources_cleared_with_certificate,triangle,False,990.0,31,31,"[3, 4, 5, 6, 7, 9, 11, 13, 14, 15, 16, 18, 19]","[3, 4, 5, 6, 7, 9, 11, 13, 14, 15, 16, 18, 19]",full_mesh,14508.994868789361,0.0292437920000026,13,0,0,0,0,762,13,3,13,1.0,1116.0765283684125,52039.974343946844,303,274,749
SELF-Q4-mixed-fixed_hash-172,172,mixed,fixed_hash,triangle_optical,True,all_sources_cleared_with_certificate,triangle,False,990.0,31,31,"[1, 4, 7, 8, 9, 10, 11, 12, 14, 15, 16, 18, 19, 20]","[1, 4, 7, 8, 9, 10, 11, 12, 14, 15, 16, 18, 19, 20]",full_mesh,14185.258009724916,0.02665941599999755,14,0,0,0,0,683,14,5,14,1.0,1013.2327149803511,52316.29004862464,279,250,669
SELF-Q4-mixed-fixed_hash-173,173,mixed,fixed_hash,triangle_optical,True,all_sources_cleared_with_certificate,triangle,False,990.0,31,31,"[1, 2, 3, 4, 6, 7, 8, 11, 12, 13, 14, 16, 17, 18, 19]","[1, 2, 3, 4, 6, 7, 8, 11, 12, 13, 14, 16, 17, 18, 19]",full_mesh,16266.754317382234,0.03702137499999836,15,0,0,0,0,1009,15,14,15,1.0,1084.4502878254823,56688.77158691123,317,287,994
SELF-Q4-mixed-fixed_hash-174,174,mixed,fixed_hash,triangle_optical,True,all_sources_cleared_with_certificate,triangle,False,990.0,31,23,"[1, 2, 3, 4, 6, 7, 9, 10, 11, 12, 14, 15, 16, 17, 19, 20]","[1, 2, 3, 4, 6, 7, 9, 10, 11, 12, 14, 15, 16, 17, 19, 20]",count_upper_bound,12844.787695180428,0.03188512500000229,16,0,0,0,0,870,16,10,16,1.0,802.7992309487768,44668.93847590216,215,194,854
SELF-Q4-mixed-fixed_hash-175,175,mixed,fixed_hash,triangle_optical,True,all_sources_cleared_with_certificate,triangle,False,990.0,31,31,"[2, 5, 7, 8, 9, 10, 15, 17, 18, 19]","[2, 5, 7, 8, 9, 10, 15, 17, 18, 19]",full_mesh,13591.527552088703,0.02346983300000005,10,0,0,0,0,621,10,8,10,1.0,1359.1527552088703,47322.63776044353,379,349,611
SELF-Q4-mixed-fixed_hash-176,176,mixed,fixed_hash,triangle_optical,True,all_sources_cleared_with_certificate,triangle,False,990.0,31,31,"[1, 2, 4, 6, 8, 10, 11, 13, 15, 16, 18]","[1, 2, 4, 6, 8, 10, 11, 13, 15, 16, 18]",full_mesh,12830.558880037242,0.022587874999999258,11,0,0,0,0,511,11,2,11,1.0,1166.4144436397494,46212.79440018624,344,313,500
SELF-Q4-mixed-fixed_hash-177,177,mixed,fixed_hash,triangle_optical,True,all_sources_cleared_with_certificate,triangle,False,990.0,31,31,"[1, 2, 5, 7, 10, 11, 13, 14, 16, 17, 19, 20]","[1, 2, 5, 7, 10, 11, 13, 14, 16, 17, 19, 20]",full_mesh,14894.58832747101,0.026423250000000564,12,0,0,0,0,778,12,2,12,1.0,1241.2156939559175,53832.94163735512,300,270,766
SELF-Q4-mixed-fixed_hash-178,178,mixed,fixed_hash,triangle_optical,True,all_sources_cleared_with_certificate,triangle,False,990.0,31,31,"[2, 3, 4, 5, 8, 11, 12, 13, 15, 17, 18, 19, 20]","[2, 3, 4, 5, 8, 11, 12, 13, 15, 17, 18, 19, 20]",full_mesh,15131.725197479307,0.028989542000001478,13,0,0,0,0,787,13,9,13,1.0,1163.9788613445621,53458.6259873966,347,318,774
SELF-Q4-mixed-fixed_hash-179,179,mixed,fixed_hash,triangle_optical,True,all_sources_cleared_with_certificate,triangle,False,990.0,31,31,"[1, 2, 3, 4, 5, 7, 8, 10, 11, 12, 13, 16, 18, 19]","[1, 2, 3, 4, 5, 7, 8, 10, 11, 12, 13, 16, 18, 19]",full_mesh,16783.728679620297,0.034511583000000456,14,0,0,0,0,1057,14,9,14,1.0,1198.8377628300211,59198.64339810154,296,265,1043
SELF-Q4-mixed-fixed_hash-180,180,mixed,fixed_hash,triangle_optical,True,all_sources_cleared_with_certificate,triangle,False,990.0,31,31,"[1, 2, 3, 4, 5, 6, 8, 9, 10, 11, 15, 16, 17, 18, 19]","[1, 2, 3, 4, 5, 6, 8, 9, 10, 11, 15, 16, 17, 18, 19]",full_mesh,15376.08779564441,0.032300083000002644,15,0,0,0,0,957,15,1,15,1.0,1025.0725197096274,55685.43897822211,228,198,942
SELF-Q4-mixed-fixed_hash-181,181,mixed,fixed_hash,triangle_optical,True,all_sources_cleared_with_certificate,triangle,False,990.0,31,14,"[1, 2, 4, 5, 6, 8, 9, 11, 13, 14, 15, 16, 17, 18, 19, 20]","[1, 2, 4, 5, 6, 8, 9, 11, 13, 14, 15, 16, 17, 18, 19, 20]",count_upper_bound,10448.783965424404,0.028854917000000313,16,0,0,0,0,818,16,4,16,1.0,653.0489978390252,36063.91982712203,127,115,802
SELF-Q4-mixed-fixed_hash-182,182,mixed,fixed_hash,triangle_optical,True,all_sources_cleared_with_certificate,triangle,False,990.0,31,31,"[2, 5, 6, 8, 11, 12, 14, 15, 18, 19]","[2, 5, 6, 8, 11, 12, 14, 15, 18, 19]",full_mesh,13065.80997483919,0.022772875000001136,10,0,0,0,0,561,10,1,10,1.0,1306.580997483919,46349.049874196,354,323,551
SELF-Q4-mixed-fixed_hash-183,183,mixed,fixed_hash,triangle_optical,True,all_sources_cleared_with_certificate,triangle,False,990.0,31,31,"[1, 2, 3, 4, 9, 10, 12, 13, 15, 18, 20]","[1, 2, 3, 4, 9, 10, 12, 13, 15, 18, 20]",full_mesh,11561.643047107978,0.016429542000000907,11,0,0,0,0,263,11,1,11,1.0,1051.058458827998,42053.2152355399,395,365,252
SELF-Q4-mixed-fixed_hash-184,184,mixed,fixed_hash,triangle_optical,True,all_sources_cleared_with_certificate,triangle,False,990.0,31,31,"[1, 4, 6, 8, 9, 10, 11, 12, 13, 17, 18, 20]","[1, 4, 6, 8, 9, 10, 11, 12, 13, 17, 18, 20]",full_mesh,13848.57359777368,0.024787415999998785,12,0,0,0,0,603,12,10,12,1.0,1154.0477998144734,50482.86798886845,325,294,591
SELF-Q4-mixed-fixed_hash-185,185,mixed,fixed_hash,triangle_optical,True,all_sources_cleared_with_certificate,triangle,False,990.0,31,31,"[1, 3, 4, 5, 7, 8, 10, 12, 16, 17, 18, 19, 20]","[1, 3, 4, 5, 7, 8, 10, 12, 16, 17, 18, 19, 20]",full_mesh,16423.25050677544,0.03323120800000012,13,0,0,0,0,998,13,7,13,1.0,1263.326962059649,58401.2525338773,292,263,985
SELF-Q4-mixed-fixed_hash-186,186,mixed,fixed_hash,triangle_optical,True,all_sources_cleared_with_certificate,triangle,False,990.0,31,31,"[1, 2, 4, 6, 8, 9, 11, 13, 14, 15, 16, 18, 19, 20]","[1, 2, 4, 6, 8, 9, 11, 13, 14, 15, 16, 18, 19, 20]",full_mesh,14625.592287280935,0.031029042000000118,14,0,0,0,0,877,14,6,14,1.0,1044.6851633772096,52202.96143640472,259,231,863
SELF-Q4-mixed-fixed_hash-187,187,mixed,fixed_hash,triangle_optical,True,all_sources_cleared_with_certificate,triangle,False,990.0,31,31,"[1, 2, 3, 5, 6, 8, 10, 11, 12, 13, 14, 15, 16, 19, 20]","[1, 2, 3, 5, 6, 8, 10, 11, 12, 13, 14, 15, 16, 19, 20]",full_mesh,15392.17553806522,0.032657333999999594,15,0,0,0,0,914,15,4,15,1.0,1026.1450358710147,55570.877690326175,256,226,899
SELF-Q4-mixed-fixed_hash-188,188,mixed,fixed_hash,triangle_optical,True,all_sources_cleared_with_certificate,triangle,False,990.0,31,20,"[1, 2, 3, 5, 6, 7, 8, 9, 10, 12, 13, 14, 15, 18, 19, 20]","[1, 2, 3, 5, 6, 7, 8, 9, 10, 12, 13, 14, 15, 18, 19, 20]",count_upper_bound,12514.030933851556,0.03026191600000061,16,0,0,0,0,903,16,12,16,1.0,782.1269333657223,44580.15466925782,146,127,887
SELF-Q4-mixed-fixed_hash-189,189,mixed,fixed_hash,triangle_optical,True,all_sources_cleared_with_certificate,triangle,False,990.0,31,31,"[1, 4, 5, 9, 11, 12, 13, 14, 16, 19]","[1, 4, 5, 9, 11, 12, 13, 14, 16, 19]",full_mesh,13265.14954931895,0.022029415999998747,10,0,0,0,0,540,10,1,10,1.0,1326.514954931895,46490.747746594796,393,362,530
SELF-Q4-mixed-fixed_hash-190,190,mixed,fixed_hash,triangle_optical,True,all_sources_cleared_with_certificate,triangle,False,990.0,31,31,"[2, 3, 4, 6, 7, 8, 11, 12, 16, 17, 20]","[2, 3, 4, 6, 7, 8, 11, 12, 16, 17, 20]",full_mesh,13232.391324884744,0.02266241699999938,11,0,0,0,0,540,11,9,11,1.0,1202.944665898613,46406.95662442374,390,359,529
SELF-Q4-mixed-fixed_hash-191,191,mixed,fixed_hash,triangle_optical,True,all_sources_cleared_with_certificate,triangle,False,990.0,31,31,"[1, 2, 5, 7, 8, 11, 13, 15, 17, 18, 19, 20]","[1, 2, 5, 7, 8, 11, 13, 15, 17, 18, 19, 20]",full_mesh,12311.825256977967,0.02234687500000021,12,0,0,0,0,516,12,1,12,1.0,1025.9854380814973,44909.12628488987,298,268,504
SELF-Q4-mixed-fixed_hash-192,192,mixed,fixed_hash,triangle_optical,True,all_sources_cleared_with_certificate,triangle,False,990.0,31,31,"[3, 4, 5, 6, 7, 10, 11, 12, 14, 15, 17, 18, 19]","[3, 4, 5, 6, 7, 10, 11, 12, 14, 15, 17, 18, 19]",full_mesh,13550.903729436619,0.025836000000001746,13,0,0,0,0,707,13,3,13,1.0,1042.377209956663,49399.51864718315,259,229,694
SELF-Q4-mixed-fixed_hash-193,193,mixed,fixed_hash,triangle_optical,True,all_sources_cleared_with_certificate,triangle,False,990.0,31,31,"[1, 2, 3, 4, 5, 6, 8, 9, 10, 14, 15, 16, 18, 19]","[1, 2, 3, 4, 5, 6, 8, 9, 10, 14, 15, 16, 18, 19]",full_mesh,12710.547326327134,0.022942625000002437,14,0,0,0,0,511,14,13,14,1.0,907.8962375947953,46782.73663163569,304,273,497
SELF-Q4-mixed-fixed_hash-194,194,mixed,fixed_hash,triangle_optical,True,all_sources_cleared_with_certificate,triangle,False,990.0,31,31,"[2, 3, 5, 7, 8, 9, 10, 12, 13, 15, 16, 17, 18, 19, 20]","[2, 3, 5, 7, 8, 9, 10, 12, 13, 15, 16, 17, 18, 19, 20]",full_mesh,13484.568759436277,0.02755675000000224,15,0,0,0,0,698,15,11,15,1.0,898.9712506290851,50037.84379718145,230,203,683
SELF-Q4-mixed-fixed_hash-195,195,mixed,fixed_hash,triangle_optical,True,all_sources_cleared_with_certificate,triangle,False,990.0,31,25,"[2, 3, 4, 5, 6, 7, 10, 11, 13, 14, 15, 16, 17, 18, 19, 20]","[2, 3, 4, 5, 6, 7, 10, 11, 13, 14, 15, 16, 17, 18, 19, 20]",count_upper_bound,15883.650170339644,0.03758962499999896,16,0,0,0,0,1221,16,2,16,1.0,992.7281356462278,54948.250851698285,204,179,1205
SELF-Q4-mixed-fixed_hash-196,196,mixed,fixed_hash,triangle_optical,True,all_sources_cleared_with_certificate,triangle,False,990.0,31,31,"[1, 2, 3, 5, 7, 11, 12, 13, 14, 17]","[1, 2, 3, 5, 7, 11, 12, 13, 14, 17]",full_mesh,12381.044608840206,0.01819520900000171,10,0,0,0,0,368,10,9,10,1.0,1238.1044608840207,44650.22304420104,393,362,358
SELF-Q4-mixed-fixed_hash-197,197,mixed,fixed_hash,triangle_optical,True,all_sources_cleared_with_certificate,triangle,False,990.0,31,31,"[1, 2, 4, 5, 6, 10, 12, 13, 16, 18, 19]","[1, 2, 4, 5, 6, 10, 12, 13, 16, 18, 19]",full_mesh,13107.288246882257,0.023487958000000475,11,0,0,0,0,576,11,8,11,1.0,1191.571658807478,45686.44123441134,375,345,565
SELF-Q4-mixed-fixed_hash-198,198,mixed,fixed_hash,triangle_optical,True,all_sources_cleared_with_certificate,triangle,False,990.0,31,31,"[1, 2, 3, 4, 5, 7, 8, 9, 16, 17, 18, 19]","[1, 2, 3, 4, 5, 7, 8, 9, 16, 17, 18, 19]",full_mesh,15530.494150675728,0.030937542000000207,12,0,0,0,0,923,12,7,12,1.0,1294.207845889644,54837.470753378715,300,270,911
SELF-Q4-mixed-fixed_hash-199,199,mixed,fixed_hash,triangle_optical,True,all_sources_cleared_with_certificate,triangle,False,990.0,31,31,"[1, 4, 5, 6, 7, 8, 9, 10, 12, 13, 14, 18, 20]","[1, 4, 5, 6, 7, 8, 9, 10, 12, 13, 14, 18, 20]",full_mesh,15089.851676178125,0.029602416000003018,13,0,0,0,0,827,13,1,13,1.0,1160.7578212444712,54694.25838089069,279,249,814
SELF-Q4-mixed-fixed_hash-200,200,mixed,fixed_hash,triangle_optical,True,all_sources_cleared_with_certificate,triangle,False,990.0,31,31,"[1, 2, 3, 4, 5, 7, 8, 9, 12, 13, 14, 15, 17, 18]","[1, 2, 3, 4, 5, 7, 8, 9, 12, 13, 14, 15, 17, 18]",full_mesh,15693.085259991281,0.03361450000000232,14,0,0,0,0,996,14,8,14,1.0,1120.9346614279486,55290.42629995652,275,244,982
SELF-Q4-mixed-fixed_hash-201,201,mixed,fixed_hash,triangle_optical,True,all_sources_cleared_with_certificate,triangle,False,990.0,31,31,"[1, 3, 4, 5, 6, 8, 9, 10, 11, 12, 13, 14, 16, 18, 19]","[1, 3, 4, 5, 6, 8, 9, 10, 11, 12, 13, 14, 16, 18, 19]",full_mesh,14523.295974828123,0.02878020799999703,15,0,0,0,0,809,15,10,15,1.0,968.2197316552082,53551.479874140685,231,201,794
SELF-Q4-mixed-fixed_hash-202,202,mixed,fixed_hash,triangle_optical,True,all_sources_cleared_with_certificate,triangle,False,990.0,31,25,"[1, 2, 4, 6, 7, 8, 11, 12, 13, 14, 15, 16, 17, 18, 19, 20]","[1, 2, 4, 6, 7, 8, 11, 12, 13, 14, 15, 16, 17, 18, 19, 20]",count_upper_bound,13521.576829547133,0.029478957999998556,16,0,0,0,0,757,16,11,16,1.0,845.0985518466958,46697.88414773569,317,294,741
SELF-Q4-mixed-fixed_hash-203,203,mixed,fixed_hash,triangle_optical,True,all_sources_cleared_with_certificate,triangle,False,990.0,31,31,"[1, 2, 3, 4, 5, 7, 10, 13, 14, 16]","[1, 2, 3, 4, 5, 7, 10, 13, 14, 16]",full_mesh,12157.419548353653,0.020333666999999167,10,0,0,0,0,437,10,1,10,1.0,1215.7419548353653,43247.09774176831,368,337,427
SELF-Q4-mixed-fixed_hash-204,204,mixed,fixed_hash,triangle_optical,True,all_sources_cleared_with_certificate,triangle,False,990.0,31,31,"[2, 3, 5, 6, 7, 8, 10, 13, 14, 16, 19]","[2, 3, 5, 6, 7, 8, 10, 13, 14, 16, 19]",full_mesh,14750.5637237798,0.02626208299999888,11,0,0,0,0,714,11,6,11,1.0,1340.9603385254363,51327.81861889904,392,361,703
SELF-Q4-mixed-fixed_hash-205,205,mixed,fixed_hash,triangle_optical,True,all_sources_cleared_with_certificate,triangle,False,990.0,31,31,"[2, 3, 4, 9, 12, 13, 14, 15, 16, 18, 19, 20]","[2, 3, 4, 9, 12, 13, 14, 15, 16, 18, 19, 20]",full_mesh,14802.208845907966,0.026335875000000897,12,0,0,0,0,751,12,4,12,1.0,1233.517403825664,52186.04422953989,353,323,739
SELF-Q4-mixed-fixed_hash-206,206,mixed,fixed_hash,triangle_optical,True,all_sources_cleared_with_certificate,triangle,False,990.0,31,31,"[1, 3, 4, 5, 6, 8, 9, 10, 12, 14, 15, 16, 19]","[1, 3, 4, 5, 6, 8, 9, 10, 12, 14, 15, 16, 19]",full_mesh,15078.84146198349,0.029238875000000775,13,0,0,0,0,844,13,11,13,1.0,1159.9108816910377,53669.20730991751,303,272,831
SELF-Q4-mixed-fixed_hash-207,207,mixed,fixed_hash,triangle_optical,True,all_sources_cleared_with_certificate,triangle,False,990.0,31,31,"[1, 2, 3, 6, 8, 10, 12, 14, 15, 16, 17, 18, 19, 20]","[1, 2, 3, 6, 8, 10, 12, 14, 15, 16, 17, 18, 19, 20]",full_mesh,14504.816904014158,0.027840958999998833,14,0,0,0,0,775,14,2,14,1.0,1036.0583502867255,51999.0845200709,297,267,761
SELF-Q4-mixed-fixed_hash-208,208,mixed,fixed_hash,triangle_optical,True,all_sources_cleared_with_certificate,triangle,False,990.0,31,31,"[2, 5, 6, 7, 8, 9, 10, 12, 13, 14, 15, 17, 18, 19, 20]","[2, 5, 6, 7, 8, 9, 10, 12, 13, 14, 15, 17, 18, 19, 20]",full_mesh,14992.701767562534,0.030840666999999655,15,0,0,0,0,856,15,4,15,1.0,999.5134511708355,53478.50883781273,288,259,841
SELF-Q4-mixed-fixed_hash-209,209,mixed,fixed_hash,triangle_optical,True,all_sources_cleared_with_certificate,triangle,False,990.0,31,28,"[1, 2, 3, 4, 6, 7, 10, 11, 12, 13, 14, 15, 16, 17, 18, 20]","[1, 2, 3, 4, 6, 7, 10, 11, 12, 13, 14, 15, 16, 17, 18, 20]",count_upper_bound,14392.584630436088,0.032279457999997874,16,0,0,0,0,896,16,5,16,1.0,899.5365394022555,51987.923152180534,217,190,880
SELF-Q4-mixed-fixed_hash-210,210,mixed,fixed_hash,triangle_optical,True,all_sources_cleared_with_certificate,triangle,False,990.0,31,31,"[1, 4, 5, 6, 11, 13, 15, 16, 19, 20]","[1, 4, 5, 6, 11, 13, 15, 16, 19, 20]",full_mesh,11910.711889356526,0.01819625000000258,10,0,0,0,0,388,10,3,10,1.0,1191.0711889356526,43108.559446782645,356,325,378
SELF-Q4-mixed-fixed_hash-211,211,mixed,fixed_hash,triangle_optical,True,all_sources_cleared_with_certificate,triangle,False,990.0,31,31,"[1, 6, 8, 9, 10, 11, 12, 14, 15, 16, 19]","[1, 6, 8, 9, 10, 11, 12, 14, 15, 16, 19]",full_mesh,12890.538825230034,0.022243749999997675,11,0,0,0,0,506,11,10,11,1.0,1171.8671659300032,45412.69412615019,383,353,495
SELF-Q4-mixed-fixed_hash-212,212,mixed,fixed_hash,triangle_optical,True,all_sources_cleared_with_certificate,triangle,False,990.0,31,31,"[1, 2, 3, 5, 6, 9, 10, 12, 13, 15, 16, 19]","[1, 2, 3, 5, 6, 9, 10, 12, 13, 15, 16, 19]",full_mesh,16398.153538545794,0.03236241700000164,12,0,0,0,0,978,12,2,12,1.0,1366.512794878816,57690.76769272902,322,292,966
SELF-Q4-mixed-fixed_hash-213,213,mixed,fixed_hash,triangle_optical,True,all_sources_cleared_with_certificate,triangle,False,990.0,31,31,"[1, 3, 4, 5, 6, 7, 8, 9, 10, 13, 14, 19, 20]","[1, 3, 4, 5, 6, 7, 8, 9, 10, 13, 14, 19, 20]",full_mesh,14017.148328235317,0.026391540999998853,13,0,0,0,0,693,13,9,13,1.0,1078.2421790950243,50800.74164117663,297,267,680
SELF-Q4-mixed-fixed_hash-214,214,mixed,fixed_hash,triangle_optical,True,all_sources_cleared_with_certificate,triangle,False,990.0,31,31,"[1, 2, 4, 5, 6, 7, 10, 12, 14, 15, 16, 17, 18, 20]","[1, 2, 4, 5, 6, 7, 10, 12, 14, 15, 16, 17, 18, 20]",full_mesh,13368.844695627147,0.026175750000000164,14,0,0,0,0,626,14,3,14,1.0,954.9174782590819,48289.22347813576,306,275,612
SELF-Q4-mixed-fixed_hash-215,215,mixed,fixed_hash,triangle_optical,True,all_sources_cleared_with_certificate,triangle,False,990.0,31,31,"[1, 2, 4, 5, 6, 7, 8, 9, 10, 11, 13, 15, 17, 19, 20]","[1, 2, 4, 5, 6, 7, 8, 9, 10, 11, 13, 15, 17, 19, 20]",full_mesh,15025.726800209968,0.029924583999999754,15,0,0,0,0,807,15,14,15,1.0,1001.7151200139979,54978.63400104991,268,239,792
SELF-Q4-mixed-fixed_hash-216,216,mixed,fixed_hash,triangle_optical,True,all_sources_cleared_with_certificate,triangle,False,990.0,31,24,"[1, 2, 4, 5, 6, 7, 8, 9, 10, 14, 15, 16, 17, 18, 19, 20]","[1, 2, 4, 5, 6, 7, 8, 9, 10, 14, 15, 16, 17, 18, 19, 20]",count_upper_bound,12309.53124160655,0.029602416000003018,16,0,0,0,0,778,16,7,16,1.0,769.3457026004094,44462.656208032786,179,156,762
SELF-Q4-mixed-fixed_hash-217,217,mixed,fixed_hash,triangle_optical,True,all_sources_cleared_with_certificate,triangle,False,990.0,31,31,"[2, 3, 5, 6, 8, 9, 10, 14, 18, 19]","[2, 3, 5, 6, 8, 9, 10, 14, 18, 19]",full_mesh,12869.453126256987,0.021076833999998712,10,0,0,0,0,488,10,7,10,1.0,1286.9453126256988,45562.26563128498,384,353,478
SELF-Q4-mixed-fixed_hash-218,218,mixed,fixed_hash,triangle_optical,True,all_sources_cleared_with_certificate,triangle,False,990.0,31,31,"[1, 4, 6, 8, 9, 10, 11, 12, 14, 18, 19]","[1, 4, 6, 8, 9, 10, 11, 12, 14, 18, 19]",full_mesh,12664.810025273538,0.020530167000000432,11,0,0,0,0,431,11,4,11,1.0,1151.346365933958,45319.050126367736,386,356,420
SELF-Q4-mixed-fixed_hash-219,219,mixed,fixed_hash,triangle_optical,True,all_sources_cleared_with_certificate,triangle,False,990.0,31,31,"[1, 2, 4, 5, 6, 7, 8, 11, 13, 14, 17, 20]","[1, 2, 4, 5, 6, 7, 8, 11, 13, 14, 17, 20]",full_mesh,13908.40707780801,0.026781333000002405,12,0,0,0,0,706,12,3,12,1.0,1159.0339231506675,48632.03538904011,345,315,694
SELF-Q4-mixed-fixed_hash-220,220,mixed,fixed_hash,triangle_optical,True,all_sources_cleared_with_certificate,triangle,False,990.0,31,31,"[3, 4, 6, 7, 8, 9, 12, 13, 14, 15, 16, 19, 20]","[3, 4, 6, 7, 8, 9, 12, 13, 14, 15, 16, 19, 20]",full_mesh,14539.416191603077,0.027601625000002628,13,0,0,0,0,748,13,7,13,1.0,1118.4166301233136,51267.080958015424,341,311,735
SELF-Q4-mixed-fixed_hash-221,221,mixed,fixed_hash,triangle_optical,True,all_sources_cleared_with_certificate,triangle,False,990.0,31,31,"[1, 2, 3, 4, 6, 8, 9, 13, 14, 15, 16, 17, 19, 20]","[1, 2, 3, 4, 6, 8, 9, 13, 14, 15, 16, 17, 19, 20]",full_mesh,13692.494848519755,0.027858040999998224,14,0,0,0,0,704,14,5,14,1.0,978.0353463228396,49537.47424259882,279,250,690
SELF-Q4-mixed-fixed_hash-222,222,mixed,fixed_hash,triangle_optical,True,all_sources_cleared_with_certificate,triangle,False,990.0,31,31,"[1, 2, 4, 8, 10, 11, 12, 13, 14, 15, 16, 17, 18, 19, 20]","[1, 2, 4, 8, 10, 11, 12, 13, 14, 15, 16, 17, 18, 19, 20]",full_mesh,16338.076618504392,0.03325524999999985,15,0,0,0,0,979,15,2,15,1.0,1089.205107900293,58930.383092522046,269,240,964
SELF-Q4-mixed-fixed_hash-223,223,mixed,fixed_hash,triangle_optical,True,all_sources_cleared_with_certificate,triangle,False,990.0,31,27,"[1, 2, 5, 6, 7, 9, 11, 12, 13, 14, 15, 16, 17, 18, 19, 20]","[1, 2, 5, 6, 7, 9, 11, 12, 13, 14, 15, 16, 17, 18, 19, 20]",count_upper_bound,13575.473490198961,0.029643290999999294,16,0,0,0,0,810,16,6,16,1.0,848.4670931374351,49447.367450994876,208,184,794
SELF-Q4-mixed-fixed_hash-224,224,mixed,fixed_hash,triangle_optical,True,all_sources_cleared_with_certificate,triangle,False,990.0,31,31,"[2, 3, 7, 8, 9, 11, 15, 17, 19, 20]","[2, 3, 7, 8, 9, 11, 15, 17, 19, 20]",full_mesh,13575.184716850366,0.022830958000000123,10,0,0,0,0,538,10,1,10,1.0,1357.5184716850367,48425.92358425187,381,351,528
SELF-Q4-mixed-fixed_hash-225,225,mixed,fixed_hash,triangle_optical,True,all_sources_cleared_with_certificate,triangle,False,990.0,31,31,"[1, 3, 5, 6, 7, 8, 10, 12, 13, 14, 15]","[1, 3, 5, 6, 7, 8, 10, 12, 13, 14, 15]",full_mesh,13545.957516698445,0.02407354099999992,11,0,0,0,0,638,11,1,11,1.0,1231.4506833362223,48244.78758349228,332,301,627
SELF-Q4-mixed-fixed_hash-226,226,mixed,fixed_hash,triangle_optical,True,all_sources_cleared_with_certificate,triangle,False,990.0,31,31,"[2, 6, 7, 8, 9, 12, 14, 15, 16, 18, 19, 20]","[2, 6, 7, 8, 9, 12, 14, 15, 16, 18, 19, 20]",full_mesh,14192.451130923568,0.026316625000003313,12,0,0,0,0,705,12,2,12,1.0,1182.7042609102973,50572.25565461785,328,299,693
SELF-Q4-mixed-fixed_hash-227,227,mixed,fixed_hash,triangle_optical,True,all_sources_cleared_with_certificate,triangle,False,990.0,31,31,"[1, 2, 3, 4, 5, 7, 8, 12, 13, 14, 15, 18, 19]","[1, 2, 3, 4, 5, 7, 8, 12, 13, 14, 15, 18, 19]",full_mesh,14524.246889462545,0.029986959000005697,13,0,0,0,0,855,13,2,13,1.0,1117.249760727888,51571.23444731279,275,244,842
SELF-Q4-mixed-fixed_hash-228,228,mixed,fixed_hash,triangle_optical,True,all_sources_cleared_with_certificate,triangle,False,990.0,31,31,"[2, 3, 5, 6, 8, 10, 11, 12, 15, 16, 17, 18, 19, 20]","[2, 3, 5, 6, 8, 10, 11, 12, 15, 16, 17, 18, 19, 20]",full_mesh,16009.75469187714,0.033512792000003344,14,0,0,0,0,966,14,12,14,1.0,1143.5539065626529,56703.77345938576,295,268,952
SELF-Q4-mixed-fixed_hash-229,229,mixed,fixed_hash,triangle_optical,True,all_sources_cleared_with_certificate,triangle,False,990.0,31,31,"[1, 3, 4, 5, 8, 9, 10, 11, 12, 14, 16, 17, 18, 19, 20]","[1, 3, 4, 5, 8, 9, 10, 11, 12, 14, 16, 17, 18, 19, 20]",full_mesh,14004.612461079001,0.030108541000004152,15,0,0,0,0,780,15,1,15,1.0,933.6408307386001,50733.06230539505,253,223,765
SELF-Q4-mixed-fixed_hash-230,230,mixed,fixed_hash,triangle_optical,True,all_sources_cleared_with_certificate,triangle,False,990.0,31,28,"[1, 3, 5, 6, 7, 8, 9, 10, 11, 12, 13, 14, 15, 16, 17, 18]","[1, 3, 5, 6, 7, 8, 9, 10, 11, 12, 13, 14, 15, 16, 17, 18]",count_upper_bound,13673.866413985957,0.0307114160000026,16,0,0,0,0,834,16,11,16,1.0,854.6166508741223,48909.332069929806,231,203,818
SELF-Q4-mixed-fixed_hash-231,231,mixed,fixed_hash,triangle_optical,True,all_sources_cleared_with_certificate,triangle,False,990.0,31,31,"[1, 4, 5, 8, 10, 11, 13, 14, 18, 19]","[1, 4, 5, 8, 10, 11, 13, 14, 18, 19]",full_mesh,12269.925267716088,0.017913082999996277,10,0,0,0,0,358,10,7,10,1.0,1226.9925267716087,44424.62633858045,387,356,348
SELF-Q4-mixed-fixed_hash-232,232,mixed,fixed_hash,triangle_optical,True,all_sources_cleared_with_certificate,triangle,False,990.0,31,31,"[3, 4, 5, 7, 8, 9, 12, 14, 15, 16, 17]","[3, 4, 5, 7, 8, 9, 12, 14, 15, 16, 17]",full_mesh,15830.366281943992,0.029083292000002814,11,0,0,0,0,881,11,9,11,1.0,1439.124207449454,55151.83140972002,361,330,870
SELF-Q4-mixed-fixed_hash-233,233,mixed,fixed_hash,triangle_optical,True,all_sources_cleared_with_certificate,triangle,False,990.0,31,31,"[1, 2, 4, 5, 6, 7, 8, 13, 14, 15, 16, 17]","[1, 2, 4, 5, 6, 7, 8, 13, 14, 15, 16, 17]",full_mesh,13535.30940943023,0.02341558400000565,12,0,0,0,0,560,12,11,12,1.0,1127.9424507858525,49021.54704715116,343,312,548
SELF-Q4-mixed-fixed_hash-234,234,mixed,fixed_hash,triangle_optical,True,all_sources_cleared_with_certificate,triangle,False,990.0,31,31,"[2, 4, 5, 6, 8, 9, 11, 13, 14, 16, 17, 18, 20]","[2, 4, 5, 6, 8, 9, 11, 13, 14, 16, 17, 18, 20]",full_mesh,14109.29772382367,0.026430541999999946,13,0,0,0,0,712,13,5,13,1.0,1085.3305941402823,50676.48861911841,307,277,699
SELF-Q4-mixed-fixed_hash-235,235,mixed,fixed_hash,triangle_optical,True,all_sources_cleared_with_certificate,triangle,False,990.0,31,31,"[1, 2, 3, 5, 8, 10, 11, 12, 14, 15, 16, 17, 18, 19]","[1, 2, 3, 5, 8, 10, 11, 12, 14, 15, 16, 17, 18, 19]",full_mesh,16332.528418607828,0.03400329199999419,14,0,0,0,0,1008,14,3,14,1.0,1166.609172757702,57702.64209303921,295,265,994
SELF-Q4-mixed-fixed_hash-236,236,mixed,fixed_hash,triangle_optical,True,all_sources_cleared_with_certificate,triangle,False,990.0,31,31,"[3, 5, 7, 9, 10, 11, 12, 13, 14, 15, 16, 17, 18, 19, 20]","[3, 5, 7, 9, 10, 11, 12, 13, 14, 15, 16, 17, 18, 19, 20]",full_mesh,13314.304788734242,0.024977624999998227,15,0,0,0,0,591,15,12,15,1.0,887.6203192489495,49511.52394367126,273,244,576
SELF-Q4-mixed-fixed_hash-237,237,mixed,fixed_hash,triangle_optical,True,all_sources_cleared_with_certificate,triangle,False,990.0,31,22,"[1, 3, 4, 5, 6, 7, 8, 9, 11, 12, 14, 15, 16, 17, 19, 20]","[1, 3, 4, 5, 6, 7, 8, 9, 11, 12, 14, 15, 16, 17, 19, 20]",count_upper_bound,12911.782178105983,0.029728290999997853,16,0,0,0,0,800,16,12,16,1.0,806.9863861316239,45688.91089052994,227,207,784
SELF-Q4-mixed-fixed_hash-238,238,mixed,fixed_hash,triangle_optical,True,all_sources_cleared_with_certificate,triangle,False,990.0,31,31,"[2, 3, 9, 12, 13, 14, 15, 16, 17, 19]","[2, 3, 9, 12, 13, 14, 15, 16, 17, 19]",full_mesh,13126.124706083016,0.02146804199999508,10,0,0,0,0,458,10,9,10,1.0,1312.6124706083015,45795.62353041512,434,403,448
SELF-Q4-mixed-fixed_hash-239,239,mixed,fixed_hash,triangle_optical,True,all_sources_cleared_with_certificate,triangle,False,990.0,31,31,"[1, 4, 5, 6, 7, 14, 15, 17, 18, 19, 20]","[1, 4, 5, 6, 7, 14, 15, 17, 18, 19, 20]",full_mesh,15392.299232210878,0.028893832999997926,11,0,0,0,0,788,11,5,11,1.0,1399.299930200989,54496.49616105446,356,327,777
SELF-Q4-mixed-fixed_hash-240,240,mixed,fixed_hash,triangle_optical,True,all_sources_cleared_with_certificate,triangle,False,990.0,31,31,"[1, 2, 5, 6, 9, 10, 11, 12, 13, 17, 19, 20]","[1, 2, 5, 6, 9, 10, 11, 12, 13, 17, 19, 20]",full_mesh,14584.496705299045,0.0280494169999983,12,0,0,0,0,812,12,2,12,1.0,1215.374725441587,51537.48352649529,308,277,800
SELF-Q4-mixed-fixed_hash-241,241,mixed,fixed_hash,triangle_optical,True,all_sources_cleared_with_certificate,triangle,False,990.0,31,31,"[3, 4, 5, 6, 8, 9, 10, 11, 12, 14, 15, 17, 18]","[3, 4, 5, 6, 8, 9, 10, 11, 12, 14, 15, 17, 18]",full_mesh,15485.716556073372,0.030684624999999244,13,0,0,0,0,886,13,12,13,1.0,1191.2089658517978,54173.58278036695,333,302,873
SELF-Q4-mixed-fixed_hash-242,242,mixed,fixed_hash,triangle_optical,True,all_sources_cleared_with_certificate,triangle,False,990.0,31,31,"[1, 2, 3, 4, 5, 9, 10, 11, 12, 13, 16, 17, 18, 19]","[1, 2, 3, 4, 5, 9, 10, 11, 12, 13, 16, 17, 18, 19]",full_mesh,14671.205857676412,0.02872279199999639,14,0,0,0,0,777,14,10,14,1.0,1047.9432755483151,53636.02928838211,269,240,763
SELF-Q4-mixed-fixed_hash-243,243,mixed,fixed_hash,triangle_optical,True,all_sources_cleared_with_certificate,triangle,False,990.0,31,31,"[1, 2, 3, 5, 6, 7, 10, 11, 13, 14, 15, 17, 18, 19, 20]","[1, 2, 3, 5, 6, 7, 10, 11, 13, 14, 15, 17, 18, 19, 20]",full_mesh,13545.829341741339,0.02573158299999534,15,0,0,0,0,642,15,10,15,1.0,903.0552894494226,51489.14670870673,220,192,627
SELF-Q4-mixed-fixed_hash-244,244,mixed,fixed_hash,triangle_optical,True,all_sources_cleared_with_certificate,triangle,False,990.0,31,22,"[2, 3, 4, 5, 6, 7, 8, 11, 12, 13, 14, 15, 16, 17, 18, 19]","[2, 3, 4, 5, 6, 7, 8, 11, 12, 13, 14, 15, 16, 17, 18, 19]",count_upper_bound,12163.168484949929,0.029151041999995186,16,0,0,0,0,751,16,2,16,1.0,760.1980303093706,43075.84242474969,214,193,735
SELF-Q4-mixed-fixed_hash-245,245,mixed,fixed_hash,triangle_optical,True,all_sources_cleared_with_certificate,triangle,False,990.0,31,31,"[3, 5, 6, 10, 11, 12, 13, 15, 16, 19]","[3, 5, 6, 10, 11, 12, 13, 15, 16, 19]",full_mesh,13915.67055840706,0.023716457999995555,10,0,0,0,0,587,10,8,10,1.0,1391.567055840706,47503.352792035366,444,414,577
SELF-Q4-mixed-fixed_hash-246,246,mixed,fixed_hash,triangle_optical,True,all_sources_cleared_with_certificate,triangle,False,990.0,31,31,"[2, 3, 6, 8, 10, 12, 13, 16, 17, 18, 19]","[2, 3, 6, 8, 10, 12, 13, 16, 17, 18, 19]",full_mesh,13805.704818100568,0.023419792000005657,11,0,0,0,0,636,11,9,11,1.0,1255.064074372779,48608.52409050289,364,334,625
SELF-Q4-mixed-fixed_hash-247,247,mixed,fixed_hash,triangle_optical,True,all_sources_cleared_with_certificate,triangle,False,990.0,31,31,"[1, 3, 6, 7, 10, 11, 12, 13, 14, 15, 16, 18]","[1, 3, 6, 7, 10, 11, 12, 13, 14, 15, 16, 18]",full_mesh,13641.780410604924,0.02409575000000075,12,0,0,0,0,605,12,1,12,1.0,1136.815034217077,48668.90205302466,350,319,593
SELF-Q4-mixed-fixed_hash-248,248,mixed,fixed_hash,triangle_optical,True,all_sources_cleared_with_certificate,triangle,False,990.0,31,31,"[2, 4, 5, 6, 7, 8, 10, 11, 12, 14, 15, 16, 17]","[2, 4, 5, 6, 7, 8, 10, 11, 12, 14, 15, 16, 17]",full_mesh,11710.132437574744,0.02027729099999931,13,0,0,0,0,381,13,7,13,1.0,900.7794182749803,43350.66218787374,317,286,368
SELF-Q4-mixed-fixed_hash-249,249,mixed,fixed_hash,triangle_optical,True,all_sources_cleared_with_certificate,triangle,False,990.0,31,31,"[1, 2, 5, 6, 7, 9, 10, 13, 14, 16, 17, 18, 19, 20]","[1, 2, 5, 6, 7, 9, 10, 13, 14, 16, 17, 18, 19, 20]",full_mesh,14347.074855114852,0.02896041599999677,14,0,0,0,0,759,14,11,14,1.0,1024.7910610796323,50735.374275574315,321,290,745
SELF-Q4-mixed-fixed_hash-250,250,mixed,fixed_hash,triangle_optical,True,all_sources_cleared_with_certificate,triangle,False,990.0,31,31,"[2, 3, 4, 5, 6, 7, 8, 9, 10, 11, 12, 13, 17, 18, 20]","[2, 3, 4, 5, 6, 7, 8, 9, 10, 11, 12, 13, 17, 18, 20]",full_mesh,14762.285266237433,0.028957500000004188,15,0,0,0,0,770,15,10,15,1.0,984.1523510824956,52691.42633118723,319,289,755
SELF-Q4-mixed-fixed_hash-251,251,mixed,fixed_hash,triangle_optical,True,all_sources_cleared_with_certificate,triangle,False,990.0,31,23,"[2, 4, 5, 7, 8, 9, 11, 12, 13, 14, 15, 16, 17, 18, 19, 20]","[2, 4, 5, 7, 8, 9, 11, 12, 13, 14, 15, 16, 17, 18, 19, 20]",count_upper_bound,10801.041782473421,0.024153417000000843,16,0,0,0,0,563,16,5,16,1.0,675.0651114045888,40470.208912367125,168,146,547
SELF-Q4-mixed-fixed_hash-252,252,mixed,fixed_hash,triangle_optical,True,all_sources_cleared_with_certificate,triangle,False,990.0,31,31,"[1, 5, 6, 7, 8, 10, 13, 14, 17, 20]","[1, 5, 6, 7, 8, 10, 13, 14, 17, 20]",full_mesh,11755.177106914207,0.018762291999998126,10,0,0,0,0,389,10,1,10,1.0,1175.5177106914207,41985.885534571076,367,336,379
SELF-Q4-mixed-fixed_hash-253,253,mixed,fixed_hash,triangle_optical,True,all_sources_cleared_with_certificate,triangle,False,990.0,31,31,"[2, 4, 5, 8, 11, 12, 13, 14, 15, 18, 20]","[2, 4, 5, 8, 11, 12, 13, 14, 15, 18, 20]",full_mesh,14275.07798417563,0.02408233300000262,11,0,0,0,0,653,11,3,11,1.0,1297.7343621977845,51210.38992087822,347,317,642
SELF-Q4-mixed-fixed_hash-254,254,mixed,fixed_hash,triangle_optical,True,all_sources_cleared_with_certificate,triangle,False,990.0,31,31,"[1, 3, 4, 6, 8, 9, 11, 12, 14, 17, 18, 20]","[1, 3, 4, 6, 8, 9, 11, 12, 14, 17, 18, 20]",full_mesh,12700.45555454376,0.021345041000003562,12,0,0,0,0,504,12,8,12,1.0,1058.37129621198,47057.27777271884,297,268,492
SELF-Q4-mixed-fixed_hash-255,255,mixed,fixed_hash,triangle_optical,True,all_sources_cleared_with_certificate,triangle,False,990.0,31,31,"[2, 5, 7, 8, 9, 11, 12, 13, 14, 15, 16, 19, 20]","[2, 5, 7, 8, 9, 11, 12, 13, 14, 15, 16, 19, 20]",full_mesh,12600.40112928582,0.022129166999995675,13,0,0,0,0,474,13,3,13,1.0,969.2616253296784,45987.00564642914,331,300,461
SELF-Q4-mixed-fixed_hash-256,256,mixed,fixed_hash,triangle_optical,True,all_sources_cleared_with_certificate,triangle,False,990.0,31,31,"[1, 3, 4, 5, 6, 7, 8, 9, 10, 12, 13, 14, 16, 20]","[1, 3, 4, 5, 6, 7, 8, 9, 10, 12, 13, 14, 16, 20]",full_mesh,11650.803246630076,0.01906987499999957,14,0,0,0,0,373,14,6,14,1.0,832.2002319021483,44839.01623315038,261,231,359
SELF-Q4-mixed-fixed_hash-257,257,mixed,fixed_hash,triangle_optical,True,all_sources_cleared_with_certificate,triangle,False,990.0,31,31,"[1, 3, 4, 6, 7, 8, 9, 10, 11, 12, 14, 15, 17, 18, 19]","[1, 3, 4, 6, 7, 8, 9, 10, 11, 12, 14, 15, 17, 18, 19]",full_mesh,15529.502314085976,0.03046475000000015,15,0,0,0,0,791,15,10,15,1.0,1035.3001542723985,56122.511570429946,322,292,776
SELF-Q4-mixed-fixed_hash-258,258,mixed,fixed_hash,triangle_optical,True,all_sources_cleared_with_certificate,triangle,False,990.0,31,24,"[1, 2, 3, 4, 5, 6, 7, 10, 11, 13, 14, 15, 16, 18, 19, 20]","[1, 2, 3, 4, 5, 6, 7, 10, 11, 13, 14, 15, 16, 18, 19, 20]",count_upper_bound,14087.966454157939,0.032776374999997415,16,0,0,0,0,983,16,3,16,1.0,880.4979033848712,50254.83227078974,180,156,967
SELF-Q4-mixed-fixed_hash-259,259,mixed,fixed_hash,triangle_optical,True,all_sources_cleared_with_certificate,triangle,False,990.0,31,31,"[1, 2, 3, 4, 11, 12, 14, 16, 18, 20]","[1, 2, 3, 4, 11, 12, 14, 16, 18, 20]",full_mesh,12882.420616985242,0.021084209000001408,10,0,0,0,0,512,10,9,10,1.0,1288.2420616985241,45297.10308492625,383,352,502
SELF-Q4-mixed-fixed_hash-260,260,mixed,fixed_hash,triangle_optical,True,all_sources_cleared_with_certificate,triangle,False,990.0,31,31,"[1, 2, 3, 5, 7, 10, 12, 14, 16, 17, 20]","[1, 2, 3, 5, 7, 10, 12, 14, 16, 17, 20]",full_mesh,13342.790260426267,0.02288087499999847,11,0,0,0,0,570,11,5,11,1.0,1212.9809327660244,47498.95130213137,357,326,559
SELF-Q4-mixed-fixed_hash-261,261,mixed,fixed_hash,triangle_optical,True,all_sources_cleared_with_certificate,triangle,False,990.0,31,31,"[1, 2, 3, 5, 6, 7, 8, 9, 11, 13, 14, 15]","[1, 2, 3, 5, 6, 7, 8, 9, 11, 13, 14, 15]",full_mesh,14284.777344085873,0.026243499999999642,12,0,0,0,0,671,12,7,12,1.0,1190.398112007156,51433.88672042941,332,301,659
SELF-Q4-mixed-fixed_hash-262,262,mixed,fixed_hash,triangle_optical,True,all_sources_cleared_with_certificate,triangle,False,990.0,31,31,"[1, 4, 6, 7, 10, 11, 12, 14, 15, 17, 18, 19, 20]","[1, 4, 6, 7, 10, 11, 12, 14, 15, 17, 18, 19, 20]",full_mesh,15669.389813516178,0.031153082999999526,13,0,0,0,0,925,13,3,13,1.0,1205.337677962783,55766.94906758097,291,260,912
SELF-Q4-mixed-fixed_hash-263,263,mixed,fixed_hash,triangle_optical,True,all_sources_cleared_with_certificate,triangle,False,990.0,31,31,"[1, 5, 6, 8, 9, 10, 11, 12, 13, 14, 15, 16, 17, 18]","[1, 5, 6, 8, 9, 10, 11, 12, 13, 14, 15, 16, 17, 18]",full_mesh,16555.33379327028,0.03443924999999837,14,0,0,0,0,1072,14,3,14,1.0,1182.5238423764488,58341.66896635149,279,248,1058
SELF-Q4-mixed-fixed_hash-264,264,mixed,fixed_hash,triangle_optical,True,all_sources_cleared_with_certificate,triangle,False,990.0,31,31,"[1, 2, 4, 5, 6, 7, 10, 11, 12, 14, 15, 16, 18, 19, 20]","[1, 2, 4, 5, 6, 7, 10, 11, 12, 14, 15, 16, 18, 19, 20]",full_mesh,15063.149649251076,0.029864041000003283,15,0,0,0,0,862,15,1,15,1.0,1004.2099766167383,55095.748246255425,243,213,847
SELF-Q4-mixed-fixed_hash-265,265,mixed,fixed_hash,triangle_optical,True,all_sources_cleared_with_certificate,triangle,False,990.0,31,23,"[1, 2, 3, 4, 5, 9, 10, 11, 12, 13, 14, 15, 16, 18, 19, 20]","[1, 2, 3, 4, 5, 9, 10, 11, 12, 13, 14, 15, 16, 18, 19, 20]",count_upper_bound,14261.606525373023,0.03439325000000082,16,0,0,0,0,983,16,8,16,1.0,891.3504078358139,49278.03262686518,241,220,967
SELF-Q4-mixed-fixed_hash-266,266,mixed,fixed_hash,triangle_optical,True,all_sources_cleared_with_certificate,triangle,False,990.0,31,31,"[1, 3, 4, 7, 9, 10, 14, 15, 16, 18]","[1, 3, 4, 7, 9, 10, 14, 15, 16, 18]",full_mesh,11567.48139168404,0.017294041999996068,10,0,0,0,0,314,10,2,10,1.0,1156.748139168404,41632.40695842022,385,354,304
SELF-Q4-mixed-fixed_hash-267,267,mixed,fixed_hash,triangle_optical,True,all_sources_cleared_with_certificate,triangle,False,990.0,31,31,"[1, 4, 7, 8, 9, 11, 15, 16, 17, 18, 19]","[1, 4, 7, 8, 9, 11, 15, 16, 17, 18, 19]",full_mesh,13645.715346596759,0.022623374999994894,11,0,0,0,0,534,11,10,11,1.0,1240.5195769633417,49123.57673298382,371,342,523
SELF-Q4-mixed-fixed_hash-268,268,mixed,fixed_hash,triangle_optical,True,all_sources_cleared_with_certificate,triangle,False,990.0,31,31,"[2, 3, 4, 5, 10, 11, 12, 14, 16, 17, 18, 20]","[2, 3, 4, 5, 10, 11, 12, 14, 16, 17, 18, 20]",full_mesh,13108.852674438438,0.02393137500000364,12,0,0,0,0,560,12,1,12,1.0,1092.4043895365364,47274.26337219223,330,300,548
SELF-Q4-mixed-fixed_hash-269,269,mixed,fixed_hash,triangle_optical,True,all_sources_cleared_with_certificate,triangle,False,990.0,31,31,"[1, 2, 3, 5, 6, 7, 9, 10, 11, 13, 15, 18, 20]","[1, 2, 3, 5, 6, 7, 9, 10, 11, 13, 15, 18, 20]",full_mesh,15418.015989296366,0.030170500000004097,13,0,0,0,0,909,13,7,13,1.0,1186.0012299458742,55015.079946481914,282,252,896
SELF-Q4-mixed-fixed_hash-270,270,mixed,fixed_hash,triangle_optical,True,all_sources_cleared_with_certificate,triangle,False,990.0,31,31,"[1, 3, 5, 6, 8, 9, 10, 11, 12, 15, 16, 17, 18, 20]","[1, 3, 5, 6, 8, 9, 10, 11, 12, 15, 16, 17, 18, 20]",full_mesh,14156.40287558335,0.0270309169999976,14,0,0,0,0,763,14,11,14,1.0,1011.1716339702392,51127.014377916814,274,244,749
SELF-Q4-mixed-fixed_hash-271,271,mixed,fixed_hash,triangle_optical,True,all_sources_cleared_with_certificate,triangle,False,990.0,31,31,"[2, 4, 6, 7, 8, 9, 10, 11, 12, 13, 14, 15, 16, 18, 19]","[2, 4, 6, 7, 8, 9, 10, 11, 12, 13, 14, 15, 16, 18, 19]",full_mesh,13459.374156288482,0.026285957999995446,15,0,0,0,0,672,15,11,15,1.0,897.2916104192321,49571.87078144244,255,224,657
SELF-Q4-mixed-fixed_hash-272,272,mixed,fixed_hash,triangle_optical,True,all_sources_cleared_with_certificate,triangle,False,990.0,31,27,"[2, 3, 4, 5, 6, 7, 9, 10, 11, 12, 13, 15, 16, 18, 19, 20]","[2, 3, 4, 5, 6, 7, 9, 10, 11, 12, 13, 15, 16, 18, 19, 20]",count_upper_bound,13977.253992246478,0.030618457999999293,16,0,0,0,0,799,16,13,16,1.0,873.5783745154049,49056.26996123245,294,267,783
SELF-Q4-mixed-fixed_hash-273,273,mixed,fixed_hash,triangle_optical,True,all_sources_cleared_with_certificate,triangle,False,990.0,31,31,"[2, 3, 4, 7, 8, 9, 10, 14, 17, 19]","[2, 3, 4, 7, 8, 9, 10, 14, 17, 19]",full_mesh,13467.741707367803,0.02161874999999469,10,0,0,0,0,514,10,9,10,1.0,1346.7741707367802,46393.708536839025,443,412,504
SELF-Q4-mixed-fixed_hash-274,274,mixed,fixed_hash,triangle_optical,True,all_sources_cleared_with_certificate,triangle,False,990.0,31,31,"[1, 2, 4, 5, 11, 12, 13, 14, 15, 17, 20]","[1, 2, 4, 5, 11, 12, 13, 14, 15, 17, 20]",full_mesh,11866.773981144725,0.019086416000000384,11,0,0,0,0,372,11,10,11,1.0,1078.7976346495204,42693.869905723644,370,340,361
SELF-Q4-mixed-fixed_hash-275,275,mixed,fixed_hash,triangle_optical,True,all_sources_cleared_with_certificate,triangle,False,990.0,31,31,"[3, 4, 6, 10, 11, 12, 13, 14, 15, 16, 17, 19]","[3, 4, 6, 10, 11, 12, 13, 14, 15, 16, 17, 19]",full_mesh,13584.755322557086,0.023675375000003385,12,0,0,0,0,632,12,6,12,1.0,1132.0629435464239,48608.7766127855,329,298,620
SELF-Q4-mixed-fixed_hash-276,276,mixed,fixed_hash,triangle_optical,True,all_sources_cleared_with_certificate,triangle,False,990.0,31,31,"[1, 3, 4, 5, 7, 8, 9, 11, 12, 13, 15, 18, 19]","[1, 3, 4, 5, 7, 8, 9, 11, 12, 13, 15, 18, 19]",full_mesh,13223.941898890389,0.022482582999998613,13,0,0,0,0,574,13,6,13,1.0,1017.2262999146453,48829.70949445198,290,260,561
SELF-Q4-mixed-fixed_hash-277,277,mixed,fixed_hash,triangle_optical,True,all_sources_cleared_with_certificate,triangle,False,990.0,31,31,"[2, 3, 4, 5, 6, 7, 8, 10, 13, 14, 15, 17, 19, 20]","[2, 3, 4, 5, 6, 7, 8, 10, 13, 14, 15, 17, 19, 20]",full_mesh,15312.185452354175,0.03196712500000132,14,0,0,0,0,868,14,4,14,1.0,1093.7275323110125,54515.92726177095,301,272,854
SELF-Q4-mixed-fixed_hash-278,278,mixed,fixed_hash,triangle_optical,True,all_sources_cleared_with_certificate,triangle,False,990.0,31,31,"[2, 3, 4, 6, 7, 8, 9, 10, 11, 13, 14, 15, 16, 18, 19]","[2, 3, 4, 6, 7, 8, 9, 10, 11, 13, 14, 15, 16, 18, 19]",full_mesh,16711.475105328773,0.03830704199999957,15,0,0,0,0,1109,15,13,15,1.0,1114.0983403552516,58912.37552664394,267,237,1094
SELF-Q4-mixed-fixed_hash-279,279,mixed,fixed_hash,triangle_optical,True,all_sources_cleared_with_certificate,triangle,False,990.0,31,22,"[1, 2, 3, 4, 5, 6, 7, 8, 10, 12, 13, 14, 15, 16, 17, 18]","[1, 2, 3, 4, 5, 6, 7, 8, 10, 12, 13, 14, 15, 16, 17, 18]",count_upper_bound,14379.125533976798,0.035960582999997825,16,0,0,0,0,1073,16,7,16,1.0,898.6953458735499,49450.62766988407,210,188,1057
SELF-Q4-mixed-fixed_hash-280,280,mixed,fixed_hash,triangle_optical,True,all_sources_cleared_with_certificate,triangle,False,990.0,31,31,"[1, 3, 6, 8, 9, 10, 15, 16, 17, 19]","[1, 3, 6, 8, 9, 10, 15, 16, 17, 19]",full_mesh,12378.242802414514,0.018615459000002943,10,0,0,0,0,428,10,1,10,1.0,1237.8242802414513,44691.21401207261,361,331,418
SELF-Q4-mixed-fixed_hash-281,281,mixed,fixed_hash,triangle_optical,True,all_sources_cleared_with_certificate,triangle,False,990.0,31,31,"[1, 4, 8, 9, 10, 13, 14, 15, 17, 18, 20]","[1, 4, 8, 9, 10, 13, 14, 15, 17, 18, 20]",full_mesh,13722.361328544703,0.023275999999995634,11,0,0,0,0,594,11,5,11,1.0,1247.487393504064,49061.806642723546,356,326,583
SELF-Q4-mixed-fixed_hash-282,282,mixed,fixed_hash,triangle_optical,True,all_sources_cleared_with_certificate,triangle,False,990.0,31,31,"[1, 2, 4, 5, 6, 9, 10, 11, 12, 13, 16, 20]","[1, 2, 4, 5, 6, 9, 10, 11, 12, 13, 16, 20]",full_mesh,12698.705311555246,0.021233250000001647,12,0,0,0,0,464,12,8,12,1.0,1058.2254426296038,45493.526557776255,369,339,452
SELF-Q4-mixed-fixed_hash-283,283,mixed,fixed_hash,triangle_optical,True,all_sources_cleared_with_certificate,triangle,False,990.0,31,31,"[1, 3, 4, 5, 7, 9, 10, 11, 12, 13, 14, 15, 17]","[1, 3, 4, 5, 7, 9, 10, 11, 12, 13, 14, 15, 17]",full_mesh,12671.842131113026,0.023052124999999535,13,0,0,0,0,537,13,1,13,1.0,974.7570870086943,46179.21065556517,305,274,524
SELF-Q4-mixed-fixed_hash-284,284,mixed,fixed_hash,triangle_optical,True,all_sources_cleared_with_certificate,triangle,False,990.0,31,31,"[2, 3, 4, 5, 8, 9, 10, 12, 13, 14, 15, 18, 19, 20]","[2, 3, 4, 5, 8, 9, 10, 12, 13, 14, 15, 18, 19, 20]",full_mesh,15223.599892688693,0.03135087500000111,14,0,0,0,0,870,14,6,14,1.0,1087.3999923349068,53922.99946344355,305,276,856
SELF-Q4-mixed-fixed_hash-285,285,mixed,fixed_hash,triangle_optical,True,all_sources_cleared_with_certificate,triangle,False,990.0,31,31,"[1, 3, 5, 6, 7, 8, 10, 12, 13, 14, 15, 16, 18, 19, 20]","[1, 3, 5, 6, 7, 8, 10, 12, 13, 14, 15, 16, 18, 19, 20]",full_mesh,13569.588745614006,0.025066458999994268,15,0,0,0,0,647,15,11,15,1.0,904.6392497076005,49667.943728070066,282,255,632
SELF-Q4-mixed-fixed_hash-286,286,mixed,fixed_hash,triangle_optical,True,all_sources_cleared_with_certificate,triangle,False,990.0,31,24,"[1, 3, 4, 6, 7, 8, 9, 11, 12, 13, 14, 16, 17, 18, 19, 20]","[1, 3, 4, 6, 7, 8, 9, 11, 12, 13, 14, 16, 17, 18, 19, 20]",count_upper_bound,14980.842787577256,0.03634404099999955,16,0,0,0,0,1126,16,13,16,1.0,936.3026742235785,51634.21393788639,211,189,1110
SELF-Q4-mixed-fixed_hash-287,287,mixed,fixed_hash,triangle_optical,True,all_sources_cleared_with_certificate,triangle,False,990.0,31,31,"[1, 3, 4, 7, 9, 10, 11, 13, 17, 18]","[1, 3, 4, 7, 9, 10, 11, 13, 17, 18]",full_mesh,12934.530085457258,0.019835457999995754,10,0,0,0,0,450,10,4,10,1.0,1293.4530085457259,45377.65042728634,420,389,440
SELF-Q4-mixed-fixed_hash-288,288,mixed,fixed_hash,triangle_optical,True,all_sources_cleared_with_certificate,triangle,False,990.0,31,31,"[1, 2, 7, 8, 9, 10, 11, 12, 16, 18, 19]","[1, 2, 7, 8, 9, 10, 11, 12, 16, 18, 19]",full_mesh,13367.939352961443,0.022295916999993892,11,0,0,0,0,520,11,10,11,1.0,1215.2672139055858,47559.69676480727,384,354,509
SELF-Q4-mixed-fixed_hash-289,289,mixed,fixed_hash,triangle_optical,True,all_sources_cleared_with_certificate,triangle,False,990.0,31,31,"[1, 3, 6, 7, 9, 11, 12, 13, 14, 15, 16, 17]","[1, 3, 6, 7, 9, 11, 12, 13, 14, 15, 16, 17]",full_mesh,14912.689359492148,0.02719945900000198,12,0,0,0,0,742,12,8,12,1.0,1242.7241132910124,52788.44679746079,356,325,730
SELF-Q4-mixed-fixed_hash-290,290,mixed,fixed_hash,triangle_optical,True,all_sources_cleared_with_certificate,triangle,False,990.0,31,31,"[1, 2, 4, 5, 7, 8, 10, 11, 14, 16, 17, 18, 19]","[1, 2, 4, 5, 7, 8, 10, 11, 14, 16, 17, 18, 19]",full_mesh,13486.98566545186,0.025220707999999092,13,0,0,0,0,653,13,6,13,1.0,1037.4604358039892,49829.928327259346,261,231,640
SELF-Q4-mixed-fixed_hash-291,291,mixed,fixed_hash,triangle_optical,True,all_sources_cleared_with_certificate,triangle,False,990.0,31,31,"[2, 3, 4, 5, 6, 10, 11, 12, 13, 14, 16, 17, 19, 20]","[2, 3, 4, 5, 6, 10, 11, 12, 13, 14, 16, 17, 19, 20]",full_mesh,15058.70482166634,0.029496250000001112,14,0,0,0,0,823,14,2,14,1.0,1075.6217729761672,54473.524108331745,283,252,809
SELF-Q4-mixed-fixed_hash-292,292,mixed,fixed_hash,triangle_optical,True,all_sources_cleared_with_certificate,triangle,False,990.0,31,31,"[1, 4, 5, 6, 7, 8, 9, 10, 11, 14, 15, 16, 18, 19, 20]","[1, 4, 5, 6, 7, 8, 9, 10, 11, 14, 15, 16, 18, 19, 20]",full_mesh,14856.56947343919,0.030060167000002025,15,0,0,0,0,831,15,10,15,1.0,990.4379648959459,54122.847367196024,256,229,816
SELF-Q4-mixed-fixed_hash-293,293,mixed,fixed_hash,triangle_optical,True,all_sources_cleared_with_certificate,triangle,False,990.0,31,29,"[1, 2, 4, 6, 7, 8, 10, 11, 13, 14, 15, 16, 17, 18, 19, 20]","[1, 2, 4, 6, 7, 8, 10, 11, 13, 14, 15, 16, 17, 18, 19, 20]",count_upper_bound,14465.660786857847,0.02984275000000025,16,0,0,0,0,797,16,12,16,1.0,904.1037991786154,51078.30393428929,309,282,781
SELF-Q4-mixed-fixed_hash-294,294,mixed,fixed_hash,triangle_optical,True,all_sources_cleared_with_certificate,triangle,False,990.0,31,31,"[2, 3, 6, 7, 10, 12, 13, 15, 16, 17]","[2, 3, 6, 7, 10, 12, 13, 15, 16, 17]",full_mesh,12881.398383017036,0.02005579200000085,10,0,0,0,0,419,10,7,10,1.0,1288.1398383017035,45636.99191508522,418,387,409
SELF-Q4-mixed-fixed_hash-295,295,mixed,fixed_hash,triangle_optical,True,all_sources_cleared_with_certificate,triangle,False,990.0,31,31,"[1, 3, 4, 5, 10, 11, 12, 13, 15, 16, 19]","[1, 3, 4, 5, 10, 11, 12, 13, 15, 16, 19]",full_mesh,14239.628247187014,0.02518620800000093,11,0,0,0,0,704,11,4,11,1.0,1294.5116588351832,50358.14123593512,344,314,693
SELF-Q4-mixed-fixed_hash-296,296,mixed,fixed_hash,triangle_optical,True,all_sources_cleared_with_certificate,triangle,False,990.0,31,31,"[1, 2, 3, 7, 9, 10, 11, 12, 14, 16, 17, 20]","[1, 2, 3, 7, 9, 10, 11, 12, 14, 16, 17, 20]",full_mesh,14677.695933791863,0.027582041999998808,12,0,0,0,0,804,12,5,12,1.0,1223.1413278159887,52928.479668959386,281,251,792
SELF-Q4-mixed-fixed_hash-297,297,mixed,fixed_hash,triangle_optical,True,all_sources_cleared_with_certificate,triangle,False,990.0,31,31,"[1, 2, 3, 7, 8, 11, 12, 13, 14, 15, 17, 19, 20]","[1, 2, 3, 7, 8, 11, 12, 13, 14, 15, 17, 19, 20]",full_mesh,13880.181459841107,0.027042082999997774,13,0,0,0,0,726,13,5,13,1.0,1067.7062661416237,50005.907299205595,284,255,713
SELF-Q4-mixed-fixed_hash-298,298,mixed,fixed_hash,triangle_optical,True,all_sources_cleared_with_certificate,triangle,False,990.0,31,31,"[1, 3, 6, 7, 8, 9, 10, 12, 13, 14, 16, 17, 18, 19]","[1, 3, 6, 7, 8, 9, 10, 12, 13, 14, 16, 17, 18, 19]",full_mesh,14387.611075189423,0.027196457999998813,14,0,0,0,0,744,14,5,14,1.0,1027.686505370673,51463.05537594717,311,280,730
SELF-Q4-mixed-fixed_hash-299,299,mixed,fixed_hash,triangle_optical,True,all_sources_cleared_with_certificate,triangle,False,990.0,31,31,"[1, 5, 6, 7, 8, 9, 10, 11, 12, 13, 15, 16, 17, 19, 20]","[1, 5, 6, 7, 8, 9, 10, 11, 12, 13, 15, 16, 17, 19, 20]",full_mesh,13187.199360915154,0.026270166999999844,15,0,0,0,0,657,15,12,15,1.0,879.1466240610102,49300.9968045758,226,196,642
SELF-Q4-mixed-fixed_hash-300,300,mixed,fixed_hash,triangle_optical,True,all_sources_cleared_with_certificate,triangle,False,990.0,31,20,"[1, 2, 3, 4, 6, 7, 9, 10, 11, 12, 14, 15, 16, 18, 19, 20]","[1, 2, 3, 4, 6, 7, 9, 10, 11, 12, 14, 15, 16, 18, 19, 20]",count_upper_bound,13059.54672106646,0.03257874999999899,16,0,0,0,0,970,16,10,16,1.0,816.2216700666537,46207.73360533233,149,131,954
SELF-Q4-mixed-fixed_hash-301,301,mixed,fixed_hash,triangle_optical,True,all_sources_cleared_with_certificate,triangle,False,990.0,31,31,"[2, 4, 5, 8, 10, 11, 13, 15, 16, 18]","[2, 4, 5, 8, 10, 11, 13, 15, 16, 18]",full_mesh,12083.79916049069,0.020459082999998657,10,0,0,0,0,454,10,9,10,1.0,1208.379916049069,42173.99580245344,383,352,444
SELF-Q4-mixed-fixed_hash-302,302,mixed,fixed_hash,triangle_optical,True,all_sources_cleared_with_certificate,triangle,False,990.0,31,31,"[1, 4, 7, 12, 14, 15, 16, 17, 18, 19, 20]","[1, 4, 7, 12, 14, 15, 16, 17, 18, 19, 20]",full_mesh,12501.678375043788,0.020594750000000772,11,0,0,0,0,424,11,9,11,1.0,1136.5162159130716,44988.39187521895,373,345,413
SELF-Q4-mixed-fixed_hash-303,303,mixed,fixed_hash,triangle_optical,True,all_sources_cleared_with_certificate,triangle,False,990.0,31,31,"[2, 3, 7, 8, 9, 10, 13, 16, 17, 18, 19, 20]","[2, 3, 7, 8, 9, 10, 13, 16, 17, 18, 19, 20]",full_mesh,15194.93951196974,0.029082041999998864,12,0,0,0,0,809,12,5,12,1.0,1266.2449593308118,54859.69755984876,300,272,797
SELF-Q4-mixed-fixed_hash-304,304,mixed,fixed_hash,triangle_optical,True,all_sources_cleared_with_certificate,triangle,False,990.0,31,31,"[1, 4, 5, 7, 10, 11, 13, 14, 15, 16, 17, 18, 20]","[1, 4, 5, 7, 10, 11, 13, 14, 15, 16, 17, 18, 20]",full_mesh,13178.192767807139,0.02482691700000572,13,0,0,0,0,610,13,1,13,1.0,1013.7071359851645,47550.96383903576,307,277,597
SELF-Q4-mixed-fixed_hash-305,305,mixed,fixed_hash,triangle_optical,True,all_sources_cleared_with_certificate,triangle,False,990.0,31,31,"[3, 5, 6, 8, 10, 11, 12, 13, 15, 16, 17, 18, 19, 20]","[3, 5, 6, 8, 10, 11, 12, 13, 15, 16, 17, 18, 19, 20]",full_mesh,14655.712360824768,0.027877625000002126,14,0,0,0,0,750,14,4,14,1.0,1046.836597201769,53753.56180412391,276,247,736
SELF-Q4-mixed-fixed_hash-306,306,mixed,fixed_hash,triangle_optical,True,all_sources_cleared_with_certificate,triangle,False,990.0,31,31,"[1, 3, 7, 9, 10, 11, 12, 13, 14, 15, 16, 17, 18, 19, 20]","[1, 3, 7, 9, 10, 11, 12, 13, 14, 15, 16, 17, 18, 19, 20]",full_mesh,13949.075487185366,0.025425208000001476,15,0,0,0,0,631,15,2,15,1.0,929.9383658123577,51335.377435926865,298,269,616
SELF-Q4-mixed-fixed_hash-307,307,mixed,fixed_hash,triangle_optical,True,all_sources_cleared_with_certificate,triangle,False,990.0,31,28,"[1, 2, 4, 5, 6, 7, 8, 9, 10, 11, 15, 16, 17, 18, 19, 20]","[1, 2, 4, 5, 6, 7, 8, 9, 10, 11, 15, 16, 17, 18, 19, 20]",count_upper_bound,14454.839892377151,0.03201608399999856,16,0,0,0,0,881,16,12,16,1.0,903.4274932735719,50609.19946188581,281,253,865
SELF-Q4-mixed-fixed_hash-308,308,mixed,fixed_hash,triangle_optical,True,all_sources_cleared_with_certificate,triangle,False,990.0,31,31,"[3, 5, 6, 7, 9, 12, 13, 17, 18, 19]","[3, 5, 6, 7, 9, 12, 13, 17, 18, 19]",full_mesh,13744.123065148076,0.023901750000000277,10,0,0,0,0,594,10,5,10,1.0,1374.4123065148076,48225.61532574043,388,357,584
SELF-Q4-mixed-fixed_hash-309,309,mixed,fixed_hash,triangle_optical,True,all_sources_cleared_with_certificate,triangle,False,990.0,31,31,"[1, 3, 4, 5, 7, 8, 10, 13, 14, 15, 18]","[1, 3, 4, 5, 7, 8, 10, 13, 14, 15, 18]",full_mesh,13603.468825406206,0.02324412499999795,11,0,0,0,0,603,11,3,11,1.0,1236.6789841278369,48817.34412703107,340,309,592
SELF-Q4-mixed-fixed_hash-310,310,mixed,fixed_hash,triangle_optical,True,all_sources_cleared_with_certificate,triangle,False,990.0,31,31,"[3, 5, 6, 7, 8, 9, 10, 12, 16, 17, 18, 20]","[3, 5, 6, 7, 8, 9, 10, 12, 16, 17, 18, 20]",full_mesh,13638.231079595034,0.02394570899999593,12,0,0,0,0,646,12,4,12,1.0,1136.5192566329195,49231.1553979752,310,280,634
SELF-Q4-mixed-fixed_hash-311,311,mixed,fixed_hash,triangle_optical,True,all_sources_cleared_with_certificate,triangle,False,990.0,31,31,"[1, 3, 4, 5, 7, 9, 12, 14, 15, 16, 18, 19, 20]","[1, 3, 4, 5, 7, 9, 12, 14, 15, 16, 18, 19, 20]",full_mesh,15085.071614591005,0.02978554099999542,13,0,0,0,0,821,13,12,13,1.0,1160.390124199308,53555.35807295509,319,290,808
SELF-Q4-mixed-fixed_hash-312,312,mixed,fixed_hash,triangle_optical,True,all_sources_cleared_with_certificate,triangle,False,990.0,31,31,"[2, 4, 5, 6, 8, 10, 11, 13, 15, 16, 17, 18, 19, 20]","[2, 4, 5, 6, 8, 10, 11, 13, 15, 16, 17, 18, 19, 20]",full_mesh,14247.918131021359,0.027418416999999806,14,0,0,0,0,733,14,1,14,1.0,1017.708437930097,51009.59065510684,308,279,719
SELF-Q4-mixed-fixed_hash-313,313,mixed,fixed_hash,triangle_optical,True,all_sources_cleared_with_certificate,triangle,False,990.0,31,31,"[1, 3, 4, 6, 7, 11, 12, 13, 14, 15, 16, 17, 18, 19, 20]","[1, 3, 4, 6, 7, 11, 12, 13, 14, 15, 16, 17, 18, 19, 20]",full_mesh,13318.632011055428,0.02785841699999736,15,0,0,0,0,682,15,8,15,1.0,887.9088007370285,47623.160055277185,291,263,667
SELF-Q4-mixed-fixed_hash-314,314,mixed,fixed_hash,triangle_optical,True,all_sources_cleared_with_certificate,triangle,False,990.0,31,23,"[1, 2, 4, 5, 6, 7, 8, 11, 12, 14, 15, 16, 17, 18, 19, 20]","[1, 2, 4, 5, 6, 7, 8, 11, 12, 14, 15, 16, 17, 18, 19, 20]",count_upper_bound,13350.377677162669,0.03351754099999482,16,0,0,0,0,953,16,3,16,1.0,834.3986048226668,46556.88838581338,195,173,937
SELF-Q4-mixed-fixed_hash-315,315,mixed,fixed_hash,triangle_optical,True,all_sources_cleared_with_certificate,triangle,False,990.0,31,31,"[1, 2, 3, 10, 11, 12, 14, 17, 18, 20]","[1, 2, 3, 10, 11, 12, 14, 17, 18, 20]",full_mesh,13552.758042143674,0.023354290999996863,10,0,0,0,0,544,10,5,10,1.0,1355.2758042143673,46543.79021071841,437,407,534
SELF-Q4-mixed-fixed_hash-316,316,mixed,fixed_hash,triangle_optical,True,all_sources_cleared_with_certificate,triangle,False,990.0,31,31,"[1, 4, 8, 9, 11, 13, 14, 16, 17, 19, 20]","[1, 4, 8, 9, 11, 13, 14, 16, 17, 19, 20]",full_mesh,13039.329619881506,0.02264791700000046,11,0,0,0,0,576,11,2,11,1.0,1185.3936018074096,46966.648099407554,321,291,565
SELF-Q4-mixed-fixed_hash-317,317,mixed,fixed_hash,triangle_optical,True,all_sources_cleared_with_certificate,triangle,False,990.0,31,31,"[1, 4, 5, 7, 8, 9, 11, 12, 13, 15, 18, 19]","[1, 4, 5, 7, 8, 9, 11, 12, 13, 15, 18, 19]",full_mesh,15533.860595067214,0.029767792000001236,12,0,0,0,0,859,12,6,12,1.0,1294.4883829222679,54134.30297533615,356,326,847
SELF-Q4-mixed-fixed_hash-318,318,mixed,fixed_hash,triangle_optical,True,all_sources_cleared_with_certificate,triangle,False,990.0,31,31,"[2, 4, 5, 6, 7, 10, 11, 13, 14, 15, 16, 17, 18]","[2, 4, 5, 6, 7, 10, 11, 13, 14, 15, 16, 17, 18]",full_mesh,13441.139501672404,0.02562179199999548,13,0,0,0,0,658,13,7,13,1.0,1033.9338078209541,47910.697508362064,315,284,645
SELF-Q4-mixed-fixed_hash-319,319,mixed,fixed_hash,triangle_optical,True,all_sources_cleared_with_certificate,triangle,False,990.0,31,31,"[2, 3, 4, 5, 6, 10, 11, 12, 13, 16, 17, 18, 19, 20]","[2, 3, 4, 5, 6, 10, 11, 12, 13, 16, 17, 18, 19, 20]",full_mesh,13221.066296268269,0.022961832999996545,14,0,0,0,0,504,14,12,14,1.0,944.3618783048763,48360.331481341396,340,309,490
SELF-Q4-mixed-fixed_hash-320,320,mixed,fixed_hash,triangle_optical,True,all_sources_cleared_with_certificate,triangle,False,990.0,31,31,"[2, 3, 4, 5, 6, 7, 8, 9, 11, 12, 15, 16, 17, 19, 20]","[2, 3, 4, 5, 6, 7, 8, 9, 11, 12, 15, 16, 17, 19, 20]",full_mesh,15465.510997972193,0.030836624999999174,15,0,0,0,0,895,15,8,15,1.0,1031.0340665314795,56132.55498986104,259,229,880
SELF-Q4-mixed-fixed_hash-321,321,mixed,fixed_hash,triangle_optical,True,all_sources_cleared_with_certificate,triangle,False,990.0,31,28,"[1, 2, 4, 5, 6, 7, 8, 9, 10, 11, 12, 13, 14, 15, 17, 18]","[1, 2, 4, 5, 6, 7, 8, 9, 10, 11, 12, 13, 14, 15, 17, 18]",count_upper_bound,15378.049714630431,0.0347785000000016,16,0,0,0,0,1011,16,15,16,1.0,961.128107164402,54025.248573152225,256,228,995
SELF-Q4-mixed-fixed_hash-322,322,mixed,fixed_hash,triangle_optical,True,all_sources_cleared_with_certificate,triangle,False,990.0,31,31,"[3, 5, 6, 8, 10, 13, 14, 16, 18, 19]","[3, 5, 6, 8, 10, 13, 14, 16, 18, 19]",full_mesh,11875.503771943395,0.017836832999996943,10,0,0,0,0,391,10,9,10,1.0,1187.5503771943395,42972.518859717,353,323,381
SELF-Q4-mixed-fixed_hash-323,323,mixed,fixed_hash,triangle_optical,True,all_sources_cleared_with_certificate,triangle,False,990.0,31,31,"[2, 4, 5, 6, 7, 8, 10, 14, 15, 16, 20]","[2, 4, 5, 6, 7, 8, 10, 14, 15, 16, 20]",full_mesh,14431.39365183147,0.025483624999999677,11,0,0,0,0,649,11,8,11,1.0,1311.9448774392245,50526.96825915741,398,367,638
SELF-Q4-mixed-fixed_hash-324,324,mixed,fixed_hash,triangle_optical,True,all_sources_cleared_with_certificate,triangle,False,990.0,31,31,"[1, 2, 3, 5, 6, 9, 14, 16, 17, 18, 19, 20]","[1, 2, 3, 5, 6, 9, 14, 16, 17, 18, 19, 20]",full_mesh,11935.879453782725,0.019059458000000973,12,0,0,0,0,350,12,4,12,1.0,994.6566211485605,43784.39726891365,356,325,338
SELF-Q4-mixed-fixed_hash-325,325,mixed,fixed_hash,triangle_optical,True,all_sources_cleared_with_certificate,triangle,False,990.0,31,31,"[1, 2, 3, 4, 5, 6, 10, 11, 13, 14, 16, 18, 20]","[1, 2, 3, 4, 5, 6, 10, 11, 13, 14, 16, 18, 20]",full_mesh,13479.860600070744,0.026233083000001045,13,0,0,0,0,650,13,2,13,1.0,1036.9123538515958,48909.30300035377,292,262,637
SELF-Q4-mixed-fixed_hash-326,326,mixed,fixed_hash,triangle_optical,True,all_sources_cleared_with_certificate,triangle,False,990.0,31,31,"[1, 2, 3, 4, 5, 6, 7, 10, 11, 13, 14, 15, 16, 17]","[1, 2, 3, 4, 5, 6, 7, 10, 11, 13, 14, 15, 16, 17]",full_mesh,13876.381641900913,0.027789542000000722,14,0,0,0,0,701,14,6,14,1.0,991.1701172786367,49671.90820950462,307,276,687
SELF-Q4-mixed-fixed_hash-327,327,mixed,fixed_hash,triangle_optical,True,all_sources_cleared_with_certificate,triangle,False,990.0,31,31,"[1, 2, 3, 4, 5, 8, 9, 10, 11, 13, 14, 15, 17, 18, 20]","[1, 2, 3, 4, 5, 8, 9, 10, 11, 13, 14, 15, 17, 18, 20]",full_mesh,13488.106104121303,0.02690154100000086,15,0,0,0,0,712,15,4,15,1.0,899.207073608087,50010.53052060658,225,195,697
SELF-Q4-mixed-fixed_hash-328,328,mixed,fixed_hash,triangle_optical,True,all_sources_cleared_with_certificate,triangle,False,990.0,31,23,"[3, 4, 5, 6, 7, 8, 9, 11, 12, 13, 14, 15, 16, 17, 19, 20]","[3, 4, 5, 6, 7, 8, 9, 11, 12, 13, 14, 15, 16, 17, 19, 20]",count_upper_bound,13317.37630599016,0.03184966599999939,16,0,0,0,0,881,16,14,16,1.0,832.336019124385,46446.881529950864,229,208,865
SELF-Q4-mixed-fixed_hash-329,329,mixed,fixed_hash,triangle_optical,True,all_sources_cleared_with_certificate,triangle,False,990.0,31,31,"[2, 4, 5, 7, 8, 10, 11, 16, 17, 20]","[2, 4, 5, 7, 8, 10, 11, 16, 17, 20]",full_mesh,13624.583700095143,0.024786458999997762,10,0,0,0,0,668,10,1,10,1.0,1362.4583700095143,47532.91850047578,354,324,658
SELF-Q4-mixed-fixed_hash-330,330,mixed,fixed_hash,triangle_optical,True,all_sources_cleared_with_certificate,triangle,False,990.0,31,31,"[1, 2, 3, 6, 9, 10, 11, 13, 14, 15, 20]","[1, 2, 3, 6, 9, 10, 11, 13, 14, 15, 20]",full_mesh,13645.707550317662,0.021683499999994638,11,0,0,0,0,531,11,4,11,1.0,1240.5188682106966,49928.537751588374,346,315,520
SELF-Q4-mixed-fixed_hash-331,331,mixed,fixed_hash,triangle_optical,True,all_sources_cleared_with_certificate,triangle,False,990.0,31,31,"[4, 6, 7, 8, 10, 11, 13, 14, 16, 18, 19, 20]","[4, 6, 7, 8, 10, 11, 13, 14, 16, 18, 19, 20]",full_mesh,14113.291951236277,0.02451341699999432,12,0,0,0,0,630,12,10,12,1.0,1176.107662603023,50196.459756181415,365,335,618
SELF-Q4-mixed-fixed_hash-332,332,mixed,fixed_hash,triangle_optical,True,all_sources_cleared_with_certificate,triangle,False,990.0,31,31,"[1, 2, 3, 4, 8, 9, 12, 13, 14, 16, 17, 18, 19]","[1, 2, 3, 4, 8, 9, 12, 13, 14, 16, 17, 18, 19]",full_mesh,11821.3904248334,0.018949917000000482,13,0,0,0,0,401,13,3,13,1.0,909.3377249871846,45106.95212416702,267,236,388
SELF-Q4-mixed-fixed_hash-333,333,mixed,fixed_hash,triangle_optical,True,all_sources_cleared_with_certificate,triangle,False,990.0,31,31,"[2, 4, 5, 6, 7, 9, 10, 12, 13, 14, 16, 17, 18, 19]","[2, 4, 5, 6, 7, 9, 10, 12, 13, 14, 16, 17, 18, 19]",full_mesh,15818.446748470715,0.03370545900000366,14,0,0,0,0,1022,14,6,14,1.0,1129.889053462194,56987.23374235367,226,197,1008
SELF-Q4-mixed-fixed_hash-334,334,mixed,fixed_hash,triangle_optical,True,all_sources_cleared_with_certificate,triangle,False,990.0,31,31,"[1, 4, 5, 6, 7, 8, 12, 13, 14, 15, 16, 17, 18, 19, 20]","[1, 4, 5, 6, 7, 8, 12, 13, 14, 15, 16, 17, 18, 19, 20]",full_mesh,16334.996982491837,0.03457545799999906,15,0,0,0,0,974,15,1,15,1.0,1088.999798832789,58519.98491245928,285,254,959
SELF-Q4-mixed-fixed_hash-335,335,mixed,fixed_hash,triangle_optical,True,all_sources_cleared_with_certificate,triangle,False,990.0,31,24,"[1, 2, 3, 4, 5, 6, 7, 8, 10, 11, 13, 14, 15, 17, 18, 19]","[1, 2, 3, 4, 5, 6, 7, 8, 10, 11, 13, 14, 15, 17, 18, 19]",count_upper_bound,12176.366450246036,0.027776500000001647,16,0,0,0,0,675,16,14,16,1.0,761.0229031403773,42461.832251230175,275,252,659
SELF-Q4-mixed-fixed_hash-336,336,mixed,fixed_hash,triangle_optical,True,all_sources_cleared_with_certificate,triangle,False,990.0,31,31,"[1, 3, 5, 7, 8, 12, 14, 16, 18, 20]","[1, 3, 5, 7, 8, 12, 14, 16, 18, 20]",full_mesh,13463.827802534279,0.022006042000001003,10,0,0,0,0,535,10,8,10,1.0,1346.3827802534279,47019.139012671425,411,380,525
SELF-Q4-mixed-fixed_hash-337,337,mixed,fixed_hash,triangle_optical,True,all_sources_cleared_with_certificate,triangle,False,990.0,31,31,"[1, 5, 6, 7, 8, 9, 12, 15, 16, 17, 19]","[1, 5, 6, 7, 8, 9, 12, 15, 16, 17, 19]",full_mesh,14737.110821306407,0.027050249999994946,11,0,0,0,0,782,11,6,11,1.0,1339.7373473914915,52160.55410653211,328,297,771
SELF-Q4-mixed-fixed_hash-338,338,mixed,fixed_hash,triangle_optical,True,all_sources_cleared_with_certificate,triangle,False,990.0,31,31,"[1, 4, 5, 8, 9, 10, 12, 14, 15, 16, 19, 20]","[1, 4, 5, 8, 9, 10, 12, 14, 15, 16, 19, 20]",full_mesh,14314.759787102512,0.02684754099999509,12,0,0,0,0,723,12,11,12,1.0,1192.8966489252093,49773.798935512634,366,337,711
SELF-Q4-mixed-fixed_hash-339,339,mixed,fixed_hash,triangle_optical,True,all_sources_cleared_with_certificate,triangle,False,990.0,31,31,"[1, 2, 3, 5, 6, 8, 9, 10, 12, 15, 17, 18, 20]","[1, 2, 3, 5, 6, 8, 9, 10, 12, 15, 17, 18, 20]",full_mesh,15724.183523126403,0.02952158299999752,13,0,0,0,0,838,13,10,13,1.0,1209.552578702031,55395.91761563208,356,325,825
SELF-Q4-mixed-fixed_hash-340,340,mixed,fixed_hash,triangle_optical,True,all_sources_cleared_with_certificate,triangle,False,990.0,31,31,"[3, 4, 5, 6, 9, 10, 13, 14, 15, 16, 17, 18, 19, 20]","[3, 4, 5, 6, 9, 10, 13, 14, 15, 16, 17, 18, 19, 20]",full_mesh,14784.66683788967,0.02723404199999635,14,0,0,0,0,747,14,3,14,1.0,1056.0476312778335,54138.33418944839,286,258,733
SELF-Q4-mixed-fixed_hash-341,341,mixed,fixed_hash,triangle_optical,True,all_sources_cleared_with_certificate,triangle,False,990.0,31,31,"[1, 2, 5, 6, 8, 9, 10, 11, 12, 13, 14, 16, 17, 18, 19]","[1, 2, 5, 6, 8, 9, 10, 11, 12, 13, 14, 16, 17, 18, 19]",full_mesh,13105.003119470904,0.024092457999998373,15,0,0,0,0,527,15,12,15,1.0,873.6668746313936,47360.01559735459,342,312,512
SELF-Q4-mixed-fixed_hash-342,342,mixed,fixed_hash,triangle_optical,True,all_sources_cleared_with_certificate,triangle,False,990.0,31,23,"[1, 2, 3, 4, 5, 6, 7, 8, 9, 11, 12, 13, 17, 18, 19, 20]","[1, 2, 3, 4, 5, 6, 7, 8, 9, 11, 12, 13, 17, 18, 19, 20]",count_upper_bound,14177.565448238907,0.03451416699999754,16,0,0,0,0,1010,16,12,16,1.0,886.0978405149317,49322.82724119458,212,191,994
SELF-Q4-mixed-fixed_hash-343,343,mixed,fixed_hash,triangle_optical,True,all_sources_cleared_with_certificate,triangle,False,990.0,31,31,"[1, 3, 5, 6, 7, 9, 15, 16, 18, 20]","[1, 3, 5, 6, 7, 9, 15, 16, 18, 20]",full_mesh,13384.30612815215,0.02274237499999998,10,0,0,0,0,612,10,5,10,1.0,1338.430612815215,47471.53064076079,344,314,602
SELF-Q4-mixed-fixed_hash-344,344,mixed,fixed_hash,triangle_optical,True,all_sources_cleared_with_certificate,triangle,False,990.0,31,31,"[4, 5, 7, 10, 11, 12, 13, 14, 15, 16, 20]","[4, 5, 7, 10, 11, 12, 13, 14, 15, 16, 20]",full_mesh,14665.058445187833,0.027457041999994658,11,0,0,0,0,806,11,6,11,1.0,1333.1871313807121,51590.29222593925,323,292,795
SELF-Q4-mixed-fixed_hash-345,345,mixed,fixed_hash,triangle_optical,True,all_sources_cleared_with_certificate,triangle,False,990.0,31,31,"[1, 3, 4, 5, 6, 7, 10, 11, 12, 14, 16, 18]","[1, 3, 4, 5, 6, 7, 10, 11, 12, 14, 16, 18]",full_mesh,12730.81981005764,0.02180891599999768,12,0,0,0,0,455,12,11,12,1.0,1060.9016508381367,45884.09905028821,366,335,443
SELF-Q4-mixed-fixed_hash-346,346,mixed,fixed_hash,triangle_optical,True,all_sources_cleared_with_certificate,triangle,False,990.0,31,31,"[2, 3, 4, 7, 8, 9, 11, 12, 13, 14, 15, 17, 18]","[2, 3, 4, 7, 8, 9, 11, 12, 13, 14, 15, 17, 18]",full_mesh,13467.29959017651,0.02489758299999778,13,0,0,0,0,595,13,3,13,1.0,1035.94612232127,48716.49795088261,324,293,582
SELF-Q4-mixed-fixed_hash-347,347,mixed,fixed_hash,triangle_optical,True,all_sources_cleared_with_certificate,triangle,False,990.0,31,31,"[1, 3, 4, 5, 6, 7, 8, 9, 12, 16, 17, 18, 19, 20]","[1, 3, 4, 5, 6, 7, 8, 9, 12, 16, 17, 18, 19, 20]",full_mesh,16213.43752693218,0.033279374999999334,14,0,0,0,0,1001,14,7,14,1.0,1158.1026804951557,57567.187634660964,283,254,987
SELF-Q4-mixed-fixed_hash-348,348,mixed,fixed_hash,triangle_optical,True,all_sources_cleared_with_certificate,triangle,False,990.0,31,31,"[1, 2, 3, 4, 6, 7, 8, 9, 11, 14, 15, 16, 17, 18, 19]","[1, 2, 3, 4, 6, 7, 8, 9, 11, 14, 15, 16, 17, 18, 19]",full_mesh,13846.420623273476,0.028372290999996608,15,0,0,0,0,733,15,3,15,1.0,923.0947082182317,51182.103116367434,235,206,718
SELF-Q4-mixed-fixed_hash-349,349,mixed,fixed_hash,triangle_optical,True,all_sources_cleared_with_certificate,triangle,False,990.0,31,25,"[1, 3, 4, 5, 6, 8, 9, 10, 13, 14, 15, 16, 17, 18, 19, 20]","[1, 3, 4, 5, 6, 8, 9, 10, 13, 14, 15, 16, 17, 18, 19, 20]",count_upper_bound,13979.27629253503,0.03103733400000408,16,0,0,0,0,877,16,12,16,1.0,873.7047682834394,47721.381462675214,299,277,861
SELF-Q4-mixed-fixed_hash-350,350,mixed,fixed_hash,triangle_optical,True,all_sources_cleared_with_certificate,triangle,False,990.0,31,31,"[3, 5, 6, 10, 11, 12, 13, 14, 18, 20]","[3, 5, 6, 10, 11, 12, 13, 14, 18, 20]",full_mesh,12427.399286408912,0.020420874999999228,10,0,0,0,0,459,10,8,10,1.0,1242.7399286408913,44446.99643204458,362,331,449
SELF-Q4-mixed-fixed_hash-351,351,mixed,fixed_hash,triangle_optical,True,all_sources_cleared_with_certificate,triangle,False,990.0,31,31,"[5, 6, 7, 8, 9, 10, 11, 12, 18, 19, 20]","[5, 6, 7, 8, 9, 10, 11, 12, 18, 19, 20]",full_mesh,13715.862022960526,0.024010124999996663,11,0,0,0,0,599,11,4,11,1.0,1246.896547541866,48859.31011480268,359,330,588
SELF-Q4-mixed-fixed_hash-352,352,mixed,fixed_hash,triangle_optical,True,all_sources_cleared_with_certificate,triangle,False,990.0,31,31,"[2, 3, 4, 5, 8, 9, 10, 14, 16, 17, 19, 20]","[2, 3, 4, 5, 8, 9, 10, 14, 16, 17, 19, 20]",full_mesh,13788.837013671653,0.02672604199999995,12,0,0,0,0,679,12,2,12,1.0,1149.0697511393043,48774.18506835831,334,303,667
SELF-Q4-mixed-fixed_hash-353,353,mixed,fixed_hash,triangle_optical,True,all_sources_cleared_with_certificate,triangle,False,990.0,31,31,"[2, 3, 4, 6, 7, 8, 9, 10, 12, 13, 15, 16, 19]","[2, 3, 4, 6, 7, 8, 9, 10, 12, 13, 15, 16, 19]",full_mesh,14607.066374204824,0.027971291000000065,13,0,0,0,0,773,13,10,13,1.0,1123.620490323448,53215.33187102417,275,244,760
SELF-Q4-mixed-fixed_hash-354,354,mixed,fixed_hash,triangle_optical,True,all_sources_cleared_with_certificate,triangle,False,990.0,31,31,"[1, 2, 3, 4, 5, 7, 8, 10, 11, 16, 17, 18, 19, 20]","[1, 2, 3, 4, 5, 7, 8, 10, 11, 16, 17, 18, 19, 20]",full_mesh,14831.112436007495,0.027412625000003743,14,0,0,0,0,750,14,5,14,1.0,1059.3651740005355,54060.56218003754,295,266,736
SELF-Q4-mixed-fixed_hash-355,355,mixed,fixed_hash,triangle_optical,True,all_sources_cleared_with_certificate,triangle,False,990.0,31,31,"[2, 3, 4, 5, 6, 7, 9, 10, 11, 13, 14, 15, 16, 19, 20]","[2, 3, 4, 5, 6, 7, 9, 10, 11, 13, 14, 15, 16, 19, 20]",full_mesh,15102.226512669024,0.029827791999998965,15,0,0,0,0,837,15,10,15,1.0,1006.8151008446016,55816.132563345185,238,208,822
SELF-Q4-mixed-fixed_hash-356,356,mixed,fixed_hash,triangle_optical,True,all_sources_cleared_with_certificate,triangle,False,990.0,31,25,"[2, 4, 6, 7, 8, 9, 10, 11, 12, 13, 14, 15, 16, 17, 18, 19]","[2, 4, 6, 7, 8, 9, 10, 11, 12, 13, 14, 15, 16, 17, 18, 19]",count_upper_bound,12460.892646561391,0.029032499999999573,16,0,0,0,0,716,16,5,16,1.0,778.805790410087,43544.46323280696,266,242,700
SELF-Q4-mixed-fixed_hash-357,357,mixed,fixed_hash,triangle_optical,True,all_sources_cleared_with_certificate,triangle,False,990.0,31,31,"[3, 4, 5, 6, 7, 8, 9, 12, 18, 20]","[3, 4, 5, 6, 7, 8, 9, 12, 18, 20]",full_mesh,11348.378020445065,0.01709279199999969,10,0,0,0,0,298,10,7,10,1.0,1134.8378020445066,40326.89010222535,400,369,288
SELF-Q4-mixed-fixed_hash-358,358,mixed,fixed_hash,triangle_optical,True,all_sources_cleared_with_certificate,triangle,False,990.0,31,31,"[1, 2, 3, 7, 8, 10, 11, 13, 14, 15, 19]","[1, 2, 3, 7, 8, 10, 11, 13, 14, 15, 19]",full_mesh,14778.644431475423,0.028026167000000157,11,0,0,0,0,793,11,4,11,1.0,1343.5131301341294,50103.22215737716,398,367,782
SELF-Q4-mixed-fixed_hash-359,359,mixed,fixed_hash,triangle_optical,True,all_sources_cleared_with_certificate,triangle,False,990.0,31,31,"[1, 2, 3, 7, 9, 10, 13, 15, 16, 17, 18, 19]","[1, 2, 3, 7, 9, 10, 13, 15, 16, 17, 18, 19]",full_mesh,14481.671070270453,0.02824395799999735,12,0,0,0,0,780,12,4,12,1.0,1206.8059225225377,49763.35535135233,366,335,768
SELF-Q4-mixed-fixed_hash-360,360,mixed,fixed_hash,triangle_optical,True,all_sources_cleared_with_certificate,triangle,False,990.0,31,31,"[2, 3, 4, 7, 8, 9, 10, 11, 13, 14, 15, 17, 20]","[2, 3, 4, 7, 8, 9, 10, 11, 13, 14, 15, 17, 20]",full_mesh,13767.352650685849,0.024941583000000378,13,0,0,0,0,625,13,6,13,1.0,1059.0271269758346,50036.76325342932,315,284,612
SELF-Q4-mixed-fixed_hash-361,361,mixed,fixed_hash,triangle_optical,True,all_sources_cleared_with_certificate,triangle,False,990.0,31,31,"[1, 3, 4, 5, 6, 7, 10, 11, 12, 13, 15, 16, 18, 20]","[1, 3, 4, 5, 6, 7, 10, 11, 12, 13, 15, 16, 18, 20]",full_mesh,15787.02317329323,0.032368416000004174,14,0,0,0,0,924,14,10,14,1.0,1127.644512378088,55810.1158664662,309,280,910
SELF-Q4-mixed-fixed_hash-362,362,mixed,fixed_hash,triangle_optical,True,all_sources_cleared_with_certificate,triangle,False,990.0,31,31,"[3, 5, 6, 8, 9, 10, 11, 12, 13, 14, 16, 17, 18, 19, 20]","[3, 5, 6, 8, 9, 10, 11, 12, 13, 14, 16, 17, 18, 19, 20]",full_mesh,15725.175062234155,0.03403316600000039,15,0,0,0,0,974,15,10,15,1.0,1048.3450041489436,54985.87531117086,301,271,959
SELF-Q4-mixed-fixed_hash-363,363,mixed,fixed_hash,triangle_optical,True,all_sources_cleared_with_certificate,triangle,False,990.0,31,20,"[2, 3, 6, 7, 9, 10, 11, 12, 13, 14, 15, 16, 17, 18, 19, 20]","[2, 3, 6, 7, 9, 10, 11, 12, 13, 14, 15, 16, 17, 18, 19, 20]",count_upper_bound,12772.562833361168,0.03261116599999525,16,0,0,0,0,979,16,6,16,1.0,798.285177085073,44252.81416680588,162,143,963
SELF-Q4-mixed-fixed_hash-364,364,mixed,fixed_hash,triangle_optical,True,all_sources_cleared_with_certificate,triangle,False,990.0,31,31,"[1, 3, 4, 6, 9, 15, 16, 17, 19, 20]","[1, 3, 4, 6, 9, 15, 16, 17, 19, 20]",full_mesh,14574.50423022979,0.02619374999999735,10,0,0,0,0,720,10,4,10,1.0,1457.450423022979,50867.52115114898,375,346,710
SELF-Q4-mixed-fixed_hash-365,365,mixed,fixed_hash,triangle_optical,True,all_sources_cleared_with_certificate,triangle,False,990.0,31,31,"[1, 3, 5, 7, 9, 10, 11, 13, 17, 18, 20]","[1, 3, 5, 7, 9, 10, 11, 13, 17, 18, 20]",full_mesh,12265.925846007456,0.02136837500000155,11,0,0,0,0,453,11,4,11,1.0,1115.0841678188597,44499.62923003732,336,305,442
SELF-Q4-mixed-fixed_hash-366,366,mixed,fixed_hash,triangle_optical,True,all_sources_cleared_with_certificate,triangle,False,990.0,31,31,"[2, 3, 4, 5, 6, 7, 11, 12, 13, 15, 16, 20]","[2, 3, 4, 5, 6, 7, 11, 12, 13, 15, 16, 20]",full_mesh,14148.941565097615,0.02772366599999998,12,0,0,0,0,707,12,7,12,1.0,1179.0784637581346,49129.70782548815,368,338,695
SELF-Q4-mixed-fixed_hash-367,367,mixed,fixed_hash,triangle_optical,True,all_sources_cleared_with_certificate,triangle,False,990.0,31,31,"[1, 2, 4, 5, 7, 8, 9, 12, 14, 16, 17, 18, 19]","[1, 2, 4, 5, 7, 8, 9, 12, 14, 16, 17, 18, 19]",full_mesh,15189.731936707489,0.03176570899999831,13,0,0,0,0,868,13,4,13,1.0,1168.4409182082684,53258.65968353753,323,293,855
SELF-Q4-mixed-fixed_hash-368,368,mixed,fixed_hash,triangle_optical,True,all_sources_cleared_with_certificate,triangle,False,990.0,31,31,"[2, 5, 7, 8, 9, 10, 11, 13, 14, 15, 16, 17, 18, 19]","[2, 5, 7, 8, 9, 10, 11, 13, 14, 15, 16, 17, 18, 19]",full_mesh,14726.613146122801,0.02967458300000203,14,0,0,0,0,762,14,6,14,1.0,1051.9009390087715,52903.06573061408,310,282,748
SELF-Q4-mixed-fixed_hash-369,369,mixed,fixed_hash,triangle_optical,True,all_sources_cleared_with_certificate,triangle,False,990.0,31,31,"[1, 2, 3, 4, 7, 8, 9, 10, 12, 13, 15, 16, 17, 18, 19]","[1, 2, 3, 4, 7, 8, 9, 10, 12, 13, 15, 16, 17, 18, 19]",full_mesh,13416.558542963103,0.02656641700000506,15,0,0,0,0,702,15,6,15,1.0,894.4372361975402,50522.79271481553,201,171,687
SELF-Q4-mixed-fixed_hash-370,370,mixed,fixed_hash,triangle_optical,True,all_sources_cleared_with_certificate,triangle,False,990.0,31,25,"[1, 3, 4, 5, 6, 8, 9, 10, 11, 12, 13, 14, 15, 16, 17, 19]","[1, 3, 4, 5, 6, 8, 9, 10, 11, 12, 13, 14, 15, 16, 17, 19]",count_upper_bound,15812.631457526975,0.03681804200000016,16,0,0,0,0,1144,16,10,16,1.0,988.289466095436,55028.157287634975,228,203,1128
SELF-Q4-mixed-fixed_hash-371,371,mixed,fixed_hash,triangle_optical,True,all_sources_cleared_with_certificate,triangle,False,990.0,31,31,"[1, 4, 6, 8, 10, 13, 14, 17, 18, 19]","[1, 4, 6, 8, 10, 13, 14, 17, 18, 19]",full_mesh,12405.785221516113,0.02036266599999692,10,0,0,0,0,468,10,4,10,1.0,1240.5785221516112,44168.92610758058,363,333,458
SELF-Q4-mixed-fixed_hash-372,372,mixed,fixed_hash,triangle_optical,True,all_sources_cleared_with_certificate,triangle,False,990.0,31,31,"[3, 4, 7, 8, 9, 10, 12, 16, 18, 19, 20]","[3, 4, 7, 8, 9, 10, 12, 16, 18, 19, 20]",full_mesh,13664.482432895438,0.022448666999999034,11,0,0,0,0,562,11,7,11,1.0,1242.2256757177672,48167.41216447723,392,363,551
SELF-Q4-mixed-fixed_hash-373,373,mixed,fixed_hash,triangle_optical,True,all_sources_cleared_with_certificate,triangle,False,990.0,31,31,"[2, 4, 5, 6, 7, 8, 10, 12, 15, 16, 17, 19]","[2, 4, 5, 6, 7, 8, 10, 12, 15, 16, 17, 19]",full_mesh,14807.618127948303,0.026812375000005773,12,0,0,0,0,760,12,8,12,1.0,1233.9681773290251,51903.09063974155,359,328,748
SELF-Q4-mixed-fixed_hash-374,374,mixed,fixed_hash,triangle_optical,True,all_sources_cleared_with_certificate,triangle,False,990.0,31,31,"[4, 5, 8, 9, 11, 12, 13, 14, 15, 16, 17, 18, 19]","[4, 5, 8, 9, 11, 12, 13, 14, 15, 16, 17, 18, 19]",full_mesh,14461.581544698405,0.02900779199999448,13,0,0,0,0,807,13,7,13,1.0,1112.429349592185,51522.90772349208,290,260,794
SELF-Q4-mixed-fixed_hash-375,375,mixed,fixed_hash,triangle_optical,True,all_sources_cleared_with_certificate,triangle,False,990.0,31,31,"[3, 5, 6, 7, 8, 9, 12, 13, 14, 15, 16, 17, 19, 20]","[3, 5, 6, 7, 8, 9, 12, 13, 14, 15, 16, 17, 19, 20]",full_mesh,13843.190497581947,0.025863582999996027,14,0,0,0,0,644,14,11,14,1.0,988.7993212558533,49440.952487909766,337,310,630
SELF-Q4-mixed-fixed_hash-376,376,mixed,fixed_hash,triangle_optical,True,all_sources_cleared_with_certificate,triangle,False,990.0,31,31,"[1, 3, 4, 6, 7, 8, 9, 10, 12, 13, 15, 16, 17, 18, 20]","[1, 3, 4, 6, 7, 8, 9, 10, 12, 13, 15, 16, 17, 18, 20]",full_mesh,13951.367191997235,0.02794504100000239,15,0,0,0,0,770,15,10,15,1.0,930.091146133149,51606.83595998626,220,190,755
SELF-Q4-mixed-fixed_hash-377,377,mixed,fixed_hash,triangle_optical,True,all_sources_cleared_with_certificate,triangle,False,990.0,31,24,"[1, 2, 3, 4, 6, 7, 8, 9, 11, 13, 14, 15, 17, 18, 19, 20]","[1, 2, 3, 4, 6, 7, 8, 9, 11, 13, 14, 15, 17, 18, 19, 20]",count_upper_bound,12919.263907543142,0.02991929200000243,16,0,0,0,0,787,16,6,16,1.0,807.4539942214464,46391.31953771573,212,188,771
SELF-Q4-mixed-fixed_hash-378,378,mixed,fixed_hash,triangle_optical,True,all_sources_cleared_with_certificate,triangle,False,990.0,31,31,"[1, 5, 7, 8, 10, 12, 13, 15, 17, 20]","[1, 5, 7, 8, 10, 12, 13, 15, 17, 20]",full_mesh,13266.99985299219,0.021830708000003085,10,0,0,0,0,556,10,3,10,1.0,1326.699985299219,47904.999264961,338,308,546
SELF-Q4-mixed-fixed_hash-379,379,mixed,fixed_hash,triangle_optical,True,all_sources_cleared_with_certificate,triangle,False,990.0,31,31,"[1, 6, 7, 8, 10, 11, 13, 14, 16, 17, 18]","[1, 6, 7, 8, 10, 11, 13, 14, 16, 17, 18]",full_mesh,13159.19727978199,0.022643125000001874,11,0,0,0,0,554,11,8,11,1.0,1196.2906617983629,46340.98639890998,373,342,543
SELF-Q4-mixed-fixed_hash-380,380,mixed,fixed_hash,triangle_optical,True,all_sources_cleared_with_certificate,triangle,False,990.0,31,31,"[4, 5, 8, 9, 10, 11, 12, 13, 14, 15, 18, 20]","[4, 5, 8, 9, 10, 11, 12, 13, 14, 15, 18, 20]",full_mesh,14741.884451625547,0.02919945899999732,12,0,0,0,0,817,12,8,12,1.0,1228.4903709687956,51524.4222581278,332,302,805
SELF-Q4-mixed-fixed_hash-381,381,mixed,fixed_hash,triangle_optical,True,all_sources_cleared_with_certificate,triangle,False,990.0,31,31,"[1, 4, 5, 7, 9, 10, 11, 13, 14, 15, 16, 19, 20]","[1, 4, 5, 7, 9, 10, 11, 13, 14, 15, 16, 19, 20]",full_mesh,13004.889999756882,0.022593249999999898,13,0,0,0,0,527,13,7,13,1.0,1000.3761538274525,48594.44999878447,285,254,514
SELF-Q4-mixed-fixed_hash-382,382,mixed,fixed_hash,triangle_optical,True,all_sources_cleared_with_certificate,triangle,False,990.0,31,31,"[1, 2, 3, 5, 6, 8, 9, 10, 11, 12, 13, 15, 16, 19]","[1, 2, 3, 5, 6, 8, 9, 10, 11, 12, 13, 15, 16, 19]",full_mesh,15528.813651175034,0.03175666699999624,14,0,0,0,0,894,14,12,14,1.0,1109.200975083931,53714.06825587522,351,321,880
SELF-Q4-mixed-fixed_hash-383,383,mixed,fixed_hash,triangle_optical,True,all_sources_cleared_with_certificate,triangle,False,990.0,31,31,"[2, 4, 5, 6, 8, 11, 12, 13, 14, 15, 16, 17, 18, 19, 20]","[2, 4, 5, 6, 8, 11, 12, 13, 14, 15, 16, 17, 18, 19, 20]",full_mesh,12211.078650867812,0.023334959000003153,14,0,1,0,0,520,15,5,15,1.0,814.0719100578541,45670.39325433909,252,224,506
SELF-Q4-mixed-fixed_hash-384,384,mixed,fixed_hash,triangle_optical,True,all_sources_cleared_with_certificate,triangle,False,990.0,31,28,"[1, 2, 4, 5, 7, 8, 9, 10, 12, 13, 15, 16, 17, 18, 19, 20]","[1, 2, 4, 5, 7, 8, 9, 10, 12, 13, 15, 16, 17, 18, 19, 20]",count_upper_bound,13385.67997331729,0.03027979200000175,16,0,0,0,0,795,16,8,16,1.0,836.6049983323306,48458.39986658651,217,192,779
SELF-Q4-mixed-fixed_hash-385,385,mixed,fixed_hash,triangle_optical,True,all_sources_cleared_with_certificate,triangle,False,990.0,31,31,"[1, 3, 4, 7, 10, 13, 14, 16, 17, 19]","[1, 3, 4, 7, 10, 13, 14, 16, 17, 19]",full_mesh,12109.813860521052,0.019472249999999747,10,0,0,0,0,392,10,6,10,1.0,1210.981386052105,42629.069302605305,403,373,382
SELF-Q4-mixed-fixed_hash-386,386,mixed,fixed_hash,triangle_optical,True,all_sources_cleared_with_certificate,triangle,False,990.0,31,31,"[1, 4, 5, 9, 10, 11, 13, 14, 15, 17, 20]","[1, 4, 5, 9, 10, 11, 13, 14, 15, 17, 20]",full_mesh,13355.48724540659,0.02416799999999597,11,0,0,0,0,542,11,10,11,1.0,1214.1352041278717,46027.43622703301,422,392,531
SELF-Q4-mixed-fixed_hash-387,387,mixed,fixed_hash,triangle_optical,True,all_sources_cleared_with_certificate,triangle,False,990.0,31,31,"[2, 4, 5, 6, 7, 9, 10, 15, 17, 18, 19, 20]","[2, 4, 5, 6, 7, 9, 10, 15, 17, 18, 19, 20]",full_mesh,14143.111296431067,0.026288958000002083,12,0,0,0,0,672,12,2,12,1.0,1178.5926080359222,50525.55648215538,338,308,660
SELF-Q4-mixed-fixed_hash-388,388,mixed,fixed_hash,triangle_optical,True,all_sources_cleared_with_certificate,triangle,False,990.0,31,31,"[2, 3, 4, 6, 7, 8, 11, 12, 13, 14, 17, 19, 20]","[2, 3, 4, 6, 7, 8, 11, 12, 13, 14, 17, 19, 20]",full_mesh,16193.610051775433,0.03198841700000088,13,0,0,0,0,990,13,2,13,1.0,1245.6623116750334,56873.05025887726,309,278,977
SELF-Q4-mixed-fixed_hash-389,389,mixed,fixed_hash,triangle_optical,True,all_sources_cleared_with_certificate,triangle,False,990.0,31,31,"[1, 3, 4, 7, 8, 9, 12, 13, 14, 16, 17, 18, 19, 20]","[1, 3, 4, 7, 8, 9, 12, 13, 14, 16, 17, 18, 19, 20]",full_mesh,13361.490049568261,0.026020917000003863,14,0,0,0,0,631,14,8,14,1.0,954.392146397733,48892.450247841334,282,252,617
SELF-Q4-mixed-fixed_hash-390,390,mixed,fixed_hash,triangle_optical,True,all_sources_cleared_with_certificate,triangle,False,990.0,31,31,"[1, 3, 4, 5, 6, 9, 11, 13, 14, 15, 16, 17, 18, 19, 20]","[1, 3, 4, 5, 6, 9, 11, 13, 14, 15, 16, 17, 18, 19, 20]",full_mesh,13712.620132617487,0.027150499999997635,15,0,0,0,0,747,15,5,15,1.0,914.1746755078325,51233.10066308749,204,175,732
SELF-Q4-mixed-fixed_hash-391,391,mixed,fixed_hash,triangle_optical,True,all_sources_cleared_with_certificate,triangle,False,990.0,31,14,"[1, 2, 4, 5, 6, 8, 10, 11, 12, 13, 14, 15, 16, 18, 19, 20]","[1, 2, 4, 5, 6, 8, 10, 11, 12, 13, 14, 15, 16, 18, 19, 20]",count_upper_bound,10409.900739021026,0.028344041999993408,16,0,0,0,0,817,16,2,16,1.0,650.6187961888141,34484.50369510515,174,160,801
SELF-Q4-mixed-fixed_hash-392,392,mixed,fixed_hash,triangle_optical,True,all_sources_cleared_with_certificate,triangle,False,990.0,31,31,"[2, 4, 6, 7, 9, 15, 16, 18, 19, 20]","[2, 4, 6, 7, 9, 15, 16, 18, 19, 20]",full_mesh,12878.099946738654,0.021835500000001673,10,0,0,0,0,540,10,5,10,1.0,1287.8099946738653,45775.49973369331,352,323,530
SELF-Q4-mixed-fixed_hash-393,393,mixed,fixed_hash,triangle_optical,True,all_sources_cleared_with_certificate,triangle,False,990.0,31,31,"[1, 3, 4, 6, 8, 10, 11, 12, 14, 17, 19]","[1, 3, 4, 6, 8, 10, 11, 12, 14, 17, 19]",full_mesh,15530.84668527433,0.027894875000001207,11,0,0,0,0,826,11,2,11,1.0,1411.8951532067572,54599.2334263717,357,326,815
SELF-Q4-mixed-fixed_hash-394,394,mixed,fixed_hash,triangle_optical,True,all_sources_cleared_with_certificate,triangle,False,990.0,31,31,"[2, 3, 4, 6, 7, 8, 12, 14, 16, 17, 18, 20]","[2, 3, 4, 6, 7, 8, 12, 14, 16, 17, 18, 20]",full_mesh,13868.719637195538,0.026311875000004648,12,0,0,0,0,706,12,8,12,1.0,1155.7266364329614,48913.59818597772,329,299,694
SELF-Q4-mixed-fixed_hash-395,395,mixed,fixed_hash,triangle_optical,True,all_sources_cleared_with_certificate,triangle,False,990.0,31,31,"[1, 2, 3, 4, 5, 6, 7, 11, 12, 13, 14, 15, 17]","[1, 2, 3, 4, 5, 6, 7, 11, 12, 13, 14, 15, 17]",full_mesh,15132.581597533057,0.028139916000000653,13,0,0,0,0,829,13,9,13,1.0,1164.0447382717737,53352.90798766536,330,299,816
SELF-Q4-mixed-fixed_hash-396,396,mixed,fixed_hash,triangle_optical,True,all_sources_cleared_with_certificate,triangle,False,990.0,31,31,"[2, 4, 5, 6, 7, 9, 10, 12, 14, 15, 17, 18, 19, 20]","[2, 4, 5, 6, 7, 9, 10, 12, 14, 15, 17, 18, 19, 20]",full_mesh,15770.860324585054,0.03345679099999899,14,0,0,0,0,977,14,6,14,1.0,1126.4900231846466,56074.301622925326,271,242,963
SELF-Q4-mixed-fixed_hash-397,397,mixed,fixed_hash,triangle_optical,True,all_sources_cleared_with_certificate,triangle,False,990.0,31,31,"[1, 2, 3, 4, 5, 7, 9, 10, 12, 13, 15, 17, 18, 19, 20]","[1, 2, 3, 4, 5, 7, 9, 10, 12, 13, 15, 17, 18, 19, 20]",full_mesh,13450.111245730686,0.02636479099999889,15,0,0,0,0,673,15,14,15,1.0,896.6740830487124,49925.556228653484,241,211,658
SELF-Q4-mixed-fixed_hash-398,398,mixed,fixed_hash,triangle_optical,True,all_sources_cleared_with_certificate,triangle,False,990.0,31,24,"[1, 2, 3, 4, 6, 8, 10, 11, 12, 13, 14, 15, 16, 17, 18, 20]","[1, 2, 3, 4, 6, 8, 10, 11, 12, 13, 14, 15, 16, 17, 18, 20]",count_upper_bound,15161.844474689606,0.036113624999998706,16,0,0,0,0,1120,16,7,16,1.0,947.6152796681004,52509.222373448094,215,193,1104
SELF-Q4-mixed-fixed_hash-399,399,mixed,fixed_hash,triangle_optical,True,all_sources_cleared_with_certificate,triangle,False,990.0,31,31,"[1, 2, 3, 4, 6, 8, 9, 11, 18, 20]","[1, 2, 3, 4, 6, 8, 9, 11, 18, 20]",full_mesh,13530.181734164522,0.02455795899999913,10,0,0,0,0,613,10,1,10,1.0,1353.018173416452,47885.908670822646,354,324,603
SELF-Q4-mixed-fixed_hash-400,400,mixed,fixed_hash,triangle_optical,True,all_sources_cleared_with_certificate,triangle,False,990.0,31,31,"[3, 7, 8, 9, 10, 12, 13, 15, 16, 18, 19]","[3, 7, 8, 9, 10, 12, 13, 15, 16, 18, 19]",full_mesh,13582.940649715363,0.022322959000000253,11,0,0,0,0,512,11,5,11,1.0,1234.8127863377604,48484.70324857685,393,363,501
SELF-Q4-mixed-fixed_hash-401,401,mixed,fixed_hash,triangle_optical,True,all_sources_cleared_with_certificate,triangle,False,990.0,31,31,"[3, 4, 5, 6, 8, 9, 11, 13, 14, 15, 16, 20]","[3, 4, 5, 6, 8, 9, 11, 13, 14, 15, 16, 20]",full_mesh,13595.20957935474,0.025803875000001142,12,0,0,0,0,656,12,2,12,1.0,1132.934131612895,48961.04789677376,307,276,644
SELF-Q4-mixed-fixed_hash-402,402,mixed,fixed_hash,triangle_optical,True,all_sources_cleared_with_certificate,triangle,False,990.0,31,31,"[1, 3, 4, 7, 8, 9, 10, 13, 14, 16, 17, 18, 20]","[1, 3, 4, 7, 8, 9, 10, 13, 14, 16, 17, 18, 20]",full_mesh,14730.44256335463,0.02905458299999708,13,0,0,0,0,803,13,10,13,1.0,1133.1109664118947,51787.21281677321,328,298,790
SELF-Q4-mixed-fixed_hash-403,403,mixed,fixed_hash,triangle_optical,True,all_sources_cleared_with_certificate,triangle,False,990.0,31,31,"[2, 3, 6, 7, 8, 9, 10, 11, 12, 13, 14, 16, 17, 20]","[2, 3, 6, 7, 8, 9, 10, 11, 12, 13, 14, 16, 17, 20]",full_mesh,12683.20911476305,0.02424941700000005,14,0,0,0,0,563,14,12,14,1.0,905.9435081973608,46946.04557381529,268,237,549
SELF-Q4-mixed-fixed_hash-404,404,mixed,fixed_hash,triangle_optical,True,all_sources_cleared_with_certificate,triangle,False,990.0,31,31,"[1, 2, 3, 6, 7, 10, 11, 12, 13, 14, 16, 17, 18, 19, 20]","[1, 2, 3, 6, 7, 10, 11, 12, 13, 14, 16, 17, 18, 19, 20]",full_mesh,15704.519382233946,0.032012250000001075,15,0,0,0,0,883,15,14,15,1.0,1046.9679588155964,57137.59691116981,271,243,868
SELF-Q4-mixed-fixed_hash-405,405,mixed,fixed_hash,triangle_optical,True,all_sources_cleared_with_certificate,triangle,False,990.0,31,24,"[1, 2, 4, 5, 6, 7, 9, 10, 11, 13, 14, 15, 16, 17, 18, 19]","[1, 2, 4, 5, 6, 7, 9, 10, 11, 13, 14, 15, 16, 17, 18, 19]",count_upper_bound,11531.048129380539,0.02634291700000091,16,0,0,0,0,631,16,9,16,1.0,720.6905080862837,42415.24064690271,191,168,615
SELF-Q4-mixed-fixed_hash-406,406,mixed,fixed_hash,triangle_optical,True,all_sources_cleared_with_certificate,triangle,False,990.0,31,31,"[1, 2, 3, 4, 5, 10, 13, 14, 15, 20]","[1, 2, 3, 4, 5, 10, 13, 14, 15, 20]",full_mesh,12886.894108753999,0.021230250000002115,10,0,0,0,0,494,10,2,10,1.0,1288.6894108754,45284.47054377,393,363,484
SELF-Q4-mixed-fixed_hash-407,407,mixed,fixed_hash,triangle_optical,True,all_sources_cleared_with_certificate,triangle,False,990.0,31,31,"[4, 8, 9, 10, 11, 12, 13, 14, 16, 18, 19]","[4, 8, 9, 10, 11, 12, 13, 14, 16, 18, 19]",full_mesh,14221.582135019256,0.02509937499999637,11,0,0,0,0,624,11,7,11,1.0,1292.8711031835687,49697.910675096326,403,373,613
SELF-Q4-mixed-fixed_hash-408,408,mixed,fixed_hash,triangle_optical,True,all_sources_cleared_with_certificate,triangle,False,990.0,31,31,"[2, 4, 5, 7, 8, 9, 11, 14, 15, 17, 18, 19]","[2, 4, 5, 7, 8, 9, 11, 14, 15, 17, 18, 19]",full_mesh,14814.760898078452,0.028755499999995493,12,0,0,0,0,791,12,9,12,1.0,1234.5634081732044,52278.804490392315,332,302,779
SELF-Q4-mixed-fixed_hash-409,409,mixed,fixed_hash,triangle_optical,True,all_sources_cleared_with_certificate,triangle,False,990.0,31,31,"[2, 4, 5, 7, 9, 11, 12, 13, 14, 16, 17, 18, 19]","[2, 4, 5, 7, 9, 11, 12, 13, 14, 16, 17, 18, 19]",full_mesh,15610.020269786877,0.03164445799999527,13,0,0,0,0,921,13,4,13,1.0,1200.770789983606,54835.10134893447,314,284,908
SELF-Q4-mixed-fixed_hash-410,410,mixed,fixed_hash,triangle_optical,True,all_sources_cleared_with_certificate,triangle,False,990.0,31,31,"[1, 3, 4, 5, 8, 9, 10, 11, 12, 14, 16, 17, 19, 20]","[1, 3, 4, 5, 8, 9, 10, 11, 12, 14, 16, 17, 19, 20]",full_mesh,15579.47899442142,0.033045874999999114,14,0,0,0,0,960,14,1,14,1.0,1112.8199281729587,56007.39497210716,250,220,946
SELF-Q4-mixed-fixed_hash-411,411,mixed,fixed_hash,triangle_optical,True,all_sources_cleared_with_certificate,triangle,False,990.0,31,31,"[1, 2, 4, 6, 7, 8, 9, 10, 11, 14, 15, 16, 17, 19, 20]","[1, 2, 4, 6, 7, 8, 9, 10, 11, 14, 15, 16, 17, 19, 20]",full_mesh,15804.098477116204,0.03319916699999936,15,0,0,0,0,969,15,2,15,1.0,1053.6065651410802,57430.49238558108,235,206,954
SELF-Q4-mixed-fixed_hash-412,412,mixed,fixed_hash,triangle_optical,True,all_sources_cleared_with_certificate,triangle,False,990.0,31,24,"[1, 2, 4, 5, 6, 7, 8, 10, 11, 13, 14, 15, 16, 18, 19, 20]","[1, 2, 4, 5, 6, 7, 8, 10, 11, 13, 14, 15, 16, 18, 19, 20]",count_upper_bound,13852.413880547978,0.035139166000000444,16,0,0,0,0,1035,16,6,16,1.0,865.7758675342486,48107.06940273992,186,164,1019
SELF-Q4-mixed-fixed_hash-413,413,mixed,fixed_hash,triangle_optical,True,all_sources_cleared_with_certificate,triangle,False,990.0,31,31,"[3, 5, 6, 8, 9, 10, 11, 15, 18, 19]","[3, 5, 6, 8, 9, 10, 11, 15, 18, 19]",full_mesh,13583.856377382035,0.02421083400000157,10,0,0,0,0,650,10,5,10,1.0,1358.3856377382035,47064.28188691023,372,341,640
SELF-Q4-mixed-fixed_hash-414,414,mixed,fixed_hash,triangle_optical,True,all_sources_cleared_with_certificate,triangle,False,990.0,31,31,"[2, 3, 5, 6, 8, 9, 10, 12, 13, 14, 17]","[2, 3, 5, 6, 8, 9, 10, 12, 13, 14, 17]",full_mesh,15405.165293971928,0.028508500000000936,11,0,0,0,0,846,11,7,11,1.0,1400.4695721792662,53700.8264698597,356,325,835
SELF-Q4-mixed-fixed_hash-415,415,mixed,fixed_hash,triangle_optical,True,all_sources_cleared_with_certificate,triangle,False,990.0,31,31,"[1, 2, 3, 7, 8, 9, 11, 13, 14, 15, 17, 18]","[1, 2, 3, 7, 8, 9, 11, 13, 14, 15, 17, 18]",full_mesh,12635.831871999562,0.021331416999998964,12,0,0,0,0,455,12,8,12,1.0,1052.9859893332969,46279.15935999781,337,306,443
SELF-Q4-mixed-fixed_hash-416,416,mixed,fixed_hash,triangle_optical,True,all_sources_cleared_with_certificate,triangle,False,990.0,31,31,"[1, 6, 8, 9, 10, 11, 12, 15, 16, 17, 18, 19, 20]","[1, 6, 8, 9, 10, 11, 12, 15, 16, 17, 18, 19, 20]",full_mesh,13806.691154460612,0.024570500000002937,13,0,0,0,0,651,13,11,13,1.0,1062.0531657277393,51423.4557723031,262,233,638
SELF-Q4-mixed-fixed_hash-417,417,mixed,fixed_hash,triangle_optical,True,all_sources_cleared_with_certificate,triangle,False,990.0,31,31,"[1, 2, 3, 6, 7, 8, 9, 10, 11, 12, 13, 14, 15, 20]","[1, 2, 3, 6, 7, 8, 9, 10, 11, 12, 13, 14, 15, 20]",full_mesh,17484.472447945263,0.035853125000002706,14,0,0,0,0,1138,14,1,14,1.0,1248.8908891389474,60257.36223972641,337,306,1124
SELF-Q4-mixed-fixed_hash-418,418,mixed,fixed_hash,triangle_optical,True,all_sources_cleared_with_certificate,triangle,False,990.0,31,31,"[1, 3, 4, 5, 7, 8, 9, 10, 11, 12, 13, 15, 16, 18, 20]","[1, 3, 4, 5, 7, 8, 9, 10, 11, 12, 13, 15, 16, 18, 20]",full_mesh,16107.749693316677,0.034585125000006656,15,0,0,0,0,1024,15,10,15,1.0,1073.849979554445,56273.74846658347,297,266,1009
SELF-Q4-mixed-fixed_hash-419,419,mixed,fixed_hash,triangle_optical,True,all_sources_cleared_with_certificate,triangle,False,990.0,31,24,"[1, 2, 3, 4, 5, 9, 10, 11, 12, 13, 14, 15, 16, 17, 19, 20]","[1, 2, 3, 4, 5, 9, 10, 11, 12, 13, 14, 15, 16, 17, 19, 20]",count_upper_bound,15444.690325840878,0.039316792000001044,16,0,0,0,0,1265,16,15,16,1.0,965.2931453650549,53223.45162920448,166,143,1249
SELF-Q4-mixed-fixed_hash-420,420,mixed,fixed_hash,triangle_optical,True,all_sources_cleared_with_certificate,triangle,False,990.0,31,31,"[1, 2, 4, 9, 11, 12, 13, 14, 15, 17]","[1, 2, 4, 9, 11, 12, 13, 14, 15, 17]",full_mesh,13431.346579356816,0.023139374999999518,10,0,0,0,0,605,10,1,10,1.0,1343.1346579356816,47876.73289678412,342,311,595
SELF-Q4-mixed-fixed_hash-421,421,mixed,fixed_hash,triangle_optical,True,all_sources_cleared_with_certificate,triangle,False,990.0,31,31,"[4, 6, 7, 8, 9, 10, 16, 17, 18, 19, 20]","[4, 6, 7, 8, 9, 10, 16, 17, 18, 19, 20]",full_mesh,13933.226167225352,0.02450283299999967,11,0,0,0,0,620,11,7,11,1.0,1266.6569242932137,48526.13083612681,396,366,609
SELF-Q4-mixed-fixed_hash-422,422,mixed,fixed_hash,triangle_optical,True,all_sources_cleared_with_certificate,triangle,False,990.0,31,31,"[1, 3, 4, 5, 8, 10, 11, 13, 16, 18, 19, 20]","[1, 3, 4, 5, 8, 10, 11, 13, 16, 18, 19, 20]",full_mesh,12772.033072908216,0.02104345899999771,12,0,0,0,0,499,12,1,12,1.0,1064.336089409018,46590.165364541084,327,298,487
SELF-Q4-mixed-fixed_hash-423,423,mixed,fixed_hash,triangle_optical,True,all_sources_cleared_with_certificate,triangle,False,990.0,31,31,"[2, 4, 5, 6, 8, 9, 10, 11, 14, 15, 17, 18, 19]","[2, 4, 5, 6, 8, 9, 10, 11, 14, 15, 17, 18, 19]",full_mesh,13350.977446662382,0.024020000000000152,13,0,0,0,0,581,13,10,13,1.0,1026.9982651278756,48069.88723331197,333,303,568
SELF-Q4-mixed-fixed_hash-424,424,mixed,fixed_hash,triangle_optical,True,all_sources_cleared_with_certificate,triangle,False,990.0,31,31,"[1, 2, 3, 4, 5, 7, 9, 13, 14, 15, 16, 17, 18, 19]","[1, 2, 3, 4, 5, 7, 9, 13, 14, 15, 16, 17, 18, 19]",full_mesh,13029.009801265103,0.02491083400000349,14,0,0,0,0,589,14,4,14,1.0,930.6435572332217,48615.04900632557,257,226,575
SELF-Q4-mixed-fixed_hash-425,425,mixed,fixed_hash,triangle_optical,True,all_sources_cleared_with_certificate,triangle,False,990.0,31,31,"[2, 3, 4, 5, 6, 9, 10, 11, 12, 13, 14, 15, 17, 18, 20]","[2, 3, 4, 5, 6, 9, 10, 11, 12, 13, 14, 15, 17, 18, 20]",full_mesh,17486.169423435236,0.03960562500000009,15,0,0,0,0,1282,15,9,15,1.0,1165.7446282290157,61180.84711717625,234,204,1267
SELF-Q4-mixed-fixed_hash-426,426,mixed,fixed_hash,triangle_optical,True,all_sources_cleared_with_certificate,triangle,False,990.0,31,29,"[1, 2, 3, 4, 5, 6, 7, 8, 9, 10, 11, 12, 13, 15, 19, 20]","[1, 2, 3, 4, 5, 6, 7, 8, 9, 10, 11, 12, 13, 15, 19, 20]",count_upper_bound,15747.302739046512,0.033846167000000094,16,0,0,0,0,996,16,12,16,1.0,984.206421190407,55461.51369523266,277,250,980
SELF-Q4-mixed-fixed_hash-427,427,mixed,fixed_hash,triangle_optical,True,all_sources_cleared_with_certificate,triangle,False,990.0,31,31,"[1, 2, 5, 6, 11, 12, 16, 17, 18, 20]","[1, 2, 5, 6, 11, 12, 16, 17, 18, 20]",full_mesh,12917.08887297853,0.020338499999994042,10,0,0,0,0,432,10,9,10,1.0,1291.708887297853,45405.44436489269,425,395,422
SELF-Q4-mixed-fixed_hash-428,428,mixed,fixed_hash,triangle_optical,True,all_sources_cleared_with_certificate,triangle,False,990.0,31,31,"[2, 4, 5, 9, 10, 13, 15, 17, 18, 19, 20]","[2, 4, 5, 9, 10, 13, 15, 17, 18, 19, 20]",full_mesh,13655.322954264124,0.025502375000002075,11,0,0,0,0,681,11,5,11,1.0,1241.3929958421932,48161.61477132069,331,303,670
SELF-Q4-mixed-fixed_hash-429,429,mixed,fixed_hash,triangle_optical,True,all_sources_cleared_with_certificate,triangle,False,990.0,31,31,"[1, 3, 4, 7, 8, 10, 11, 13, 16, 18, 19, 20]","[1, 3, 4, 7, 8, 10, 11, 13, 16, 18, 19, 20]",full_mesh,12697.88721473641,0.02260241700000165,12,0,0,0,0,557,12,2,12,1.0,1058.157267894701,47269.43607368209,263,234,545
SELF-Q4-mixed-fixed_hash-430,430,mixed,fixed_hash,triangle_optical,True,all_sources_cleared_with_certificate,triangle,False,990.0,31,31,"[1, 2, 4, 5, 6, 7, 8, 9, 11, 13, 16, 17, 19]","[1, 2, 4, 5, 6, 7, 8, 9, 11, 13, 16, 17, 19]",full_mesh,14654.55262307291,0.029136249999993424,13,0,0,0,0,812,13,7,13,1.0,1127.273278697916,52562.763115364636,285,255,799
SELF-Q4-mixed-fixed_hash-431,431,mixed,fixed_hash,triangle_optical,True,all_sources_cleared_with_certificate,triangle,False,990.0,31,31,"[1, 2, 3, 4, 7, 9, 10, 11, 12, 13, 14, 15, 16, 19]","[1, 2, 3, 4, 7, 9, 10, 11, 12, 13, 14, 15, 16, 19]",full_mesh,14524.212650074891,0.02847150000000198,14,0,0,0,0,757,14,2,14,1.0,1037.443760719635,52606.06325037452,289,259,743
SELF-Q4-mixed-fixed_hash-432,432,mixed,fixed_hash,triangle_optical,True,all_sources_cleared_with_certificate,triangle,False,990.0,31,31,"[1, 2, 3, 4, 7, 8, 9, 11, 12, 13, 14, 16, 18, 19, 20]","[1, 2, 3, 4, 7, 8, 9, 11, 12, 13, 14, 16, 18, 19, 20]",full_mesh,15901.555022667855,0.03308125000000217,15,0,0,0,0,1007,15,6,15,1.0,1060.1036681778571,57502.77511333933,230,200,992
SELF-Q4-mixed-fixed_hash-433,433,mixed,fixed_hash,triangle_optical,True,all_sources_cleared_with_certificate,triangle,False,990.0,31,23,"[2, 3, 4, 5, 6, 7, 8, 9, 10, 11, 12, 14, 15, 16, 17, 19]","[2, 3, 4, 5, 6, 7, 8, 9, 10, 11, 12, 14, 15, 16, 17, 19]",count_upper_bound,12925.005472938064,0.029541291000001024,16,0,0,0,0,821,16,6,16,1.0,807.812842058629,47015.02736469035,175,152,805
SELF-Q4-mixed-fixed_hash-434,434,mixed,fixed_hash,triangle_optical,True,all_sources_cleared_with_certificate,triangle,False,990.0,31,31,"[1, 3, 5, 7, 9, 12, 13, 14, 17, 19]","[1, 3, 5, 7, 9, 12, 13, 14, 17, 19]",full_mesh,13304.63903849881,0.021318458000003204,10,0,0,0,0,552,10,8,10,1.0,1330.463903849881,47408.19519249409,363,332,542
SELF-Q4-mixed-fixed_hash-435,435,mixed,fixed_hash,triangle_optical,True,all_sources_cleared_with_certificate,triangle,False,990.0,31,31,"[2, 6, 7, 8, 10, 12, 13, 15, 16, 17, 19]","[2, 6, 7, 8, 10, 12, 13, 15, 16, 17, 19]",full_mesh,13206.482930172722,0.022148500000000126,11,0,0,0,0,495,11,9,11,1.0,1200.5893572884293,47372.41465086362,376,345,484
SELF-Q4-mixed-fixed_hash-436,436,mixed,fixed_hash,triangle_optical,True,all_sources_cleared_with_certificate,triangle,False,990.0,31,31,"[2, 4, 6, 8, 9, 11, 13, 14, 15, 16, 19, 20]","[2, 4, 6, 8, 9, 11, 13, 14, 15, 16, 19, 20]",full_mesh,13083.505267587645,0.024600916000004247,12,0,0,0,0,603,12,10,12,1.0,1090.2921056323037,46472.52633793825,331,301,591
SELF-Q4-mixed-fixed_hash-437,437,mixed,fixed_hash,triangle_optical,True,all_sources_cleared_with_certificate,triangle,False,990.0,31,31,"[1, 4, 5, 6, 8, 10, 11, 12, 13, 16, 17, 19, 20]","[1, 4, 5, 6, 8, 10, 11, 12, 13, 16, 17, 19, 20]",full_mesh,15051.289133253696,0.0302162079999988,13,0,0,0,0,844,13,6,13,1.0,1157.7914717887459,53521.445666268555,303,274,831
SELF-Q4-mixed-fixed_hash-438,438,mixed,fixed_hash,triangle_optical,True,all_sources_cleared_with_certificate,triangle,False,990.0,31,31,"[1, 2, 3, 7, 9, 10, 12, 13, 15, 16, 17, 18, 19, 20]","[1, 2, 3, 7, 9, 10, 12, 13, 15, 16, 17, 18, 19, 20]",full_mesh,13367.951349968927,0.026769790999999543,14,0,0,0,0,622,14,3,14,1.0,954.8536678549234,48014.75674984468,317,286,608
SELF-Q4-mixed-fixed_hash-439,439,mixed,fixed_hash,triangle_optical,True,all_sources_cleared_with_certificate,triangle,False,990.0,31,31,"[2, 4, 5, 7, 8, 9, 10, 11, 12, 13, 14, 16, 17, 18, 20]","[2, 4, 5, 7, 8, 9, 10, 11, 12, 13, 14, 16, 17, 18, 20]",full_mesh,16088.949040039399,0.034793417000003046,15,0,0,0,0,1011,15,12,15,1.0,1072.5966026692934,56639.74520019708,288,258,996
SELF-Q4-mixed-fixed_hash-440,440,mixed,fixed_hash,triangle_optical,True,all_sources_cleared_with_certificate,triangle,False,990.0,31,25,"[1, 2, 3, 4, 6, 7, 8, 9, 10, 12, 14, 15, 16, 17, 18, 20]","[1, 2, 3, 4, 6, 7, 8, 9, 10, 12, 14, 15, 16, 17, 18, 20]",count_upper_bound,15549.978797195152,0.03582029200000392,16,0,0,0,0,1143,16,10,16,1.0,971.873674824697,53639.89398597584,231,206,1127
SELF-Q4-mixed-fixed_hash-441,441,mixed,fixed_hash,triangle_optical,True,all_sources_cleared_with_certificate,triangle,False,990.0,31,31,"[1, 5, 6, 7, 8, 10, 12, 13, 16, 18]","[1, 5, 6, 7, 8, 10, 12, 13, 16, 18]",full_mesh,12727.94261989293,0.019310708000006116,10,0,0,0,0,428,10,7,10,1.0,1272.794261989293,45334.71309946469,398,367,418
SELF-Q4-mixed-fixed_hash-442,442,mixed,fixed_hash,triangle_optical,True,all_sources_cleared_with_certificate,triangle,False,990.0,31,31,"[3, 4, 6, 7, 8, 10, 12, 14, 15, 17, 19]","[3, 4, 6, 7, 8, 10, 12, 14, 15, 17, 19]",full_mesh,14482.481916128892,0.02701779199999521,11,0,0,0,0,722,11,7,11,1.0,1316.5892651026265,49532.40958064451,403,373,711
SELF-Q4-mixed-fixed_hash-443,443,mixed,fixed_hash,triangle_optical,True,all_sources_cleared_with_certificate,triangle,False,990.0,31,31,"[1, 2, 4, 5, 6, 9, 10, 11, 16, 18, 19, 20]","[1, 2, 4, 5, 6, 9, 10, 11, 16, 18, 19, 20]",full_mesh,14616.405187999673,0.026760250000002372,12,0,0,0,0,737,12,9,12,1.0,1218.0337656666395,52157.0259399984,330,300,725
SELF-Q4-mixed-fixed_hash-444,444,mixed,fixed_hash,triangle_optical,True,all_sources_cleared_with_certificate,triangle,False,990.0,31,31,"[1, 5, 8, 9, 10, 11, 12, 13, 14, 15, 16, 19, 20]","[1, 5, 8, 9, 10, 11, 12, 13, 14, 15, 16, 19, 20]",full_mesh,15631.984675914662,0.03201212500000139,13,0,0,0,0,968,13,8,13,1.0,1202.4603596857432,54514.92337957341,305,274,955
SELF-Q4-mixed-fixed_hash-445,445,mixed,fixed_hash,triangle_optical,True,all_sources_cleared_with_certificate,triangle,False,990.0,31,31,"[3, 5, 7, 8, 9, 10, 11, 13, 14, 16, 17, 18, 19, 20]","[3, 5, 7, 8, 9, 10, 11, 13, 14, 16, 17, 18, 19, 20]",full_mesh,15894.684350186571,0.030731375000002004,14,0,0,0,0,943,14,5,14,1.0,1135.334596441898,57623.421750932925,257,228,929
SELF-Q4-mixed-fixed_hash-446,446,mixed,fixed_hash,triangle_optical,True,all_sources_cleared_with_certificate,triangle,False,990.0,31,31,"[1, 2, 4, 5, 6, 7, 10, 12, 13, 14, 15, 16, 18, 19, 20]","[1, 2, 4, 5, 6, 7, 10, 12, 13, 14, 15, 16, 18, 19, 20]",full_mesh,14662.012720504865,0.029496874999999534,15,0,0,0,0,762,15,14,15,1.0,977.4675147003243,53475.06360252436,280,251,747
SELF-Q4-mixed-fixed_hash-447,447,mixed,fixed_hash,triangle_optical,True,all_sources_cleared_with_certificate,triangle,False,990.0,31,24,"[1, 2, 3, 4, 5, 7, 9, 10, 11, 12, 13, 14, 16, 17, 19, 20]","[1, 2, 3, 4, 5, 7, 9, 10, 11, 12, 13, 14, 16, 17, 19, 20]",count_upper_bound,13973.06422248788,0.03458249999999907,16,0,0,0,0,978,16,15,16,1.0,873.3165139054925,48035.32111243946,237,215,962
SELF-Q4-mixed-fixed_hash-448,448,mixed,fixed_hash,triangle_optical,True,all_sources_cleared_with_certificate,triangle,False,990.0,31,31,"[1, 4, 6, 8, 9, 10, 13, 16, 17, 20]","[1, 4, 6, 8, 9, 10, 13, 16, 17, 20]",full_mesh,12455.057610317546,0.01919062500000024,10,0,0,0,0,397,10,7,10,1.0,1245.5057610317547,44555.28805158774,394,363,387
SELF-Q4-mixed-fixed_hash-449,449,mixed,fixed_hash,triangle_optical,True,all_sources_cleared_with_certificate,triangle,False,990.0,31,31,"[2, 4, 7, 8, 10, 11, 13, 14, 16, 19, 20]","[2, 4, 7, 8, 10, 11, 13, 14, 16, 19, 20]",full_mesh,13447.457131469313,0.02257579100000129,11,0,0,0,0,536,11,6,11,1.0,1222.4961028608466,48052.28565734658,373,342,525
SELF-Q4-mixed-fixed_hash-450,450,mixed,fixed_hash,triangle_optical,True,all_sources_cleared_with_certificate,triangle,False,990.0,31,31,"[1, 2, 4, 5, 8, 10, 12, 13, 16, 17, 19, 20]","[1, 2, 4, 5, 8, 10, 12, 13, 16, 17, 19, 20]",full_mesh,13911.36134305651,0.026069959000004417,12,0,0,0,0,678,12,10,12,1.0,1159.2801119213757,49836.80671528258,319,291,666
SELF-Q4-mixed-fixed_hash-451,451,mixed,fixed_hash,triangle_optical,True,all_sources_cleared_with_certificate,triangle,False,990.0,31,31,"[1, 2, 3, 5, 6, 11, 12, 13, 14, 16, 18, 19, 20]","[1, 2, 3, 5, 6, 11, 12, 13, 14, 16, 18, 19, 20]",full_mesh,13772.35103667727,0.024028457999996533,13,0,0,0,0,597,13,8,13,1.0,1059.4116182059438,49271.75518338636,355,326,584
SELF-Q4-mixed-fixed_hash-452,452,mixed,fixed_hash,triangle_optical,True,all_sources_cleared_with_certificate,triangle,False,990.0,31,31,"[1, 2, 3, 4, 5, 8, 9, 10, 11, 12, 15, 17, 19, 20]","[1, 2, 3, 4, 5, 8, 9, 10, 11, 12, 15, 17, 19, 20]",full_mesh,15134.463299339754,0.029124750000001143,14,0,0,0,0,782,14,8,14,1.0,1081.0330928099825,54652.31649669881,310,280,768
SELF-Q4-mixed-fixed_hash-453,453,mixed,fixed_hash,triangle_optical,True,all_sources_cleared_with_certificate,triangle,False,990.0,31,31,"[1, 3, 4, 6, 7, 8, 9, 12, 13, 14, 16, 17, 18, 19, 20]","[1, 3, 4, 6, 7, 8, 9, 12, 13, 14, 16, 17, 18, 19, 20]",full_mesh,13278.823494197168,0.026811541999997246,15,0,0,0,0,692,15,14,15,1.0,885.2548996131445,49569.117470985875,215,184,677
SELF-Q4-mixed-fixed_hash-454,454,mixed,fixed_hash,triangle_optical,True,all_sources_cleared_with_certificate,triangle,False,990.0,31,25,"[1, 3, 4, 5, 6, 7, 8, 9, 10, 11, 12, 14, 16, 17, 18, 19]","[1, 3, 4, 5, 6, 7, 8, 9, 10, 11, 12, 14, 16, 17, 18, 19]",count_upper_bound,13515.551873008635,0.033936291999999924,16,0,0,0,0,935,16,13,16,1.0,844.7219920630397,47452.75936504323,202,178,919
SELF-Q4-mixed-fixed_hash-455,455,mixed,fixed_hash,triangle_optical,True,all_sources_cleared_with_certificate,triangle,False,990.0,31,31,"[1, 2, 3, 6, 8, 11, 13, 15, 16, 18]","[1, 2, 3, 6, 8, 11, 13, 15, 16, 18]",full_mesh,13393.615647181074,0.02284800000000331,10,0,0,0,0,577,10,7,10,1.0,1339.3615647181073,47658.07823590542,357,326,567
SELF-Q4-mixed-fixed_hash-456,456,mixed,fixed_hash,triangle_optical,True,all_sources_cleared_with_certificate,triangle,False,990.0,31,31,"[2, 6, 9, 10, 12, 13, 14, 15, 16, 17, 20]","[2, 6, 9, 10, 12, 13, 14, 15, 16, 17, 20]",full_mesh,13999.838209486044,0.024696584000004407,11,0,0,0,0,678,11,8,11,1.0,1272.7125644987314,49404.19104743028,349,318,667
SELF-Q4-mixed-fixed_hash-457,457,mixed,fixed_hash,triangle_optical,True,all_sources_cleared_with_certificate,triangle,False,990.0,31,31,"[1, 3, 6, 9, 10, 11, 12, 13, 15, 18, 19, 20]","[1, 3, 6, 9, 10, 11, 12, 13, 15, 18, 19, 20]",full_mesh,12410.535540463026,0.022295583000001784,12,0,0,0,0,516,12,4,12,1.0,1034.2112950385856,45367.67770231516,299,270,504
SELF-Q4-mixed-fixed_hash-458,458,mixed,fixed_hash,triangle_optical,True,all_sources_cleared_with_certificate,triangle,False,990.0,31,31,"[1, 3, 5, 6, 8, 9, 11, 13, 14, 15, 17, 19, 20]","[1, 3, 5, 6, 8, 9, 11, 13, 14, 15, 17, 19, 20]",full_mesh,14722.339981154491,0.028807333000003155,13,0,0,0,0,799,13,8,13,1.0,1132.4876908580377,53366.69990577252,276,246,786
SELF-Q4-mixed-fixed_hash-459,459,mixed,fixed_hash,triangle_optical,True,all_sources_cleared_with_certificate,triangle,False,990.0,31,31,"[1, 2, 4, 5, 6, 7, 8, 13, 14, 15, 17, 18, 19, 20]","[1, 2, 4, 5, 6, 7, 8, 13, 14, 15, 17, 18, 19, 20]",full_mesh,13240.37199973223,0.0253950409999959,14,0,0,0,0,622,14,4,14,1.0,945.7408571237307,48456.85999866121,281,250,608
SELF-Q4-mixed-fixed_hash-460,460,mixed,fixed_hash,triangle_optical,True,all_sources_cleared_with_certificate,triangle,False,990.0,31,31,"[1, 6, 7, 8, 9, 10, 11, 12, 13, 14, 16, 17, 18, 19, 20]","[1, 6, 7, 8, 9, 10, 11, 12, 13, 14, 16, 17, 18, 19, 20]",full_mesh,12935.229275826314,0.02529587500000474,15,0,0,0,0,630,15,1,15,1.0,862.348618388421,48446.14637913161,226,196,615
SELF-Q4-mixed-fixed_hash-461,461,mixed,fixed_hash,triangle_optical,True,all_sources_cleared_with_certificate,triangle,False,990.0,31,22,"[2, 3, 4, 5, 6, 7, 8, 9, 10, 11, 12, 14, 15, 17, 18, 19]","[2, 3, 4, 5, 6, 7, 8, 9, 10, 11, 12, 14, 15, 17, 18, 19]",count_upper_bound,12334.19943571241,0.029089917000000298,16,0,0,0,0,780,16,2,16,1.0,770.8874647320256,43735.997178562044,206,185,764
SELF-Q4-mixed-fixed_hash-462,462,mixed,fixed_hash,triangle_optical,True,all_sources_cleared_with_certificate,triangle,False,990.0,31,31,"[1, 2, 3, 5, 6, 10, 11, 13, 16, 19]","[1, 2, 3, 5, 6, 10, 11, 13, 16, 19]",full_mesh,13185.63416713419,0.021867167000003462,10,0,0,0,0,522,10,5,10,1.0,1318.563416713419,46093.170835671,402,371,512
SELF-Q4-mixed-fixed_hash-463,463,mixed,fixed_hash,triangle_optical,True,all_sources_cleared_with_certificate,triangle,False,990.0,31,31,"[2, 3, 7, 8, 9, 10, 14, 16, 17, 18, 20]","[2, 3, 7, 8, 9, 10, 14, 16, 17, 18, 20]",full_mesh,12694.261572851521,0.020752541000000235,11,0,0,0,0,454,11,4,11,1.0,1154.0237793501383,45296.30786425763,380,351,443
SELF-Q4-mixed-fixed_hash-464,464,mixed,fixed_hash,triangle_optical,True,all_sources_cleared_with_certificate,triangle,False,990.0,31,31,"[2, 3, 5, 6, 8, 9, 13, 15, 17, 18, 19, 20]","[2, 3, 5, 6, 8, 9, 13, 15, 17, 18, 19, 20]",full_mesh,14675.70211934175,0.028123833999998737,12,0,0,0,0,785,12,7,12,1.0,1222.9751766118125,51338.51059670879,343,314,773
SELF-Q4-mixed-fixed_hash-465,465,mixed,fixed_hash,triangle_optical,True,all_sources_cleared_with_certificate,triangle,False,990.0,31,31,"[1, 2, 3, 4, 6, 7, 8, 9, 11, 12, 13, 18, 20]","[1, 2, 3, 4, 6, 7, 8, 9, 11, 12, 13, 18, 20]",full_mesh,15463.471242340183,0.03134474999999526,13,0,0,0,0,924,13,6,13,1.0,1189.4977878723219,53337.356211701,338,308,911
SELF-Q4-mixed-fixed_hash-466,466,mixed,fixed_hash,triangle_optical,True,all_sources_cleared_with_certificate,triangle,False,990.0,31,31,"[2, 3, 4, 5, 6, 7, 8, 9, 10, 13, 14, 15, 17, 19]","[2, 3, 4, 5, 6, 7, 8, 9, 10, 13, 14, 15, 17, 19]",full_mesh,13828.520355773448,0.02556524999999965,14,0,0,0,0,624,14,8,14,1.0,987.7514539838177,51007.6017788673,293,262,610
SELF-Q4-mixed-fixed_hash-467,467,mixed,fixed_hash,triangle_optical,True,all_sources_cleared_with_certificate,triangle,False,990.0,31,31,"[1, 2, 3, 5, 7, 9, 12, 13, 14, 15, 16, 17, 18, 19, 20]","[1, 2, 3, 5, 7, 9, 12, 13, 14, 15, 16, 17, 18, 19, 20]",full_mesh,12703.845037184317,0.025153166999999144,15,0,0,0,0,641,15,5,15,1.0,846.9230024789545,47329.22518592165,219,190,626
SELF-Q4-mixed-fixed_hash-468,468,mixed,fixed_hash,triangle_optical,True,all_sources_cleared_with_certificate,triangle,False,990.0,31,29,"[1, 2, 3, 5, 6, 7, 8, 9, 11, 12, 13, 14, 15, 17, 19, 20]","[1, 2, 3, 5, 6, 7, 8, 9, 11, 12, 13, 14, 15, 17, 19, 20]",count_upper_bound,12859.800869648703,0.026763875000000326,16,0,0,0,0,702,16,3,16,1.0,803.737554353044,47664.004348243565,203,174,686
SELF-Q4-mixed-fixed_hash-469,469,mixed,fixed_hash,triangle_optical,True,all_sources_cleared_with_certificate,triangle,False,990.0,31,31,"[1, 2, 5, 9, 10, 11, 12, 13, 14, 20]","[1, 2, 5, 9, 10, 11, 12, 13, 14, 20]",full_mesh,12860.336531480802,0.02036524999999756,10,0,0,0,0,430,10,1,10,1.0,1286.0336531480802,45246.682657404046,422,391,420
SELF-Q4-mixed-fixed_hash-470,470,mixed,fixed_hash,triangle_optical,True,all_sources_cleared_with_certificate,triangle,False,990.0,31,31,"[1, 2, 5, 6, 7, 12, 13, 15, 16, 19, 20]","[1, 2, 5, 6, 7, 12, 13, 15, 16, 19, 20]",full_mesh,14338.287478095413,0.025524959000001957,11,0,0,0,0,671,11,6,11,1.0,1303.4806798268557,50266.43739047711,380,350,660
SELF-Q4-mixed-fixed_hash-471,471,mixed,fixed_hash,triangle_optical,True,all_sources_cleared_with_certificate,triangle,False,990.0,31,31,"[2, 3, 4, 6, 8, 9, 10, 11, 12, 14, 15, 16]","[2, 3, 4, 6, 8, 9, 10, 11, 12, 14, 15, 16]",full_mesh,13002.779166753004,0.022533917000004067,12,0,0,0,0,541,12,1,12,1.0,1083.5649305627503,47783.8958337651,305,274,529
SELF-Q4-mixed-fixed_hash-472,472,mixed,fixed_hash,triangle_optical,True,all_sources_cleared_with_certificate,triangle,False,990.0,31,31,"[1, 2, 3, 5, 6, 7, 11, 12, 13, 15, 17, 19, 20]","[1, 2, 3, 5, 6, 7, 11, 12, 13, 15, 17, 19, 20]",full_mesh,15537.792110069746,0.030761999999995737,13,0,0,0,0,913,13,2,13,1.0,1195.2147776976728,55733.9605503488,276,246,900
SELF-Q4-mixed-fixed_hash-473,473,mixed,fixed_hash,triangle_optical,True,all_sources_cleared_with_certificate,triangle,False,990.0,31,31,"[1, 2, 3, 5, 8, 11, 12, 13, 14, 15, 16, 17, 18, 20]","[1, 2, 3, 5, 8, 11, 12, 13, 14, 15, 16, 17, 18, 20]",full_mesh,15257.590832959151,0.030967042000000333,14,0,0,0,0,903,14,6,14,1.0,1089.8279166399393,54867.954164795796,263,232,889
SELF-Q4-mixed-fixed_hash-474,474,mixed,fixed_hash,triangle_optical,True,all_sources_cleared_with_certificate,triangle,False,990.0,31,31,"[1, 2, 3, 4, 5, 6, 10, 12, 13, 14, 15, 16, 18, 19, 20]","[1, 2, 3, 4, 5, 6, 10, 12, 13, 14, 15, 16, 18, 19, 20]",full_mesh,17422.310289599776,0.03778741600000046,15,0,0,0,0,1191,15,3,15,1.0,1161.4873526399851,60816.55144799898,281,251,1176
SELF-Q4-mixed-fixed_hash-475,475,mixed,fixed_hash,triangle_optical,True,all_sources_cleared_with_certificate,triangle,False,990.0,31,22,"[1, 2, 3, 5, 6, 8, 9, 10, 11, 12, 13, 14, 15, 17, 18, 20]","[1, 2, 3, 5, 6, 8, 9, 10, 11, 12, 13, 14, 15, 17, 18, 20]",count_upper_bound,14044.73232623117,0.03455449999999871,16,0,0,0,0,1044,16,5,16,1.0,877.7957703894481,48633.66163115588,196,174,1028
SELF-Q4-mixed-fixed_hash-476,476,mixed,fixed_hash,triangle_optical,True,all_sources_cleared_with_certificate,triangle,False,990.0,31,31,"[7, 8, 9, 12, 13, 14, 16, 17, 19, 20]","[7, 8, 9, 12, 13, 14, 16, 17, 19, 20]",full_mesh,12623.772626217895,0.01898274999999927,10,0,0,0,0,416,10,4,10,1.0,1262.3772626217894,45613.863131089514,377,348,406
SELF-Q4-mixed-fixed_hash-477,477,mixed,fixed_hash,triangle_optical,True,all_sources_cleared_with_certificate,triangle,False,990.0,31,31,"[2, 3, 6, 7, 9, 10, 11, 14, 17, 19, 20]","[2, 3, 6, 7, 9, 10, 11, 14, 17, 19, 20]",full_mesh,13930.002545477095,0.023962375000003533,11,0,0,0,0,617,11,1,11,1.0,1266.363867770645,47955.01272738552,416,386,606
SELF-Q4-mixed-fixed_hash-478,478,mixed,fixed_hash,triangle_optical,True,all_sources_cleared_with_certificate,triangle,False,990.0,31,31,"[1, 2, 4, 5, 6, 7, 9, 10, 11, 13, 17, 19]","[1, 2, 4, 5, 6, 7, 9, 10, 11, 13, 17, 19]",full_mesh,11915.135305141546,0.020448291999997537,12,0,0,0,0,448,12,5,12,1.0,992.9279420951289,43590.67652570776,310,279,436
SELF-Q4-mixed-fixed_hash-479,479,mixed,fixed_hash,triangle_optical,True,all_sources_cleared_with_certificate,triangle,False,990.0,31,31,"[2, 3, 5, 9, 11, 12, 13, 14, 15, 17, 18, 19, 20]","[2, 3, 5, 9, 11, 12, 13, 14, 15, 17, 18, 19, 20]",full_mesh,13550.507226044465,0.025023083000000668,13,0,0,0,0,642,13,1,13,1.0,1042.3467096957281,49827.536130222376,277,248,629
SELF-Q4-mixed-fixed_hash-480,480,mixed,fixed_hash,triangle_optical,True,all_sources_cleared_with_certificate,triangle,False,990.0,31,31,"[2, 4, 5, 8, 10, 11, 12, 13, 15, 16, 17, 18, 19, 20]","[2, 4, 5, 8, 10, 11, 12, 13, 15, 16, 17, 18, 19, 20]",full_mesh,16320.952251923001,0.03422520800000228,14,0,0,0,0,994,14,5,14,1.0,1165.7823037087858,57099.761259615094,320,291,980
SELF-Q4-mixed-fixed_hash-481,481,mixed,fixed_hash,triangle_optical,True,all_sources_cleared_with_certificate,triangle,False,990.0,31,31,"[1, 2, 3, 4, 5, 6, 8, 9, 10, 11, 14, 15, 16, 18, 20]","[1, 2, 3, 4, 5, 6, 8, 9, 10, 11, 14, 15, 16, 18, 20]",full_mesh,14383.727803102254,0.02923741699999738,15,0,0,0,0,773,15,4,15,1.0,958.9151868734837,52558.63901551134,259,228,758
SELF-Q4-mixed-fixed_hash-482,482,mixed,fixed_hash,triangle_optical,True,all_sources_cleared_with_certificate,triangle,False,990.0,31,25,"[1, 3, 4, 5, 6, 7, 8, 9, 10, 13, 14, 16, 17, 18, 19, 20]","[1, 3, 4, 5, 6, 7, 8, 9, 10, 13, 14, 16, 17, 18, 19, 20]",count_upper_bound,16087.671044053037,0.03667487500000277,16,0,0,0,0,1151,16,6,16,1.0,1005.4794402533148,55448.35522026523,256,233,1135
SELF-Q4-mixed-fixed_hash-483,483,mixed,fixed_hash,triangle_optical,True,all_sources_cleared_with_certificate,triangle,False,990.0,31,31,"[1, 3, 4, 9, 10, 11, 15, 17, 19, 20]","[1, 3, 4, 9, 10, 11, 15, 17, 19, 20]",full_mesh,12835.651012003234,0.022181582999998284,10,0,0,0,0,516,10,6,10,1.0,1283.5651012003234,45323.2550600162,372,343,506
SELF-Q4-mixed-fixed_hash-484,484,mixed,fixed_hash,triangle_optical,True,all_sources_cleared_with_certificate,triangle,False,990.0,31,31,"[2, 4, 6, 8, 11, 12, 14, 15, 16, 17, 19]","[2, 4, 6, 8, 11, 12, 14, 15, 16, 17, 19]",full_mesh,12794.40031560232,0.020332332999998926,11,0,0,0,0,428,11,5,11,1.0,1163.1273014183926,47182.0015780116,347,317,417
SELF-Q4-mixed-fixed_hash-485,485,mixed,fixed_hash,triangle_optical,True,all_sources_cleared_with_certificate,triangle,False,990.0,31,31,"[2, 5, 6, 7, 8, 10, 11, 12, 13, 16, 18, 20]","[2, 5, 6, 7, 8, 10, 11, 12, 13, 16, 18, 20]",full_mesh,13018.426344694675,0.022284500000004925,12,0,0,0,0,502,12,6,12,1.0,1084.8688620578896,46942.13172347341,355,325,490
SELF-Q4-mixed-fixed_hash-486,486,mixed,fixed_hash,triangle_optical,True,all_sources_cleared_with_certificate,triangle,False,990.0,31,31,"[1, 4, 5, 6, 7, 8, 9, 12, 13, 14, 16, 19, 20]","[1, 4, 5, 6, 7, 8, 9, 12, 13, 14, 16, 19, 20]",full_mesh,12487.894143196949,0.021080833000006294,13,0,0,0,0,442,13,7,13,1.0,960.6072417843807,46679.470715984775,305,275,429
SELF-Q4-mixed-fixed_hash-487,487,mixed,fixed_hash,triangle_optical,True,all_sources_cleared_with_certificate,triangle,False,990.0,31,31,"[2, 4, 5, 6, 8, 9, 10, 11, 12, 13, 14, 16, 18, 20]","[2, 4, 5, 6, 8, 9, 10, 11, 12, 13, 14, 16, 18, 20]",full_mesh,14769.447687566588,0.029666332999994438,14,0,0,0,0,843,14,5,14,1.0,1054.9605491118991,53112.23843783303,270,240,829
SELF-Q4-mixed-fixed_hash-488,488,mixed,fixed_hash,triangle_optical,True,all_sources_cleared_with_certificate,triangle,False,990.0,31,31,"[2, 3, 4, 5, 6, 7, 8, 9, 10, 11, 13, 15, 17, 18, 19]","[2, 3, 4, 5, 6, 7, 8, 9, 10, 11, 13, 15, 17, 18, 19]",full_mesh,16514.43810225174,0.0342696250000003,15,0,0,0,0,1055,15,5,15,1.0,1100.962540150116,58352.190511258785,280,249,1040
SELF-Q4-mixed-fixed_hash-489,489,mixed,fixed_hash,triangle_optical,True,all_sources_cleared_with_certificate,triangle,False,990.0,31,22,"[1, 2, 3, 6, 7, 8, 9, 12, 13, 14, 15, 16, 17, 18, 19, 20]","[1, 2, 3, 6, 7, 8, 9, 12, 13, 14, 15, 16, 17, 18, 19, 20]",count_upper_bound,13614.113791523323,0.03361037500000208,16,0,0,0,0,988,16,4,16,1.0,850.8821119702077,47850.56895761664,178,158,972
SELF-Q4-mixed-fixed_hash-490,490,mixed,fixed_hash,triangle_optical,True,all_sources_cleared_with_certificate,triangle,False,990.0,31,31,"[3, 4, 6, 7, 8, 9, 10, 16, 18, 20]","[3, 4, 6, 7, 8, 9, 10, 16, 18, 20]",full_mesh,13122.242818843926,0.022531250000000114,10,0,0,0,0,500,10,7,10,1.0,1312.2242818843927,46491.21409421966,389,359,490
SELF-Q4-mixed-fixed_hash-491,491,mixed,fixed_hash,triangle_optical,True,all_sources_cleared_with_certificate,triangle,False,990.0,31,31,"[4, 6, 7, 8, 9, 11, 12, 13, 14, 16, 20]","[4, 6, 7, 8, 9, 11, 12, 13, 14, 16, 20]",full_mesh,14093.074579855924,0.024977375000005964,11,0,0,0,0,674,11,6,11,1.0,1281.1885981687203,50315.37289927967,336,306,663
SELF-Q4-mixed-fixed_hash-492,492,mixed,fixed_hash,triangle_optical,True,all_sources_cleared_with_certificate,triangle,False,990.0,31,31,"[1, 3, 4, 5, 10, 11, 12, 15, 16, 18, 19, 20]","[1, 3, 4, 5, 10, 11, 12, 15, 16, 18, 19, 20]",full_mesh,16220.295492544505,0.029651082999997413,12,0,0,0,0,880,12,2,12,1.0,1351.6912910453755,56981.4774627226,365,335,868
SELF-Q4-mixed-fixed_hash-493,493,mixed,fixed_hash,triangle_optical,True,all_sources_cleared_with_certificate,triangle,False,990.0,31,31,"[1, 4, 5, 8, 9, 10, 11, 12, 14, 16, 17, 18, 20]","[1, 4, 5, 8, 9, 10, 11, 12, 14, 16, 17, 18, 20]",full_mesh,12324.128502153088,0.02183512500000262,13,0,0,0,0,487,13,4,13,1.0,948.0098847810067,46470.642510765436,262,233,474
SELF-Q4-mixed-fixed_hash-494,494,mixed,fixed_hash,triangle_optical,True,all_sources_cleared_with_certificate,triangle,False,990.0,31,31,"[1, 4, 5, 6, 7, 9, 11, 12, 14, 15, 16, 18, 19, 20]","[1, 4, 5, 6, 7, 9, 11, 12, 14, 15, 16, 18, 19, 20]",full_mesh,17150.60124674033,0.03553379099999887,14,0,0,0,0,1137,14,7,14,1.0,1225.0429461957378,61503.00623370178,240,211,1123
SELF-Q4-mixed-fixed_hash-495,495,mixed,fixed_hash,triangle_optical,True,all_sources_cleared_with_certificate,triangle,False,990.0,31,31,"[2, 3, 4, 5, 6, 7, 10, 11, 13, 14, 15, 17, 18, 19, 20]","[2, 3, 4, 5, 6, 7, 10, 11, 13, 14, 15, 17, 18, 19, 20]",full_mesh,17995.22835136747,0.038973624999997014,15,0,0,0,0,1232,15,13,15,1.0,1199.6818900911646,61586.14175683742,330,302,1217
SELF-Q4-mixed-fixed_hash-496,496,mixed,fixed_hash,triangle_optical,True,all_sources_cleared_with_certificate,triangle,False,990.0,31,23,"[3, 4, 5, 7, 8, 9, 10, 11, 12, 13, 15, 16, 17, 18, 19, 20]","[3, 4, 5, 7, 8, 9, 10, 11, 12, 13, 15, 16, 17, 18, 19, 20]",count_upper_bound,14938.95780146452,0.03561362499999632,16,0,0,0,0,1110,16,7,16,1.0,933.6848625915325,50614.78900732263,246,224,1094
SELF-Q4-mixed-fixed_hash-497,497,mixed,fixed_hash,triangle_optical,True,all_sources_cleared_with_certificate,triangle,False,990.0,31,31,"[2, 4, 6, 7, 9, 10, 11, 12, 13, 18]","[2, 4, 6, 7, 9, 10, 11, 12, 13, 18]",full_mesh,12875.271453034624,0.021598415999996234,10,0,0,0,0,521,10,5,10,1.0,1287.5271453034625,45756.357265173145,362,331,511
SELF-Q4-mixed-fixed_hash-498,498,mixed,fixed_hash,triangle_optical,True,all_sources_cleared_with_certificate,triangle,False,990.0,31,31,"[1, 7, 8, 10, 12, 14, 16, 17, 18, 19, 20]","[1, 7, 8, 10, 12, 14, 16, 17, 18, 19, 20]",full_mesh,14646.49313222657,0.028266207999998016,11,0,0,0,0,817,11,5,11,1.0,1331.4993756569609,51677.46566113292,311,283,806
SELF-Q4-mixed-fixed_hash-499,499,mixed,fixed_hash,triangle_optical,True,all_sources_cleared_with_certificate,triangle,False,990.0,31,31,"[2, 4, 5, 6, 9, 10, 11, 12, 13, 15, 16, 18]","[2, 4, 5, 6, 9, 10, 11, 12, 13, 15, 16, 18]",full_mesh,12932.85069571872,0.022404375000000698,12,0,0,0,0,524,12,7,12,1.0,1077.73755797656,47299.253478593615,318,287,512
SELF-Q4-mixed-fixed_hash-0,0,mixed,fixed_hash,triangle_active,True,all_sources_cleared_with_certificate,triangle,True,990.0,31,31,"[2, 5, 6, 7, 8, 9, 13, 14, 16, 20]","[2, 5, 6, 7, 8, 9, 13, 14, 16, 20]",full_mesh,10386.423281276755,0.007134084000000485,0,20,10,1,2,0,10,4,10,1.0,1038.6423281276755,40027.11640638378,390,378,1
SELF-Q4-mixed-fixed_hash-1,1,mixed,fixed_hash,triangle_active,True,all_sources_cleared_with_certificate,triangle,True,990.0,31,31,"[3, 4, 5, 7, 8, 9, 11, 13, 14, 15, 19]","[3, 4, 5, 7, 8, 9, 11, 13, 14, 15, 19]",full_mesh,10418.35100503124,0.008172041999998214,0,27,10,1,0,0,11,4,11,1.0,947.1228186392036,40026.75502515617,395,383,0
SELF-Q4-mixed-fixed_hash-2,2,mixed,fixed_hash,triangle_active,True,all_sources_cleared_with_certificate,triangle,True,990.0,31,31,"[2, 3, 4, 5, 6, 10, 11, 12, 13, 15, 17, 19]","[2, 3, 4, 5, 6, 10, 11, 12, 13, 15, 17, 19]",full_mesh,10274.276543152992,0.007983207999998854,0,39,12,0,0,0,12,10,12,1.0,856.1897119294159,39411.38271576495,390,382,0
SELF-Q4-mixed-fixed_hash-3,3,mixed,fixed_hash,triangle_active,True,all_sources_cleared_with_certificate,triangle,True,990.0,31,31,"[1, 2, 5, 8, 10, 11, 12, 13, 14, 15, 18, 19, 20]","[1, 2, 5, 8, 10, 11, 12, 13, 14, 15, 18, 19, 20]",full_mesh,10443.666785442558,0.007436250000004918,0,25,13,0,0,0,13,5,13,1.0,803.3589834955814,40838.333927212785,370,361,0
SELF-Q4-mixed-fixed_hash-4,4,mixed,fixed_hash,triangle_active,True,all_sources_cleared_with_certificate,triangle,True,990.0,31,31,"[1, 2, 3, 4, 5, 7, 8, 9, 10, 12, 13, 14, 16, 17]","[1, 2, 3, 4, 5, 7, 8, 9, 10, 12, 13, 14, 16, 17]",full_mesh,10191.10784388433,0.007075417000002915,0,35,12,2,0,0,14,9,14,1.0,727.9362745631664,41465.53921942165,306,298,0
SELF-Q4-mixed-fixed_hash-5,5,mixed,fixed_hash,triangle_active,True,all_sources_cleared_with_certificate,triangle,True,990.0,31,31,"[1, 2, 3, 4, 8, 9, 11, 12, 13, 14, 16, 17, 18, 19, 20]","[1, 2, 3, 4, 8, 9, 11, 12, 13, 14, 16, 17, 18, 19, 20]",full_mesh,10851.199313736806,0.0085767919999995,0,48,13,2,0,0,15,14,15,1.0,723.4132875824538,41665.99656868403,408,403,0
SELF-Q4-mixed-fixed_hash-6,6,mixed,fixed_hash,triangle_active,True,all_sources_cleared_with_certificate,triangle,True,990.0,31,25,"[1, 2, 3, 4, 6, 8, 9, 10, 11, 12, 14, 15, 16, 18, 19, 20]","[1, 2, 3, 4, 6, 8, 9, 10, 11, 12, 14, 15, 16, 18, 19, 20]",count_upper_bound,9419.203207926143,0.008272125000004849,1,52,10,6,9,2,16,12,16,1.0,588.7002004953839,36711.016039630726,333,326,2
SELF-Q4-mixed-fixed_hash-7,7,mixed,fixed_hash,triangle_active,True,all_sources_cleared_with_certificate,triangle,True,990.0,31,31,"[2, 3, 5, 6, 9, 10, 11, 13, 14, 17]","[2, 3, 5, 6, 9, 10, 11, 13, 14, 17]",full_mesh,10234.774215406002,0.007538457999999082,0,28,10,0,1,0,10,1,10,1.0,1023.4774215406002,38128.871077030024,428,419,0
SELF-Q4-mixed-fixed_hash-8,8,mixed,fixed_hash,triangle_active,True,all_sources_cleared_with_certificate,triangle,True,990.0,31,31,"[1, 2, 3, 4, 5, 7, 8, 9, 12, 13, 19]","[1, 2, 3, 4, 5, 7, 8, 9, 12, 13, 19]",full_mesh,10345.985394888889,0.007723208000001591,0,13,10,1,0,0,11,4,11,1.0,940.5441268080808,38774.926974444454,424,416,0
SELF-Q4-mixed-fixed_hash-9,9,mixed,fixed_hash,triangle_active,True,all_sources_cleared_with_certificate,triangle,True,990.0,31,31,"[1, 2, 5, 6, 8, 9, 11, 12, 14, 15, 16, 18]","[1, 2, 5, 6, 8, 9, 11, 12, 14, 15, 16, 18]",full_mesh,11156.38790364473,0.008650000000002933,1,26,11,0,3,70,12,6,12,1.0,929.6989919703942,43406.93951822368,371,353,69
SELF-Q4-mixed-fixed_hash-10,10,mixed,fixed_hash,triangle_active,True,all_sources_cleared_with_certificate,triangle,True,990.0,31,31,"[1, 2, 3, 4, 5, 8, 11, 13, 14, 16, 17, 18, 19]","[1, 2, 3, 4, 5, 8, 11, 13, 14, 16, 17, 18, 19]",full_mesh,10413.187462268725,0.007344291999999086,0,21,12,1,0,0,13,6,13,1.0,801.0144201745172,40330.9373113436,382,372,0
SELF-Q4-mixed-fixed_hash-11,11,mixed,fixed_hash,triangle_active,True,all_sources_cleared_with_certificate,triangle,True,990.0,31,31,"[2, 3, 4, 7, 8, 9, 10, 11, 13, 15, 17, 18, 19, 20]","[2, 3, 4, 7, 8, 9, 10, 11, 13, 15, 17, 18, 19, 20]",full_mesh,10088.40512088241,0.006836416999995265,0,18,14,0,0,0,14,5,14,1.0,720.600365777315,41222.02560441203,298,284,0
SELF-Q4-mixed-fixed_hash-12,12,mixed,fixed_hash,triangle_active,True,all_sources_cleared_with_certificate,triangle,True,990.0,31,31,"[1, 4, 5, 6, 7, 8, 9, 11, 12, 13, 14, 16, 17, 18, 20]","[1, 4, 5, 6, 7, 8, 9, 11, 12, 13, 14, 16, 17, 18, 20]",full_mesh,10508.473931730596,0.009122792000006541,1,29,14,0,3,75,15,3,15,1.0,700.5649287820397,42442.36965865298,289,278,74
SELF-Q4-mixed-fixed_hash-13,13,mixed,fixed_hash,triangle_active,True,all_sources_cleared_with_certificate,triangle,True,990.0,31,28,"[1, 2, 3, 4, 5, 6, 8, 9, 10, 11, 12, 13, 14, 15, 18, 19]","[1, 2, 3, 4, 5, 6, 8, 9, 10, 11, 12, 13, 14, 15, 18, 19]",count_upper_bound,9434.334635960351,0.007461042000002749,0,24,15,1,2,0,16,7,16,1.0,589.6459147475219,38571.67317980177,275,265,0
SELF-Q4-mixed-fixed_hash-14,14,mixed,fixed_hash,triangle_active,True,all_sources_cleared_with_certificate,triangle,True,990.0,31,31,"[2, 4, 5, 8, 9, 11, 12, 17, 18, 19]","[2, 4, 5, 8, 9, 11, 12, 17, 18, 19]",full_mesh,10265.80187724295,0.006920917000002191,0,21,8,2,1,0,10,5,10,1.0,1026.580187724295,38569.00938621477,419,407,0
SELF-Q4-mixed-fixed_hash-15,15,mixed,fixed_hash,triangle_active,True,all_sources_cleared_with_certificate,triangle,True,990.0,31,31,"[1, 2, 3, 4, 6, 7, 11, 13, 15, 17, 19]","[1, 2, 3, 4, 6, 7, 11, 13, 15, 17, 19]",full_mesh,10417.24249643659,0.008231958000003203,1,39,8,3,2,3,11,6,11,1.0,947.022045130599,39701.21248218296,404,393,3
SELF-Q4-mixed-fixed_hash-16,16,mixed,fixed_hash,triangle_active,True,all_sources_cleared_with_certificate,triangle,True,990.0,31,31,"[1, 4, 5, 7, 8, 10, 11, 12, 14, 15, 16, 19]","[1, 4, 5, 7, 8, 10, 11, 12, 14, 15, 16, 19]",full_mesh,10484.70251312937,0.007591208999997434,0,44,7,5,0,0,12,11,12,1.0,873.7252094274476,38713.51256564685,448,442,0
SELF-Q4-mixed-fixed_hash-17,17,mixed,fixed_hash,triangle_active,True,all_sources_cleared_with_certificate,triangle,True,990.0,31,31,"[1, 2, 3, 5, 9, 10, 12, 13, 14, 17, 18, 19, 20]","[1, 2, 3, 5, 9, 10, 12, 13, 14, 17, 18, 19, 20]",full_mesh,10076.973920843411,0.007230958000000953,0,24,11,2,0,0,13,4,13,1.0,775.1518400648778,38899.86960421707,374,362,0
SELF-Q4-mixed-fixed_hash-18,18,mixed,fixed_hash,triangle_active,True,all_sources_cleared_with_certificate,triangle,True,990.0,31,31,"[3, 4, 5, 6, 8, 10, 11, 12, 13, 14, 15, 16, 17, 19]","[3, 4, 5, 6, 8, 10, 11, 12, 13, 14, 15, 16, 17, 19]",full_mesh,10260.28100326163,0.007570000000001187,0,27,13,1,0,0,14,4,14,1.0,732.8772145186879,40426.405016308156,353,340,0
SELF-Q4-mixed-fixed_hash-19,19,mixed,fixed_hash,triangle_active,True,all_sources_cleared_with_certificate,triangle,True,990.0,31,31,"[2, 3, 4, 5, 6, 7, 9, 10, 11, 12, 16, 17, 18, 19, 20]","[2, 3, 4, 5, 6, 7, 9, 10, 11, 12, 16, 17, 18, 19, 20]",full_mesh,10216.624542008398,0.007763249999996447,0,24,14,1,0,0,15,6,15,1.0,681.1083028005598,40513.12271004199,342,329,0
SELF-Q4-mixed-fixed_hash-20,20,mixed,fixed_hash,triangle_active,True,all_sources_cleared_with_certificate,triangle,True,990.0,31,22,"[1, 2, 3, 4, 5, 6, 7, 8, 9, 11, 12, 14, 16, 18, 19, 20]","[1, 2, 3, 4, 5, 6, 7, 8, 9, 11, 12, 14, 16, 18, 19, 20]",count_upper_bound,8699.058510392024,0.007667542000000083,0,17,14,4,10,0,16,4,16,1.0,543.6911568995015,33020.292551960105,337,324,2
SELF-Q4-mixed-fixed_hash-21,21,mixed,fixed_hash,triangle_active,True,all_sources_cleared_with_certificate,triangle,True,990.0,31,31,"[4, 6, 8, 9, 10, 13, 14, 16, 18, 19]","[4, 6, 8, 9, 10, 13, 14, 16, 18, 19]",full_mesh,10007.309326890003,0.006590582999997707,0,16,10,0,0,0,10,3,10,1.0,1000.7309326890003,38071.546634450024,393,378,0
SELF-Q4-mixed-fixed_hash-22,22,mixed,fixed_hash,triangle_active,True,all_sources_cleared_with_certificate,triangle,True,990.0,31,31,"[1, 2, 5, 6, 8, 11, 12, 14, 15, 16, 17]","[1, 2, 5, 6, 8, 11, 12, 14, 15, 16, 17]",full_mesh,10346.145553837563,0.007469208000003391,0,28,9,2,0,0,11,4,11,1.0,940.5586867125057,38690.72776918781,427,418,0
SELF-Q4-mixed-fixed_hash-23,23,mixed,fixed_hash,triangle_active,True,all_sources_cleared_with_certificate,triangle,True,990.0,31,31,"[1, 3, 4, 5, 6, 7, 8, 9, 10, 14, 19, 20]","[1, 3, 4, 5, 6, 7, 8, 9, 10, 14, 19, 20]",full_mesh,9893.918313066199,0.006931000000001575,0,14,12,0,0,0,12,1,12,1.0,824.4931927555166,39079.59156533098,339,323,0
SELF-Q4-mixed-fixed_hash-24,24,mixed,fixed_hash,triangle_active,True,all_sources_cleared_with_certificate,triangle,True,990.0,31,31,"[1, 2, 3, 4, 5, 6, 7, 11, 13, 14, 18, 19, 20]","[1, 2, 3, 4, 5, 6, 7, 11, 13, 14, 18, 19, 20]",full_mesh,10279.354358732475,0.00696454199999863,0,33,11,2,0,0,13,8,13,1.0,790.7195660563442,40566.771793662374,352,341,0
SELF-Q4-mixed-fixed_hash-25,25,mixed,fixed_hash,triangle_active,True,all_sources_cleared_with_certificate,triangle,True,990.0,31,31,"[1, 2, 5, 7, 10, 12, 13, 14, 15, 16, 17, 18, 19, 20]","[1, 2, 5, 7, 10, 12, 13, 14, 15, 16, 17, 18, 19, 20]",full_mesh,9919.544298692947,0.007952084000002912,0,21,13,1,0,0,14,2,14,1.0,708.5388784780677,39797.721493464735,317,305,0
SELF-Q4-mixed-fixed_hash-26,26,mixed,fixed_hash,triangle_active,True,all_sources_cleared_with_certificate,triangle,True,990.0,31,31,"[1, 2, 3, 4, 5, 6, 7, 8, 9, 10, 11, 13, 14, 15, 20]","[1, 2, 3, 4, 5, 6, 7, 8, 9, 10, 11, 13, 14, 15, 20]",full_mesh,10521.995256948996,0.00745095799999973,0,26,14,2,2,0,15,4,15,1.0,701.4663504632664,42564.97628474495,323,316,1
SELF-Q4-mixed-fixed_hash-27,27,mixed,fixed_hash,triangle_active,True,all_sources_cleared_with_certificate,triangle,True,990.0,31,28,"[2, 3, 4, 5, 6, 7, 9, 10, 12, 13, 14, 15, 16, 17, 19, 20]","[2, 3, 4, 5, 6, 7, 9, 10, 12, 13, 14, 15, 16, 17, 19, 20]",count_upper_bound,9917.182020056296,0.007365208000003065,0,48,12,5,3,0,16,14,16,1.0,619.8238762535185,39625.91010028147,319,314,1
SELF-Q4-mixed-fixed_hash-28,28,mixed,fixed_hash,triangle_active,True,all_sources_cleared_with_certificate,triangle,True,990.0,31,31,"[3, 4, 5, 6, 7, 8, 11, 16, 18, 20]","[3, 4, 5, 6, 7, 8, 11, 16, 18, 20]",full_mesh,10611.77372902241,0.007010959000005812,0,17,9,2,1,0,10,4,10,1.0,1061.1773729022411,40078.86864511204,426,413,1
SELF-Q4-mixed-fixed_hash-29,29,mixed,fixed_hash,triangle_active,True,all_sources_cleared_with_certificate,triangle,True,990.0,31,31,"[1, 3, 6, 7, 9, 10, 11, 12, 13, 18, 19]","[1, 3, 6, 7, 9, 10, 11, 12, 13, 18, 19]",full_mesh,10363.148896124289,0.007215250000001561,0,16,9,2,0,0,11,2,11,1.0,942.104445102208,39480.744480621426,404,392,0
SELF-Q4-mixed-fixed_hash-30,30,mixed,fixed_hash,triangle_active,True,all_sources_cleared_with_certificate,triangle,True,990.0,31,31,"[1, 2, 3, 7, 8, 9, 10, 11, 14, 17, 18, 20]","[1, 2, 3, 7, 8, 9, 10, 11, 14, 17, 18, 20]",full_mesh,10555.994208327627,0.00722183299999557,0,7,12,0,0,0,12,1,12,1.0,879.6661840273023,41074.97104163814,382,371,0
SELF-Q4-mixed-fixed_hash-31,31,mixed,fixed_hash,triangle_active,True,all_sources_cleared_with_certificate,triangle,True,990.0,31,31,"[1, 2, 3, 4, 5, 9, 11, 13, 15, 16, 17, 18, 20]","[1, 2, 3, 4, 5, 9, 11, 13, 15, 16, 17, 18, 20]",full_mesh,10297.869192298072,0.008164749999998833,1,36,8,5,2,3,13,12,13,1.0,792.1437840229287,39909.34596149038,375,367,3
SELF-Q4-mixed-fixed_hash-32,32,mixed,fixed_hash,triangle_active,True,all_sources_cleared_with_certificate,triangle,True,990.0,31,31,"[1, 2, 3, 5, 6, 7, 8, 9, 10, 12, 14, 16, 17, 19]","[1, 2, 3, 5, 6, 7, 8, 9, 10, 12, 14, 16, 17, 19]",full_mesh,10071.883622701745,0.007114957999995397,0,20,14,0,0,0,14,1,14,1.0,719.4202587644104,40929.41811350874,305,291,0
SELF-Q4-mixed-fixed_hash-33,33,mixed,fixed_hash,triangle_active,True,all_sources_cleared_with_certificate,triangle,True,990.0,31,31,"[3, 5, 6, 8, 9, 10, 11, 13, 14, 15, 16, 17, 18, 19, 20]","[3, 5, 6, 8, 9, 10, 11, 13, 14, 15, 16, 17, 18, 19, 20]",full_mesh,11077.939443935804,0.00959733299999499,1,52,11,3,3,82,15,8,15,1.0,738.5292962623869,44184.69721967903,322,313,81
SELF-Q4-mixed-fixed_hash-34,34,mixed,fixed_hash,triangle_active,True,all_sources_cleared_with_certificate,triangle,True,990.0,31,22,"[1, 2, 5, 6, 7, 8, 10, 11, 12, 13, 14, 15, 17, 18, 19, 20]","[1, 2, 5, 6, 7, 8, 10, 11, 12, 13, 14, 15, 17, 18, 19, 20]",count_upper_bound,7574.573410919547,0.0060319170000013855,0,28,14,3,3,0,16,2,16,1.0,473.4108381824717,31172.867054597737,211,202,1
SELF-Q4-mixed-fixed_hash-35,35,mixed,fixed_hash,triangle_active,True,all_sources_cleared_with_certificate,triangle,True,990.0,31,31,"[1, 5, 7, 10, 11, 15, 16, 18, 19, 20]","[1, 5, 7, 10, 11, 15, 16, 18, 19, 20]",full_mesh,11105.983513185203,0.010197208999997542,1,38,5,4,4,82,10,9,10,1.0,1110.5983513185204,40569.91756592601,451,444,81
SELF-Q4-mixed-fixed_hash-36,36,mixed,fixed_hash,triangle_active,True,all_sources_cleared_with_certificate,triangle,True,990.0,31,31,"[1, 2, 3, 4, 5, 9, 10, 11, 16, 18, 20]","[1, 2, 3, 4, 5, 9, 10, 11, 16, 18, 20]",full_mesh,10205.284230007497,0.008032124999999724,1,42,7,4,3,3,11,7,11,1.0,927.7531118188634,38631.42115003747,404,395,3
SELF-Q4-mixed-fixed_hash-37,37,mixed,fixed_hash,triangle_active,True,all_sources_cleared_with_certificate,triangle,True,990.0,31,31,"[2, 3, 5, 8, 9, 11, 12, 13, 15, 17, 18, 20]","[2, 3, 5, 8, 9, 11, 12, 13, 15, 17, 18, 20]",full_mesh,9914.079575167456,0.00755204200000037,1,42,10,1,3,6,12,7,12,1.0,826.1732979306213,38355.397875837276,363,353,5
SELF-Q4-mixed-fixed_hash-38,38,mixed,fixed_hash,triangle_active,True,all_sources_cleared_with_certificate,triangle,True,990.0,31,31,"[1, 3, 4, 6, 8, 9, 10, 12, 13, 14, 16, 17, 20]","[1, 3, 4, 6, 8, 9, 10, 12, 13, 14, 16, 17, 20]",full_mesh,10123.195204243642,0.007213000000000136,0,24,10,3,0,0,13,5,13,1.0,778.7073234033571,39610.976021218215,358,346,0
SELF-Q4-mixed-fixed_hash-39,39,mixed,fixed_hash,triangle_active,True,all_sources_cleared_with_certificate,triangle,True,990.0,31,31,"[1, 3, 4, 5, 6, 7, 9, 10, 12, 13, 14, 16, 17, 20]","[1, 3, 4, 5, 6, 7, 9, 10, 12, 13, 14, 16, 17, 20]",full_mesh,9938.518339315178,0.006412750000002632,0,13,13,1,0,0,14,1,14,1.0,709.8941670939413,41537.59169657589,263,246,0
SELF-Q4-mixed-fixed_hash-40,40,mixed,fixed_hash,triangle_active,True,all_sources_cleared_with_certificate,triangle,True,990.0,31,31,"[2, 3, 4, 5, 6, 8, 9, 11, 12, 13, 14, 15, 17, 19, 20]","[2, 3, 4, 5, 6, 8, 9, 11, 12, 13, 14, 15, 17, 19, 20]",full_mesh,10732.213215124775,0.008166916000000413,0,59,10,5,1,0,15,14,15,1.0,715.4808810083183,41931.066075623865,379,376,0
SELF-Q4-mixed-fixed_hash-41,41,mixed,fixed_hash,triangle_active,True,all_sources_cleared_with_certificate,triangle,True,990.0,31,24,"[1, 4, 5, 6, 7, 8, 9, 10, 11, 12, 13, 14, 16, 17, 18, 20]","[1, 4, 5, 6, 7, 8, 9, 10, 11, 12, 13, 14, 16, 17, 18, 20]",count_upper_bound,9050.79139353854,0.009771749999998747,1,32,14,3,7,125,16,3,16,1.0,565.6744620961588,36528.95696769272,217,202,126
SELF-Q4-mixed-fixed_hash-42,42,mixed,fixed_hash,triangle_active,True,all_sources_cleared_with_certificate,triangle,True,990.0,31,31,"[1, 2, 3, 4, 8, 9, 11, 12, 17, 18]","[1, 2, 3, 4, 8, 9, 11, 12, 17, 18]",full_mesh,10209.799195905154,0.006349208999999689,0,20,9,1,0,0,10,2,10,1.0,1020.9799195905155,38938.99597952577,398,382,0
SELF-Q4-mixed-fixed_hash-43,43,mixed,fixed_hash,triangle_active,True,all_sources_cleared_with_certificate,triangle,True,990.0,31,31,"[2, 5, 8, 10, 11, 12, 13, 15, 16, 19, 20]","[2, 5, 8, 10, 11, 12, 13, 15, 16, 19, 20]",full_mesh,10456.973455865773,0.007133125000002849,0,34,10,1,0,0,11,8,11,1.0,950.6339505332521,39524.86727932885,417,412,0
SELF-Q4-mixed-fixed_hash-44,44,mixed,fixed_hash,triangle_active,True,all_sources_cleared_with_certificate,triangle,True,990.0,31,31,"[1, 2, 4, 5, 6, 7, 12, 14, 17, 18, 19, 20]","[1, 2, 4, 5, 6, 7, 12, 14, 17, 18, 19, 20]",full_mesh,10426.34090375431,0.007356457999996735,0,20,10,2,0,0,12,2,12,1.0,868.8617419795258,40641.704518771556,375,363,0
SELF-Q4-mixed-fixed_hash-45,45,mixed,fixed_hash,triangle_active,True,all_sources_cleared_with_certificate,triangle,True,990.0,31,31,"[1, 2, 3, 5, 6, 8, 9, 12, 13, 14, 15, 16, 20]","[1, 2, 3, 5, 6, 8, 9, 12, 13, 14, 15, 16, 20]",full_mesh,10051.525921084154,0.007209125000002814,0,15,13,0,0,0,13,2,13,1.0,773.194301621858,39187.629605420785,360,349,0
SELF-Q4-mixed-fixed_hash-46,46,mixed,fixed_hash,triangle_active,True,all_sources_cleared_with_certificate,triangle,True,990.0,31,31,"[1, 2, 3, 5, 6, 7, 8, 9, 10, 11, 12, 13, 18, 19]","[1, 2, 3, 5, 6, 7, 8, 9, 10, 11, 12, 13, 18, 19]",full_mesh,9726.980403707277,0.006826458999995566,0,10,13,1,0,0,14,1,14,1.0,694.7843145505198,38224.902018536384,338,322,0
SELF-Q4-mixed-fixed_hash-47,47,mixed,fixed_hash,triangle_active,True,all_sources_cleared_with_certificate,triangle,True,990.0,31,31,"[1, 3, 5, 7, 8, 9, 10, 11, 12, 13, 14, 15, 16, 18, 20]","[1, 3, 5, 7, 8, 9, 10, 11, 12, 13, 14, 15, 16, 18, 20]",full_mesh,10450.599811841432,0.00687549999999959,0,22,14,1,0,0,15,5,15,1.0,696.7066541227621,42222.999059207155,324,311,0
SELF-Q4-mixed-fixed_hash-48,48,mixed,fixed_hash,triangle_active,True,all_sources_cleared_with_certificate,triangle,True,990.0,31,22,"[2, 3, 4, 5, 6, 7, 8, 10, 11, 12, 13, 15, 16, 17, 18, 20]","[2, 3, 4, 5, 6, 7, 8, 10, 11, 12, 13, 15, 16, 17, 18, 20]",count_upper_bound,7972.095283852519,0.006412291999993158,0,44,8,8,5,0,16,14,16,1.0,498.25595524078244,32110.476419262606,246,240,0
SELF-Q4-mixed-fixed_hash-49,49,mixed,fixed_hash,triangle_active,True,all_sources_cleared_with_certificate,triangle,True,990.0,31,31,"[1, 3, 4, 9, 11, 12, 13, 14, 16, 18]","[1, 3, 4, 9, 11, 12, 13, 14, 16, 18]",full_mesh,10225.110011392742,0.00665070799999512,0,17,10,0,0,0,10,1,10,1.0,1022.5110011392742,39400.5500569637,385,370,0
SELF-Q4-mixed-fixed_hash-50,50,mixed,fixed_hash,triangle_active,True,all_sources_cleared_with_certificate,triangle,True,990.0,31,31,"[2, 4, 6, 8, 9, 12, 13, 14, 16, 19, 20]","[2, 4, 6, 8, 9, 12, 13, 14, 16, 19, 20]",full_mesh,10480.204476903205,0.0075518330000008405,0,34,9,2,0,0,11,9,11,1.0,952.7458615366551,39371.02238451603,426,421,0
SELF-Q4-mixed-fixed_hash-51,51,mixed,fixed_hash,triangle_active,True,all_sources_cleared_with_certificate,triangle,True,990.0,31,31,"[4, 5, 6, 7, 8, 9, 13, 14, 16, 17, 18, 20]","[4, 5, 6, 7, 8, 9, 13, 14, 16, 17, 18, 20]",full_mesh,10855.129779606776,0.008142834000004484,1,22,11,0,3,21,12,9,12,1.0,904.5941483005646,40960.64889803389,426,413,20
SELF-Q4-mixed-fixed_hash-52,52,mixed,fixed_hash,triangle_active,True,all_sources_cleared_with_certificate,triangle,True,990.0,31,31,"[1, 2, 3, 6, 7, 8, 9, 12, 13, 15, 16, 17, 18]","[1, 2, 3, 6, 7, 8, 9, 12, 13, 15, 16, 17, 18]",full_mesh,10156.68654535501,0.007364416999998014,0,50,12,1,0,0,13,11,13,1.0,781.2835804119239,39063.432726775056,381,374,0
SELF-Q4-mixed-fixed_hash-53,53,mixed,fixed_hash,triangle_active,True,all_sources_cleared_with_certificate,triangle,True,990.0,31,31,"[1, 3, 6, 7, 8, 9, 10, 11, 12, 15, 16, 17, 18, 20]","[1, 3, 6, 7, 8, 9, 10, 11, 12, 15, 16, 17, 18, 20]",full_mesh,10281.957161131619,0.007744667000004313,0,34,12,2,0,0,14,12,14,1.0,734.4255115094013,39379.7858056581,391,381,0
SELF-Q4-mixed-fixed_hash-54,54,mixed,fixed_hash,triangle_active,True,all_sources_cleared_with_certificate,triangle,True,990.0,31,31,"[2, 4, 5, 6, 7, 8, 10, 12, 13, 14, 15, 16, 17, 18, 19]","[2, 4, 5, 6, 7, 8, 10, 12, 13, 14, 15, 16, 17, 18, 19]",full_mesh,9887.189093082103,0.007432749999999544,0,22,15,0,0,0,15,1,15,1.0,659.1459395388068,40090.945465410485,301,289,0
SELF-Q4-mixed-fixed_hash-55,55,mixed,fixed_hash,triangle_active,True,all_sources_cleared_with_certificate,triangle,True,990.0,31,20,"[2, 3, 4, 5, 6, 7, 8, 9, 10, 12, 13, 16, 17, 18, 19, 20]","[2, 3, 4, 5, 6, 7, 8, 9, 10, 12, 13, 16, 17, 18, 19, 20]",count_upper_bound,7388.051537251801,0.006067625000000021,0,30,12,5,4,0,16,6,16,1.0,461.7532210782376,29655.25768625901,230,224,1
SELF-Q4-mixed-fixed_hash-56,56,mixed,fixed_hash,triangle_active,True,all_sources_cleared_with_certificate,triangle,True,990.0,31,31,"[1, 4, 7, 9, 10, 12, 13, 16, 17, 18]","[1, 4, 7, 9, 10, 12, 13, 16, 17, 18]",full_mesh,9870.281598937863,0.00642725000000155,0,23,9,1,0,0,10,2,10,1.0,987.0281598937863,37201.407994689325,399,385,0
SELF-Q4-mixed-fixed_hash-57,57,mixed,fixed_hash,triangle_active,True,all_sources_cleared_with_certificate,triangle,True,990.0,31,31,"[1, 2, 5, 7, 8, 11, 12, 13, 16, 17, 18]","[1, 2, 5, 7, 8, 11, 12, 13, 16, 17, 18]",full_mesh,10310.426660029128,0.006674958000004949,0,16,10,1,0,0,11,3,11,1.0,937.3115145481025,38952.133300145666,413,400,0
SELF-Q4-mixed-fixed_hash-58,58,mixed,fixed_hash,triangle_active,True,all_sources_cleared_with_certificate,triangle,True,990.0,31,31,"[2, 4, 5, 6, 7, 8, 11, 14, 17, 18, 19, 20]","[2, 4, 5, 6, 7, 8, 11, 14, 17, 18, 19, 20]",full_mesh,10990.15149408742,0.007612999999999204,0,22,9,4,2,0,12,10,12,1.0,915.8459578406183,41460.75747043707,441,430,1
SELF-Q4-mixed-fixed_hash-59,59,mixed,fixed_hash,triangle_active,True,all_sources_cleared_with_certificate,triangle,True,990.0,31,31,"[1, 3, 5, 8, 10, 11, 12, 13, 14, 15, 16, 17, 20]","[1, 3, 5, 8, 10, 11, 12, 13, 14, 15, 16, 17, 20]",full_mesh,10821.211504544606,0.009719541000002607,1,42,11,2,6,66,13,7,13,1.0,832.4008849649697,42321.05752272305,351,339,66
SELF-Q4-mixed-fixed_hash-60,60,mixed,fixed_hash,triangle_active,True,all_sources_cleared_with_certificate,triangle,True,990.0,31,31,"[1, 2, 3, 4, 5, 6, 8, 9, 10, 13, 14, 16, 17, 20]","[1, 2, 3, 4, 5, 6, 8, 9, 10, 13, 14, 16, 17, 20]",full_mesh,10232.153978843942,0.007010624999999493,0,17,14,0,0,0,14,1,14,1.0,730.8681413459959,41390.76989421971,316,304,0
SELF-Q4-mixed-fixed_hash-61,61,mixed,fixed_hash,triangle_active,True,all_sources_cleared_with_certificate,triangle,True,990.0,31,31,"[1, 4, 5, 6, 7, 8, 9, 11, 12, 13, 14, 16, 18, 19, 20]","[1, 4, 5, 6, 7, 8, 9, 11, 12, 13, 14, 16, 18, 19, 20]",full_mesh,10224.97069045951,0.007148499999999558,0,41,13,2,0,0,15,8,15,1.0,681.6647126973006,40999.853452297546,326,320,0
SELF-Q4-mixed-fixed_hash-62,62,mixed,fixed_hash,triangle_active,True,all_sources_cleared_with_certificate,triangle,True,990.0,31,23,"[1, 2, 3, 5, 6, 8, 9, 10, 11, 12, 13, 14, 15, 18, 19, 20]","[1, 2, 3, 5, 6, 8, 9, 10, 11, 12, 13, 14, 15, 18, 19, 20]",count_upper_bound,8865.403808503137,0.00736841599999849,0,41,10,8,13,0,16,14,16,1.0,554.0877380314461,34642.019042515676,310,301,2
SELF-Q4-mixed-fixed_hash-63,63,mixed,fixed_hash,triangle_active,True,all_sources_cleared_with_certificate,triangle,True,990.0,31,31,"[2, 7, 9, 10, 11, 12, 14, 15, 16, 20]","[2, 7, 9, 10, 11, 12, 14, 15, 16, 20]",full_mesh,9304.438818603645,0.007094209000001683,0,17,8,2,0,0,10,2,10,1.0,930.4438818603645,35437.194093018225,364,347,0
SELF-Q4-mixed-fixed_hash-64,64,mixed,fixed_hash,triangle_active,True,all_sources_cleared_with_certificate,triangle,True,990.0,31,31,"[1, 3, 4, 5, 7, 11, 12, 13, 16, 18, 19]","[1, 3, 4, 5, 7, 11, 12, 13, 16, 18, 19]",full_mesh,11671.130820180308,0.01054716699999858,1,25,9,1,3,107,11,2,11,1.0,1061.0118927436642,43345.65410090155,440,429,106
SELF-Q4-mixed-fixed_hash-65,65,mixed,fixed_hash,triangle_active,True,all_sources_cleared_with_certificate,triangle,True,990.0,31,31,"[6, 7, 8, 9, 10, 13, 14, 15, 16, 17, 19, 20]","[6, 7, 8, 9, 10, 13, 14, 15, 16, 17, 19, 20]",full_mesh,10189.605185350509,0.007258790999998155,0,11,10,2,0,0,12,4,12,1.0,849.1337654458757,39008.02592675253,390,378,0
SELF-Q4-mixed-fixed_hash-66,66,mixed,fixed_hash,triangle_active,True,all_sources_cleared_with_certificate,triangle,True,990.0,31,31,"[2, 3, 5, 8, 9, 10, 13, 14, 15, 16, 17, 19, 20]","[2, 3, 5, 8, 9, 10, 13, 14, 15, 16, 17, 19, 20]",full_mesh,10212.9837230053,0.007384042000005309,0,26,11,2,0,0,13,9,13,1.0,785.6141325388692,39219.918615026494,385,379,0
SELF-Q4-mixed-fixed_hash-67,67,mixed,fixed_hash,triangle_active,True,all_sources_cleared_with_certificate,triangle,True,990.0,31,31,"[1, 3, 4, 5, 6, 7, 8, 10, 14, 15, 16, 17, 18, 19]","[1, 3, 4, 5, 6, 7, 8, 10, 14, 15, 16, 17, 18, 19]",full_mesh,10159.99726362624,0.0073138750000012465,0,25,13,1,0,0,14,3,14,1.0,725.7140902590171,41244.98631813119,309,296,0
SELF-Q4-mixed-fixed_hash-68,68,mixed,fixed_hash,triangle_active,True,all_sources_cleared_with_certificate,triangle,True,990.0,31,31,"[2, 4, 5, 6, 8, 9, 11, 12, 13, 14, 15, 16, 17, 19, 20]","[2, 4, 5, 6, 8, 9, 11, 12, 13, 14, 15, 16, 17, 19, 20]",full_mesh,10233.083744751113,0.008332791999997369,1,55,8,6,3,12,15,11,15,1.0,682.2055829834076,40045.41872375556,354,346,11
SELF-Q4-mixed-fixed_hash-69,69,mixed,fixed_hash,triangle_active,True,all_sources_cleared_with_certificate,triangle,True,990.0,31,23,"[2, 3, 4, 5, 6, 7, 8, 9, 10, 11, 12, 13, 14, 16, 17, 18]","[2, 3, 4, 5, 6, 7, 8, 9, 10, 11, 12, 13, 14, 16, 17, 18]",count_upper_bound,8369.582830737412,0.007522500000000321,2,32,12,4,9,15,16,9,16,1.0,523.0989269210883,33902.91415368707,246,234,15
SELF-Q4-mixed-fixed_hash-70,70,mixed,fixed_hash,triangle_active,True,all_sources_cleared_with_certificate,triangle,True,990.0,31,31,"[2, 3, 4, 5, 6, 10, 11, 12, 15, 18]","[2, 3, 4, 5, 6, 10, 11, 12, 15, 18]",full_mesh,10153.572302115766,0.00677779100000464,0,23,9,1,0,0,10,4,10,1.0,1015.3572302115766,38327.861510578834,408,398,0
SELF-Q4-mixed-fixed_hash-71,71,mixed,fixed_hash,triangle_active,True,all_sources_cleared_with_certificate,triangle,True,990.0,31,31,"[1, 2, 4, 5, 9, 11, 13, 14, 15, 16, 17]","[1, 2, 4, 5, 9, 11, 13, 14, 15, 16, 17]",full_mesh,10708.140349226001,0.008524500000000046,1,47,5,5,3,17,11,9,11,1.0,973.467304475091,39590.70174613002,450,437,16
SELF-Q4-mixed-fixed_hash-72,72,mixed,fixed_hash,triangle_active,True,all_sources_cleared_with_certificate,triangle,True,990.0,31,31,"[3, 4, 6, 10, 11, 12, 15, 16, 17, 18, 19, 20]","[3, 4, 6, 10, 11, 12, 15, 16, 17, 18, 19, 20]",full_mesh,10253.062845433255,0.007707290999995564,0,17,9,3,0,0,12,7,12,1.0,854.4219037861045,39495.31422716631,384,374,0
SELF-Q4-mixed-fixed_hash-73,73,mixed,fixed_hash,triangle_active,True,all_sources_cleared_with_certificate,triangle,True,990.0,31,31,"[2, 4, 5, 6, 7, 8, 9, 10, 15, 16, 17, 19, 20]","[2, 4, 5, 6, 7, 8, 9, 10, 15, 16, 17, 19, 20]",full_mesh,10280.133508590174,0.007538500000002557,0,29,11,2,0,0,13,8,13,1.0,790.7795006607826,39155.66754295087,399,389,0
SELF-Q4-mixed-fixed_hash-74,74,mixed,fixed_hash,triangle_active,True,all_sources_cleared_with_certificate,triangle,True,990.0,31,31,"[2, 3, 4, 5, 6, 8, 9, 11, 13, 14, 16, 17, 18, 20]","[2, 3, 4, 5, 6, 8, 9, 11, 13, 14, 16, 17, 18, 20]",full_mesh,9988.59928054926,0.007079250000003867,0,20,11,3,0,0,14,5,14,1.0,713.47137718209,40397.996402746314,308,299,0
SELF-Q4-mixed-fixed_hash-75,75,mixed,fixed_hash,triangle_active,True,all_sources_cleared_with_certificate,triangle,True,990.0,31,31,"[2, 3, 6, 8, 9, 11, 12, 13, 14, 15, 16, 17, 18, 19, 20]","[2, 3, 6, 8, 9, 11, 12, 13, 14, 15, 16, 17, 18, 19, 20]",full_mesh,10040.518512376877,0.007948208000001955,0,23,15,0,0,0,15,2,15,1.0,669.3679008251252,41177.59256188439,290,280,0
SELF-Q4-mixed-fixed_hash-76,76,mixed,fixed_hash,triangle_active,True,all_sources_cleared_with_certificate,triangle,True,990.0,31,24,"[1, 3, 4, 5, 6, 7, 8, 10, 12, 13, 15, 16, 17, 18, 19, 20]","[1, 3, 4, 5, 6, 7, 8, 10, 12, 13, 15, 16, 17, 18, 19, 20]",count_upper_bound,8671.105149122885,0.006535458000001881,0,35,13,3,2,0,16,4,16,1.0,541.9440718201803,35185.525745614425,260,254,0
SELF-Q4-mixed-fixed_hash-77,77,mixed,fixed_hash,triangle_active,True,all_sources_cleared_with_certificate,triangle,True,990.0,31,31,"[2, 5, 7, 8, 9, 11, 14, 17, 18, 20]","[2, 5, 7, 8, 9, 11, 14, 17, 18, 20]",full_mesh,11264.68700720138,0.009931458999993481,1,19,8,1,3,87,10,4,10,1.0,1126.468700720138,40408.435036006915,482,465,86
SELF-Q4-mixed-fixed_hash-78,78,mixed,fixed_hash,triangle_active,True,all_sources_cleared_with_certificate,triangle,True,990.0,31,31,"[1, 3, 4, 7, 9, 10, 11, 13, 14, 15, 20]","[1, 3, 4, 7, 9, 10, 11, 13, 14, 15, 20]",full_mesh,10397.17469418298,0.009079792000001419,1,27,8,2,3,53,11,4,11,1.0,945.19769947118,38680.873470914914,410,400,52
SELF-Q4-mixed-fixed_hash-79,79,mixed,fixed_hash,triangle_active,True,all_sources_cleared_with_certificate,triangle,True,990.0,31,31,"[2, 3, 4, 5, 6, 8, 12, 14, 15, 16, 17, 18]","[2, 3, 4, 5, 6, 8, 12, 14, 15, 16, 17, 18]",full_mesh,10271.590718874253,0.006983292000001029,0,15,12,0,0,0,12,1,12,1.0,855.965893239521,39642.953594371254,383,368,0
SELF-Q4-mixed-fixed_hash-80,80,mixed,fixed_hash,triangle_active,True,all_sources_cleared_with_certificate,triangle,True,990.0,31,31,"[1, 4, 6, 7, 9, 12, 13, 14, 15, 17, 18, 19, 20]","[1, 4, 6, 7, 9, 12, 13, 14, 15, 17, 18, 19, 20]",full_mesh,12176.71813378689,0.011225500000001887,1,43,9,3,3,146,13,10,13,1.0,936.6706256759146,46363.59066893444,402,394,145
SELF-Q4-mixed-fixed_hash-81,81,mixed,fixed_hash,triangle_active,True,all_sources_cleared_with_certificate,triangle,True,990.0,31,31,"[1, 3, 6, 8, 10, 11, 12, 13, 14, 15, 16, 17, 19, 20]","[1, 3, 6, 8, 10, 11, 12, 13, 14, 15, 16, 17, 19, 20]",full_mesh,10192.467251784376,0.007610124999999357,0,60,8,6,0,0,14,12,14,1.0,728.0333751274554,40027.33625892188,354,347,0
SELF-Q4-mixed-fixed_hash-82,82,mixed,fixed_hash,triangle_active,True,all_sources_cleared_with_certificate,triangle,True,990.0,31,31,"[1, 3, 5, 6, 7, 8, 10, 11, 12, 13, 14, 16, 17, 18, 20]","[1, 3, 5, 6, 7, 8, 10, 11, 12, 13, 14, 16, 17, 18, 20]",full_mesh,10336.343321088416,0.008253209000002926,1,22,11,4,2,2,15,4,15,1.0,689.0895547392278,41751.716605442096,320,305,2
SELF-Q4-mixed-fixed_hash-83,83,mixed,fixed_hash,triangle_active,True,all_sources_cleared_with_certificate,triangle,True,990.0,31,23,"[1, 2, 3, 4, 5, 7, 11, 12, 13, 14, 15, 16, 17, 18, 19, 20]","[1, 2, 3, 4, 5, 7, 11, 12, 13, 14, 15, 16, 17, 18, 19, 20]",count_upper_bound,8548.749699841957,0.006486166000001958,0,10,12,4,1,0,16,3,16,1.0,534.2968562401223,35118.74849920979,242,235,0
SELF-Q4-mixed-fixed_hash-84,84,mixed,fixed_hash,triangle_active,True,all_sources_cleared_with_certificate,triangle,True,990.0,31,31,"[1, 2, 4, 8, 9, 10, 11, 13, 14, 16]","[1, 2, 4, 8, 9, 10, 11, 13, 14, 16]",full_mesh,10599.36465798537,0.007055291000000352,0,35,9,1,0,0,10,6,10,1.0,1059.936465798537,39921.82328992686,429,420,0
SELF-Q4-mixed-fixed_hash-85,85,mixed,fixed_hash,triangle_active,True,all_sources_cleared_with_certificate,triangle,True,990.0,31,31,"[4, 6, 7, 8, 10, 11, 13, 14, 16, 19, 20]","[4, 6, 7, 8, 10, 11, 13, 14, 16, 19, 20]",full_mesh,10445.6774908561,0.007122167000005675,0,18,8,3,0,0,11,7,11,1.0,949.6070446232818,39368.3874542805,421,412,0
SELF-Q4-mixed-fixed_hash-86,86,mixed,fixed_hash,triangle_active,True,all_sources_cleared_with_certificate,triangle,True,990.0,31,31,"[1, 2, 3, 5, 7, 9, 11, 12, 15, 18, 19, 20]","[1, 2, 3, 5, 7, 9, 11, 12, 15, 18, 19, 20]",full_mesh,10330.811027067115,0.007536500000000501,0,23,8,4,0,0,12,9,12,1.0,860.9009189222596,39729.055135335584,389,380,0
SELF-Q4-mixed-fixed_hash-87,87,mixed,fixed_hash,triangle_active,True,all_sources_cleared_with_certificate,triangle,True,990.0,31,31,"[1, 2, 4, 5, 6, 7, 9, 11, 13, 14, 15, 16, 18]","[1, 2, 4, 5, 6, 7, 9, 11, 13, 14, 15, 16, 18]",full_mesh,10037.066053445324,0.006782416999996599,0,33,11,3,1,0,13,5,13,1.0,772.0820041111788,40385.33026722662,317,307,1
SELF-Q4-mixed-fixed_hash-88,88,mixed,fixed_hash,triangle_active,True,all_sources_cleared_with_certificate,triangle,True,990.0,31,31,"[1, 3, 4, 6, 7, 8, 9, 11, 12, 13, 14, 16, 17, 20]","[1, 3, 4, 6, 7, 8, 9, 11, 12, 13, 14, 16, 17, 20]",full_mesh,10469.722221955893,0.008550958999997249,1,53,10,3,5,5,14,12,14,1.0,747.8373015682781,40283.611109779464,390,381,4
SELF-Q4-mixed-fixed_hash-89,89,mixed,fixed_hash,triangle_active,True,all_sources_cleared_with_certificate,triangle,True,990.0,31,31,"[2, 3, 4, 5, 6, 7, 8, 9, 10, 12, 14, 16, 17, 18, 20]","[2, 3, 4, 5, 6, 7, 8, 9, 10, 12, 14, 16, 17, 18, 20]",full_mesh,10442.810979804808,0.00903366600000055,1,43,11,3,3,21,15,8,15,1.0,696.1873986536539,41359.05489902403,341,331,20
SELF-Q4-mixed-fixed_hash-90,90,mixed,fixed_hash,triangle_active,True,all_sources_cleared_with_certificate,triangle,True,990.0,31,22,"[1, 2, 3, 5, 6, 7, 8, 9, 10, 11, 12, 13, 14, 16, 17, 18]","[1, 2, 3, 5, 6, 7, 8, 9, 10, 11, 12, 13, 14, 16, 17, 18]",count_upper_bound,7586.937837068902,0.006397458000002132,0,24,11,7,5,0,16,1,16,1.0,474.18361481680637,31519.68918534452,201,192,2
SELF-Q4-mixed-fixed_hash-91,91,mixed,fixed_hash,triangle_active,True,all_sources_cleared_with_certificate,triangle,True,990.0,31,31,"[3, 6, 8, 12, 13, 14, 15, 16, 18, 19]","[3, 6, 8, 12, 13, 14, 15, 16, 18, 19]",full_mesh,9942.179226809312,0.007222875000003626,0,22,7,3,0,0,10,8,10,1.0,994.2179226809312,37020.89613404656,417,403,0
SELF-Q4-mixed-fixed_hash-92,92,mixed,fixed_hash,triangle_active,True,all_sources_cleared_with_certificate,triangle,True,990.0,31,31,"[2, 3, 4, 8, 9, 10, 14, 15, 17, 18, 19]","[2, 3, 4, 8, 9, 10, 14, 15, 17, 18, 19]",full_mesh,10659.913570397883,0.007036958000000482,0,17,10,1,0,0,11,6,11,1.0,969.083051854353,41564.567851989406,384,372,0
SELF-Q4-mixed-fixed_hash-93,93,mixed,fixed_hash,triangle_active,True,all_sources_cleared_with_certificate,triangle,True,990.0,31,31,"[1, 2, 3, 4, 6, 7, 12, 13, 14, 16, 19, 20]","[1, 2, 3, 4, 6, 7, 12, 13, 14, 16, 19, 20]",full_mesh,10784.900127295914,0.007468666000001178,0,32,11,1,0,0,12,10,12,1.0,898.7416772746595,42044.50063647958,387,381,0
SELF-Q4-mixed-fixed_hash-94,94,mixed,fixed_hash,triangle_active,True,all_sources_cleared_with_certificate,triangle,True,990.0,31,31,"[1, 4, 5, 6, 7, 8, 9, 10, 11, 14, 15, 18, 19]","[1, 4, 5, 6, 7, 8, 9, 10, 11, 14, 15, 18, 19]",full_mesh,10864.208727865773,0.008241125000004956,0,30,10,3,0,0,13,10,13,1.0,835.7083636819825,41411.043639328855,421,412,0
SELF-Q4-mixed-fixed_hash-95,95,mixed,fixed_hash,triangle_active,True,all_sources_cleared_with_certificate,triangle,True,990.0,31,31,"[1, 2, 3, 4, 5, 10, 12, 13, 15, 16, 17, 18, 19, 20]","[1, 2, 3, 4, 5, 10, 12, 13, 15, 16, 17, 18, 19, 20]",full_mesh,10350.223582527999,0.007981000000000904,1,40,8,5,3,12,14,10,14,1.0,739.3016844662856,39971.11791264,377,368,11
SELF-Q4-mixed-fixed_hash-96,96,mixed,fixed_hash,triangle_active,True,all_sources_cleared_with_certificate,triangle,True,990.0,31,31,"[1, 3, 4, 6, 7, 10, 11, 12, 13, 14, 15, 17, 18, 19, 20]","[1, 3, 4, 6, 7, 10, 11, 12, 13, 14, 15, 17, 18, 19, 20]",full_mesh,9999.695273831398,0.007613665999997465,0,30,11,4,0,0,15,6,15,1.0,666.6463515887598,39863.476369156975,327,317,0
SELF-Q4-mixed-fixed_hash-97,97,mixed,fixed_hash,triangle_active,True,all_sources_cleared_with_certificate,triangle,True,990.0,31,22,"[1, 2, 4, 5, 6, 7, 9, 10, 12, 13, 14, 16, 17, 18, 19, 20]","[1, 2, 4, 5, 6, 7, 9, 10, 12, 13, 14, 16, 17, 18, 19, 20]",count_upper_bound,8760.79381374338,0.008145208000001958,1,54,6,10,13,28,16,11,16,1.0,547.5496133589612,34568.9690687169,282,273,28
SELF-Q4-mixed-fixed_hash-98,98,mixed,fixed_hash,triangle_active,True,all_sources_cleared_with_certificate,triangle,True,990.0,31,31,"[1, 2, 5, 8, 11, 12, 14, 17, 19, 20]","[1, 2, 5, 8, 11, 12, 14, 17, 19, 20]",full_mesh,10470.87075387154,0.008223125000000664,1,34,6,3,3,5,10,9,10,1.0,1047.087075387154,36764.35376935771,511,501,4
SELF-Q4-mixed-fixed_hash-99,99,mixed,fixed_hash,triangle_active,True,all_sources_cleared_with_certificate,triangle,True,990.0,31,31,"[2, 3, 4, 5, 6, 7, 8, 13, 18, 19, 20]","[2, 3, 4, 5, 6, 7, 8, 13, 18, 19, 20]",full_mesh,10825.315647524467,0.007441959000004772,0,26,8,3,0,0,11,9,11,1.0,984.1196043204061,40881.578237622336,433,429,0
SELF-Q4-mixed-fixed_hash-100,100,mixed,fixed_hash,triangle_active,True,all_sources_cleared_with_certificate,triangle,True,990.0,31,31,"[2, 5, 6, 7, 9, 11, 12, 13, 15, 17, 18, 19]","[2, 5, 6, 7, 9, 11, 12, 13, 15, 17, 18, 19]",full_mesh,10133.206237381972,0.0071252090000015755,0,11,12,0,0,0,12,2,12,1.0,844.4338531151643,39631.03118690987,361,342,0
SELF-Q4-mixed-fixed_hash-101,101,mixed,fixed_hash,triangle_active,True,all_sources_cleared_with_certificate,triangle,True,990.0,31,31,"[1, 4, 5, 7, 8, 9, 10, 11, 12, 15, 17, 18, 19]","[1, 4, 5, 7, 8, 9, 10, 11, 12, 15, 17, 18, 19]",full_mesh,10653.693768321384,0.009181249999997476,1,32,10,2,3,92,13,12,13,1.0,819.514905255491,40963.46884160692,356,343,91
SELF-Q4-mixed-fixed_hash-102,102,mixed,fixed_hash,triangle_active,True,all_sources_cleared_with_certificate,triangle,True,990.0,31,31,"[1, 3, 5, 6, 7, 9, 10, 12, 13, 14, 17, 18, 19, 20]","[1, 3, 5, 6, 7, 9, 10, 12, 13, 14, 17, 18, 19, 20]",full_mesh,10110.794386213396,0.007686333000002321,0,53,8,6,0,0,14,13,14,1.0,722.1995990152426,38718.971931066975,384,377,0
SELF-Q4-mixed-fixed_hash-103,103,mixed,fixed_hash,triangle_active,True,all_sources_cleared_with_certificate,triangle,True,990.0,31,31,"[1, 2, 3, 4, 5, 6, 7, 8, 11, 12, 13, 15, 17, 18, 20]","[1, 2, 3, 4, 5, 6, 7, 8, 11, 12, 13, 15, 17, 18, 20]",full_mesh,9603.173129276303,0.0068147919999930195,0,22,15,0,0,0,15,1,15,1.0,640.2115419517536,39050.865646381535,288,278,0
SELF-Q4-mixed-fixed_hash-104,104,mixed,fixed_hash,triangle_active,True,all_sources_cleared_with_certificate,triangle,True,990.0,31,23,"[1, 2, 3, 6, 7, 8, 9, 10, 11, 12, 13, 14, 15, 16, 17, 20]","[1, 2, 3, 6, 7, 8, 9, 10, 11, 12, 13, 14, 15, 16, 17, 20]",count_upper_bound,8675.851032635337,0.007475292000002298,0,23,10,7,3,0,16,6,16,1.0,542.2406895397086,34614.255163176684,279,275,1
SELF-Q4-mixed-fixed_hash-105,105,mixed,fixed_hash,triangle_active,True,all_sources_cleared_with_certificate,triangle,True,990.0,31,31,"[1, 4, 5, 6, 9, 10, 12, 13, 16, 19]","[1, 4, 5, 6, 9, 10, 12, 13, 16, 19]",full_mesh,9980.779643257547,0.0072341249999965385,0,13,10,0,0,0,10,3,10,1.0,998.0779643257547,38458.898216287744,376,359,0
SELF-Q4-mixed-fixed_hash-106,106,mixed,fixed_hash,triangle_active,True,all_sources_cleared_with_certificate,triangle,True,990.0,31,31,"[1, 2, 4, 5, 8, 13, 16, 17, 18, 19, 20]","[1, 2, 4, 5, 8, 13, 16, 17, 18, 19, 20]",full_mesh,10667.352613058196,0.007865792000004035,0,22,9,2,1,0,11,6,11,1.0,969.759328459836,40081.76306529098,434,426,0
SELF-Q4-mixed-fixed_hash-107,107,mixed,fixed_hash,triangle_active,True,all_sources_cleared_with_certificate,triangle,True,990.0,31,31,"[1, 2, 3, 5, 7, 8, 9, 10, 11, 14, 16, 19]","[1, 2, 3, 5, 7, 8, 9, 10, 11, 14, 16, 19]",full_mesh,10087.271717096464,0.007071375000002433,0,43,8,4,0,0,12,11,12,1.0,840.6059764247053,39411.35858548232,359,350,0
SELF-Q4-mixed-fixed_hash-108,108,mixed,fixed_hash,triangle_active,True,all_sources_cleared_with_certificate,triangle,True,990.0,31,31,"[2, 3, 4, 5, 6, 9, 10, 12, 13, 15, 18, 19, 20]","[2, 3, 4, 5, 6, 9, 10, 12, 13, 15, 18, 19, 20]",full_mesh,10257.896277687076,0.007271707999997545,0,16,13,0,0,0,13,2,13,1.0,789.0689444374674,40464.48138843538,352,340,0
SELF-Q4-mixed-fixed_hash-109,109,mixed,fixed_hash,triangle_active,True,all_sources_cleared_with_certificate,triangle,True,990.0,31,31,"[2, 4, 5, 7, 8, 9, 10, 13, 15, 16, 17, 18, 19, 20]","[2, 4, 5, 7, 8, 9, 10, 13, 15, 16, 17, 18, 19, 20]",full_mesh,9511.84878676297,0.006706000000001211,0,29,14,0,0,0,14,4,14,1.0,679.4177704830693,39124.24393381484,272,257,0
SELF-Q4-mixed-fixed_hash-110,110,mixed,fixed_hash,triangle_active,True,all_sources_cleared_with_certificate,triangle,True,990.0,31,31,"[1, 2, 6, 7, 8, 9, 11, 12, 13, 14, 15, 16, 17, 18, 19]","[1, 2, 6, 7, 8, 9, 11, 12, 13, 14, 15, 16, 17, 18, 19]",full_mesh,10382.193199251305,0.007968584000003887,0,20,14,1,0,0,15,2,15,1.0,692.1462132834204,42375.96599625651,307,297,0
SELF-Q4-mixed-fixed_hash-111,111,mixed,fixed_hash,triangle_active,True,all_sources_cleared_with_certificate,triangle,True,990.0,31,23,"[2, 3, 4, 6, 7, 8, 10, 11, 13, 14, 15, 16, 17, 18, 19, 20]","[2, 3, 4, 6, 7, 8, 10, 11, 13, 14, 15, 16, 17, 18, 19, 20]",count_upper_bound,8159.214676019516,0.006587207999999123,0,27,13,3,1,0,16,7,16,1.0,509.9509172512198,32776.07338009759,255,249,0
SELF-Q4-mixed-fixed_hash-112,112,mixed,fixed_hash,triangle_active,True,all_sources_cleared_with_certificate,triangle,True,990.0,31,31,"[3, 4, 6, 10, 11, 13, 14, 15, 16, 19]","[3, 4, 6, 10, 11, 13, 14, 15, 16, 19]",full_mesh,10160.601540705482,0.007249332999997193,0,28,8,2,1,0,10,9,10,1.0,1016.0601540705482,38358.0077035274,408,399,0
SELF-Q4-mixed-fixed_hash-113,113,mixed,fixed_hash,triangle_active,True,all_sources_cleared_with_certificate,triangle,True,990.0,31,31,"[1, 2, 3, 4, 5, 7, 9, 12, 16, 18, 20]","[1, 2, 3, 4, 5, 7, 9, 12, 16, 18, 20]",full_mesh,10713.096974215448,0.007840040999994358,1,25,9,2,4,3,11,10,11,1.0,973.917906746859,40920.484871077235,413,400,3
SELF-Q4-mixed-fixed_hash-114,114,mixed,fixed_hash,triangle_active,True,all_sources_cleared_with_certificate,triangle,True,990.0,31,31,"[1, 3, 4, 8, 9, 10, 11, 14, 15, 17, 19, 20]","[1, 3, 4, 8, 9, 10, 11, 14, 15, 17, 19, 20]",full_mesh,10608.879038271849,0.006905041999999639,0,12,10,2,0,0,12,5,12,1.0,884.0732531893208,41734.39519135923,369,357,0
SELF-Q4-mixed-fixed_hash-115,115,mixed,fixed_hash,triangle_active,True,all_sources_cleared_with_certificate,triangle,True,990.0,31,31,"[4, 5, 6, 7, 8, 9, 10, 11, 12, 13, 14, 16, 18]","[4, 5, 6, 7, 8, 9, 10, 11, 12, 13, 14, 16, 18]",full_mesh,10030.425415294767,0.006409250000004363,0,12,13,0,0,0,13,1,13,1.0,771.5711857919051,40932.12707647384,299,284,0
SELF-Q4-mixed-fixed_hash-116,116,mixed,fixed_hash,triangle_active,True,all_sources_cleared_with_certificate,triangle,True,990.0,31,31,"[1, 3, 4, 5, 7, 8, 9, 10, 12, 13, 15, 16, 18, 20]","[1, 3, 4, 5, 7, 8, 9, 10, 12, 13, 15, 16, 18, 20]",full_mesh,9839.489524305598,0.007463207999997223,0,36,9,5,0,0,14,10,14,1.0,702.8206803075427,39017.44762152798,329,321,0
SELF-Q4-mixed-fixed_hash-117,117,mixed,fixed_hash,triangle_active,True,all_sources_cleared_with_certificate,triangle,True,990.0,31,31,"[2, 3, 4, 6, 7, 8, 9, 10, 13, 14, 16, 17, 18, 19, 20]","[2, 3, 4, 6, 7, 8, 9, 10, 13, 14, 16, 17, 18, 19, 20]",full_mesh,10326.619568014099,0.00713629200000554,0,12,15,0,0,0,15,1,15,1.0,688.4413045342733,42218.09784007049,304,288,0
SELF-Q4-mixed-fixed_hash-118,118,mixed,fixed_hash,triangle_active,True,all_sources_cleared_with_certificate,triangle,True,990.0,31,22,"[1, 2, 4, 5, 6, 7, 8, 10, 12, 13, 14, 15, 16, 17, 19, 20]","[1, 2, 4, 5, 6, 7, 8, 10, 12, 13, 14, 15, 16, 17, 19, 20]",count_upper_bound,8480.209787024898,0.008473166000001697,1,43,10,6,6,29,16,14,16,1.0,530.0131116890561,33506.0489351245,270,262,29
SELF-Q4-mixed-fixed_hash-119,119,mixed,fixed_hash,triangle_active,True,all_sources_cleared_with_certificate,triangle,True,990.0,31,31,"[2, 3, 4, 6, 7, 10, 11, 14, 16, 18]","[2, 3, 4, 6, 7, 10, 11, 14, 16, 18]",full_mesh,10267.570542334075,0.006928291000001252,0,14,10,0,0,0,10,5,10,1.0,1026.7570542334074,39667.85271167038,383,369,0
SELF-Q4-mixed-fixed_hash-120,120,mixed,fixed_hash,triangle_active,True,all_sources_cleared_with_certificate,triangle,True,990.0,31,31,"[3, 4, 5, 6, 7, 8, 13, 14, 15, 17, 20]","[3, 4, 5, 6, 7, 8, 13, 14, 15, 17, 20]",full_mesh,10288.16518768283,0.007641750000004777,0,24,10,1,0,0,11,6,11,1.0,935.2877443348026,39855.825938414135,379,367,0
SELF-Q4-mixed-fixed_hash-121,121,mixed,fixed_hash,triangle_active,True,all_sources_cleared_with_certificate,triangle,True,990.0,31,31,"[1, 3, 5, 6, 7, 11, 12, 13, 16, 17, 19, 20]","[1, 3, 5, 6, 7, 11, 12, 13, 16, 17, 19, 20]",full_mesh,10611.94588692297,0.00806862499999994,0,19,12,0,0,0,12,3,12,1.0,884.3288239102475,40449.729434614856,412,402,0
SELF-Q4-mixed-fixed_hash-122,122,mixed,fixed_hash,triangle_active,True,all_sources_cleared_with_certificate,triangle,True,990.0,31,31,"[2, 3, 4, 5, 7, 8, 10, 11, 12, 13, 17, 18, 20]","[2, 3, 4, 5, 7, 8, 10, 11, 12, 13, 17, 18, 20]",full_mesh,10841.954778051635,0.007580290999996464,0,14,12,1,0,0,13,8,13,1.0,833.9965213885873,42229.77389025815,390,381,0
SELF-Q4-mixed-fixed_hash-123,123,mixed,fixed_hash,triangle_active,True,all_sources_cleared_with_certificate,triangle,True,990.0,31,31,"[1, 2, 3, 6, 7, 9, 10, 11, 12, 14, 16, 17, 19, 20]","[1, 2, 3, 6, 7, 9, 10, 11, 12, 14, 16, 17, 19, 20]",full_mesh,10795.174720218392,0.008064083999997251,0,11,13,1,0,0,14,1,14,1.0,771.0839085870281,43090.87360109197,353,342,0
SELF-Q4-mixed-fixed_hash-124,124,mixed,fixed_hash,triangle_active,True,all_sources_cleared_with_certificate,triangle,True,990.0,31,31,"[1, 2, 3, 4, 5, 6, 7, 9, 12, 13, 15, 17, 18, 19, 20]","[1, 2, 3, 4, 5, 6, 7, 9, 12, 13, 15, 17, 18, 19, 20]",full_mesh,9969.961551251901,0.006487208000002909,0,8,15,0,0,0,15,1,15,1.0,664.6641034167934,41614.80775625951,265,247,0
SELF-Q4-mixed-fixed_hash-125,125,mixed,fixed_hash,triangle_active,True,all_sources_cleared_with_certificate,triangle,True,990.0,31,24,"[1, 2, 3, 4, 5, 6, 7, 8, 10, 11, 12, 13, 14, 15, 18, 20]","[1, 2, 3, 4, 5, 6, 7, 8, 10, 11, 12, 13, 14, 15, 18, 20]",count_upper_bound,9232.229096583425,0.008340207999999905,1,41,11,5,7,9,16,11,16,1.0,577.0143185364641,36061.14548291714,320,313,9
SELF-Q4-mixed-fixed_hash-126,126,mixed,fixed_hash,triangle_active,True,all_sources_cleared_with_certificate,triangle,True,990.0,31,31,"[2, 3, 4, 6, 8, 11, 15, 17, 18, 19]","[2, 3, 4, 6, 8, 11, 15, 17, 18, 19]",full_mesh,10944.044838698715,0.006603208999997889,0,19,9,1,0,0,10,3,10,1.0,1094.4044838698715,42335.22419349359,407,392,0
SELF-Q4-mixed-fixed_hash-127,127,mixed,fixed_hash,triangle_active,True,all_sources_cleared_with_certificate,triangle,True,990.0,31,31,"[1, 2, 4, 5, 7, 11, 14, 15, 17, 18, 19]","[1, 2, 4, 5, 7, 11, 14, 15, 17, 18, 19]",full_mesh,10437.779664894457,0.007918042000000014,0,31,9,3,1,0,11,7,11,1.0,948.8890604449506,39833.898324472284,403,398,1
SELF-Q4-mixed-fixed_hash-128,128,mixed,fixed_hash,triangle_active,True,all_sources_cleared_with_certificate,triangle,True,990.0,31,31,"[1, 3, 5, 6, 8, 9, 11, 12, 13, 16, 17, 20]","[1, 3, 5, 6, 8, 9, 11, 12, 13, 16, 17, 20]",full_mesh,10188.662784728876,0.007514458999999363,0,30,9,3,0,0,12,11,12,1.0,849.0552320607397,39273.3139236444,380,374,0
SELF-Q4-mixed-fixed_hash-129,129,mixed,fixed_hash,triangle_active,True,all_sources_cleared_with_certificate,triangle,True,990.0,31,31,"[2, 3, 4, 6, 9, 10, 11, 13, 14, 17, 18, 19, 20]","[2, 3, 4, 6, 9, 10, 11, 13, 14, 17, 18, 19, 20]",full_mesh,10272.411861077922,0.007854582999996751,1,47,9,3,3,13,13,11,13,1.0,790.1855277752248,39897.0593053896,368,352,12
SELF-Q4-mixed-fixed_hash-130,130,mixed,fixed_hash,triangle_active,True,all_sources_cleared_with_certificate,triangle,True,990.0,31,31,"[1, 2, 4, 5, 6, 9, 10, 11, 13, 14, 15, 17, 19, 20]","[1, 2, 4, 5, 6, 9, 10, 11, 13, 14, 15, 17, 19, 20]",full_mesh,10661.655256842754,0.007381334000001516,0,33,9,5,1,0,14,11,14,1.0,761.5468040601967,42143.27628421378,361,358,0
SELF-Q4-mixed-fixed_hash-131,131,mixed,fixed_hash,triangle_active,True,all_sources_cleared_with_certificate,triangle,True,990.0,31,31,"[1, 2, 3, 5, 6, 7, 9, 10, 11, 12, 13, 17, 18, 19, 20]","[1, 2, 3, 5, 6, 7, 9, 10, 11, 12, 13, 17, 18, 19, 20]",full_mesh,11051.497039473483,0.010570749999999407,1,27,13,1,3,20,15,12,15,1.0,736.7664692982322,43452.4851973674,373,364,19
SELF-Q4-mixed-fixed_hash-132,132,mixed,fixed_hash,triangle_active,True,all_sources_cleared_with_certificate,triangle,True,990.0,31,23,"[1, 2, 3, 4, 5, 6, 8, 9, 11, 12, 14, 15, 17, 18, 19, 20]","[1, 2, 3, 4, 5, 6, 8, 9, 11, 12, 14, 15, 17, 18, 19, 20]",count_upper_bound,8934.687383563518,0.006134458000005338,0,12,15,2,6,0,16,3,16,1.0,558.4179614727199,36588.436917817584,258,244,1
SELF-Q4-mixed-fixed_hash-133,133,mixed,fixed_hash,triangle_active,True,all_sources_cleared_with_certificate,triangle,True,990.0,31,31,"[1, 9, 10, 11, 12, 15, 16, 17, 19, 20]","[1, 9, 10, 11, 12, 15, 16, 17, 19, 20]",full_mesh,10378.604230535633,0.007519000000002052,0,8,10,0,0,0,10,2,10,1.0,1037.8604230535634,38713.021152678164,433,421,0
SELF-Q4-mixed-fixed_hash-134,134,mixed,fixed_hash,triangle_active,True,all_sources_cleared_with_certificate,triangle,True,990.0,31,31,"[1, 2, 4, 5, 7, 8, 11, 13, 16, 17, 18]","[1, 2, 4, 5, 7, 8, 11, 13, 16, 17, 18]",full_mesh,10249.332945051594,0.007372666999998501,0,44,8,3,0,0,11,8,11,1.0,931.7575404592358,39306.66472525795,390,383,0
SELF-Q4-mixed-fixed_hash-135,135,mixed,fixed_hash,triangle_active,True,all_sources_cleared_with_certificate,triangle,True,990.0,31,31,"[1, 2, 3, 5, 8, 9, 10, 12, 14, 16, 19, 20]","[1, 2, 3, 5, 8, 9, 10, 12, 14, 16, 19, 20]",full_mesh,10286.30004726749,0.007826958000002548,0,44,8,4,0,0,12,6,12,1.0,857.1916706056242,40751.500236337444,347,341,0
SELF-Q4-mixed-fixed_hash-136,136,mixed,fixed_hash,triangle_active,True,all_sources_cleared_with_certificate,triangle,True,990.0,31,31,"[1, 2, 3, 4, 7, 8, 11, 13, 14, 15, 17, 19, 20]","[1, 2, 3, 4, 7, 8, 11, 13, 14, 15, 17, 19, 20]",full_mesh,10144.510833173645,0.007052958000002718,0,21,11,2,0,0,13,3,13,1.0,780.3469871672035,39727.554165868234,358,344,0
SELF-Q4-mixed-fixed_hash-137,137,mixed,fixed_hash,triangle_active,True,all_sources_cleared_with_certificate,triangle,True,990.0,31,31,"[1, 3, 4, 6, 7, 8, 9, 11, 13, 14, 16, 17, 18, 19]","[1, 3, 4, 6, 7, 8, 9, 11, 13, 14, 16, 17, 18, 19]",full_mesh,10199.150409343245,0.00835087499999787,1,36,10,3,3,5,14,9,14,1.0,728.5107435245175,40265.75204671623,346,334,4
SELF-Q4-mixed-fixed_hash-138,138,mixed,fixed_hash,triangle_active,True,all_sources_cleared_with_certificate,triangle,True,990.0,31,31,"[3, 4, 5, 6, 7, 8, 9, 10, 11, 13, 14, 15, 17, 18, 20]","[3, 4, 5, 6, 7, 8, 9, 10, 11, 13, 14, 15, 17, 18, 20]",full_mesh,10964.510333794531,0.00837179199999838,1,32,9,5,3,29,15,12,15,1.0,730.9673555863021,43357.551668972636,358,344,28
SELF-Q4-mixed-fixed_hash-139,139,mixed,fixed_hash,triangle_active,True,all_sources_cleared_with_certificate,triangle,True,990.0,31,24,"[1, 3, 4, 5, 6, 8, 9, 10, 11, 12, 13, 14, 16, 18, 19, 20]","[1, 3, 4, 5, 6, 8, 9, 10, 11, 12, 13, 14, 16, 18, 19, 20]",count_upper_bound,8708.572290165823,0.007873917000004838,1,28,14,2,5,29,16,3,16,1.0,544.2857681353639,35857.86145082911,230,220,29
SELF-Q4-mixed-fixed_hash-140,140,mixed,fixed_hash,triangle_active,True,all_sources_cleared_with_certificate,triangle,True,990.0,31,31,"[1, 2, 4, 9, 11, 12, 17, 18, 19, 20]","[1, 2, 4, 9, 11, 12, 17, 18, 19, 20]",full_mesh,9872.825655094884,0.0063157089999990035,0,16,10,0,0,0,10,4,10,1.0,987.2825655094884,37484.128275474424,390,376,0
SELF-Q4-mixed-fixed_hash-141,141,mixed,fixed_hash,triangle_active,True,all_sources_cleared_with_certificate,triangle,True,990.0,31,31,"[1, 5, 6, 9, 11, 15, 16, 17, 18, 19, 20]","[1, 5, 6, 9, 11, 15, 16, 17, 18, 19, 20]",full_mesh,10548.783623598705,0.007351917000001151,0,24,11,0,0,0,11,7,11,1.0,958.9803294180641,38808.91811799352,457,447,0
SELF-Q4-mixed-fixed_hash-142,142,mixed,fixed_hash,triangle_active,True,all_sources_cleared_with_certificate,triangle,True,990.0,31,31,"[1, 2, 5, 6, 10, 12, 13, 15, 16, 18, 19, 20]","[1, 2, 5, 6, 10, 12, 13, 15, 16, 18, 19, 20]",full_mesh,10821.675282448397,0.006843250000002854,0,12,12,0,0,0,12,3,12,1.0,901.8062735373665,43488.37641224199,346,334,0
SELF-Q4-mixed-fixed_hash-143,143,mixed,fixed_hash,triangle_active,True,all_sources_cleared_with_certificate,triangle,True,990.0,31,31,"[1, 2, 3, 4, 5, 6, 7, 8, 10, 12, 14, 17, 19]","[1, 2, 3, 4, 5, 6, 7, 8, 10, 12, 14, 17, 19]",full_mesh,10190.799165385335,0.007685958000003268,0,27,10,3,0,0,13,10,13,1.0,783.9076281065643,37928.995826926664,425,415,0
SELF-Q4-mixed-fixed_hash-144,144,mixed,fixed_hash,triangle_active,True,all_sources_cleared_with_certificate,triangle,True,990.0,31,31,"[2, 3, 4, 6, 7, 8, 10, 11, 13, 14, 15, 16, 19, 20]","[2, 3, 4, 6, 7, 8, 10, 11, 13, 14, 15, 16, 19, 20]",full_mesh,10224.44299118936,0.007184791999996776,0,28,13,1,0,0,14,3,14,1.0,730.3173565135257,41077.2149559468,325,314,0
SELF-Q4-mixed-fixed_hash-145,145,mixed,fixed_hash,triangle_active,True,all_sources_cleared_with_certificate,triangle,True,990.0,31,31,"[1, 3, 5, 6, 8, 9, 11, 12, 13, 14, 15, 16, 17, 18, 19]","[1, 3, 5, 6, 8, 9, 11, 12, 13, 14, 15, 16, 17, 18, 19]",full_mesh,10636.803718468595,0.009209208999997998,1,45,10,4,5,30,15,14,15,1.0,709.1202478979063,41744.01859234296,356,346,29
SELF-Q4-mixed-fixed_hash-146,146,mixed,fixed_hash,triangle_active,True,all_sources_cleared_with_certificate,triangle,True,990.0,31,27,"[1, 2, 3, 4, 5, 6, 7, 8, 9, 10, 11, 14, 15, 16, 19, 20]","[1, 2, 3, 4, 5, 6, 7, 8, 9, 10, 11, 14, 15, 16, 19, 20]",count_upper_bound,9508.89113809571,0.009272208000005833,2,23,13,1,6,55,16,3,16,1.0,594.3056961309819,38019.455690478535,280,266,53
SELF-Q4-mixed-fixed_hash-147,147,mixed,fixed_hash,triangle_active,True,all_sources_cleared_with_certificate,triangle,True,990.0,31,31,"[3, 5, 7, 11, 12, 13, 15, 17, 19, 20]","[3, 5, 7, 11, 12, 13, 15, 17, 19, 20]",full_mesh,10429.525870503954,0.006806582999999478,0,25,8,2,0,0,10,8,10,1.0,1042.9525870503953,39012.62935251974,431,422,0
SELF-Q4-mixed-fixed_hash-148,148,mixed,fixed_hash,triangle_active,True,all_sources_cleared_with_certificate,triangle,True,990.0,31,31,"[2, 4, 5, 8, 10, 11, 12, 13, 14, 19, 20]","[2, 4, 5, 8, 10, 11, 12, 13, 14, 19, 20]",full_mesh,10582.693909154354,0.007427417000002379,0,26,10,1,0,0,11,5,11,1.0,962.0630826503958,39748.46954577175,431,423,0
SELF-Q4-mixed-fixed_hash-149,149,mixed,fixed_hash,triangle_active,True,all_sources_cleared_with_certificate,triangle,True,990.0,31,31,"[1, 3, 4, 5, 7, 9, 10, 13, 14, 15, 17, 20]","[1, 3, 4, 5, 7, 9, 10, 13, 14, 15, 17, 20]",full_mesh,10448.310111741419,0.006942000000002224,0,16,12,0,0,0,12,1,12,1.0,870.6925093117849,40256.55055870709,392,377,0
SELF-Q4-mixed-fixed_hash-150,150,mixed,fixed_hash,triangle_active,True,all_sources_cleared_with_certificate,triangle,True,990.0,31,31,"[2, 3, 5, 6, 7, 8, 10, 11, 13, 15, 17, 18, 19]","[2, 3, 5, 6, 7, 8, 10, 11, 13, 15, 17, 18, 19]",full_mesh,10221.077105259877,0.007334000000000174,0,23,12,1,0,0,13,5,13,1.0,786.2367004046059,40675.385526299375,339,326,0
SELF-Q4-mixed-fixed_hash-151,151,mixed,fixed_hash,triangle_active,True,all_sources_cleared_with_certificate,triangle,True,990.0,31,31,"[2, 7, 8, 10, 11, 12, 13, 14, 15, 16, 17, 18, 19, 20]","[2, 7, 8, 10, 11, 12, 13, 14, 15, 16, 17, 18, 19, 20]",full_mesh,10367.604965334755,0.007396459000005962,0,39,11,4,2,0,14,7,14,1.0,740.5432118096253,41558.02482667378,332,323,1
SELF-Q4-mixed-fixed_hash-152,152,mixed,fixed_hash,triangle_active,True,all_sources_cleared_with_certificate,triangle,True,990.0,31,31,"[1, 2, 3, 5, 6, 7, 8, 10, 11, 12, 13, 14, 18, 19, 20]","[1, 2, 3, 5, 6, 7, 8, 10, 11, 12, 13, 14, 18, 19, 20]",full_mesh,10733.429504777341,0.007647083000001942,0,28,12,3,0,0,15,14,15,1.0,715.5619669851561,42152.1475238867,373,363,0
SELF-Q4-mixed-fixed_hash-153,153,mixed,fixed_hash,triangle_active,True,all_sources_cleared_with_certificate,triangle,True,990.0,31,25,"[2, 3, 4, 5, 6, 7, 9, 10, 11, 12, 13, 14, 15, 16, 17, 20]","[2, 3, 4, 5, 6, 7, 9, 10, 11, 12, 13, 14, 15, 16, 17, 20]",count_upper_bound,9237.483753517927,0.006894332999998198,0,19,16,2,6,0,16,6,16,1.0,577.3427345948704,37922.418767589654,263,252,2
SELF-Q4-mixed-fixed_hash-154,154,mixed,fixed_hash,triangle_active,True,all_sources_cleared_with_certificate,triangle,True,990.0,31,31,"[1, 5, 7, 8, 9, 13, 15, 16, 17, 20]","[1, 5, 7, 8, 9, 13, 15, 16, 17, 20]",full_mesh,10687.25054923176,0.007653750000002901,0,9,9,1,0,0,10,7,10,1.0,1068.725054923176,40086.25274615881,439,425,0
SELF-Q4-mixed-fixed_hash-155,155,mixed,fixed_hash,triangle_active,True,all_sources_cleared_with_certificate,triangle,True,990.0,31,31,"[4, 5, 7, 9, 10, 14, 15, 17, 18, 19, 20]","[4, 5, 7, 9, 10, 14, 15, 17, 18, 19, 20]",full_mesh,9889.172701220263,0.00671274999999838,0,17,10,1,0,0,11,1,11,1.0,899.0157001109329,37455.86350610132,393,378,0
SELF-Q4-mixed-fixed_hash-156,156,mixed,fixed_hash,triangle_active,True,all_sources_cleared_with_certificate,triangle,True,990.0,31,31,"[3, 4, 5, 7, 8, 9, 12, 14, 16, 17, 18, 19]","[3, 4, 5, 7, 8, 9, 12, 14, 16, 17, 18, 19]",full_mesh,10560.931573371345,0.0084247500000032,1,39,9,2,3,13,12,6,12,1.0,880.0776311142787,39749.65786685673,421,410,12
SELF-Q4-mixed-fixed_hash-157,157,mixed,fixed_hash,triangle_active,True,all_sources_cleared_with_certificate,triangle,True,990.0,31,31,"[1, 2, 3, 4, 6, 8, 10, 13, 14, 16, 17, 19, 20]","[1, 2, 3, 4, 6, 8, 10, 13, 14, 16, 17, 19, 20]",full_mesh,9922.495640108471,0.006982749999998816,0,21,11,2,0,0,13,4,13,1.0,763.2688953929593,39417.478200542355,331,319,0
SELF-Q4-mixed-fixed_hash-158,158,mixed,fixed_hash,triangle_active,True,all_sources_cleared_with_certificate,triangle,True,990.0,31,31,"[1, 2, 4, 5, 8, 10, 11, 12, 13, 14, 16, 17, 18, 20]","[1, 2, 4, 5, 8, 10, 11, 12, 13, 14, 16, 17, 18, 20]",full_mesh,10074.757430912134,0.00676579099999941,0,29,13,1,0,0,14,5,14,1.0,719.6255307794381,40893.78715456068,306,296,0
SELF-Q4-mixed-fixed_hash-159,159,mixed,fixed_hash,triangle_active,True,all_sources_cleared_with_certificate,triangle,True,990.0,31,31,"[1, 4, 5, 6, 7, 8, 10, 12, 13, 14, 15, 16, 17, 19, 20]","[1, 4, 5, 6, 7, 8, 10, 12, 13, 14, 15, 16, 17, 19, 20]",full_mesh,9883.454894475579,0.007549499999996101,0,30,14,1,0,0,15,4,15,1.0,658.8969929650386,40537.2744723779,285,276,0
SELF-Q4-mixed-fixed_hash-160,160,mixed,fixed_hash,triangle_active,True,all_sources_cleared_with_certificate,triangle,True,990.0,31,23,"[4, 6, 7, 8, 9, 10, 11, 12, 13, 14, 15, 16, 17, 18, 19, 20]","[4, 6, 7, 8, 9, 10, 11, 12, 13, 14, 15, 16, 17, 18, 19, 20]",count_upper_bound,8008.348193894046,0.007134374999999693,1,18,12,3,4,6,16,1,16,1.0,500.52176211837786,33426.740969470215,207,193,5
SELF-Q4-mixed-fixed_hash-161,161,mixed,fixed_hash,triangle_active,True,all_sources_cleared_with_certificate,triangle,True,990.0,31,31,"[1, 6, 7, 8, 10, 11, 15, 16, 17, 18]","[1, 6, 7, 8, 10, 11, 15, 16, 17, 18]",full_mesh,10699.00696337198,0.007044000000000494,0,32,7,3,0,0,10,8,10,1.0,1069.900696337198,40725.03481685991,419,409,0
SELF-Q4-mixed-fixed_hash-162,162,mixed,fixed_hash,triangle_active,True,all_sources_cleared_with_certificate,triangle,True,990.0,31,31,"[2, 5, 7, 8, 10, 11, 13, 14, 15, 17, 19]","[2, 5, 7, 8, 10, 11, 13, 14, 15, 17, 19]",full_mesh,10223.701178471303,0.007496791999997754,0,12,11,0,0,0,11,1,11,1.0,929.4273798610276,39223.505892356516,390,374,0
SELF-Q4-mixed-fixed_hash-163,163,mixed,fixed_hash,triangle_active,True,all_sources_cleared_with_certificate,triangle,True,990.0,31,31,"[3, 4, 6, 10, 11, 14, 15, 16, 17, 18, 19, 20]","[3, 4, 6, 10, 11, 14, 15, 16, 17, 18, 19, 20]",full_mesh,10202.383180458906,0.006836166999995896,0,31,8,4,0,0,12,10,12,1.0,850.1985983715755,39576.915902294524,373,362,0
SELF-Q4-mixed-fixed_hash-164,164,mixed,fixed_hash,triangle_active,True,all_sources_cleared_with_certificate,triangle,True,990.0,31,31,"[1, 2, 4, 7, 9, 10, 11, 13, 14, 15, 16, 19, 20]","[1, 2, 4, 7, 9, 10, 11, 13, 14, 15, 16, 19, 20]",full_mesh,10135.389612673338,0.007810541999994314,0,23,13,0,0,0,13,3,13,1.0,779.645354821026,39181.94806336667,374,364,0
SELF-Q4-mixed-fixed_hash-165,165,mixed,fixed_hash,triangle_active,True,all_sources_cleared_with_certificate,triangle,True,990.0,31,31,"[1, 2, 3, 4, 6, 7, 8, 10, 11, 14, 16, 17, 19, 20]","[1, 2, 3, 4, 6, 7, 8, 10, 11, 14, 16, 17, 19, 20]",full_mesh,9824.900786781927,0.006299749999996607,0,16,14,0,0,0,14,2,14,1.0,701.7786276272806,40594.50393390964,275,261,0
SELF-Q4-mixed-fixed_hash-166,166,mixed,fixed_hash,triangle_active,True,all_sources_cleared_with_certificate,triangle,True,990.0,31,31,"[1, 2, 4, 5, 6, 8, 10, 11, 12, 14, 16, 17, 18, 19, 20]","[1, 2, 4, 5, 6, 8, 10, 11, 12, 14, 16, 17, 18, 19, 20]",full_mesh,10019.578106002326,0.007591499999996643,0,18,15,0,0,0,15,1,15,1.0,667.9718737334883,39732.89053001161,335,323,0
SELF-Q4-mixed-fixed_hash-167,167,mixed,fixed_hash,triangle_active,True,all_sources_cleared_with_certificate,triangle,True,990.0,31,24,"[1, 2, 3, 4, 5, 7, 8, 9, 11, 12, 13, 14, 15, 16, 17, 18]","[1, 2, 3, 4, 5, 7, 8, 9, 11, 12, 13, 14, 15, 16, 17, 18]",count_upper_bound,9007.577057020493,0.007480749999999148,1,17,14,2,6,16,16,1,16,1.0,562.9735660637808,36207.885285102464,275,263,16
SELF-Q4-mixed-fixed_hash-168,168,mixed,fixed_hash,triangle_active,True,all_sources_cleared_with_certificate,triangle,True,990.0,31,31,"[4, 6, 9, 12, 13, 14, 15, 17, 19, 20]","[4, 6, 9, 12, 13, 14, 15, 17, 19, 20]",full_mesh,10456.78621619786,0.006546290999999371,0,28,8,2,2,0,10,9,10,1.0,1045.6786216197859,39268.931080989285,427,418,0
SELF-Q4-mixed-fixed_hash-169,169,mixed,fixed_hash,triangle_active,True,all_sources_cleared_with_certificate,triangle,True,990.0,31,31,"[4, 5, 6, 8, 9, 13, 15, 17, 18, 19, 20]","[4, 5, 6, 8, 9, 13, 15, 17, 18, 19, 20]",full_mesh,10413.28992982316,0.007615332999996838,0,25,11,0,0,0,11,10,11,1.0,946.6627208930146,38856.4496491158,432,427,0
SELF-Q4-mixed-fixed_hash-170,170,mixed,fixed_hash,triangle_active,True,all_sources_cleared_with_certificate,triangle,True,990.0,31,31,"[1, 2, 3, 4, 5, 6, 10, 11, 12, 15, 18, 19]","[1, 2, 3, 4, 5, 6, 10, 11, 12, 15, 18, 19]",full_mesh,10309.164060477273,0.008167082999996467,1,41,9,2,3,10,12,7,12,1.0,859.0970050397727,39260.82030238636,397,385,9
SELF-Q4-mixed-fixed_hash-171,171,mixed,fixed_hash,triangle_active,True,all_sources_cleared_with_certificate,triangle,True,990.0,31,31,"[3, 4, 5, 6, 7, 9, 11, 13, 14, 15, 16, 18, 19]","[3, 4, 5, 6, 7, 9, 11, 13, 14, 15, 16, 18, 19]",full_mesh,10697.121266065587,0.007988500000003285,0,20,12,1,0,0,13,3,13,1.0,822.8554820050451,42595.60633032794,354,343,0
SELF-Q4-mixed-fixed_hash-172,172,mixed,fixed_hash,triangle_active,True,all_sources_cleared_with_certificate,triangle,True,990.0,31,31,"[1, 4, 7, 8, 9, 10, 11, 12, 14, 15, 16, 18, 19, 20]","[1, 4, 7, 8, 9, 10, 11, 12, 14, 15, 16, 18, 19, 20]",full_mesh,10772.845883590693,0.007995583000003137,0,31,13,2,1,0,14,5,14,1.0,769.4889916850495,43289.229417953444,342,332,1
SELF-Q4-mixed-fixed_hash-173,173,mixed,fixed_hash,triangle_active,True,all_sources_cleared_with_certificate,triangle,True,990.0,31,31,"[1, 2, 3, 4, 6, 7, 8, 11, 12, 13, 14, 16, 17, 18, 19]","[1, 2, 3, 4, 6, 7, 8, 11, 12, 13, 14, 16, 17, 18, 19]",full_mesh,10471.84496198569,0.007963749999994718,0,40,12,3,0,0,15,14,15,1.0,698.1229974657126,40614.22480992843,380,374,0
SELF-Q4-mixed-fixed_hash-174,174,mixed,fixed_hash,triangle_active,True,all_sources_cleared_with_certificate,triangle,True,990.0,31,23,"[1, 2, 3, 4, 6, 7, 9, 10, 11, 12, 14, 15, 16, 17, 19, 20]","[1, 2, 3, 4, 6, 7, 9, 10, 11, 12, 14, 15, 16, 17, 19, 20]",count_upper_bound,8403.766280450853,0.008282874999999024,1,26,14,2,5,42,16,10,16,1.0,525.2353925281783,32993.83140225425,268,259,42
SELF-Q4-mixed-fixed_hash-175,175,mixed,fixed_hash,triangle_active,True,all_sources_cleared_with_certificate,triangle,True,990.0,31,31,"[2, 5, 7, 8, 9, 10, 15, 17, 18, 19]","[2, 5, 7, 8, 9, 10, 15, 17, 18, 19]",full_mesh,10198.337751851599,0.0072367910000039615,0,30,8,2,0,0,10,8,10,1.0,1019.8337751851599,37981.688759257995,427,417,0
SELF-Q4-mixed-fixed_hash-176,176,mixed,fixed_hash,triangle_active,True,all_sources_cleared_with_certificate,triangle,True,990.0,31,31,"[1, 2, 4, 6, 8, 10, 11, 13, 15, 16, 18]","[1, 2, 4, 6, 8, 10, 11, 13, 15, 16, 18]",full_mesh,10373.603093510832,0.007488082999998369,0,14,10,1,0,0,11,2,11,1.0,943.0548266828029,40128.015467554156,385,368,0
SELF-Q4-mixed-fixed_hash-177,177,mixed,fixed_hash,triangle_active,True,all_sources_cleared_with_certificate,triangle,True,990.0,31,31,"[1, 2, 5, 7, 10, 11, 13, 14, 16, 17, 19, 20]","[1, 2, 5, 7, 10, 11, 13, 14, 16, 17, 19, 20]",full_mesh,10317.914216640957,0.006422707999995225,0,11,11,1,0,0,12,2,12,1.0,859.8261847200797,41404.57108320478,332,317,0
SELF-Q4-mixed-fixed_hash-178,178,mixed,fixed_hash,triangle_active,True,all_sources_cleared_with_certificate,triangle,True,990.0,31,31,"[2, 3, 4, 5, 8, 11, 12, 13, 15, 17, 18, 19, 20]","[2, 3, 4, 5, 8, 11, 12, 13, 15, 17, 18, 19, 20]",full_mesh,10826.729101071747,0.0076050830000014,0,26,9,4,0,0,13,9,13,1.0,832.8253154670575,41973.645505358734,396,387,0
SELF-Q4-mixed-fixed_hash-179,179,mixed,fixed_hash,triangle_active,True,all_sources_cleared_with_certificate,triangle,True,990.0,31,31,"[1, 2, 3, 4, 5, 7, 8, 10, 11, 12, 13, 16, 18, 19]","[1, 2, 3, 4, 5, 7, 8, 10, 11, 12, 13, 16, 18, 19]",full_mesh,10766.948107333568,0.00753787499999703,0,26,11,3,0,0,14,9,14,1.0,769.0677219523977,43104.74053666783,347,341,0
SELF-Q4-mixed-fixed_hash-180,180,mixed,fixed_hash,triangle_active,True,all_sources_cleared_with_certificate,triangle,True,990.0,31,31,"[1, 2, 3, 4, 5, 6, 8, 9, 10, 11, 15, 16, 17, 18, 19]","[1, 2, 3, 4, 5, 6, 8, 9, 10, 11, 15, 16, 17, 18, 19]",full_mesh,10342.380164028957,0.006815500000001862,0,26,15,0,0,0,15,1,15,1.0,689.4920109352638,42941.90082014479,282,269,0
SELF-Q4-mixed-fixed_hash-181,181,mixed,fixed_hash,triangle_active,True,all_sources_cleared_with_certificate,triangle,True,990.0,31,14,"[1, 2, 4, 5, 6, 8, 9, 11, 13, 14, 15, 16, 17, 18, 19, 20]","[1, 2, 4, 5, 6, 8, 9, 11, 13, 14, 15, 16, 17, 18, 19, 20]",count_upper_bound,6695.6810987524095,0.007254750000001309,1,19,15,4,12,23,16,4,16,1.0,418.4800686720256,27363.405493762046,179,170,26
SELF-Q4-mixed-fixed_hash-182,182,mixed,fixed_hash,triangle_active,True,all_sources_cleared_with_certificate,triangle,True,990.0,31,31,"[2, 5, 6, 8, 11, 12, 14, 15, 18, 19]","[2, 5, 6, 8, 11, 12, 14, 15, 18, 19]",full_mesh,10181.14431823725,0.00723920899999797,0,16,10,0,0,0,10,1,10,1.0,1018.114431823725,38895.72159118624,394,382,0
SELF-Q4-mixed-fixed_hash-183,183,mixed,fixed_hash,triangle_active,True,all_sources_cleared_with_certificate,triangle,True,990.0,31,31,"[1, 2, 3, 4, 9, 10, 12, 13, 15, 18, 20]","[1, 2, 3, 4, 9, 10, 12, 13, 15, 18, 20]",full_mesh,10979.47929865144,0.007748875000004318,0,8,11,0,0,0,11,1,11,1.0,998.1344816955855,41812.39649325721,429,417,0
SELF-Q4-mixed-fixed_hash-184,184,mixed,fixed_hash,triangle_active,True,all_sources_cleared_with_certificate,triangle,True,990.0,31,31,"[1, 4, 6, 8, 9, 10, 11, 12, 13, 17, 18, 20]","[1, 4, 6, 8, 9, 10, 11, 12, 13, 17, 18, 20]",full_mesh,10930.671935237337,0.008151583999996603,1,52,9,3,4,5,12,10,12,1.0,910.8893279364447,42318.35967618667,400,392,5
SELF-Q4-mixed-fixed_hash-185,185,mixed,fixed_hash,triangle_active,True,all_sources_cleared_with_certificate,triangle,True,990.0,31,31,"[1, 3, 4, 5, 7, 8, 10, 12, 16, 17, 18, 19, 20]","[1, 3, 4, 5, 7, 8, 10, 12, 16, 17, 18, 19, 20]",full_mesh,10198.00430368854,0.0074606250000002206,0,27,13,0,0,0,13,7,13,1.0,784.4618695145031,40340.02151844269,346,335,0
SELF-Q4-mixed-fixed_hash-186,186,mixed,fixed_hash,triangle_active,True,all_sources_cleared_with_certificate,triangle,True,990.0,31,31,"[1, 2, 4, 6, 8, 9, 11, 13, 14, 15, 16, 18, 19, 20]","[1, 2, 4, 6, 8, 9, 11, 13, 14, 15, 16, 18, 19, 20]",full_mesh,10496.882584287127,0.009352750000005017,1,37,12,1,3,76,14,6,14,1.0,749.7773274490804,41409.41292143566,322,310,75
SELF-Q4-mixed-fixed_hash-187,187,mixed,fixed_hash,triangle_active,True,all_sources_cleared_with_certificate,triangle,True,990.0,31,31,"[1, 2, 3, 5, 6, 8, 10, 11, 12, 13, 14, 15, 16, 19, 20]","[1, 2, 3, 5, 6, 8, 10, 11, 12, 13, 14, 15, 16, 19, 20]",full_mesh,10168.07015429691,0.008692708999994636,0,35,13,2,0,0,15,4,15,1.0,677.871343619794,40755.350771484555,325,317,0
SELF-Q4-mixed-fixed_hash-188,188,mixed,fixed_hash,triangle_active,True,all_sources_cleared_with_certificate,triangle,True,990.0,31,20,"[1, 2, 3, 5, 6, 7, 8, 9, 10, 12, 13, 14, 15, 18, 19, 20]","[1, 2, 3, 5, 6, 7, 8, 9, 10, 12, 13, 14, 15, 18, 19, 20]",count_upper_bound,7457.363881500088,0.006669957999996257,0,41,14,4,5,0,16,12,16,1.0,466.0852425937555,30376.81940750045,217,211,2
SELF-Q4-mixed-fixed_hash-189,189,mixed,fixed_hash,triangle_active,True,all_sources_cleared_with_certificate,triangle,True,990.0,31,31,"[1, 4, 5, 9, 11, 12, 13, 14, 16, 19]","[1, 4, 5, 9, 11, 12, 13, 14, 16, 19]",full_mesh,10099.209956429577,0.0073940829999941116,0,19,10,0,0,0,10,1,10,1.0,1009.9209956429577,37386.049782147886,431,417,0
SELF-Q4-mixed-fixed_hash-190,190,mixed,fixed_hash,triangle_active,True,all_sources_cleared_with_certificate,triangle,True,990.0,31,31,"[2, 3, 4, 6, 7, 8, 11, 12, 16, 17, 20]","[2, 3, 4, 6, 7, 8, 11, 12, 16, 17, 20]",full_mesh,10358.076687614817,0.007297041999997589,0,26,7,4,0,0,11,9,11,1.0,941.6433352377106,38550.3834380741,434,423,0
SELF-Q4-mixed-fixed_hash-191,191,mixed,fixed_hash,triangle_active,True,all_sources_cleared_with_certificate,triangle,True,990.0,31,31,"[1, 2, 5, 7, 8, 11, 13, 15, 17, 18, 19, 20]","[1, 2, 5, 7, 8, 11, 13, 15, 17, 18, 19, 20]",full_mesh,9617.306658234858,0.007096625000002632,0,32,11,1,0,0,12,1,12,1.0,801.4422215195715,37266.53329117428,353,339,0
SELF-Q4-mixed-fixed_hash-192,192,mixed,fixed_hash,triangle_active,True,all_sources_cleared_with_certificate,triangle,True,990.0,31,31,"[3, 4, 5, 6, 7, 10, 11, 12, 14, 15, 17, 18, 19]","[3, 4, 5, 6, 7, 10, 11, 12, 14, 15, 17, 18, 19]",full_mesh,9908.734571846338,0.006818750000000762,0,20,12,1,0,0,13,3,13,1.0,762.2103516804875,40153.67285923171,305,288,0
SELF-Q4-mixed-fixed_hash-193,193,mixed,fixed_hash,triangle_active,True,all_sources_cleared_with_certificate,triangle,True,990.0,31,31,"[1, 2, 3, 4, 5, 6, 8, 9, 10, 14, 15, 16, 18, 19]","[1, 2, 3, 4, 5, 6, 8, 9, 10, 14, 15, 16, 18, 19]",full_mesh,10543.461993504663,0.007731417000002239,0,32,11,3,0,0,14,13,14,1.0,753.1044281074759,41562.309967523324,362,351,0
SELF-Q4-mixed-fixed_hash-194,194,mixed,fixed_hash,triangle_active,True,all_sources_cleared_with_certificate,triangle,True,990.0,31,31,"[2, 3, 5, 7, 8, 9, 10, 12, 13, 15, 16, 17, 18, 19, 20]","[2, 3, 5, 7, 8, 9, 10, 12, 13, 15, 16, 17, 18, 19, 20]",full_mesh,9994.58329989932,0.007553666999996267,0,53,11,4,0,0,15,11,15,1.0,666.3055533266213,40332.9164994966,310,303,0
SELF-Q4-mixed-fixed_hash-195,195,mixed,fixed_hash,triangle_active,True,all_sources_cleared_with_certificate,triangle,True,990.0,31,25,"[2, 3, 4, 5, 6, 7, 10, 11, 13, 14, 15, 16, 17, 18, 19, 20]","[2, 3, 4, 5, 6, 7, 10, 11, 13, 14, 15, 16, 17, 18, 19, 20]",count_upper_bound,8542.196684890177,0.007244625000005556,0,23,13,3,2,0,16,2,16,1.0,533.8872928056361,34540.98342445089,260,254,0
SELF-Q4-mixed-fixed_hash-196,196,mixed,fixed_hash,triangle_active,True,all_sources_cleared_with_certificate,triangle,True,990.0,31,31,"[1, 2, 3, 5, 7, 11, 12, 13, 14, 17]","[1, 2, 3, 5, 7, 11, 12, 13, 14, 17]",full_mesh,10558.333351211726,0.006973874999999907,0,23,7,3,0,0,10,9,10,1.0,1055.8333351211727,39646.666756058636,432,419,0
SELF-Q4-mixed-fixed_hash-197,197,mixed,fixed_hash,triangle_active,True,all_sources_cleared_with_certificate,triangle,True,990.0,31,31,"[1, 2, 4, 5, 6, 10, 12, 13, 16, 18, 19]","[1, 2, 4, 5, 6, 10, 12, 13, 16, 18, 19]",full_mesh,11042.241052100504,0.010702750000000094,2,36,7,2,6,89,11,8,11,1.0,1003.8400956455004,40796.20526050252,430,417,87
SELF-Q4-mixed-fixed_hash-198,198,mixed,fixed_hash,triangle_active,True,all_sources_cleared_with_certificate,triangle,True,990.0,31,31,"[1, 2, 3, 4, 5, 7, 8, 9, 16, 17, 18, 19]","[1, 2, 3, 4, 5, 7, 8, 9, 16, 17, 18, 19]",full_mesh,10047.394055832725,0.007299082999999484,0,30,11,1,0,0,12,7,12,1.0,837.2828379860604,39351.97027916364,355,342,0
SELF-Q4-mixed-fixed_hash-199,199,mixed,fixed_hash,triangle_active,True,all_sources_cleared_with_certificate,triangle,True,990.0,31,31,"[1, 4, 5, 6, 7, 8, 9, 10, 12, 13, 14, 18, 20]","[1, 4, 5, 6, 7, 8, 9, 10, 12, 13, 14, 18, 20]",full_mesh,9853.196236906395,0.007093625000003101,0,13,12,1,0,0,13,1,13,1.0,757.9381720697227,39385.98118453197,321,306,0
SELF-Q4-mixed-fixed_hash-200,200,mixed,fixed_hash,triangle_active,True,all_sources_cleared_with_certificate,triangle,True,990.0,31,31,"[1, 2, 3, 4, 5, 7, 8, 9, 12, 13, 14, 15, 17, 18]","[1, 2, 3, 4, 5, 7, 8, 9, 12, 13, 14, 15, 17, 18]",full_mesh,10263.384560779336,0.006854584000002717,0,40,9,5,0,0,14,8,14,1.0,733.098897198524,40946.92280389667,335,329,0
SELF-Q4-mixed-fixed_hash-201,201,mixed,fixed_hash,triangle_active,True,all_sources_cleared_with_certificate,triangle,True,990.0,31,31,"[1, 3, 4, 5, 6, 8, 9, 10, 11, 12, 13, 14, 16, 18, 19]","[1, 3, 4, 5, 6, 8, 9, 10, 11, 12, 13, 14, 16, 18, 19]",full_mesh,10278.58440567301,0.007561666000000855,0,47,14,1,0,0,15,10,15,1.0,685.2389603782007,41837.922028365036,307,301,0
SELF-Q4-mixed-fixed_hash-202,202,mixed,fixed_hash,triangle_active,True,all_sources_cleared_with_certificate,triangle,True,990.0,31,25,"[1, 2, 4, 6, 7, 8, 11, 12, 13, 14, 15, 16, 17, 18, 19, 20]","[1, 2, 4, 6, 7, 8, 11, 12, 13, 14, 15, 16, 17, 18, 19, 20]",count_upper_bound,9925.810999676456,0.008373999999996329,1,32,9,6,5,20,16,11,16,1.0,620.3631874797785,37814.054998382286,372,366,19
SELF-Q4-mixed-fixed_hash-203,203,mixed,fixed_hash,triangle_active,True,all_sources_cleared_with_certificate,triangle,True,990.0,31,31,"[1, 2, 3, 4, 5, 7, 10, 13, 14, 16]","[1, 2, 3, 4, 5, 7, 10, 13, 14, 16]",full_mesh,9833.185551500332,0.007592334000001699,0,15,9,1,0,0,10,1,10,1.0,983.3185551500331,36715.927757501646,409,395,0
SELF-Q4-mixed-fixed_hash-204,204,mixed,fixed_hash,triangle_active,True,all_sources_cleared_with_certificate,triangle,True,990.0,31,31,"[2, 3, 5, 6, 7, 8, 10, 13, 14, 16, 19]","[2, 3, 5, 6, 7, 8, 10, 13, 14, 16, 19]",full_mesh,10447.477585346036,0.007057874999993885,0,14,10,1,0,0,11,6,11,1.0,949.7706895769123,39207.38792673018,427,416,0
SELF-Q4-mixed-fixed_hash-205,205,mixed,fixed_hash,triangle_active,True,all_sources_cleared_with_certificate,triangle,True,990.0,31,31,"[2, 3, 4, 9, 12, 13, 14, 15, 16, 18, 19, 20]","[2, 3, 4, 9, 12, 13, 14, 15, 16, 18, 19, 20]",full_mesh,10443.462001211168,0.0076824170000051595,0,16,11,1,0,0,12,4,12,1.0,870.2885001009307,40157.310006055835,394,382,0
SELF-Q4-mixed-fixed_hash-206,206,mixed,fixed_hash,triangle_active,True,all_sources_cleared_with_certificate,triangle,True,990.0,31,31,"[1, 3, 4, 5, 6, 8, 9, 10, 12, 14, 15, 16, 19]","[1, 3, 4, 5, 6, 8, 9, 10, 12, 14, 15, 16, 19]",full_mesh,10192.772601883631,0.007175916999997867,0,28,9,4,0,0,13,11,13,1.0,784.0594309141254,40048.86300941815,355,343,0
SELF-Q4-mixed-fixed_hash-207,207,mixed,fixed_hash,triangle_active,True,all_sources_cleared_with_certificate,triangle,True,990.0,31,31,"[1, 2, 3, 6, 8, 10, 12, 14, 15, 16, 17, 18, 19, 20]","[1, 2, 3, 6, 8, 10, 12, 14, 15, 16, 17, 18, 19, 20]",full_mesh,9977.674111797101,0.006635375000001886,0,11,14,0,0,0,14,2,14,1.0,712.6910079855072,39693.370558985516,331,314,0
SELF-Q4-mixed-fixed_hash-208,208,mixed,fixed_hash,triangle_active,True,all_sources_cleared_with_certificate,triangle,True,990.0,31,31,"[2, 5, 6, 7, 8, 9, 10, 12, 13, 14, 15, 17, 18, 19, 20]","[2, 5, 6, 7, 8, 9, 10, 12, 13, 14, 15, 17, 18, 19, 20]",full_mesh,10335.888059327384,0.007455625000005739,0,21,13,2,0,0,15,4,15,1.0,689.059203955159,41244.44029663692,337,327,0
SELF-Q4-mixed-fixed_hash-209,209,mixed,fixed_hash,triangle_active,True,all_sources_cleared_with_certificate,triangle,True,990.0,31,28,"[1, 2, 3, 4, 6, 7, 10, 11, 12, 13, 14, 15, 16, 17, 18, 20]","[1, 2, 3, 4, 6, 7, 10, 11, 12, 13, 14, 15, 16, 17, 18, 20]",count_upper_bound,9129.45620116073,0.006362250000002234,0,23,14,2,2,0,16,5,16,1.0,570.5910125725457,37262.28100580367,268,257,0
SELF-Q4-mixed-fixed_hash-210,210,mixed,fixed_hash,triangle_active,True,all_sources_cleared_with_certificate,triangle,True,990.0,31,31,"[1, 4, 5, 6, 11, 13, 15, 16, 19, 20]","[1, 4, 5, 6, 11, 13, 15, 16, 19, 20]",full_mesh,9818.979411078144,0.007143499999997971,0,24,9,1,0,0,10,3,10,1.0,981.8979411078144,36839.89705539073,402,391,0
SELF-Q4-mixed-fixed_hash-211,211,mixed,fixed_hash,triangle_active,True,all_sources_cleared_with_certificate,triangle,True,990.0,31,31,"[1, 6, 8, 9, 10, 11, 12, 14, 15, 16, 19]","[1, 6, 8, 9, 10, 11, 12, 14, 15, 16, 19]",full_mesh,10266.482712585428,0.006938083000001427,0,20,10,1,0,0,11,10,11,1.0,933.3166102350389,38507.41356292715,420,410,0
SELF-Q4-mixed-fixed_hash-212,212,mixed,fixed_hash,triangle_active,True,all_sources_cleared_with_certificate,triangle,True,990.0,31,31,"[1, 2, 3, 5, 6, 9, 10, 12, 13, 15, 16, 19]","[1, 2, 3, 5, 6, 9, 10, 12, 13, 15, 16, 19]",full_mesh,10255.252707074109,0.00693212500000584,0,34,11,1,0,0,12,2,12,1.0,854.6043922561757,39771.26353537055,375,366,0
SELF-Q4-mixed-fixed_hash-213,213,mixed,fixed_hash,triangle_active,True,all_sources_cleared_with_certificate,triangle,True,990.0,31,31,"[1, 3, 4, 5, 6, 7, 8, 9, 10, 13, 14, 19, 20]","[1, 3, 4, 5, 6, 7, 8, 9, 10, 13, 14, 19, 20]",full_mesh,9947.512394409725,0.006968540999999107,0,25,12,1,0,0,13,9,13,1.0,765.1932611084404,39132.56197204863,345,331,0
SELF-Q4-mixed-fixed_hash-214,214,mixed,fixed_hash,triangle_active,True,all_sources_cleared_with_certificate,triangle,True,990.0,31,31,"[1, 2, 4, 5, 6, 7, 10, 12, 14, 15, 16, 17, 18, 20]","[1, 2, 4, 5, 6, 7, 10, 12, 14, 15, 16, 17, 18, 20]",full_mesh,10221.657650830708,0.007957791999999131,0,28,13,1,0,0,14,3,14,1.0,730.1184036307649,39963.288254153566,362,349,0
SELF-Q4-mixed-fixed_hash-215,215,mixed,fixed_hash,triangle_active,True,all_sources_cleared_with_certificate,triangle,True,990.0,31,31,"[1, 2, 4, 5, 6, 7, 8, 9, 10, 11, 13, 15, 17, 19, 20]","[1, 2, 4, 5, 6, 7, 8, 9, 10, 11, 13, 15, 17, 19, 20]",full_mesh,10702.570672044229,0.007995667000002982,0,52,10,5,0,0,15,14,15,1.0,713.5047114696152,42772.853360221125,346,343,0
SELF-Q4-mixed-fixed_hash-216,216,mixed,fixed_hash,triangle_active,True,all_sources_cleared_with_certificate,triangle,True,990.0,31,24,"[1, 2, 4, 5, 6, 7, 8, 9, 10, 14, 15, 16, 17, 18, 19, 20]","[1, 2, 4, 5, 6, 7, 8, 9, 10, 14, 15, 16, 17, 18, 19, 20]",count_upper_bound,8285.732791515984,0.006785042000004182,0,27,11,5,4,0,16,7,16,1.0,517.858299469749,33953.66395757993,237,230,0
SELF-Q4-mixed-fixed_hash-217,217,mixed,fixed_hash,triangle_active,True,all_sources_cleared_with_certificate,triangle,True,990.0,31,31,"[2, 3, 5, 6, 8, 9, 10, 14, 18, 19]","[2, 3, 5, 6, 8, 9, 10, 14, 18, 19]",full_mesh,10315.839832683398,0.007591415999996798,0,36,8,2,0,0,10,7,10,1.0,1031.5839832683398,38119.19916341698,441,437,0
SELF-Q4-mixed-fixed_hash-218,218,mixed,fixed_hash,triangle_active,True,all_sources_cleared_with_certificate,triangle,True,990.0,31,31,"[1, 4, 6, 8, 9, 10, 11, 12, 14, 18, 19]","[1, 4, 6, 8, 9, 10, 11, 12, 14, 18, 19]",full_mesh,10934.602107009954,0.007359291999996742,0,27,8,3,0,0,11,4,11,1.0,994.0547370009049,41548.01053504976,430,420,0
SELF-Q4-mixed-fixed_hash-219,219,mixed,fixed_hash,triangle_active,True,all_sources_cleared_with_certificate,triangle,True,990.0,31,31,"[1, 2, 4, 5, 6, 7, 8, 11, 13, 14, 17, 20]","[1, 2, 4, 5, 6, 7, 8, 11, 13, 14, 17, 20]",full_mesh,10122.097239421564,0.007262499999995953,0,27,10,2,1,0,12,3,12,1.0,843.5081032851303,38570.48619710782,393,383,0
SELF-Q4-mixed-fixed_hash-220,220,mixed,fixed_hash,triangle_active,True,all_sources_cleared_with_certificate,triangle,True,990.0,31,31,"[3, 4, 6, 7, 8, 9, 12, 13, 14, 15, 16, 19, 20]","[3, 4, 6, 7, 8, 9, 12, 13, 14, 15, 16, 19, 20]",full_mesh,10276.703530432238,0.008456875000000252,0,28,13,0,1,0,13,7,13,1.0,790.5156561870953,39093.51765216119,401,388,0
SELF-Q4-mixed-fixed_hash-221,221,mixed,fixed_hash,triangle_active,True,all_sources_cleared_with_certificate,triangle,True,990.0,31,31,"[1, 2, 3, 4, 6, 8, 9, 13, 14, 15, 16, 17, 19, 20]","[1, 2, 3, 4, 6, 8, 9, 13, 14, 15, 16, 17, 19, 20]",full_mesh,11045.872864054572,0.009770291000002373,1,34,11,2,3,83,14,5,14,1.0,788.9909188610409,43599.36432027285,337,325,82
SELF-Q4-mixed-fixed_hash-222,222,mixed,fixed_hash,triangle_active,True,all_sources_cleared_with_certificate,triangle,True,990.0,31,31,"[1, 2, 4, 8, 10, 11, 12, 13, 14, 15, 16, 17, 18, 19, 20]","[1, 2, 4, 8, 10, 11, 12, 13, 14, 15, 16, 17, 18, 19, 20]",full_mesh,10782.693246575729,0.007491625000000113,0,25,14,1,0,0,15,2,15,1.0,718.8462164383819,43863.46623287865,324,315,0
SELF-Q4-mixed-fixed_hash-223,223,mixed,fixed_hash,triangle_active,True,all_sources_cleared_with_certificate,triangle,True,990.0,31,27,"[1, 2, 5, 6, 7, 9, 11, 12, 13, 14, 15, 16, 17, 18, 19, 20]","[1, 2, 5, 6, 7, 9, 11, 12, 13, 14, 15, 16, 17, 18, 19, 20]",count_upper_bound,9041.743067750325,0.0064935420000011845,0,34,12,4,3,0,16,6,16,1.0,565.1089417343953,36763.71533875164,270,259,0
SELF-Q4-mixed-fixed_hash-224,224,mixed,fixed_hash,triangle_active,True,all_sources_cleared_with_certificate,triangle,True,990.0,31,31,"[2, 3, 7, 8, 9, 11, 15, 17, 19, 20]","[2, 3, 7, 8, 9, 11, 15, 17, 19, 20]",full_mesh,10473.772606589002,0.00681041600000043,0,15,10,0,0,0,10,1,10,1.0,1047.3772606589002,39753.86303294501,414,403,0
SELF-Q4-mixed-fixed_hash-225,225,mixed,fixed_hash,triangle_active,True,all_sources_cleared_with_certificate,triangle,True,990.0,31,31,"[1, 3, 5, 6, 7, 8, 10, 12, 13, 14, 15]","[1, 3, 5, 6, 7, 8, 10, 12, 13, 14, 15]",full_mesh,9833.459683690005,0.007030499999999051,0,19,10,1,0,0,11,1,11,1.0,893.950880335455,37777.298418450024,373,358,0
SELF-Q4-mixed-fixed_hash-226,226,mixed,fixed_hash,triangle_active,True,all_sources_cleared_with_certificate,triangle,True,990.0,31,31,"[2, 6, 7, 8, 9, 12, 14, 15, 16, 18, 19, 20]","[2, 6, 7, 8, 9, 12, 14, 15, 16, 18, 19, 20]",full_mesh,10082.25845176918,0.0069268749999977786,0,19,11,1,0,0,12,2,12,1.0,840.1882043140982,39146.29225884589,368,353,0
SELF-Q4-mixed-fixed_hash-227,227,mixed,fixed_hash,triangle_active,True,all_sources_cleared_with_certificate,triangle,True,990.0,31,31,"[1, 2, 3, 4, 5, 7, 8, 12, 13, 14, 15, 18, 19]","[1, 2, 3, 4, 5, 7, 8, 12, 13, 14, 15, 18, 19]",full_mesh,9487.878946819781,0.0071149169999955575,0,24,11,2,0,0,13,2,13,1.0,729.8368420630601,37399.394734098896,326,313,0
SELF-Q4-mixed-fixed_hash-228,228,mixed,fixed_hash,triangle_active,True,all_sources_cleared_with_certificate,triangle,True,990.0,31,31,"[2, 3, 5, 6, 8, 10, 11, 12, 15, 16, 17, 18, 19, 20]","[2, 3, 5, 6, 8, 10, 11, 12, 15, 16, 17, 18, 19, 20]",full_mesh,10629.956072518971,0.008732832999996276,1,52,10,4,5,18,14,12,14,1.0,759.282576608498,41519.78036259487,368,362,18
SELF-Q4-mixed-fixed_hash-229,229,mixed,fixed_hash,triangle_active,True,all_sources_cleared_with_certificate,triangle,True,990.0,31,31,"[1, 3, 4, 5, 8, 9, 10, 11, 12, 14, 16, 17, 18, 19, 20]","[1, 3, 4, 5, 8, 9, 10, 11, 12, 14, 16, 17, 18, 19, 20]",full_mesh,10804.203318474962,0.009888166999999726,1,23,14,0,3,86,15,1,15,1.0,720.2802212316641,43246.01659237483,306,295,85
SELF-Q4-mixed-fixed_hash-230,230,mixed,fixed_hash,triangle_active,True,all_sources_cleared_with_certificate,triangle,True,990.0,31,28,"[1, 3, 5, 6, 7, 8, 9, 10, 11, 12, 13, 14, 15, 16, 17, 18]","[1, 3, 5, 6, 7, 8, 9, 10, 11, 12, 13, 14, 15, 16, 17, 18]",count_upper_bound,10329.144674025612,0.012144749999997373,2,41,13,2,9,140,16,11,16,1.0,645.5715421266008,40050.72337012807,306,292,139
SELF-Q4-mixed-fixed_hash-231,231,mixed,fixed_hash,triangle_active,True,all_sources_cleared_with_certificate,triangle,True,990.0,31,31,"[1, 4, 5, 8, 10, 11, 13, 14, 18, 19]","[1, 4, 5, 8, 10, 11, 13, 14, 18, 19]",full_mesh,10466.714864790465,0.0066121250000037435,0,11,9,1,0,0,10,7,10,1.0,1046.6714864790465,39768.574323952314,413,398,0
SELF-Q4-mixed-fixed_hash-232,232,mixed,fixed_hash,triangle_active,True,all_sources_cleared_with_certificate,triangle,True,990.0,31,31,"[3, 4, 5, 7, 8, 9, 12, 14, 15, 16, 17]","[3, 4, 5, 7, 8, 9, 12, 14, 15, 16, 17]",full_mesh,10681.466808301595,0.007335374999996702,0,31,6,5,0,0,11,9,11,1.0,971.0424371183268,40847.33404150798,411,402,0
SELF-Q4-mixed-fixed_hash-233,233,mixed,fixed_hash,triangle_active,True,all_sources_cleared_with_certificate,triangle,True,990.0,31,31,"[1, 2, 4, 5, 6, 7, 8, 13, 14, 15, 16, 17]","[1, 2, 4, 5, 6, 7, 8, 13, 14, 15, 16, 17]",full_mesh,10557.249189930742,0.007036209000006011,0,45,8,4,0,0,12,11,12,1.0,879.7707658275618,40386.2459496537,404,400,0
SELF-Q4-mixed-fixed_hash-234,234,mixed,fixed_hash,triangle_active,True,all_sources_cleared_with_certificate,triangle,True,990.0,31,31,"[2, 4, 5, 6, 8, 9, 11, 13, 14, 16, 17, 18, 20]","[2, 4, 5, 6, 8, 9, 11, 13, 14, 16, 17, 18, 20]",full_mesh,10058.327653246912,0.007796915999996656,0,25,9,4,0,0,13,5,13,1.0,773.717511788224,39241.63826623456,359,350,0
SELF-Q4-mixed-fixed_hash-235,235,mixed,fixed_hash,triangle_active,True,all_sources_cleared_with_certificate,triangle,True,990.0,31,31,"[1, 2, 3, 5, 8, 10, 11, 12, 14, 15, 16, 17, 18, 19]","[1, 2, 3, 5, 8, 10, 11, 12, 14, 15, 16, 17, 18, 19]",full_mesh,10205.753550548583,0.0075694169999991345,0,33,14,0,0,0,14,3,14,1.0,728.982396467756,40078.76775274291,355,345,0
SELF-Q4-mixed-fixed_hash-236,236,mixed,fixed_hash,triangle_active,True,all_sources_cleared_with_certificate,triangle,True,990.0,31,31,"[3, 5, 7, 9, 10, 11, 12, 13, 14, 15, 16, 17, 18, 19, 20]","[3, 5, 7, 9, 10, 11, 12, 13, 14, 15, 16, 17, 18, 19, 20]",full_mesh,10333.50736501851,0.007562542000002281,0,44,13,2,0,0,15,12,15,1.0,688.900491001234,41067.53682509254,342,335,0
SELF-Q4-mixed-fixed_hash-237,237,mixed,fixed_hash,triangle_active,True,all_sources_cleared_with_certificate,triangle,True,990.0,31,22,"[1, 3, 4, 5, 6, 7, 8, 9, 11, 12, 14, 15, 16, 17, 19, 20]","[1, 3, 4, 5, 6, 7, 8, 9, 11, 12, 14, 15, 16, 17, 19, 20]",count_upper_bound,9826.956821789654,0.010401625000000081,2,43,11,4,11,123,16,12,16,1.0,614.1848013618534,38189.78410894825,292,283,122
SELF-Q4-mixed-fixed_hash-238,238,mixed,fixed_hash,triangle_active,True,all_sources_cleared_with_certificate,triangle,True,990.0,31,31,"[2, 3, 9, 12, 13, 14, 15, 16, 17, 19]","[2, 3, 9, 12, 13, 14, 15, 16, 17, 19]",full_mesh,10887.85481938699,0.008555042000004676,1,33,6,3,3,14,10,9,10,1.0,1088.785481938699,39444.274096934954,487,475,13
SELF-Q4-mixed-fixed_hash-239,239,mixed,fixed_hash,triangle_active,True,all_sources_cleared_with_certificate,triangle,True,990.0,31,31,"[1, 4, 5, 6, 7, 14, 15, 17, 18, 19, 20]","[1, 4, 5, 6, 7, 14, 15, 17, 18, 19, 20]",full_mesh,10577.097276286484,0.007623708000004115,0,20,11,0,0,0,11,5,11,1.0,961.5542978442259,40595.48638143241,402,393,0
SELF-Q4-mixed-fixed_hash-240,240,mixed,fixed_hash,triangle_active,True,all_sources_cleared_with_certificate,triangle,True,990.0,31,31,"[1, 2, 5, 6, 9, 10, 11, 12, 13, 17, 19, 20]","[1, 2, 5, 6, 9, 10, 11, 12, 13, 17, 19, 20]",full_mesh,10172.588696289764,0.006988166999995826,0,20,12,0,0,0,12,2,12,1.0,847.7157246908137,40067.943481448805,352,339,0
SELF-Q4-mixed-fixed_hash-241,241,mixed,fixed_hash,triangle_active,True,all_sources_cleared_with_certificate,triangle,True,990.0,31,31,"[3, 4, 5, 6, 8, 9, 10, 11, 12, 14, 15, 17, 18]","[3, 4, 5, 6, 8, 9, 10, 11, 12, 14, 15, 17, 18]",full_mesh,10554.468221957453,0.007123499999998728,0,29,10,3,3,0,13,12,13,1.0,811.8821709198041,41052.341109787274,382,369,0
SELF-Q4-mixed-fixed_hash-242,242,mixed,fixed_hash,triangle_active,True,all_sources_cleared_with_certificate,triangle,True,990.0,31,31,"[1, 2, 3, 4, 5, 9, 10, 11, 12, 13, 16, 17, 18, 19]","[1, 2, 3, 4, 5, 9, 10, 11, 12, 13, 16, 17, 18, 19]",full_mesh,11174.423522294068,0.010469499999999243,1,42,11,3,4,93,14,10,14,1.0,798.1731087352906,44102.11761147035,336,325,93
SELF-Q4-mixed-fixed_hash-243,243,mixed,fixed_hash,triangle_active,True,all_sources_cleared_with_certificate,triangle,True,990.0,31,31,"[1, 2, 3, 5, 6, 7, 10, 11, 13, 14, 15, 17, 18, 19, 20]","[1, 2, 3, 5, 6, 7, 10, 11, 13, 14, 15, 17, 18, 19, 20]",full_mesh,10420.364145320116,0.007570624999999609,0,42,13,2,0,0,15,10,15,1.0,694.6909430213411,42986.82072660058,293,283,0
SELF-Q4-mixed-fixed_hash-244,244,mixed,fixed_hash,triangle_active,True,all_sources_cleared_with_certificate,triangle,True,990.0,31,22,"[2, 3, 4, 5, 6, 7, 8, 11, 12, 13, 14, 15, 16, 17, 18, 19]","[2, 3, 4, 5, 6, 7, 8, 11, 12, 13, 14, 15, 16, 17, 18, 19]",count_upper_bound,9500.0871110345,0.0102638749999997,1,27,13,2,6,149,16,2,16,1.0,593.7554444396562,36885.43555517251,268,259,148
SELF-Q4-mixed-fixed_hash-245,245,mixed,fixed_hash,triangle_active,True,all_sources_cleared_with_certificate,triangle,True,990.0,31,31,"[3, 5, 6, 10, 11, 12, 13, 15, 16, 19]","[3, 5, 6, 10, 11, 12, 13, 15, 16, 19]",full_mesh,10734.127064651853,0.007855083000002594,0,14,7,3,0,0,10,8,10,1.0,1073.4127064651852,39160.63532325928,477,467,0
SELF-Q4-mixed-fixed_hash-246,246,mixed,fixed_hash,triangle_active,True,all_sources_cleared_with_certificate,triangle,True,990.0,31,31,"[2, 3, 6, 8, 10, 12, 13, 16, 17, 18, 19]","[2, 3, 6, 8, 10, 12, 13, 16, 17, 18, 19]",full_mesh,10202.805539904022,0.007509625000004405,0,38,8,3,0,0,11,9,11,1.0,927.5277763549111,38139.02769952011,421,415,0
SELF-Q4-mixed-fixed_hash-247,247,mixed,fixed_hash,triangle_active,True,all_sources_cleared_with_certificate,triangle,True,990.0,31,31,"[1, 3, 6, 7, 10, 11, 12, 13, 14, 15, 16, 18]","[1, 3, 6, 7, 10, 11, 12, 13, 14, 15, 16, 18]",full_mesh,10777.96886394487,0.007297790999999165,0,14,12,0,0,0,12,1,12,1.0,898.1640719954058,42059.84431972435,387,371,0
SELF-Q4-mixed-fixed_hash-248,248,mixed,fixed_hash,triangle_active,True,all_sources_cleared_with_certificate,triangle,True,990.0,31,31,"[2, 4, 5, 6, 7, 8, 10, 11, 12, 14, 15, 16, 17]","[2, 4, 5, 6, 7, 8, 10, 11, 12, 14, 15, 16, 17]",full_mesh,9969.737759588803,0.007111915999999496,0,28,9,4,0,0,13,7,13,1.0,766.9029045837541,38603.68879794402,366,354,0
SELF-Q4-mixed-fixed_hash-249,249,mixed,fixed_hash,triangle_active,True,all_sources_cleared_with_certificate,triangle,True,990.0,31,31,"[1, 2, 5, 6, 7, 9, 10, 13, 14, 16, 17, 18, 19, 20]","[1, 2, 5, 6, 7, 9, 10, 13, 14, 16, 17, 18, 19, 20]",full_mesh,10367.369046806258,0.007792750000000126,0,45,11,3,0,0,14,11,14,1.0,740.5263604861613,39851.845234031294,389,382,0
SELF-Q4-mixed-fixed_hash-250,250,mixed,fixed_hash,triangle_active,True,all_sources_cleared_with_certificate,triangle,True,990.0,31,31,"[2, 3, 4, 5, 6, 7, 8, 9, 10, 11, 12, 13, 17, 18, 20]","[2, 3, 4, 5, 6, 7, 8, 9, 10, 11, 12, 13, 17, 18, 20]",full_mesh,10711.305929436014,0.008848166999996465,0,30,12,4,2,0,15,10,15,1.0,714.0870619624009,41726.52964718006,382,378,1
SELF-Q4-mixed-fixed_hash-251,251,mixed,fixed_hash,triangle_active,True,all_sources_cleared_with_certificate,triangle,True,990.0,31,23,"[2, 4, 5, 7, 8, 9, 11, 12, 13, 14, 15, 16, 17, 18, 19, 20]","[2, 4, 5, 7, 8, 9, 11, 12, 13, 14, 15, 16, 17, 18, 19, 20]",count_upper_bound,8149.570860682343,0.007458375000005901,1,28,14,3,10,10,16,5,16,1.0,509.3481787926464,33362.85430341172,230,214,11
SELF-Q4-mixed-fixed_hash-252,252,mixed,fixed_hash,triangle_active,True,all_sources_cleared_with_certificate,triangle,True,990.0,31,31,"[1, 5, 6, 7, 8, 10, 13, 14, 17, 20]","[1, 5, 6, 7, 8, 10, 13, 14, 17, 20]",full_mesh,9825.989808547029,0.006616833999999017,0,7,10,0,0,0,10,1,10,1.0,982.5989808547029,37184.94904273515,393,374,0
SELF-Q4-mixed-fixed_hash-253,253,mixed,fixed_hash,triangle_active,True,all_sources_cleared_with_certificate,triangle,True,990.0,31,31,"[2, 4, 5, 8, 11, 12, 13, 14, 15, 18, 20]","[2, 4, 5, 8, 11, 12, 13, 14, 15, 18, 20]",full_mesh,10553.822948493906,0.006964625000001945,0,26,11,1,1,0,11,3,11,1.0,959.4384498630824,40749.11474246953,393,381,1
SELF-Q4-mixed-fixed_hash-254,254,mixed,fixed_hash,triangle_active,True,all_sources_cleared_with_certificate,triangle,True,990.0,31,31,"[1, 3, 4, 6, 8, 9, 11, 12, 14, 17, 18, 20]","[1, 3, 4, 6, 8, 9, 11, 12, 14, 17, 18, 20]",full_mesh,11304.293991378563,0.010028333000001055,2,43,9,1,6,101,12,8,12,1.0,942.0244992815469,44066.46995689282,358,344,99
SELF-Q4-mixed-fixed_hash-255,255,mixed,fixed_hash,triangle_active,True,all_sources_cleared_with_certificate,triangle,True,990.0,31,31,"[2, 5, 7, 8, 9, 11, 12, 13, 14, 15, 16, 19, 20]","[2, 5, 7, 8, 9, 11, 12, 13, 14, 15, 16, 19, 20]",full_mesh,9941.647474722175,0.007261124999999424,0,16,12,1,0,0,13,3,13,1.0,764.7421134401673,38343.23737361085,370,358,0
SELF-Q4-mixed-fixed_hash-256,256,mixed,fixed_hash,triangle_active,True,all_sources_cleared_with_certificate,triangle,True,990.0,31,31,"[1, 3, 4, 5, 6, 7, 8, 9, 10, 12, 13, 14, 16, 20]","[1, 3, 4, 5, 6, 7, 8, 9, 10, 12, 13, 14, 16, 20]",full_mesh,10369.997910861837,0.008089208000001236,0,50,12,2,0,0,14,6,14,1.0,740.7141364901312,41269.989554309184,342,336,0
SELF-Q4-mixed-fixed_hash-257,257,mixed,fixed_hash,triangle_active,True,all_sources_cleared_with_certificate,triangle,True,990.0,31,31,"[1, 3, 4, 6, 7, 8, 9, 10, 11, 12, 14, 15, 17, 18, 19]","[1, 3, 4, 6, 7, 8, 9, 10, 11, 12, 14, 15, 17, 18, 19]",full_mesh,11655.18344481828,0.011842624999999884,2,38,11,2,6,104,15,10,15,1.0,777.012229654552,44835.9172240914,386,377,102
SELF-Q4-mixed-fixed_hash-258,258,mixed,fixed_hash,triangle_active,True,all_sources_cleared_with_certificate,triangle,True,990.0,31,24,"[1, 2, 3, 4, 5, 6, 7, 10, 11, 13, 14, 15, 16, 18, 19, 20]","[1, 2, 3, 4, 5, 6, 7, 10, 11, 13, 14, 15, 16, 18, 19, 20]",count_upper_bound,9237.315550845857,0.006638416999997787,0,19,13,3,5,0,16,3,16,1.0,577.332221927866,38996.57775422927,228,218,0
SELF-Q4-mixed-fixed_hash-259,259,mixed,fixed_hash,triangle_active,True,all_sources_cleared_with_certificate,triangle,True,990.0,31,31,"[1, 2, 3, 4, 11, 12, 14, 16, 18, 20]","[1, 2, 3, 4, 11, 12, 14, 16, 18, 20]",full_mesh,10997.497666119485,0.009984166000002404,1,52,5,5,4,91,10,9,10,1.0,1099.7497666119484,39977.48833059743,448,439,91
SELF-Q4-mixed-fixed_hash-260,260,mixed,fixed_hash,triangle_active,True,all_sources_cleared_with_certificate,triangle,True,990.0,31,31,"[1, 2, 3, 5, 7, 10, 12, 14, 16, 17, 20]","[1, 2, 3, 5, 7, 10, 12, 14, 16, 17, 20]",full_mesh,10307.834473438637,0.007294833999999639,0,31,8,3,0,0,11,5,11,1.0,937.0758612216943,39059.1723671932,408,401,0
SELF-Q4-mixed-fixed_hash-261,261,mixed,fixed_hash,triangle_active,True,all_sources_cleared_with_certificate,triangle,True,990.0,31,31,"[1, 2, 3, 5, 6, 7, 8, 9, 11, 13, 14, 15]","[1, 2, 3, 5, 6, 7, 8, 9, 11, 13, 14, 15]",full_mesh,10517.053343293821,0.007538666000002081,0,21,12,0,0,0,12,7,12,1.0,876.4211119411517,40950.26671646912,380,367,0
SELF-Q4-mixed-fixed_hash-262,262,mixed,fixed_hash,triangle_active,True,all_sources_cleared_with_certificate,triangle,True,990.0,31,31,"[1, 4, 6, 7, 10, 11, 12, 14, 15, 17, 18, 19, 20]","[1, 4, 6, 7, 10, 11, 12, 14, 15, 17, 18, 19, 20]",full_mesh,10270.247039730479,0.006529708999998718,0,16,12,1,0,0,13,3,13,1.0,790.0190030561906,41226.23519865238,329,315,0
SELF-Q4-mixed-fixed_hash-263,263,mixed,fixed_hash,triangle_active,True,all_sources_cleared_with_certificate,triangle,True,990.0,31,31,"[1, 5, 6, 8, 9, 10, 11, 12, 13, 14, 15, 16, 17, 18]","[1, 5, 6, 8, 9, 10, 11, 12, 13, 14, 15, 16, 17, 18]",full_mesh,10178.851671936305,0.007302041999999176,0,24,14,0,0,0,14,3,14,1.0,727.0608337097361,40639.258359681524,332,321,0
SELF-Q4-mixed-fixed_hash-264,264,mixed,fixed_hash,triangle_active,True,all_sources_cleared_with_certificate,triangle,True,990.0,31,31,"[1, 2, 4, 5, 6, 7, 10, 11, 12, 14, 15, 16, 18, 19, 20]","[1, 2, 4, 5, 6, 7, 10, 11, 12, 14, 15, 16, 18, 19, 20]",full_mesh,10573.86961626492,0.007032125000002054,0,21,15,0,0,0,15,1,15,1.0,704.924641084328,43694.34808132458,295,285,0
SELF-Q4-mixed-fixed_hash-265,265,mixed,fixed_hash,triangle_active,True,all_sources_cleared_with_certificate,triangle,True,990.0,31,23,"[1, 2, 3, 4, 5, 9, 10, 11, 12, 13, 14, 15, 16, 18, 19, 20]","[1, 2, 3, 4, 5, 9, 10, 11, 12, 13, 14, 15, 16, 18, 19, 20]",count_upper_bound,8867.499474032898,0.007108833000003756,0,23,13,3,4,0,16,8,16,1.0,554.2187171270562,35202.4973701645,292,287,0
SELF-Q4-mixed-fixed_hash-266,266,mixed,fixed_hash,triangle_active,True,all_sources_cleared_with_certificate,triangle,True,990.0,31,31,"[1, 3, 4, 7, 9, 10, 14, 15, 16, 18]","[1, 3, 4, 7, 9, 10, 14, 15, 16, 18]",full_mesh,10132.112986123695,0.007632333000003655,0,8,10,0,0,0,10,2,10,1.0,1013.2112986123695,37970.564930618464,417,403,0
SELF-Q4-mixed-fixed_hash-267,267,mixed,fixed_hash,triangle_active,True,all_sources_cleared_with_certificate,triangle,True,990.0,31,31,"[1, 4, 7, 8, 9, 11, 15, 16, 17, 18, 19]","[1, 4, 7, 8, 9, 11, 15, 16, 17, 18, 19]",full_mesh,11356.213152840573,0.007922999999998126,0,34,7,4,0,0,11,10,11,1.0,1032.3830138945975,43761.0657642029,426,419,0
SELF-Q4-mixed-fixed_hash-268,268,mixed,fixed_hash,triangle_active,True,all_sources_cleared_with_certificate,triangle,True,990.0,31,31,"[2, 3, 4, 5, 10, 11, 12, 14, 16, 17, 18, 20]","[2, 3, 4, 5, 10, 11, 12, 14, 16, 17, 18, 20]",full_mesh,10093.222575823258,0.007400791999998546,0,21,11,1,0,0,12,1,12,1.0,841.1018813186048,38981.112879116285,375,362,0
SELF-Q4-mixed-fixed_hash-269,269,mixed,fixed_hash,triangle_active,True,all_sources_cleared_with_certificate,triangle,True,990.0,31,31,"[1, 2, 3, 5, 6, 7, 9, 10, 11, 13, 15, 18, 20]","[1, 2, 3, 5, 6, 7, 9, 10, 11, 13, 15, 18, 20]",full_mesh,10916.371859802373,0.010436499999997295,2,59,8,3,6,76,13,7,13,1.0,839.7209122924903,42331.85929901188,362,353,74
SELF-Q4-mixed-fixed_hash-270,270,mixed,fixed_hash,triangle_active,True,all_sources_cleared_with_certificate,triangle,True,990.0,31,31,"[1, 3, 5, 6, 8, 9, 10, 11, 12, 15, 16, 17, 18, 20]","[1, 3, 5, 6, 8, 9, 10, 11, 12, 15, 16, 17, 18, 20]",full_mesh,10287.500217608009,0.007633667000000344,0,43,14,2,3,0,14,11,14,1.0,734.8214441148577,40767.50108804005,345,333,2
SELF-Q4-mixed-fixed_hash-271,271,mixed,fixed_hash,triangle_active,True,all_sources_cleared_with_certificate,triangle,True,990.0,31,31,"[2, 4, 6, 7, 8, 9, 10, 11, 12, 13, 14, 15, 16, 18, 19]","[2, 4, 6, 7, 8, 9, 10, 11, 12, 13, 14, 15, 16, 18, 19]",full_mesh,10432.723700867107,0.007996834000003616,0,46,12,3,0,0,15,11,15,1.0,695.5149133911405,41953.618504335536,329,322,0
SELF-Q4-mixed-fixed_hash-272,272,mixed,fixed_hash,triangle_active,True,all_sources_cleared_with_certificate,triangle,True,990.0,31,27,"[2, 3, 4, 5, 6, 7, 9, 10, 11, 12, 13, 15, 16, 18, 19, 20]","[2, 3, 4, 5, 6, 7, 9, 10, 11, 12, 13, 15, 16, 18, 19, 20]",count_upper_bound,10069.712916166585,0.009043082999994567,1,36,11,5,6,13,16,13,16,1.0,629.3570572604116,38993.56458083292,360,352,13
SELF-Q4-mixed-fixed_hash-273,273,mixed,fixed_hash,triangle_active,True,all_sources_cleared_with_certificate,triangle,True,990.0,31,31,"[2, 3, 4, 7, 8, 9, 10, 14, 17, 19]","[2, 3, 4, 7, 8, 9, 10, 14, 17, 19]",full_mesh,10701.03754207444,0.007692333000001383,0,10,9,1,0,0,10,9,10,1.0,1070.1037542074441,39165.18771037221,472,458,0
SELF-Q4-mixed-fixed_hash-274,274,mixed,fixed_hash,triangle_active,True,all_sources_cleared_with_certificate,triangle,True,990.0,31,31,"[1, 2, 4, 5, 11, 12, 13, 14, 15, 17, 20]","[1, 2, 4, 5, 11, 12, 13, 14, 15, 17, 20]",full_mesh,10257.224369284604,0.007624042000003328,0,25,10,1,1,0,11,10,11,1.0,932.4749426622367,38536.12184642304,417,410,0
SELF-Q4-mixed-fixed_hash-275,275,mixed,fixed_hash,triangle_active,True,all_sources_cleared_with_certificate,triangle,True,990.0,31,31,"[3, 4, 6, 10, 11, 12, 13, 14, 15, 16, 17, 19]","[3, 4, 6, 10, 11, 12, 13, 14, 15, 16, 17, 19]",full_mesh,9967.632537567257,0.0070509170000008226,0,24,10,2,0,0,12,6,12,1.0,830.6360447972714,38428.16268783628,372,362,0
SELF-Q4-mixed-fixed_hash-276,276,mixed,fixed_hash,triangle_active,True,all_sources_cleared_with_certificate,triangle,True,990.0,31,31,"[1, 3, 4, 5, 7, 8, 9, 11, 12, 13, 15, 18, 19]","[1, 3, 4, 5, 7, 8, 9, 11, 12, 13, 15, 18, 19]",full_mesh,10359.81182113666,0.007087333000001195,0,16,13,0,0,0,13,6,13,1.0,796.908601625897,41549.0591056833,333,320,0
SELF-Q4-mixed-fixed_hash-277,277,mixed,fixed_hash,triangle_active,True,all_sources_cleared_with_certificate,triangle,True,990.0,31,31,"[2, 3, 4, 5, 6, 7, 8, 10, 13, 14, 15, 17, 19, 20]","[2, 3, 4, 5, 6, 7, 8, 10, 13, 14, 15, 17, 19, 20]",full_mesh,10417.934006188369,0.008232665999997835,1,30,11,2,3,5,14,4,14,1.0,744.1381432991692,41024.67003094184,357,346,4
SELF-Q4-mixed-fixed_hash-278,278,mixed,fixed_hash,triangle_active,True,all_sources_cleared_with_certificate,triangle,True,990.0,31,31,"[2, 3, 4, 6, 7, 8, 9, 10, 11, 13, 14, 15, 16, 18, 19]","[2, 3, 4, 6, 7, 8, 9, 10, 11, 13, 14, 15, 16, 18, 19]",full_mesh,10837.966829717423,0.009220915999996748,1,44,12,2,3,47,15,13,15,1.0,722.5311219811615,42989.83414858712,339,332,46
SELF-Q4-mixed-fixed_hash-279,279,mixed,fixed_hash,triangle_active,True,all_sources_cleared_with_certificate,triangle,True,990.0,31,22,"[1, 2, 3, 4, 5, 6, 7, 8, 10, 12, 13, 14, 15, 16, 17, 18]","[1, 2, 3, 4, 5, 6, 7, 8, 10, 12, 13, 14, 15, 16, 17, 18]",count_upper_bound,8440.080771347539,0.006801832999997259,0,34,10,8,6,0,16,7,16,1.0,527.5050482092212,33735.40385673769,269,262,2
SELF-Q4-mixed-fixed_hash-280,280,mixed,fixed_hash,triangle_active,True,all_sources_cleared_with_certificate,triangle,True,990.0,31,31,"[1, 3, 6, 8, 9, 10, 15, 16, 17, 19]","[1, 3, 6, 8, 9, 10, 15, 16, 17, 19]",full_mesh,10016.603053250716,0.006942041999998594,0,12,10,0,0,0,10,1,10,1.0,1001.6603053250716,38093.01526625358,394,378,0
SELF-Q4-mixed-fixed_hash-281,281,mixed,fixed_hash,triangle_active,True,all_sources_cleared_with_certificate,triangle,True,990.0,31,31,"[1, 4, 8, 9, 10, 13, 14, 15, 17, 18, 20]","[1, 4, 8, 9, 10, 13, 14, 15, 17, 18, 20]",full_mesh,10711.55173108654,0.006839249999998742,0,24,9,2,0,0,11,5,11,1.0,973.7774300987763,41417.75865543267,397,388,0
SELF-Q4-mixed-fixed_hash-282,282,mixed,fixed_hash,triangle_active,True,all_sources_cleared_with_certificate,triangle,True,990.0,31,31,"[1, 2, 4, 5, 6, 9, 10, 11, 12, 13, 16, 20]","[1, 2, 4, 5, 6, 9, 10, 11, 12, 13, 16, 20]",full_mesh,10264.72561432759,0.007707000000003461,0,21,8,4,0,0,12,8,12,1.0,855.3938011939658,38673.62807163795,413,405,0
SELF-Q4-mixed-fixed_hash-283,283,mixed,fixed_hash,triangle_active,True,all_sources_cleared_with_certificate,triangle,True,990.0,31,31,"[1, 3, 4, 5, 7, 9, 10, 11, 12, 13, 14, 15, 17]","[1, 3, 4, 5, 7, 9, 10, 11, 12, 13, 14, 15, 17]",full_mesh,10031.82774610952,0.0071306670000055306,0,11,13,0,0,0,13,1,13,1.0,771.67905739304,39614.13873054761,343,329,0
SELF-Q4-mixed-fixed_hash-284,284,mixed,fixed_hash,triangle_active,True,all_sources_cleared_with_certificate,triangle,True,990.0,31,31,"[2, 3, 4, 5, 8, 9, 10, 12, 13, 14, 15, 18, 19, 20]","[2, 3, 4, 5, 8, 9, 10, 12, 13, 14, 15, 18, 19, 20]",full_mesh,10146.216094944979,0.007731249999999079,0,25,12,2,0,0,14,6,14,1.0,724.7297210674985,39606.0804747249,360,355,0
SELF-Q4-mixed-fixed_hash-285,285,mixed,fixed_hash,triangle_active,True,all_sources_cleared_with_certificate,triangle,True,990.0,31,31,"[1, 3, 5, 6, 7, 8, 10, 12, 13, 14, 15, 16, 18, 19, 20]","[1, 3, 5, 6, 7, 8, 10, 12, 13, 14, 15, 16, 18, 19, 20]",full_mesh,10307.544089723637,0.008358375000000251,0,41,13,3,2,0,15,11,15,1.0,687.1696059815757,40572.72044861819,354,345,1
SELF-Q4-mixed-fixed_hash-286,286,mixed,fixed_hash,triangle_active,True,all_sources_cleared_with_certificate,triangle,True,990.0,31,24,"[1, 3, 4, 6, 7, 8, 9, 11, 12, 13, 14, 16, 17, 18, 19, 20]","[1, 3, 4, 6, 7, 8, 9, 11, 12, 13, 14, 16, 17, 18, 19, 20]",count_upper_bound,8970.297415339508,0.007892583000000286,1,44,12,5,8,3,16,13,16,1.0,560.6435884587193,35996.487076697544,281,274,4
SELF-Q4-mixed-fixed_hash-287,287,mixed,fixed_hash,triangle_active,True,all_sources_cleared_with_certificate,triangle,True,990.0,31,31,"[1, 3, 4, 7, 9, 10, 11, 13, 17, 18]","[1, 3, 4, 7, 9, 10, 11, 13, 17, 18]",full_mesh,10371.168253493552,0.007356250000000841,0,16,8,2,0,0,10,4,10,1.0,1037.1168253493552,38070.84126746777,453,442,0
SELF-Q4-mixed-fixed_hash-288,288,mixed,fixed_hash,triangle_active,True,all_sources_cleared_with_certificate,triangle,True,990.0,31,31,"[1, 2, 7, 8, 9, 10, 11, 12, 16, 18, 19]","[1, 2, 7, 8, 9, 10, 11, 12, 16, 18, 19]",full_mesh,10765.903537351467,0.008353166999995665,1,45,6,5,3,3,11,10,11,1.0,978.718503395588,40219.51768675733,445,433,3
SELF-Q4-mixed-fixed_hash-289,289,mixed,fixed_hash,triangle_active,True,all_sources_cleared_with_certificate,triangle,True,990.0,31,31,"[1, 3, 6, 7, 9, 11, 12, 13, 14, 15, 16, 17]","[1, 3, 6, 7, 9, 11, 12, 13, 14, 15, 16, 17]",full_mesh,10588.26727861645,0.008768416000002333,0,33,10,2,0,0,12,8,12,1.0,882.3556065513708,40491.33639308223,406,400,0
SELF-Q4-mixed-fixed_hash-290,290,mixed,fixed_hash,triangle_active,True,all_sources_cleared_with_certificate,triangle,True,990.0,31,31,"[1, 2, 4, 5, 7, 8, 10, 11, 14, 16, 17, 18, 19]","[1, 2, 4, 5, 7, 8, 10, 11, 14, 16, 17, 18, 19]",full_mesh,10094.648723888395,0.007767958999998825,1,44,11,1,3,11,13,6,13,1.0,776.5114402991073,40183.24361944196,329,318,10
SELF-Q4-mixed-fixed_hash-291,291,mixed,fixed_hash,triangle_active,True,all_sources_cleared_with_certificate,triangle,True,990.0,31,31,"[2, 3, 4, 5, 6, 10, 11, 12, 13, 14, 16, 17, 19, 20]","[2, 3, 4, 5, 6, 10, 11, 12, 13, 14, 16, 17, 19, 20]",full_mesh,10177.898440901967,0.007858999999996286,0,21,14,0,0,0,14,2,14,1.0,726.9927457787119,40484.49220450982,337,326,0
SELF-Q4-mixed-fixed_hash-292,292,mixed,fixed_hash,triangle_active,True,all_sources_cleared_with_certificate,triangle,True,990.0,31,31,"[1, 4, 5, 6, 7, 8, 9, 10, 11, 14, 15, 16, 18, 19, 20]","[1, 4, 5, 6, 7, 8, 9, 10, 11, 14, 15, 16, 18, 19, 20]",full_mesh,10125.221744325347,0.008411291999998127,0,32,12,3,0,0,15,10,15,1.0,675.0147829550231,40566.108721626755,324,317,0
SELF-Q4-mixed-fixed_hash-293,293,mixed,fixed_hash,triangle_active,True,all_sources_cleared_with_certificate,triangle,True,990.0,31,29,"[1, 2, 4, 6, 7, 8, 10, 11, 13, 14, 15, 16, 17, 18, 19, 20]","[1, 2, 4, 6, 7, 8, 10, 11, 13, 14, 15, 16, 17, 18, 19, 20]",count_upper_bound,10004.276845867906,0.008632458000001009,0,34,14,3,2,0,16,12,16,1.0,625.2673028667441,38246.38422933954,380,372,1
SELF-Q4-mixed-fixed_hash-294,294,mixed,fixed_hash,triangle_active,True,all_sources_cleared_with_certificate,triangle,True,990.0,31,31,"[2, 3, 6, 7, 10, 12, 13, 15, 16, 17]","[2, 3, 6, 7, 10, 12, 13, 15, 16, 17]",full_mesh,10573.325878625978,0.007360542000000692,0,29,8,2,0,0,10,7,10,1.0,1057.3325878625978,38736.629393129886,464,456,0
SELF-Q4-mixed-fixed_hash-295,295,mixed,fixed_hash,triangle_active,True,all_sources_cleared_with_certificate,triangle,True,990.0,31,31,"[1, 3, 4, 5, 10, 11, 12, 13, 15, 16, 19]","[1, 3, 4, 5, 10, 11, 12, 13, 15, 16, 19]",full_mesh,10025.656202578924,0.007028791999999839,0,18,11,0,0,0,11,4,11,1.0,911.4232911435386,38393.28101289461,384,372,0
SELF-Q4-mixed-fixed_hash-296,296,mixed,fixed_hash,triangle_active,True,all_sources_cleared_with_certificate,triangle,True,990.0,31,31,"[1, 2, 3, 7, 9, 10, 11, 12, 14, 16, 17, 20]","[1, 2, 3, 7, 9, 10, 11, 12, 14, 16, 17, 20]",full_mesh,9831.354070369418,0.00675083400000176,0,25,11,1,0,0,12,5,12,1.0,819.2795058641182,39051.77035184708,329,316,0
SELF-Q4-mixed-fixed_hash-297,297,mixed,fixed_hash,triangle_active,True,all_sources_cleared_with_certificate,triangle,True,990.0,31,31,"[1, 2, 3, 7, 8, 11, 12, 13, 14, 15, 17, 19, 20]","[1, 2, 3, 7, 8, 11, 12, 13, 14, 15, 17, 19, 20]",full_mesh,10744.286138606152,0.007711084000000312,1,26,11,1,3,16,13,5,13,1.0,826.4835491235501,43251.43069303076,333,319,15
SELF-Q4-mixed-fixed_hash-298,298,mixed,fixed_hash,triangle_active,True,all_sources_cleared_with_certificate,triangle,True,990.0,31,31,"[1, 3, 6, 7, 8, 9, 10, 12, 13, 14, 16, 17, 18, 19]","[1, 3, 6, 7, 8, 9, 10, 12, 13, 14, 16, 17, 18, 19]",full_mesh,10375.536141413288,0.007665041999999289,0,19,13,1,0,0,14,5,14,1.0,741.1097243866634,40742.68070706641,361,352,0
SELF-Q4-mixed-fixed_hash-299,299,mixed,fixed_hash,triangle_active,True,all_sources_cleared_with_certificate,triangle,True,990.0,31,31,"[1, 5, 6, 7, 8, 9, 10, 11, 12, 13, 15, 16, 17, 19, 20]","[1, 5, 6, 7, 8, 9, 10, 11, 12, 13, 15, 16, 17, 19, 20]",full_mesh,10149.04033984193,0.006850000000000023,0,42,12,3,0,0,15,12,15,1.0,676.6026893227953,41635.201699209625,292,287,0
SELF-Q4-mixed-fixed_hash-300,300,mixed,fixed_hash,triangle_active,True,all_sources_cleared_with_certificate,triangle,True,990.0,31,20,"[1, 2, 3, 4, 6, 7, 9, 10, 11, 12, 14, 15, 16, 18, 19, 20]","[1, 2, 3, 4, 6, 7, 9, 10, 11, 12, 14, 15, 16, 18, 19, 20]",count_upper_bound,7907.674876846915,0.007046333999994658,1,39,10,8,14,4,16,10,16,1.0,494.2296798029322,32588.374384234558,217,207,6
SELF-Q4-mixed-fixed_hash-301,301,mixed,fixed_hash,triangle_active,True,all_sources_cleared_with_certificate,triangle,True,990.0,31,31,"[2, 4, 5, 8, 10, 11, 13, 15, 16, 18]","[2, 4, 5, 8, 10, 11, 13, 15, 16, 18]",full_mesh,9598.70166564616,0.006682458000000224,0,14,9,1,1,0,10,9,10,1.0,959.870166564616,35468.5083282308,412,395,0
SELF-Q4-mixed-fixed_hash-302,302,mixed,fixed_hash,triangle_active,True,all_sources_cleared_with_certificate,triangle,True,990.0,31,31,"[1, 4, 7, 12, 14, 15, 16, 17, 18, 19, 20]","[1, 4, 7, 12, 14, 15, 16, 17, 18, 19, 20]",full_mesh,10760.905649701672,0.008020250000001283,1,25,9,1,3,19,11,9,11,1.0,978.2641499728793,40859.528248508344,415,405,18
SELF-Q4-mixed-fixed_hash-303,303,mixed,fixed_hash,triangle_active,True,all_sources_cleared_with_certificate,triangle,True,990.0,31,31,"[2, 3, 7, 8, 9, 10, 13, 16, 17, 18, 19, 20]","[2, 3, 7, 8, 9, 10, 13, 16, 17, 18, 19, 20]",full_mesh,10801.822361639333,0.00819687500000299,1,31,11,0,3,10,12,5,12,1.0,900.1518634699445,42949.11180819667,356,345,9
SELF-Q4-mixed-fixed_hash-304,304,mixed,fixed_hash,triangle_active,True,all_sources_cleared_with_certificate,triangle,True,990.0,31,31,"[1, 4, 5, 7, 10, 11, 13, 14, 15, 16, 17, 18, 20]","[1, 4, 5, 7, 10, 11, 13, 14, 15, 16, 17, 18, 20]",full_mesh,9970.797169021216,0.0066822080000008555,0,16,12,1,0,0,13,1,13,1.0,766.9843976170166,39253.98584510607,345,330,0
SELF-Q4-mixed-fixed_hash-305,305,mixed,fixed_hash,triangle_active,True,all_sources_cleared_with_certificate,triangle,True,990.0,31,31,"[3, 5, 6, 8, 10, 11, 12, 13, 15, 16, 17, 18, 19, 20]","[3, 5, 6, 8, 10, 11, 12, 13, 15, 16, 17, 18, 19, 20]",full_mesh,10560.463715965561,0.007169249999996907,0,26,13,1,0,0,14,4,14,1.0,754.3188368546829,42672.31857982781,327,321,0
SELF-Q4-mixed-fixed_hash-306,306,mixed,fixed_hash,triangle_active,True,all_sources_cleared_with_certificate,triangle,True,990.0,31,31,"[1, 3, 7, 9, 10, 11, 12, 13, 14, 15, 16, 17, 18, 19, 20]","[1, 3, 7, 9, 10, 11, 12, 13, 14, 15, 16, 17, 18, 19, 20]",full_mesh,10369.1089951308,0.0073600409999983185,0,18,14,1,0,0,15,2,15,1.0,691.2739330087201,41270.54497565401,342,330,0
SELF-Q4-mixed-fixed_hash-307,307,mixed,fixed_hash,triangle_active,True,all_sources_cleared_with_certificate,triangle,True,990.0,31,28,"[1, 2, 4, 5, 6, 7, 8, 9, 10, 11, 15, 16, 17, 18, 19, 20]","[1, 2, 4, 5, 6, 7, 8, 9, 10, 11, 15, 16, 17, 18, 19, 20]",count_upper_bound,10236.102740881852,0.011085624999999766,2,47,13,3,11,101,16,12,16,1.0,639.7564213051157,38620.513704409284,357,344,101
SELF-Q4-mixed-fixed_hash-308,308,mixed,fixed_hash,triangle_active,True,all_sources_cleared_with_certificate,triangle,True,990.0,31,31,"[3, 5, 6, 7, 9, 12, 13, 17, 18, 19]","[3, 5, 6, 7, 9, 12, 13, 17, 18, 19]",full_mesh,10446.409373607534,0.007577291000004038,0,25,7,3,0,0,10,5,10,1.0,1044.6409373607535,39027.04686803766,433,426,0
SELF-Q4-mixed-fixed_hash-309,309,mixed,fixed_hash,triangle_active,True,all_sources_cleared_with_certificate,triangle,True,990.0,31,31,"[1, 3, 4, 5, 7, 8, 10, 13, 14, 15, 18]","[1, 3, 4, 5, 7, 8, 10, 13, 14, 15, 18]",full_mesh,9965.345059130903,0.006732208999999045,0,22,11,0,0,0,11,3,11,1.0,905.9404599209912,38206.72529565452,380,369,0
SELF-Q4-mixed-fixed_hash-310,310,mixed,fixed_hash,triangle_active,True,all_sources_cleared_with_certificate,triangle,True,990.0,31,31,"[3, 5, 6, 7, 8, 9, 10, 12, 16, 17, 18, 20]","[3, 5, 6, 7, 8, 9, 10, 12, 16, 17, 18, 20]",full_mesh,10023.79132154419,0.006842792000000486,0,20,12,0,0,0,12,4,12,1.0,835.3159434620158,39273.95660772097,353,344,0
SELF-Q4-mixed-fixed_hash-311,311,mixed,fixed_hash,triangle_active,True,all_sources_cleared_with_certificate,triangle,True,990.0,31,31,"[1, 3, 4, 5, 7, 9, 12, 14, 15, 16, 18, 19, 20]","[1, 3, 4, 5, 7, 9, 12, 14, 15, 16, 18, 19, 20]",full_mesh,10243.320238567263,0.007557583000000534,0,35,9,5,1,0,13,12,13,1.0,787.9477106590202,39641.60119283631,376,367,1
SELF-Q4-mixed-fixed_hash-312,312,mixed,fixed_hash,triangle_active,True,all_sources_cleared_with_certificate,triangle,True,990.0,31,31,"[2, 4, 5, 6, 8, 10, 11, 13, 15, 16, 17, 18, 19, 20]","[2, 4, 5, 6, 8, 10, 11, 13, 15, 16, 17, 18, 19, 20]",full_mesh,10107.738182912792,0.007485500000001366,0,17,13,1,0,0,14,1,14,1.0,721.9812987794851,39593.69091456396,355,344,0
SELF-Q4-mixed-fixed_hash-313,313,mixed,fixed_hash,triangle_active,True,all_sources_cleared_with_certificate,triangle,True,990.0,31,31,"[1, 3, 4, 6, 7, 11, 12, 13, 14, 15, 16, 17, 18, 19, 20]","[1, 3, 4, 6, 7, 11, 12, 13, 14, 15, 16, 17, 18, 19, 20]",full_mesh,10304.791289175817,0.007904957999997464,0,33,13,2,0,0,15,8,15,1.0,686.9860859450545,40598.95644587907,353,345,0
SELF-Q4-mixed-fixed_hash-314,314,mixed,fixed_hash,triangle_active,True,all_sources_cleared_with_certificate,triangle,True,990.0,31,23,"[1, 2, 4, 5, 6, 7, 8, 11, 12, 14, 15, 16, 17, 18, 19, 20]","[1, 2, 4, 5, 6, 7, 8, 11, 12, 14, 15, 16, 17, 18, 19, 20]",count_upper_bound,8089.26577558454,0.007674375000000566,1,36,12,4,7,21,16,3,16,1.0,505.57911097403377,32056.328877922708,257,250,21
SELF-Q4-mixed-fixed_hash-315,315,mixed,fixed_hash,triangle_active,True,all_sources_cleared_with_certificate,triangle,True,990.0,31,31,"[1, 2, 3, 10, 11, 12, 14, 17, 18, 20]","[1, 2, 3, 10, 11, 12, 14, 17, 18, 20]",full_mesh,10517.78243899752,0.00742379100000079,0,16,7,3,0,0,10,5,10,1.0,1051.778243899752,38318.91219498759,469,459,0
SELF-Q4-mixed-fixed_hash-316,316,mixed,fixed_hash,triangle_active,True,all_sources_cleared_with_certificate,triangle,True,990.0,31,31,"[1, 4, 8, 9, 11, 13, 14, 16, 17, 19, 20]","[1, 4, 8, 9, 11, 13, 14, 16, 17, 19, 20]",full_mesh,10042.473135591188,0.007154250000006357,0,23,10,1,0,0,11,2,11,1.0,912.9521032355625,38992.36567795593,367,354,0
SELF-Q4-mixed-fixed_hash-317,317,mixed,fixed_hash,triangle_active,True,all_sources_cleared_with_certificate,triangle,True,990.0,31,31,"[1, 4, 5, 7, 8, 9, 11, 12, 13, 15, 18, 19]","[1, 4, 5, 7, 8, 9, 11, 12, 13, 15, 18, 19]",full_mesh,10761.453052271137,0.007300250000000119,0,32,9,3,0,0,12,6,12,1.0,896.7877543559281,41352.265261355686,406,401,0
SELF-Q4-mixed-fixed_hash-318,318,mixed,fixed_hash,triangle_active,True,all_sources_cleared_with_certificate,triangle,True,990.0,31,31,"[2, 4, 5, 6, 7, 10, 11, 13, 14, 15, 16, 17, 18]","[2, 4, 5, 6, 7, 10, 11, 13, 14, 15, 16, 17, 18]",full_mesh,9771.008833423291,0.007265625000002274,0,19,11,2,0,0,13,7,13,1.0,751.616064109484,37840.044167116444,359,343,0
SELF-Q4-mixed-fixed_hash-319,319,mixed,fixed_hash,triangle_active,True,all_sources_cleared_with_certificate,triangle,True,990.0,31,31,"[2, 3, 4, 5, 6, 10, 11, 12, 13, 16, 17, 18, 19, 20]","[2, 3, 4, 5, 6, 10, 11, 12, 13, 16, 17, 18, 19, 20]",full_mesh,10860.544527819788,0.007419957999999838,0,39,11,3,1,0,14,12,14,1.0,775.7531805585562,42077.72263909895,397,390,0
SELF-Q4-mixed-fixed_hash-320,320,mixed,fixed_hash,triangle_active,True,all_sources_cleared_with_certificate,triangle,True,990.0,31,31,"[2, 3, 4, 5, 6, 7, 8, 9, 11, 12, 15, 16, 17, 19, 20]","[2, 3, 4, 5, 6, 7, 8, 9, 11, 12, 15, 16, 17, 19, 20]",full_mesh,10661.838271490295,0.007416624999997623,0,44,13,2,1,0,15,8,15,1.0,710.789218099353,43034.19135745148,331,325,0
SELF-Q4-mixed-fixed_hash-321,321,mixed,fixed_hash,triangle_active,True,all_sources_cleared_with_certificate,triangle,True,990.0,31,28,"[1, 2, 4, 5, 6, 7, 8, 9, 10, 11, 12, 13, 14, 15, 17, 18]","[1, 2, 4, 5, 6, 7, 8, 9, 10, 11, 12, 13, 14, 15, 17, 18]",count_upper_bound,9613.412301522349,0.00780170800000235,0,44,12,4,3,0,16,15,16,1.0,600.8382688451468,37882.06150761175,327,322,0
SELF-Q4-mixed-fixed_hash-322,322,mixed,fixed_hash,triangle_active,True,all_sources_cleared_with_certificate,triangle,True,990.0,31,31,"[3, 5, 6, 8, 10, 13, 14, 16, 18, 19]","[3, 5, 6, 8, 10, 13, 14, 16, 18, 19]",full_mesh,9829.239180485003,0.006986290999996925,0,36,8,2,0,0,10,9,10,1.0,982.9239180485004,36731.195902425,407,398,0
SELF-Q4-mixed-fixed_hash-323,323,mixed,fixed_hash,triangle_active,True,all_sources_cleared_with_certificate,triangle,True,990.0,31,31,"[2, 4, 5, 6, 7, 8, 10, 14, 15, 16, 20]","[2, 4, 5, 6, 7, 8, 10, 14, 15, 16, 20]",full_mesh,10824.765972724601,0.007717749999997636,0,28,10,1,0,0,11,8,11,1.0,984.0696338840546,40488.829863623,447,437,0
SELF-Q4-mixed-fixed_hash-324,324,mixed,fixed_hash,triangle_active,True,all_sources_cleared_with_certificate,triangle,True,990.0,31,31,"[1, 2, 3, 5, 6, 9, 14, 16, 17, 18, 19, 20]","[1, 2, 3, 5, 6, 9, 14, 16, 17, 18, 19, 20]",full_mesh,9986.374171619316,0.007755957999997065,0,21,11,1,0,0,12,4,12,1.0,832.1978476349431,37651.870858096576,401,391,0
SELF-Q4-mixed-fixed_hash-325,325,mixed,fixed_hash,triangle_active,True,all_sources_cleared_with_certificate,triangle,True,990.0,31,31,"[1, 2, 3, 4, 5, 6, 10, 11, 13, 14, 16, 18, 20]","[1, 2, 3, 4, 5, 6, 10, 11, 13, 14, 16, 18, 20]",full_mesh,10138.0418684342,0.007465625000001808,0,35,12,1,0,0,13,2,13,1.0,779.8493744949385,39830.20934217098,353,342,0
SELF-Q4-mixed-fixed_hash-326,326,mixed,fixed_hash,triangle_active,True,all_sources_cleared_with_certificate,triangle,True,990.0,31,31,"[1, 2, 3, 4, 5, 6, 7, 10, 11, 13, 14, 15, 16, 17]","[1, 2, 3, 4, 5, 6, 7, 10, 11, 13, 14, 15, 16, 17]",full_mesh,10397.40557569758,0.007714958000001104,0,27,11,3,0,0,14,6,14,1.0,742.6718268355414,40882.02787848788,360,351,0
SELF-Q4-mixed-fixed_hash-327,327,mixed,fixed_hash,triangle_active,True,all_sources_cleared_with_certificate,triangle,True,990.0,31,31,"[1, 2, 3, 4, 5, 8, 9, 10, 11, 13, 14, 15, 17, 18, 20]","[1, 2, 3, 4, 5, 8, 9, 10, 11, 13, 14, 15, 17, 18, 20]",full_mesh,9641.28743725414,0.006479667000000688,0,11,14,1,0,0,15,4,15,1.0,642.7524958169427,39971.437186270705,264,252,0
SELF-Q4-mixed-fixed_hash-328,328,mixed,fixed_hash,triangle_active,True,all_sources_cleared_with_certificate,triangle,True,990.0,31,23,"[3, 4, 5, 6, 7, 8, 9, 11, 12, 13, 14, 15, 16, 17, 19, 20]","[3, 4, 5, 6, 7, 8, 9, 11, 12, 13, 14, 15, 16, 17, 19, 20]",count_upper_bound,8903.8527852947,0.009286167000006174,1,36,7,9,7,82,16,14,16,1.0,556.4907990809188,34399.26392647351,285,273,82
SELF-Q4-mixed-fixed_hash-329,329,mixed,fixed_hash,triangle_active,True,all_sources_cleared_with_certificate,triangle,True,990.0,31,31,"[2, 4, 5, 7, 8, 10, 11, 16, 17, 20]","[2, 4, 5, 7, 8, 10, 11, 16, 17, 20]",full_mesh,9874.673163793184,0.007366000000004647,0,19,9,1,0,0,10,1,10,1.0,987.4673163793184,37288.36581896592,397,382,0
SELF-Q4-mixed-fixed_hash-330,330,mixed,fixed_hash,triangle_active,True,all_sources_cleared_with_certificate,triangle,True,990.0,31,31,"[1, 2, 3, 6, 9, 10, 11, 13, 14, 15, 20]","[1, 2, 3, 6, 9, 10, 11, 13, 14, 15, 20]",full_mesh,10694.300069564022,0.007270999999995809,0,27,10,1,0,0,11,4,11,1.0,972.209097233093,41396.50034782012,395,385,0
SELF-Q4-mixed-fixed_hash-331,331,mixed,fixed_hash,triangle_active,True,all_sources_cleared_with_certificate,triangle,True,990.0,31,31,"[4, 6, 7, 8, 10, 11, 13, 14, 16, 18, 19, 20]","[4, 6, 7, 8, 10, 11, 13, 14, 16, 18, 19, 20]",full_mesh,10286.769875434686,0.007899958000002982,0,31,10,2,0,0,12,10,12,1.0,857.2308229528904,38603.84937717344,419,411,0
SELF-Q4-mixed-fixed_hash-332,332,mixed,fixed_hash,triangle_active,True,all_sources_cleared_with_certificate,triangle,True,990.0,31,31,"[1, 2, 3, 4, 8, 9, 12, 13, 14, 16, 17, 18, 19]","[1, 2, 3, 4, 8, 9, 12, 13, 14, 16, 17, 18, 19]",full_mesh,9757.06342962855,0.0063293749999999704,0,13,13,0,0,0,13,3,13,1.0,750.5433407406576,39425.31714814276,304,287,0
SELF-Q4-mixed-fixed_hash-333,333,mixed,fixed_hash,triangle_active,True,all_sources_cleared_with_certificate,triangle,True,990.0,31,31,"[2, 4, 5, 6, 7, 9, 10, 12, 13, 14, 16, 17, 18, 19]","[2, 4, 5, 6, 7, 9, 10, 12, 13, 14, 16, 17, 18, 19]",full_mesh,9823.563051620153,0.006580833000001007,0,34,11,3,0,0,14,6,14,1.0,701.6830751157252,40347.81525810075,283,269,0
SELF-Q4-mixed-fixed_hash-334,334,mixed,fixed_hash,triangle_active,True,all_sources_cleared_with_certificate,triangle,True,990.0,31,31,"[1, 4, 5, 6, 7, 8, 12, 13, 14, 15, 16, 17, 18, 19, 20]","[1, 4, 5, 6, 7, 8, 12, 13, 14, 15, 16, 17, 18, 19, 20]",full_mesh,10310.1612827352,0.007857542000003548,0,22,15,1,2,0,15,1,15,1.0,687.34408551568,41060.806413675986,339,325,1
SELF-Q4-mixed-fixed_hash-335,335,mixed,fixed_hash,triangle_active,True,all_sources_cleared_with_certificate,triangle,True,990.0,31,24,"[1, 2, 3, 4, 5, 6, 7, 8, 10, 11, 13, 14, 15, 17, 18, 19]","[1, 2, 3, 4, 5, 6, 7, 8, 10, 11, 13, 14, 15, 17, 18, 19]",count_upper_bound,8897.806111277605,0.007858708000000547,1,33,12,6,8,6,16,14,16,1.0,556.1128819548503,34054.03055638803,332,323,8
SELF-Q4-mixed-fixed_hash-336,336,mixed,fixed_hash,triangle_active,True,all_sources_cleared_with_certificate,triangle,True,990.0,31,31,"[1, 3, 5, 7, 8, 12, 14, 16, 18, 20]","[1, 3, 5, 7, 8, 12, 14, 16, 18, 20]",full_mesh,10371.759817997425,0.00692875000000015,0,19,6,4,0,0,10,8,10,1.0,1037.1759817997424,38308.79908998713,445,435,0
SELF-Q4-mixed-fixed_hash-337,337,mixed,fixed_hash,triangle_active,True,all_sources_cleared_with_certificate,triangle,True,990.0,31,31,"[1, 5, 6, 7, 8, 9, 12, 15, 16, 17, 19]","[1, 5, 6, 7, 8, 9, 12, 15, 16, 17, 19]",full_mesh,10307.048337630038,0.0071915419999939445,0,40,9,2,2,0,11,6,11,1.0,937.0043943300035,39675.241688150185,388,377,0
SELF-Q4-mixed-fixed_hash-338,338,mixed,fixed_hash,triangle_active,True,all_sources_cleared_with_certificate,triangle,True,990.0,31,31,"[1, 4, 5, 8, 9, 10, 12, 14, 15, 16, 19, 20]","[1, 4, 5, 8, 9, 10, 12, 14, 15, 16, 19, 20]",full_mesh,11066.777423478758,0.009979167000004452,1,46,8,3,3,79,12,11,12,1.0,922.2314519565631,40963.8871173938,431,425,78
SELF-Q4-mixed-fixed_hash-339,339,mixed,fixed_hash,triangle_active,True,all_sources_cleared_with_certificate,triangle,True,990.0,31,31,"[1, 2, 3, 5, 6, 8, 9, 10, 12, 15, 17, 18, 20]","[1, 2, 3, 5, 6, 8, 9, 10, 12, 15, 17, 18, 20]",full_mesh,11544.858632503316,0.010668542000004777,1,43,9,3,3,73,13,10,13,1.0,888.0660486541012,43724.293162516566,421,414,72
SELF-Q4-mixed-fixed_hash-340,340,mixed,fixed_hash,triangle_active,True,all_sources_cleared_with_certificate,triangle,True,990.0,31,31,"[3, 4, 5, 6, 9, 10, 13, 14, 15, 16, 17, 18, 19, 20]","[3, 4, 5, 6, 9, 10, 13, 14, 15, 16, 17, 18, 19, 20]",full_mesh,10171.376580114627,0.006950249999995606,0,20,13,1,0,0,14,3,14,1.0,726.5268985796163,40661.882900573124,330,319,0
SELF-Q4-mixed-fixed_hash-341,341,mixed,fixed_hash,triangle_active,True,all_sources_cleared_with_certificate,triangle,True,990.0,31,31,"[1, 2, 5, 6, 8, 9, 10, 11, 12, 13, 14, 16, 17, 18, 19]","[1, 2, 5, 6, 8, 9, 10, 11, 12, 13, 14, 16, 17, 18, 19]",full_mesh,10396.961381542513,0.008500791999999535,0,27,13,3,1,0,15,12,15,1.0,693.1307587695009,39664.80690771258,399,391,1
SELF-Q4-mixed-fixed_hash-342,342,mixed,fixed_hash,triangle_active,True,all_sources_cleared_with_certificate,triangle,True,990.0,31,23,"[1, 2, 3, 4, 5, 6, 7, 8, 9, 11, 12, 13, 17, 18, 19, 20]","[1, 2, 3, 4, 5, 6, 7, 8, 9, 11, 12, 13, 17, 18, 19, 20]",count_upper_bound,9393.647263434059,0.009575124999997797,1,49,12,3,8,86,16,12,16,1.0,587.1029539646287,36723.236317170304,287,279,85
SELF-Q4-mixed-fixed_hash-343,343,mixed,fixed_hash,triangle_active,True,all_sources_cleared_with_certificate,triangle,True,990.0,31,31,"[1, 3, 5, 6, 7, 9, 15, 16, 18, 20]","[1, 3, 5, 6, 7, 9, 15, 16, 18, 20]",full_mesh,9810.079550813824,0.006827999999998724,0,17,8,2,0,0,10,5,10,1.0,981.0079550813823,37405.39775406913,382,369,0
SELF-Q4-mixed-fixed_hash-344,344,mixed,fixed_hash,triangle_active,True,all_sources_cleared_with_certificate,triangle,True,990.0,31,31,"[4, 5, 7, 10, 11, 12, 13, 14, 15, 16, 20]","[4, 5, 7, 10, 11, 12, 13, 14, 15, 16, 20]",full_mesh,9911.512689092378,0.006939041999999063,0,22,9,2,0,0,11,6,11,1.0,901.0466080993072,38337.5634454619,367,354,0
SELF-Q4-mixed-fixed_hash-345,345,mixed,fixed_hash,triangle_active,True,all_sources_cleared_with_certificate,triangle,True,990.0,31,31,"[1, 3, 4, 5, 6, 7, 10, 11, 12, 14, 16, 18]","[1, 3, 4, 5, 6, 7, 10, 11, 12, 14, 16, 18]",full_mesh,11280.817086108185,0.010475708999997835,1,44,9,2,3,97,12,11,12,1.0,940.0680905090154,41819.08543054094,430,419,96
SELF-Q4-mixed-fixed_hash-346,346,mixed,fixed_hash,triangle_active,True,all_sources_cleared_with_certificate,triangle,True,990.0,31,31,"[2, 3, 4, 7, 8, 9, 11, 12, 13, 14, 15, 17, 18]","[2, 3, 4, 7, 8, 9, 11, 12, 13, 14, 15, 17, 18]",full_mesh,10193.492822627446,0.006745041000002061,0,18,12,1,0,0,13,3,13,1.0,784.1148325098036,39852.464113137255,362,348,0
SELF-Q4-mixed-fixed_hash-347,347,mixed,fixed_hash,triangle_active,True,all_sources_cleared_with_certificate,triangle,True,990.0,31,31,"[1, 3, 4, 5, 6, 7, 8, 9, 12, 16, 17, 18, 19, 20]","[1, 3, 4, 5, 6, 7, 8, 9, 12, 16, 17, 18, 19, 20]",full_mesh,10742.981750166997,0.008217041999998287,0,45,10,4,1,0,14,7,14,1.0,767.3558392976427,42679.90875083497,357,352,0
SELF-Q4-mixed-fixed_hash-348,348,mixed,fixed_hash,triangle_active,True,all_sources_cleared_with_certificate,triangle,True,990.0,31,31,"[1, 2, 3, 4, 6, 7, 8, 9, 11, 14, 15, 16, 17, 18, 19]","[1, 2, 3, 4, 6, 7, 8, 9, 11, 14, 15, 16, 17, 18, 19]",full_mesh,10167.0234475396,0.006954540999998926,0,19,15,0,0,0,15,3,15,1.0,677.8015631693066,41985.11723769799,284,275,0
SELF-Q4-mixed-fixed_hash-349,349,mixed,fixed_hash,triangle_active,True,all_sources_cleared_with_certificate,triangle,True,990.0,31,25,"[1, 3, 4, 5, 6, 8, 9, 10, 13, 14, 15, 16, 17, 18, 19, 20]","[1, 3, 4, 5, 6, 8, 9, 10, 13, 14, 15, 16, 17, 18, 19, 20]",count_upper_bound,10162.399862601827,0.010725583999999344,2,30,10,4,8,110,16,12,16,1.0,635.1499914126142,38336.99931300912,351,336,108
SELF-Q4-mixed-fixed_hash-350,350,mixed,fixed_hash,triangle_active,True,all_sources_cleared_with_certificate,triangle,True,990.0,31,31,"[3, 5, 6, 10, 11, 12, 13, 14, 18, 20]","[3, 5, 6, 10, 11, 12, 13, 14, 18, 20]",full_mesh,10204.532882933434,0.00719354099999947,0,29,6,4,0,0,10,8,10,1.0,1020.4532882933433,38592.66441466718,408,396,0
SELF-Q4-mixed-fixed_hash-351,351,mixed,fixed_hash,triangle_active,True,all_sources_cleared_with_certificate,triangle,True,990.0,31,31,"[5, 6, 7, 8, 9, 10, 11, 12, 18, 19, 20]","[5, 6, 7, 8, 9, 10, 11, 12, 18, 19, 20]",full_mesh,10944.197628589582,0.007167791000000534,0,23,9,2,0,0,11,4,11,1.0,994.9270571445074,42475.98814294793,401,389,0
SELF-Q4-mixed-fixed_hash-352,352,mixed,fixed_hash,triangle_active,True,all_sources_cleared_with_certificate,triangle,True,990.0,31,31,"[2, 3, 4, 5, 8, 9, 10, 14, 16, 17, 19, 20]","[2, 3, 4, 5, 8, 9, 10, 14, 16, 17, 19, 20]",full_mesh,11124.801080717567,0.01012287500000042,1,24,10,1,3,95,12,2,12,1.0,927.066756726464,42514.00540358786,382,370,94
SELF-Q4-mixed-fixed_hash-353,353,mixed,fixed_hash,triangle_active,True,all_sources_cleared_with_certificate,triangle,True,990.0,31,31,"[2, 3, 4, 6, 7, 8, 9, 10, 12, 13, 15, 16, 19]","[2, 3, 4, 6, 7, 8, 9, 10, 12, 13, 15, 16, 19]",full_mesh,10352.72553777289,0.00652379200000297,0,23,12,1,0,0,13,10,13,1.0,796.363502905607,41933.62768886446,319,306,0
SELF-Q4-mixed-fixed_hash-354,354,mixed,fixed_hash,triangle_active,True,all_sources_cleared_with_certificate,triangle,True,990.0,31,31,"[1, 2, 3, 4, 5, 7, 8, 10, 11, 16, 17, 18, 19, 20]","[1, 2, 3, 4, 5, 7, 8, 10, 11, 16, 17, 18, 19, 20]",full_mesh,10416.745807473591,0.007667749999995976,0,14,12,2,0,0,14,5,14,1.0,744.0532719623994,41583.72903736798,340,330,0
SELF-Q4-mixed-fixed_hash-355,355,mixed,fixed_hash,triangle_active,True,all_sources_cleared_with_certificate,triangle,True,990.0,31,31,"[2, 3, 4, 5, 6, 7, 9, 10, 11, 13, 14, 15, 16, 19, 20]","[2, 3, 4, 5, 6, 7, 9, 10, 11, 13, 14, 15, 16, 19, 20]",full_mesh,10973.215280327111,0.010544416999998418,1,60,10,4,3,74,15,10,15,1.0,731.5476853551407,43626.07640163557,327,319,73
SELF-Q4-mixed-fixed_hash-356,356,mixed,fixed_hash,triangle_active,True,all_sources_cleared_with_certificate,triangle,True,990.0,31,25,"[2, 4, 6, 7, 8, 9, 10, 11, 12, 13, 14, 15, 16, 17, 18, 19]","[2, 4, 6, 7, 8, 9, 10, 11, 12, 13, 14, 15, 16, 17, 18, 19]",count_upper_bound,8951.55670996476,0.007893041999999184,0,24,15,2,3,0,16,5,16,1.0,559.4722943727975,34597.7835498238,326,319,1
SELF-Q4-mixed-fixed_hash-357,357,mixed,fixed_hash,triangle_active,True,all_sources_cleared_with_certificate,triangle,True,990.0,31,31,"[3, 4, 5, 6, 7, 8, 9, 12, 18, 20]","[3, 4, 5, 6, 7, 8, 9, 12, 18, 20]",full_mesh,10218.513213376109,0.007696207999998705,0,32,7,3,0,0,10,7,10,1.0,1021.8513213376109,37327.56606688055,452,443,0
SELF-Q4-mixed-fixed_hash-358,358,mixed,fixed_hash,triangle_active,True,all_sources_cleared_with_certificate,triangle,True,990.0,31,31,"[1, 2, 3, 7, 8, 10, 11, 13, 14, 15, 19]","[1, 2, 3, 7, 8, 10, 11, 13, 14, 15, 19]",full_mesh,10662.582458163884,0.008821750000002737,1,21,9,1,3,23,11,4,11,1.0,969.3256780148986,39537.91229081942,441,429,22
SELF-Q4-mixed-fixed_hash-359,359,mixed,fixed_hash,triangle_active,True,all_sources_cleared_with_certificate,triangle,True,990.0,31,31,"[1, 2, 3, 7, 9, 10, 13, 15, 16, 17, 18, 19]","[1, 2, 3, 7, 9, 10, 13, 15, 16, 17, 18, 19]",full_mesh,10140.329838886211,0.007476541000002612,0,19,11,1,0,0,12,4,12,1.0,845.027486573851,38251.64919443105,407,395,0
SELF-Q4-mixed-fixed_hash-360,360,mixed,fixed_hash,triangle_active,True,all_sources_cleared_with_certificate,triangle,True,990.0,31,31,"[2, 3, 4, 7, 8, 9, 10, 11, 13, 14, 15, 17, 20]","[2, 3, 4, 7, 8, 9, 10, 11, 13, 14, 15, 17, 20]",full_mesh,10653.5301994065,0.007064166999995791,0,31,13,0,0,0,13,6,13,1.0,819.5023230312692,41922.650997032484,369,359,0
SELF-Q4-mixed-fixed_hash-361,361,mixed,fixed_hash,triangle_active,True,all_sources_cleared_with_certificate,triangle,True,990.0,31,31,"[1, 3, 4, 5, 6, 7, 10, 11, 12, 13, 15, 16, 18, 20]","[1, 3, 4, 5, 6, 7, 10, 11, 12, 13, 15, 16, 18, 20]",full_mesh,10394.211379727241,0.0069338750000014215,0,35,12,2,0,0,14,10,14,1.0,742.4436699805173,40771.05689863619,363,355,0
SELF-Q4-mixed-fixed_hash-362,362,mixed,fixed_hash,triangle_active,True,all_sources_cleared_with_certificate,triangle,True,990.0,31,31,"[3, 5, 6, 8, 9, 10, 11, 12, 13, 14, 16, 17, 18, 19, 20]","[3, 5, 6, 8, 9, 10, 11, 12, 13, 14, 16, 17, 18, 19, 20]",full_mesh,10490.00607662578,0.00762795899999702,0,41,11,4,0,0,15,10,15,1.0,699.3337384417187,41105.0303831289,367,359,0
SELF-Q4-mixed-fixed_hash-363,363,mixed,fixed_hash,triangle_active,True,all_sources_cleared_with_certificate,triangle,True,990.0,31,20,"[2, 3, 6, 7, 9, 10, 11, 12, 13, 14, 15, 16, 17, 18, 19, 20]","[2, 3, 6, 7, 9, 10, 11, 12, 13, 14, 15, 16, 17, 18, 19, 20]",count_upper_bound,7530.488532083935,0.007239832999999862,1,33,8,7,7,19,16,6,16,1.0,470.6555332552459,30422.442660419667,220,212,18
SELF-Q4-mixed-fixed_hash-364,364,mixed,fixed_hash,triangle_active,True,all_sources_cleared_with_certificate,triangle,True,990.0,31,31,"[1, 3, 4, 6, 9, 15, 16, 17, 19, 20]","[1, 3, 4, 6, 9, 15, 16, 17, 19, 20]",full_mesh,11223.673195344569,0.01004995899999983,1,37,9,0,3,97,10,4,10,1.0,1122.3673195344568,41563.365976722846,430,423,96
SELF-Q4-mixed-fixed_hash-365,365,mixed,fixed_hash,triangle_active,True,all_sources_cleared_with_certificate,triangle,True,990.0,31,31,"[1, 3, 5, 7, 9, 10, 11, 13, 17, 18, 20]","[1, 3, 5, 7, 9, 10, 11, 13, 17, 18, 20]",full_mesh,10172.427010398886,0.007177208000001656,0,21,10,2,1,0,11,4,11,1.0,924.7660918544442,39242.13505199441,380,366,1
SELF-Q4-mixed-fixed_hash-366,366,mixed,fixed_hash,triangle_active,True,all_sources_cleared_with_certificate,triangle,True,990.0,31,31,"[2, 3, 4, 5, 6, 7, 11, 12, 13, 15, 16, 20]","[2, 3, 4, 5, 6, 7, 11, 12, 13, 15, 16, 20]",full_mesh,10398.441207598044,0.007842541999998787,0,30,11,1,0,0,12,7,12,1.0,866.5367672998369,39077.20603799022,422,413,0
SELF-Q4-mixed-fixed_hash-367,367,mixed,fixed_hash,triangle_active,True,all_sources_cleared_with_certificate,triangle,True,990.0,31,31,"[1, 2, 4, 5, 7, 8, 9, 12, 14, 16, 17, 18, 19]","[1, 2, 4, 5, 7, 8, 9, 12, 14, 16, 17, 18, 19]",full_mesh,10574.52529764563,0.008088333000003445,0,26,11,2,0,0,13,4,13,1.0,813.4250228958177,41282.62648822814,377,368,0
SELF-Q4-mixed-fixed_hash-368,368,mixed,fixed_hash,triangle_active,True,all_sources_cleared_with_certificate,triangle,True,990.0,31,31,"[2, 5, 7, 8, 9, 10, 11, 13, 14, 15, 16, 17, 18, 19]","[2, 5, 7, 8, 9, 10, 11, 13, 14, 15, 16, 17, 18, 19]",full_mesh,10454.651887581827,0.007197750000003111,0,26,12,2,0,0,14,6,14,1.0,746.7608491129877,41238.259437909124,358,347,0
SELF-Q4-mixed-fixed_hash-369,369,mixed,fixed_hash,triangle_active,True,all_sources_cleared_with_certificate,triangle,True,990.0,31,31,"[1, 2, 3, 4, 7, 8, 9, 10, 12, 13, 15, 16, 17, 18, 19]","[1, 2, 3, 4, 7, 8, 9, 10, 12, 13, 15, 16, 17, 18, 19]",full_mesh,9684.627013966325,0.007490416000003108,0,43,13,2,0,0,15,6,15,1.0,645.6418009310884,39848.13506983163,275,265,0
SELF-Q4-mixed-fixed_hash-370,370,mixed,fixed_hash,triangle_active,True,all_sources_cleared_with_certificate,triangle,True,990.0,31,25,"[1, 3, 4, 5, 6, 8, 9, 10, 11, 12, 13, 14, 15, 16, 17, 19]","[1, 3, 4, 5, 6, 8, 9, 10, 11, 12, 13, 14, 15, 16, 17, 19]",count_upper_bound,10298.83708876708,0.009754000000000929,1,32,11,5,7,90,16,10,16,1.0,643.6773180479425,41214.18544383541,286,276,90
SELF-Q4-mixed-fixed_hash-371,371,mixed,fixed_hash,triangle_active,True,all_sources_cleared_with_certificate,triangle,True,990.0,31,31,"[1, 4, 6, 8, 10, 13, 14, 17, 18, 19]","[1, 4, 6, 8, 10, 13, 14, 17, 18, 19]",full_mesh,10014.676229450757,0.006829750000001411,0,12,9,1,0,0,10,4,10,1.0,1001.4676229450757,38078.38114725378,394,379,0
SELF-Q4-mixed-fixed_hash-372,372,mixed,fixed_hash,triangle_active,True,all_sources_cleared_with_certificate,triangle,True,990.0,31,31,"[3, 4, 7, 8, 9, 10, 12, 16, 18, 19, 20]","[3, 4, 7, 8, 9, 10, 12, 16, 18, 19, 20]",full_mesh,10743.410472079227,0.007797541999998714,0,29,9,2,0,0,11,7,11,1.0,976.6736792799297,40212.05236039613,442,436,0
SELF-Q4-mixed-fixed_hash-373,373,mixed,fixed_hash,triangle_active,True,all_sources_cleared_with_certificate,triangle,True,990.0,31,31,"[2, 4, 5, 6, 7, 8, 10, 12, 15, 16, 17, 19]","[2, 4, 5, 6, 7, 8, 10, 12, 15, 16, 17, 19]",full_mesh,10477.570622479763,0.007621790999998268,0,27,9,3,0,0,12,8,12,1.0,873.1308852066469,39857.853112398814,409,401,0
SELF-Q4-mixed-fixed_hash-374,374,mixed,fixed_hash,triangle_active,True,all_sources_cleared_with_certificate,triangle,True,990.0,31,31,"[4, 5, 8, 9, 11, 12, 13, 14, 15, 16, 17, 18, 19]","[4, 5, 8, 9, 11, 12, 13, 14, 15, 16, 17, 18, 19]",full_mesh,10139.263166867166,0.007299582999998222,0,23,11,2,0,0,13,7,13,1.0,779.9433205282435,40256.315834335815,339,328,0
SELF-Q4-mixed-fixed_hash-375,375,mixed,fixed_hash,triangle_active,True,all_sources_cleared_with_certificate,triangle,True,990.0,31,31,"[3, 5, 6, 7, 8, 9, 12, 13, 14, 15, 16, 17, 19, 20]","[3, 5, 6, 7, 8, 9, 12, 13, 14, 15, 16, 17, 19, 20]",full_mesh,10388.23194319537,0.007427915999997481,0,25,12,2,0,0,14,11,14,1.0,742.0165673710978,40091.15971597684,385,375,0
SELF-Q4-mixed-fixed_hash-376,376,mixed,fixed_hash,triangle_active,True,all_sources_cleared_with_certificate,triangle,True,990.0,31,31,"[1, 3, 4, 6, 7, 8, 9, 10, 12, 13, 15, 16, 17, 18, 20]","[1, 3, 4, 6, 7, 8, 9, 10, 12, 13, 15, 16, 17, 18, 20]",full_mesh,10154.617887114151,0.00812291700000145,1,43,13,1,3,43,15,10,15,1.0,676.9745258076101,41233.08943557078,286,277,42
SELF-Q4-mixed-fixed_hash-377,377,mixed,fixed_hash,triangle_active,True,all_sources_cleared_with_certificate,triangle,True,990.0,31,24,"[1, 2, 3, 4, 6, 7, 8, 9, 11, 13, 14, 15, 17, 18, 19, 20]","[1, 2, 3, 4, 6, 7, 8, 9, 11, 13, 14, 15, 17, 18, 19, 20]",count_upper_bound,8317.33601188254,0.006902250000003107,0,38,13,5,7,0,16,6,16,1.0,519.8335007426588,32931.680059412705,276,265,2
SELF-Q4-mixed-fixed_hash-378,378,mixed,fixed_hash,triangle_active,True,all_sources_cleared_with_certificate,triangle,True,990.0,31,31,"[1, 5, 7, 8, 10, 12, 13, 15, 17, 20]","[1, 5, 7, 8, 10, 12, 13, 15, 17, 20]",full_mesh,10230.100982408678,0.006757334000006665,0,19,9,1,0,0,10,3,10,1.0,1023.0100982408678,39645.5049120434,377,366,0
SELF-Q4-mixed-fixed_hash-379,379,mixed,fixed_hash,triangle_active,True,all_sources_cleared_with_certificate,triangle,True,990.0,31,31,"[1, 6, 7, 8, 10, 11, 13, 14, 16, 17, 18]","[1, 6, 7, 8, 10, 11, 13, 14, 16, 17, 18]",full_mesh,10618.936317826243,0.008583707999996193,1,36,9,1,3,23,11,8,11,1.0,965.357847075113,39599.68158913121,431,423,22
SELF-Q4-mixed-fixed_hash-380,380,mixed,fixed_hash,triangle_active,True,all_sources_cleared_with_certificate,triangle,True,990.0,31,31,"[4, 5, 8, 9, 10, 11, 12, 13, 14, 15, 18, 20]","[4, 5, 8, 9, 10, 11, 12, 13, 14, 15, 18, 20]",full_mesh,9941.535816438378,0.007190542000003575,0,31,11,1,0,0,12,8,12,1.0,828.4613180365315,37942.67908219188,384,373,0
SELF-Q4-mixed-fixed_hash-381,381,mixed,fixed_hash,triangle_active,True,all_sources_cleared_with_certificate,triangle,True,990.0,31,31,"[1, 4, 5, 7, 9, 10, 11, 13, 14, 15, 16, 19, 20]","[1, 4, 5, 7, 9, 10, 11, 13, 14, 15, 16, 19, 20]",full_mesh,10453.0784472473,0.007191749999996944,0,26,11,2,0,0,13,7,13,1.0,804.0829574805616,41910.39223623649,336,326,0
SELF-Q4-mixed-fixed_hash-382,382,mixed,fixed_hash,triangle_active,True,all_sources_cleared_with_certificate,triangle,True,990.0,31,31,"[1, 2, 3, 5, 6, 8, 9, 10, 11, 12, 13, 15, 16, 19]","[1, 2, 3, 5, 6, 8, 9, 10, 11, 12, 13, 15, 16, 19]",full_mesh,10431.738169552274,0.008270790999993949,0,41,11,4,2,0,14,12,14,1.0,745.1241549680196,39278.69084776137,419,408,1
SELF-Q4-mixed-fixed_hash-383,383,mixed,fixed_hash,triangle_active,True,all_sources_cleared_with_certificate,triangle,True,990.0,31,31,"[2, 4, 5, 6, 8, 11, 12, 13, 14, 15, 16, 17, 18, 19, 20]","[2, 4, 5, 6, 8, 11, 12, 13, 14, 15, 16, 17, 18, 19, 20]",full_mesh,9801.79899907635,0.006815041999999494,0,35,13,2,0,0,15,5,15,1.0,653.4532666050901,39428.99499538176,309,296,0
SELF-Q4-mixed-fixed_hash-384,384,mixed,fixed_hash,triangle_active,True,all_sources_cleared_with_certificate,triangle,True,990.0,31,28,"[1, 2, 4, 5, 7, 8, 9, 10, 12, 13, 15, 16, 17, 18, 19, 20]","[1, 2, 4, 5, 7, 8, 9, 10, 12, 13, 15, 16, 17, 18, 19, 20]",count_upper_bound,9978.555349460086,0.008244124999997382,1,52,13,2,3,25,16,8,16,1.0,623.6597093412554,40232.77674730042,298,290,24
SELF-Q4-mixed-fixed_hash-385,385,mixed,fixed_hash,triangle_active,True,all_sources_cleared_with_certificate,triangle,True,990.0,31,31,"[1, 3, 4, 7, 10, 13, 14, 16, 17, 19]","[1, 3, 4, 7, 10, 13, 14, 16, 17, 19]",full_mesh,10390.740207006438,0.008099500000000148,1,28,8,1,3,14,10,6,10,1.0,1039.0740207006438,38218.70103503218,446,428,13
SELF-Q4-mixed-fixed_hash-386,386,mixed,fixed_hash,triangle_active,True,all_sources_cleared_with_certificate,triangle,True,990.0,31,31,"[1, 4, 5, 9, 10, 11, 13, 14, 15, 17, 20]","[1, 4, 5, 9, 10, 11, 13, 14, 15, 17, 20]",full_mesh,10607.780673774727,0.008012834000005853,0,24,8,5,2,0,11,10,11,1.0,964.3436976158843,38738.90336887364,468,459,2
SELF-Q4-mixed-fixed_hash-387,387,mixed,fixed_hash,triangle_active,True,all_sources_cleared_with_certificate,triangle,True,990.0,31,31,"[2, 4, 5, 6, 7, 9, 10, 15, 17, 18, 19, 20]","[2, 4, 5, 6, 7, 9, 10, 15, 17, 18, 19, 20]",full_mesh,10201.946820131458,0.007545249999999726,0,23,11,1,0,0,12,2,12,1.0,850.1622350109548,39189.734100657304,386,374,0
SELF-Q4-mixed-fixed_hash-388,388,mixed,fixed_hash,triangle_active,True,all_sources_cleared_with_certificate,triangle,True,990.0,31,31,"[2, 3, 4, 6, 7, 8, 11, 12, 13, 14, 17, 19, 20]","[2, 3, 4, 6, 7, 8, 11, 12, 13, 14, 17, 19, 20]",full_mesh,10587.851960357008,0.007734124999998926,0,34,12,1,0,0,13,2,13,1.0,814.4501507966929,41564.25980178503,370,360,0
SELF-Q4-mixed-fixed_hash-389,389,mixed,fixed_hash,triangle_active,True,all_sources_cleared_with_certificate,triangle,True,990.0,31,31,"[1, 3, 4, 7, 8, 9, 12, 13, 14, 16, 17, 18, 19, 20]","[1, 3, 4, 7, 8, 9, 12, 13, 14, 16, 17, 18, 19, 20]",full_mesh,10112.025561546105,0.0072597919999992655,0,29,12,2,0,0,14,8,14,1.0,722.287540110436,40115.127807730525,338,329,0
SELF-Q4-mixed-fixed_hash-390,390,mixed,fixed_hash,triangle_active,True,all_sources_cleared_with_certificate,triangle,True,990.0,31,31,"[1, 3, 4, 5, 6, 9, 11, 13, 14, 15, 16, 17, 18, 19, 20]","[1, 3, 4, 5, 6, 9, 11, 13, 14, 15, 16, 17, 18, 19, 20]",full_mesh,9754.27344735294,0.006660500000002401,0,33,13,2,0,0,15,5,15,1.0,650.284896490196,40566.3672367647,263,251,0
SELF-Q4-mixed-fixed_hash-391,391,mixed,fixed_hash,triangle_active,True,all_sources_cleared_with_certificate,triangle,True,990.0,31,14,"[1, 2, 4, 5, 6, 8, 10, 11, 12, 13, 14, 15, 16, 18, 19, 20]","[1, 2, 4, 5, 6, 8, 10, 11, 12, 13, 14, 15, 16, 18, 19, 20]",count_upper_bound,6170.352274031298,0.005858834000001423,0,15,12,6,11,0,16,2,16,1.0,385.64701712695614,23996.761370156488,215,210,2
SELF-Q4-mixed-fixed_hash-392,392,mixed,fixed_hash,triangle_active,True,all_sources_cleared_with_certificate,triangle,True,990.0,31,31,"[2, 4, 6, 7, 9, 15, 16, 18, 19, 20]","[2, 4, 6, 7, 9, 15, 16, 18, 19, 20]",full_mesh,9974.012071148953,0.006657416000003025,0,30,9,1,0,0,10,5,10,1.0,997.4012071148952,37680.060355744776,400,388,0
SELF-Q4-mixed-fixed_hash-393,393,mixed,fixed_hash,triangle_active,True,all_sources_cleared_with_certificate,triangle,True,990.0,31,31,"[1, 3, 4, 6, 8, 10, 11, 12, 14, 17, 19]","[1, 3, 4, 6, 8, 10, 11, 12, 14, 17, 19]",full_mesh,10697.732698272699,0.007728666000005546,0,12,10,2,1,0,11,2,11,1.0,972.5211543884271,41398.66349136352,395,385,1
SELF-Q4-mixed-fixed_hash-394,394,mixed,fixed_hash,triangle_active,True,all_sources_cleared_with_certificate,triangle,True,990.0,31,31,"[2, 3, 4, 6, 7, 8, 12, 14, 16, 17, 18, 20]","[2, 3, 4, 6, 7, 8, 12, 14, 16, 17, 18, 20]",full_mesh,10255.246703901204,0.007453374999997209,0,25,11,1,0,0,12,8,12,1.0,854.603891991767,39646.23351950601,379,371,0
SELF-Q4-mixed-fixed_hash-395,395,mixed,fixed_hash,triangle_active,True,all_sources_cleared_with_certificate,triangle,True,990.0,31,31,"[1, 2, 3, 4, 5, 6, 7, 11, 12, 13, 14, 15, 17]","[1, 2, 3, 4, 5, 6, 7, 11, 12, 13, 14, 15, 17]",full_mesh,10379.572228916139,0.006987041999998667,0,13,12,1,0,0,13,9,13,1.0,798.4286329935492,40722.8611445807,364,350,0
SELF-Q4-mixed-fixed_hash-396,396,mixed,fixed_hash,triangle_active,True,all_sources_cleared_with_certificate,triangle,True,990.0,31,31,"[2, 4, 5, 6, 7, 9, 10, 12, 14, 15, 17, 18, 19, 20]","[2, 4, 5, 6, 7, 9, 10, 12, 14, 15, 17, 18, 19, 20]",full_mesh,10314.940796046238,0.007091791999997099,0,43,11,3,0,0,14,6,14,1.0,736.7814854318741,41164.70398023117,337,327,0
SELF-Q4-mixed-fixed_hash-397,397,mixed,fixed_hash,triangle_active,True,all_sources_cleared_with_certificate,triangle,True,990.0,31,31,"[1, 2, 3, 4, 5, 7, 9, 10, 12, 13, 15, 17, 18, 19, 20]","[1, 2, 3, 4, 5, 7, 9, 10, 12, 13, 15, 17, 18, 19, 20]",full_mesh,9909.879940691055,0.007537499999997976,0,43,12,4,1,0,15,14,15,1.0,660.6586627127369,39844.39970345527,312,303,1
SELF-Q4-mixed-fixed_hash-398,398,mixed,fixed_hash,triangle_active,True,all_sources_cleared_with_certificate,triangle,True,990.0,31,24,"[1, 2, 3, 4, 6, 8, 10, 11, 12, 13, 14, 15, 16, 17, 18, 20]","[1, 2, 3, 4, 6, 8, 10, 11, 12, 13, 14, 15, 16, 17, 18, 20]",count_upper_bound,8457.951118901614,0.0062538339999989034,0,33,13,3,2,0,16,7,16,1.0,528.6219449313509,33714.755594508075,273,270,0
SELF-Q4-mixed-fixed_hash-399,399,mixed,fixed_hash,triangle_active,True,all_sources_cleared_with_certificate,triangle,True,990.0,31,31,"[1, 2, 3, 4, 6, 8, 9, 11, 18, 20]","[1, 2, 3, 4, 6, 8, 9, 11, 18, 20]",full_mesh,9976.134643766885,0.007015957999996658,0,9,10,0,0,0,10,1,10,1.0,997.6134643766885,38130.673218834425,386,370,0
SELF-Q4-mixed-fixed_hash-400,400,mixed,fixed_hash,triangle_active,True,all_sources_cleared_with_certificate,triangle,True,990.0,31,31,"[3, 7, 8, 9, 10, 12, 13, 15, 16, 18, 19]","[3, 7, 8, 9, 10, 12, 13, 15, 16, 18, 19]",full_mesh,11117.256719616618,0.007616792000000316,0,17,10,1,1,0,11,5,11,1.0,1010.659701783329,42426.28359808308,431,422,0
SELF-Q4-mixed-fixed_hash-401,401,mixed,fixed_hash,triangle_active,True,all_sources_cleared_with_certificate,triangle,True,990.0,31,31,"[3, 4, 5, 6, 8, 9, 11, 13, 14, 15, 16, 20]","[3, 4, 5, 6, 8, 9, 11, 13, 14, 15, 16, 20]",full_mesh,9919.41870947615,0.006733707999998728,0,20,12,0,0,0,12,2,12,1.0,826.6182257896791,38922.09354738076,348,335,0
SELF-Q4-mixed-fixed_hash-402,402,mixed,fixed_hash,triangle_active,True,all_sources_cleared_with_certificate,triangle,True,990.0,31,31,"[1, 3, 4, 7, 8, 9, 10, 13, 14, 16, 17, 18, 20]","[1, 3, 4, 7, 8, 9, 10, 13, 14, 16, 17, 18, 20]",full_mesh,10555.759488062895,0.007895416000003763,0,48,10,3,0,0,13,10,13,1.0,811.9814990817612,40518.79744031445,399,392,0
SELF-Q4-mixed-fixed_hash-403,403,mixed,fixed_hash,triangle_active,True,all_sources_cleared_with_certificate,triangle,True,990.0,31,31,"[2, 3, 6, 7, 8, 9, 10, 11, 12, 13, 14, 16, 17, 20]","[2, 3, 6, 7, 8, 9, 10, 11, 12, 13, 14, 16, 17, 20]",full_mesh,10197.52593040173,0.007298374999997748,0,35,10,4,0,0,14,12,14,1.0,728.3947093144094,40847.62965200864,327,323,0
SELF-Q4-mixed-fixed_hash-404,404,mixed,fixed_hash,triangle_active,True,all_sources_cleared_with_certificate,triangle,True,990.0,31,31,"[1, 2, 3, 6, 7, 10, 11, 12, 13, 14, 16, 17, 18, 19, 20]","[1, 2, 3, 6, 7, 10, 11, 12, 13, 14, 16, 17, 18, 19, 20]",full_mesh,10986.714194119473,0.007850208000000691,0,51,11,4,0,0,15,14,15,1.0,732.4476129412982,44138.570970597364,348,344,0
SELF-Q4-mixed-fixed_hash-405,405,mixed,fixed_hash,triangle_active,True,all_sources_cleared_with_certificate,triangle,True,990.0,31,24,"[1, 2, 4, 5, 6, 7, 9, 10, 11, 13, 14, 15, 16, 17, 18, 19]","[1, 2, 4, 5, 6, 7, 9, 10, 11, 13, 14, 15, 16, 17, 18, 19]",count_upper_bound,8391.441752544244,0.006203708000001029,0,46,12,5,4,0,16,9,16,1.0,524.4651095340153,33867.20876272123,257,250,1
SELF-Q4-mixed-fixed_hash-406,406,mixed,fixed_hash,triangle_active,True,all_sources_cleared_with_certificate,triangle,True,990.0,31,31,"[1, 2, 3, 4, 5, 10, 13, 14, 15, 20]","[1, 2, 3, 4, 5, 10, 13, 14, 15, 20]",full_mesh,10347.840056750303,0.007190375000000415,0,16,8,2,0,0,10,2,10,1.0,1034.7840056750304,38699.20028375153,428,418,0
SELF-Q4-mixed-fixed_hash-407,407,mixed,fixed_hash,triangle_active,True,all_sources_cleared_with_certificate,triangle,True,990.0,31,31,"[4, 8, 9, 10, 11, 12, 13, 14, 16, 18, 19]","[4, 8, 9, 10, 11, 12, 13, 14, 16, 18, 19]",full_mesh,10757.666633199306,0.009622709000005614,1,30,8,2,3,71,11,7,11,1.0,977.9696939272096,39058.333165996526,449,436,70
SELF-Q4-mixed-fixed_hash-408,408,mixed,fixed_hash,triangle_active,True,all_sources_cleared_with_certificate,triangle,True,990.0,31,31,"[2, 4, 5, 7, 8, 9, 11, 14, 15, 17, 18, 19]","[2, 4, 5, 7, 8, 9, 11, 14, 15, 17, 18, 19]",full_mesh,10332.390878434466,0.007322790999999995,0,24,10,2,0,0,12,9,12,1.0,861.0325732028722,40051.95439217232,379,367,0
SELF-Q4-mixed-fixed_hash-409,409,mixed,fixed_hash,triangle_active,True,all_sources_cleared_with_certificate,triangle,True,990.0,31,31,"[2, 4, 5, 7, 9, 11, 12, 13, 14, 16, 17, 18, 19]","[2, 4, 5, 7, 9, 11, 12, 13, 14, 16, 17, 18, 19]",full_mesh,10613.149422090468,0.0077943329999996536,0,32,12,2,2,0,13,4,13,1.0,816.3961093915744,41555.74711045231,374,364,1
SELF-Q4-mixed-fixed_hash-410,410,mixed,fixed_hash,triangle_active,True,all_sources_cleared_with_certificate,triangle,True,990.0,31,31,"[1, 3, 4, 5, 8, 9, 10, 11, 12, 14, 16, 17, 19, 20]","[1, 3, 4, 5, 8, 9, 10, 11, 12, 14, 16, 17, 19, 20]",full_mesh,9770.798595078093,0.0071318749999988995,0,10,14,0,0,0,14,1,14,1.0,697.9141853627209,39868.99297539046,290,277,0
SELF-Q4-mixed-fixed_hash-411,411,mixed,fixed_hash,triangle_active,True,all_sources_cleared_with_certificate,triangle,True,990.0,31,31,"[1, 2, 4, 6, 7, 8, 9, 10, 11, 14, 15, 16, 17, 19, 20]","[1, 2, 4, 6, 7, 8, 9, 10, 11, 14, 15, 16, 17, 19, 20]",full_mesh,9740.780040699758,0.006649041999999383,0,28,14,1,0,0,15,2,15,1.0,649.3853360466505,39798.900203498786,286,276,0
SELF-Q4-mixed-fixed_hash-412,412,mixed,fixed_hash,triangle_active,True,all_sources_cleared_with_certificate,triangle,True,990.0,31,24,"[1, 2, 4, 5, 6, 7, 8, 10, 11, 13, 14, 15, 16, 18, 19, 20]","[1, 2, 4, 5, 6, 7, 8, 10, 11, 13, 14, 15, 16, 18, 19, 20]",count_upper_bound,8304.483990442819,0.00654762499999606,0,21,13,3,3,0,16,6,16,1.0,519.0302494026762,34162.419952214084,233,227,0
SELF-Q4-mixed-fixed_hash-413,413,mixed,fixed_hash,triangle_active,True,all_sources_cleared_with_certificate,triangle,True,990.0,31,31,"[3, 5, 6, 8, 9, 10, 11, 15, 18, 19]","[3, 5, 6, 8, 9, 10, 11, 15, 18, 19]",full_mesh,10020.200263186081,0.007487250000004053,0,21,9,1,0,0,10,5,10,1.0,1002.0200263186082,37431.001315930414,416,404,0
SELF-Q4-mixed-fixed_hash-414,414,mixed,fixed_hash,triangle_active,True,all_sources_cleared_with_certificate,triangle,True,990.0,31,31,"[2, 3, 5, 6, 8, 9, 10, 12, 13, 14, 17]","[2, 3, 5, 6, 8, 9, 10, 12, 13, 14, 17]",full_mesh,10404.482773492875,0.006613665999999796,0,20,10,1,1,0,11,7,11,1.0,945.8620703175341,39987.4138674644,394,382,0
SELF-Q4-mixed-fixed_hash-415,415,mixed,fixed_hash,triangle_active,True,all_sources_cleared_with_certificate,triangle,True,990.0,31,31,"[1, 2, 3, 7, 8, 9, 11, 13, 14, 15, 17, 18]","[1, 2, 3, 7, 8, 9, 11, 13, 14, 15, 17, 18]",full_mesh,11863.593457653806,0.010777374999996425,2,38,8,2,6,128,12,8,12,1.0,988.6327881378171,45482.96728826906,390,379,126
SELF-Q4-mixed-fixed_hash-416,416,mixed,fixed_hash,triangle_active,True,all_sources_cleared_with_certificate,triangle,True,990.0,31,31,"[1, 6, 8, 9, 10, 11, 12, 15, 16, 17, 18, 19, 20]","[1, 6, 8, 9, 10, 11, 12, 15, 16, 17, 18, 19, 20]",full_mesh,10372.554224753283,0.007315417000000934,0,32,9,4,0,0,13,11,13,1.0,797.8887865194833,41977.77112376644,320,312,0
SELF-Q4-mixed-fixed_hash-417,417,mixed,fixed_hash,triangle_active,True,all_sources_cleared_with_certificate,triangle,True,990.0,31,31,"[1, 2, 3, 6, 7, 8, 9, 10, 11, 12, 13, 14, 15, 20]","[1, 2, 3, 6, 7, 8, 9, 10, 11, 12, 13, 14, 15, 20]",full_mesh,10589.302943733068,0.007473249999996767,0,9,13,1,0,0,14,1,14,1.0,756.3787816952191,41481.51471866532,373,358,0
SELF-Q4-mixed-fixed_hash-418,418,mixed,fixed_hash,triangle_active,True,all_sources_cleared_with_certificate,triangle,True,990.0,31,31,"[1, 3, 4, 5, 7, 8, 9, 10, 11, 12, 13, 15, 16, 18, 20]","[1, 3, 4, 5, 7, 8, 9, 10, 11, 12, 13, 15, 16, 18, 20]",full_mesh,10158.25877328081,0.008300916999999686,0,43,12,3,0,0,15,10,15,1.0,677.217251552054,39291.29386640405,372,365,0
SELF-Q4-mixed-fixed_hash-419,419,mixed,fixed_hash,triangle_active,True,all_sources_cleared_with_certificate,triangle,True,990.0,31,24,"[1, 2, 3, 4, 5, 9, 10, 11, 12, 13, 14, 15, 16, 17, 19, 20]","[1, 2, 3, 4, 5, 9, 10, 11, 12, 13, 14, 15, 16, 17, 19, 20]",count_upper_bound,7994.606095408697,0.007054875000001459,1,41,12,6,7,3,16,15,16,1.0,499.66288096304356,32613.030477043467,231,222,5
SELF-Q4-mixed-fixed_hash-420,420,mixed,fixed_hash,triangle_active,True,all_sources_cleared_with_certificate,triangle,True,990.0,31,31,"[1, 2, 4, 9, 11, 12, 13, 14, 15, 17]","[1, 2, 4, 9, 11, 12, 13, 14, 15, 17]",full_mesh,10303.494889231093,0.007452915999998311,0,14,9,1,0,0,10,1,10,1.0,1030.3494889231092,39842.47444615546,383,370,0
SELF-Q4-mixed-fixed_hash-421,421,mixed,fixed_hash,triangle_active,True,all_sources_cleared_with_certificate,triangle,True,990.0,31,31,"[4, 6, 7, 8, 9, 10, 16, 17, 18, 19, 20]","[4, 6, 7, 8, 9, 10, 16, 17, 18, 19, 20]",full_mesh,10110.18927444296,0.007593874999997752,0,17,8,3,0,0,11,7,11,1.0,919.108115858451,37255.946372214785,436,424,0
SELF-Q4-mixed-fixed_hash-422,422,mixed,fixed_hash,triangle_active,True,all_sources_cleared_with_certificate,triangle,True,990.0,31,31,"[1, 3, 4, 5, 8, 10, 11, 13, 16, 18, 19, 20]","[1, 3, 4, 5, 8, 10, 11, 13, 16, 18, 19, 20]",full_mesh,10118.357612021,0.006966083000001788,0,10,12,0,0,0,12,1,12,1.0,843.1964676684166,39536.78806010499,361,346,0
SELF-Q4-mixed-fixed_hash-423,423,mixed,fixed_hash,triangle_active,True,all_sources_cleared_with_certificate,triangle,True,990.0,31,31,"[2, 4, 5, 6, 8, 9, 10, 11, 14, 15, 17, 18, 19]","[2, 4, 5, 6, 8, 9, 10, 11, 14, 15, 17, 18, 19]",full_mesh,10093.84119926637,0.007836374999996565,0,33,10,3,0,0,13,10,13,1.0,776.4493230204899,38419.20599633185,392,385,0
SELF-Q4-mixed-fixed_hash-424,424,mixed,fixed_hash,triangle_active,True,all_sources_cleared_with_certificate,triangle,True,990.0,31,31,"[1, 2, 3, 4, 5, 7, 9, 13, 14, 15, 16, 17, 18, 19]","[1, 2, 3, 4, 5, 7, 9, 13, 14, 15, 16, 17, 18, 19]",full_mesh,10151.836516269712,0.007521875000001899,0,29,12,2,0,0,14,4,14,1.0,725.1311797335509,41014.18258134856,315,304,0
SELF-Q4-mixed-fixed_hash-425,425,mixed,fixed_hash,triangle_active,True,all_sources_cleared_with_certificate,triangle,True,990.0,31,31,"[2, 3, 4, 5, 6, 9, 10, 11, 12, 13, 14, 15, 17, 18, 20]","[2, 3, 4, 5, 6, 9, 10, 11, 12, 13, 14, 15, 17, 18, 20]",full_mesh,9996.207046721445,0.007553833000002896,0,41,13,2,0,0,15,9,15,1.0,666.413803114763,40566.03523360724,303,293,0
SELF-Q4-mixed-fixed_hash-426,426,mixed,fixed_hash,triangle_active,True,all_sources_cleared_with_certificate,triangle,True,990.0,31,29,"[1, 2, 3, 4, 5, 6, 7, 8, 9, 10, 11, 12, 13, 15, 19, 20]","[1, 2, 3, 4, 5, 6, 7, 8, 9, 10, 11, 12, 13, 15, 19, 20]",count_upper_bound,10114.948782454127,0.008614624999999876,1,50,7,8,4,2,16,12,16,1.0,632.1842989033829,39639.743912270635,352,344,1
SELF-Q4-mixed-fixed_hash-427,427,mixed,fixed_hash,triangle_active,True,all_sources_cleared_with_certificate,triangle,True,990.0,31,31,"[1, 2, 5, 6, 11, 12, 16, 17, 18, 20]","[1, 2, 5, 6, 11, 12, 16, 17, 18, 20]",full_mesh,10641.747079026169,0.0073012920000010695,0,23,7,3,0,0,10,9,10,1.0,1064.1747079026168,39078.73539513084,464,456,0
SELF-Q4-mixed-fixed_hash-428,428,mixed,fixed_hash,triangle_active,True,all_sources_cleared_with_certificate,triangle,True,990.0,31,31,"[2, 4, 5, 9, 10, 13, 15, 17, 18, 19, 20]","[2, 4, 5, 9, 10, 13, 15, 17, 18, 19, 20]",full_mesh,10381.483467225671,0.007886500000005014,0,34,9,2,0,0,11,5,11,1.0,943.7712242932429,39887.417336128354,393,384,0
SELF-Q4-mixed-fixed_hash-429,429,mixed,fixed_hash,triangle_active,True,all_sources_cleared_with_certificate,triangle,True,990.0,31,31,"[1, 3, 4, 7, 8, 10, 11, 13, 16, 18, 19, 20]","[1, 3, 4, 7, 8, 10, 11, 13, 16, 18, 19, 20]",full_mesh,9989.926107048239,0.007004790999999955,0,13,11,1,0,0,12,2,12,1.0,832.4938422540199,40579.63053524122,305,289,0
SELF-Q4-mixed-fixed_hash-430,430,mixed,fixed_hash,triangle_active,True,all_sources_cleared_with_certificate,triangle,True,990.0,31,31,"[1, 2, 4, 5, 6, 7, 8, 9, 11, 13, 16, 17, 19]","[1, 2, 4, 5, 6, 7, 8, 9, 11, 13, 16, 17, 19]",full_mesh,10618.577877138545,0.00943662499999931,1,35,11,1,3,87,13,7,13,1.0,816.8136828568112,41292.88938569274,341,332,86
SELF-Q4-mixed-fixed_hash-431,431,mixed,fixed_hash,triangle_active,True,all_sources_cleared_with_certificate,triangle,True,990.0,31,31,"[1, 2, 3, 4, 7, 9, 10, 11, 12, 13, 14, 15, 16, 19]","[1, 2, 3, 4, 7, 9, 10, 11, 12, 13, 14, 15, 16, 19]",full_mesh,10506.418360356904,0.007222957999999835,0,17,14,0,0,0,14,2,14,1.0,750.4584543112074,42252.091801784525,333,321,0
SELF-Q4-mixed-fixed_hash-432,432,mixed,fixed_hash,triangle_active,True,all_sources_cleared_with_certificate,triangle,True,990.0,31,31,"[1, 2, 3, 4, 7, 8, 9, 11, 12, 13, 14, 16, 18, 19, 20]","[1, 2, 3, 4, 7, 8, 9, 11, 12, 13, 14, 16, 18, 19, 20]",full_mesh,10289.492799209456,0.007675499999997726,0,26,13,2,0,0,15,6,15,1.0,685.9661866139637,42407.463996047285,290,283,0
SELF-Q4-mixed-fixed_hash-433,433,mixed,fixed_hash,triangle_active,True,all_sources_cleared_with_certificate,triangle,True,990.0,31,23,"[2, 3, 4, 5, 6, 7, 8, 9, 10, 11, 12, 14, 15, 16, 17, 19]","[2, 3, 4, 5, 6, 7, 8, 9, 10, 11, 12, 14, 15, 16, 17, 19]",count_upper_bound,8327.776384539886,0.006088624999996739,0,19,11,6,4,0,16,6,16,1.0,520.4860240337429,34713.881922699424,219,207,1
SELF-Q4-mixed-fixed_hash-434,434,mixed,fixed_hash,triangle_active,True,all_sources_cleared_with_certificate,triangle,True,990.0,31,31,"[1, 3, 5, 7, 9, 12, 13, 14, 17, 19]","[1, 3, 5, 7, 9, 12, 13, 14, 17, 19]",full_mesh,10223.80552535274,0.006983958999995821,0,33,7,3,2,0,10,8,10,1.0,1022.380552535274,38569.027626763695,412,400,0
SELF-Q4-mixed-fixed_hash-435,435,mixed,fixed_hash,triangle_active,True,all_sources_cleared_with_certificate,triangle,True,990.0,31,31,"[2, 6, 7, 8, 10, 12, 13, 15, 16, 17, 19]","[2, 6, 7, 8, 10, 12, 13, 15, 16, 17, 19]",full_mesh,10697.449015212198,0.007571042000002137,0,33,8,3,0,0,11,9,11,1.0,972.4953650192907,40427.245076061,428,417,0
SELF-Q4-mixed-fixed_hash-436,436,mixed,fixed_hash,triangle_active,True,all_sources_cleared_with_certificate,triangle,True,990.0,31,31,"[2, 4, 6, 8, 9, 11, 13, 14, 15, 16, 19, 20]","[2, 4, 6, 8, 9, 11, 13, 14, 15, 16, 19, 20]",full_mesh,10014.256612975178,0.007910625000000948,0,33,8,4,0,0,12,10,12,1.0,834.5213844145982,38131.283064875875,389,383,0
SELF-Q4-mixed-fixed_hash-437,437,mixed,fixed_hash,triangle_active,True,all_sources_cleared_with_certificate,triangle,True,990.0,31,31,"[1, 4, 5, 6, 8, 10, 11, 12, 13, 16, 17, 19, 20]","[1, 4, 5, 6, 8, 10, 11, 12, 13, 16, 17, 19, 20]",full_mesh,10732.023568189501,0.007683291999995845,0,28,11,2,0,0,13,6,13,1.0,825.5402744761154,42605.11784094752,359,351,0
SELF-Q4-mixed-fixed_hash-438,438,mixed,fixed_hash,triangle_active,True,all_sources_cleared_with_certificate,triangle,True,990.0,31,31,"[1, 2, 3, 7, 9, 10, 12, 13, 15, 16, 17, 18, 19, 20]","[1, 2, 3, 7, 9, 10, 12, 13, 15, 16, 17, 18, 19, 20]",full_mesh,10134.263595618468,0.00755204200000037,0,19,13,1,0,0,14,3,14,1.0,723.8759711156048,39496.31797809234,363,350,0
SELF-Q4-mixed-fixed_hash-439,439,mixed,fixed_hash,triangle_active,True,all_sources_cleared_with_certificate,triangle,True,990.0,31,31,"[2, 4, 5, 7, 8, 9, 10, 11, 12, 13, 14, 16, 17, 18, 20]","[2, 4, 5, 7, 8, 9, 10, 11, 12, 13, 14, 16, 17, 18, 20]",full_mesh,11018.084468937475,0.010848375000001909,1,49,12,2,3,96,15,12,15,1.0,734.5389645958317,42395.4223446874,365,354,95
SELF-Q4-mixed-fixed_hash-440,440,mixed,fixed_hash,triangle_active,True,all_sources_cleared_with_certificate,triangle,True,990.0,31,25,"[1, 2, 3, 4, 6, 7, 8, 9, 10, 12, 14, 15, 16, 17, 18, 20]","[1, 2, 3, 4, 6, 7, 8, 9, 10, 12, 14, 15, 16, 17, 18, 20]",count_upper_bound,9284.55781442002,0.008556874999996467,1,40,13,3,7,27,16,10,16,1.0,580.2848634012513,36702.789072100095,299,288,27
SELF-Q4-mixed-fixed_hash-441,441,mixed,fixed_hash,triangle_active,True,all_sources_cleared_with_certificate,triangle,True,990.0,31,31,"[1, 5, 6, 7, 8, 10, 12, 13, 16, 18]","[1, 5, 6, 7, 8, 10, 12, 13, 16, 18]",full_mesh,10665.765722740278,0.007132290999997792,0,17,9,1,0,0,10,7,10,1.0,1066.5765722740277,40123.82861370139,434,421,0
SELF-Q4-mixed-fixed_hash-442,442,mixed,fixed_hash,triangle_active,True,all_sources_cleared_with_certificate,triangle,True,990.0,31,31,"[3, 4, 6, 7, 8, 10, 12, 14, 15, 17, 19]","[3, 4, 6, 7, 8, 10, 12, 14, 15, 17, 19]",full_mesh,10417.014616757891,0.007633624999996869,0,22,10,1,0,0,11,7,11,1.0,947.001328796172,38455.07308378946,447,436,0
SELF-Q4-mixed-fixed_hash-443,443,mixed,fixed_hash,triangle_active,True,all_sources_cleared_with_certificate,triangle,True,990.0,31,31,"[1, 2, 4, 5, 6, 9, 10, 11, 16, 18, 19, 20]","[1, 2, 4, 5, 6, 9, 10, 11, 16, 18, 19, 20]",full_mesh,10263.733661607843,0.007686417000002166,0,17,10,2,0,0,12,9,12,1.0,855.3111384673202,39818.66830803922,375,365,0
SELF-Q4-mixed-fixed_hash-444,444,mixed,fixed_hash,triangle_active,True,all_sources_cleared_with_certificate,triangle,True,990.0,31,31,"[1, 5, 8, 9, 10, 11, 12, 13, 14, 15, 16, 19, 20]","[1, 5, 8, 9, 10, 11, 12, 13, 14, 15, 16, 19, 20]",full_mesh,10410.720148850887,0.007205667000000915,0,37,12,1,0,0,13,8,13,1.0,800.8246268346836,40878.60074425446,364,350,0
SELF-Q4-mixed-fixed_hash-445,445,mixed,fixed_hash,triangle_active,True,all_sources_cleared_with_certificate,triangle,True,990.0,31,31,"[3, 5, 7, 8, 9, 10, 11, 13, 14, 16, 17, 18, 19, 20]","[3, 5, 7, 8, 9, 10, 11, 13, 14, 16, 17, 18, 19, 20]",full_mesh,10071.885504290287,0.008103791999999999,0,34,11,3,0,0,14,5,14,1.0,719.4203931635919,40349.42752145143,323,317,0
SELF-Q4-mixed-fixed_hash-446,446,mixed,fixed_hash,triangle_active,True,all_sources_cleared_with_certificate,triangle,True,990.0,31,31,"[1, 2, 4, 5, 6, 7, 10, 12, 13, 14, 15, 16, 18, 19, 20]","[1, 2, 4, 5, 6, 7, 10, 12, 13, 14, 15, 16, 18, 19, 20]",full_mesh,10448.570551991066,0.008132750000001465,0,59,10,5,0,0,15,14,15,1.0,696.5713701327378,40892.852759955334,366,365,0
SELF-Q4-mixed-fixed_hash-447,447,mixed,fixed_hash,triangle_active,True,all_sources_cleared_with_certificate,triangle,True,990.0,31,24,"[1, 2, 3, 4, 5, 7, 9, 10, 11, 12, 13, 14, 16, 17, 19, 20]","[1, 2, 3, 4, 5, 7, 9, 10, 11, 12, 13, 14, 16, 17, 19, 20]",count_upper_bound,9508.076571102,0.012505500000003167,2,51,12,5,11,112,16,15,16,1.0,594.254785693875,36225.38285551001,309,299,113
SELF-Q4-mixed-fixed_hash-448,448,mixed,fixed_hash,triangle_active,True,all_sources_cleared_with_certificate,triangle,True,990.0,31,31,"[1, 4, 6, 8, 9, 10, 13, 16, 17, 20]","[1, 4, 6, 8, 9, 10, 13, 16, 17, 20]",full_mesh,10546.981462693777,0.007908665999998732,0,30,7,3,0,0,10,7,10,1.0,1054.6981462693777,39169.90731346889,445,438,0
SELF-Q4-mixed-fixed_hash-449,449,mixed,fixed_hash,triangle_active,True,all_sources_cleared_with_certificate,triangle,True,990.0,31,31,"[2, 4, 7, 8, 10, 11, 13, 14, 16, 19, 20]","[2, 4, 7, 8, 10, 11, 13, 14, 16, 19, 20]",full_mesh,10689.44935609357,0.007052082999997822,0,21,9,2,0,0,11,6,11,1.0,971.7681232812337,40872.246780467845,412,400,0
SELF-Q4-mixed-fixed_hash-450,450,mixed,fixed_hash,triangle_active,True,all_sources_cleared_with_certificate,triangle,True,990.0,31,31,"[1, 2, 4, 5, 8, 10, 12, 13, 16, 17, 19, 20]","[1, 2, 4, 5, 8, 10, 12, 13, 16, 17, 19, 20]",full_mesh,10510.545264125369,0.007835916000004772,0,44,9,5,4,0,12,10,12,1.0,875.8787720104474,40697.72632062685,386,375,2
SELF-Q4-mixed-fixed_hash-451,451,mixed,fixed_hash,triangle_active,True,all_sources_cleared_with_certificate,triangle,True,990.0,31,31,"[1, 2, 3, 5, 6, 11, 12, 13, 14, 16, 18, 19, 20]","[1, 2, 3, 5, 6, 11, 12, 13, 14, 16, 18, 19, 20]",full_mesh,10920.623105955963,0.00976674999999716,1,27,11,1,3,74,13,8,13,1.0,840.0479312273818,41123.11552977983,404,392,73
SELF-Q4-mixed-fixed_hash-452,452,mixed,fixed_hash,triangle_active,True,all_sources_cleared_with_certificate,triangle,True,990.0,31,31,"[1, 2, 3, 4, 5, 8, 9, 10, 11, 12, 15, 17, 19, 20]","[1, 2, 3, 4, 5, 8, 9, 10, 11, 12, 15, 17, 19, 20]",full_mesh,10448.165998819692,0.007512208000001408,0,26,9,5,0,0,14,8,14,1.0,746.2975713442637,41130.82999409847,360,352,0
SELF-Q4-mixed-fixed_hash-453,453,mixed,fixed_hash,triangle_active,True,all_sources_cleared_with_certificate,triangle,True,990.0,31,31,"[1, 3, 4, 6, 7, 8, 9, 12, 13, 14, 16, 17, 18, 19, 20]","[1, 3, 4, 6, 7, 8, 9, 12, 13, 14, 16, 17, 18, 19, 20]",full_mesh,10192.380901531156,0.006786375000004341,0,30,13,2,0,0,15,14,15,1.0,679.4920601020771,42501.9045076558,271,262,0
SELF-Q4-mixed-fixed_hash-454,454,mixed,fixed_hash,triangle_active,True,all_sources_cleared_with_certificate,triangle,True,990.0,31,25,"[1, 3, 4, 5, 6, 7, 8, 9, 10, 11, 12, 14, 16, 17, 18, 19]","[1, 3, 4, 5, 6, 7, 8, 9, 10, 11, 12, 14, 16, 17, 18, 19]",count_upper_bound,9645.747485192338,0.009258416000001546,1,41,12,3,7,94,16,13,16,1.0,602.8592178245211,38478.73742596171,267,256,93
SELF-Q4-mixed-fixed_hash-455,455,mixed,fixed_hash,triangle_active,True,all_sources_cleared_with_certificate,triangle,True,990.0,31,31,"[1, 2, 3, 6, 8, 11, 13, 15, 16, 18]","[1, 2, 3, 6, 8, 11, 13, 15, 16, 18]",full_mesh,10019.178034193195,0.006974040999999431,0,30,9,1,0,0,10,7,10,1.0,1001.9178034193195,37740.89017096598,406,391,0
SELF-Q4-mixed-fixed_hash-456,456,mixed,fixed_hash,triangle_active,True,all_sources_cleared_with_certificate,triangle,True,990.0,31,31,"[2, 6, 9, 10, 12, 13, 14, 15, 16, 17, 20]","[2, 6, 9, 10, 12, 13, 14, 15, 16, 17, 20]",full_mesh,10337.126251895124,0.007118583000000456,0,32,9,3,1,0,11,8,11,1.0,939.7387501722841,39335.63125947562,403,397,1
SELF-Q4-mixed-fixed_hash-457,457,mixed,fixed_hash,triangle_active,True,all_sources_cleared_with_certificate,triangle,True,990.0,31,31,"[1, 3, 6, 9, 10, 11, 12, 13, 15, 18, 19, 20]","[1, 3, 6, 9, 10, 11, 12, 13, 15, 18, 19, 20]",full_mesh,9867.243805453134,0.007218874999999514,0,17,11,1,0,0,12,4,12,1.0,822.2703171210945,38821.219027265666,343,328,0
SELF-Q4-mixed-fixed_hash-458,458,mixed,fixed_hash,triangle_active,True,all_sources_cleared_with_certificate,triangle,True,990.0,31,31,"[1, 3, 5, 6, 8, 9, 11, 13, 14, 15, 17, 19, 20]","[1, 3, 5, 6, 8, 9, 11, 13, 14, 15, 17, 19, 20]",full_mesh,9959.24725834869,0.006666541999997833,0,40,10,3,0,0,13,8,13,1.0,766.0959429498993,39481.23629174346,335,323,0
SELF-Q4-mixed-fixed_hash-459,459,mixed,fixed_hash,triangle_active,True,all_sources_cleared_with_certificate,triangle,True,990.0,31,31,"[1, 2, 4, 5, 6, 7, 8, 13, 14, 15, 17, 18, 19, 20]","[1, 2, 4, 5, 6, 7, 8, 13, 14, 15, 17, 18, 19, 20]",full_mesh,10152.331835707117,0.006744540999996218,0,30,13,1,0,0,14,4,14,1.0,725.1665596933655,40496.65917853558,332,323,0
SELF-Q4-mixed-fixed_hash-460,460,mixed,fixed_hash,triangle_active,True,all_sources_cleared_with_certificate,triangle,True,990.0,31,31,"[1, 6, 7, 8, 9, 10, 11, 12, 13, 14, 16, 17, 18, 19, 20]","[1, 6, 7, 8, 9, 10, 11, 12, 13, 14, 16, 17, 18, 19, 20]",full_mesh,9612.77226953403,0.007318292000000781,0,8,15,0,0,0,15,1,15,1.0,640.8514846356021,39733.86134767014,268,251,0
SELF-Q4-mixed-fixed_hash-461,461,mixed,fixed_hash,triangle_active,True,all_sources_cleared_with_certificate,triangle,True,990.0,31,22,"[2, 3, 4, 5, 6, 7, 8, 9, 10, 11, 12, 14, 15, 17, 18, 19]","[2, 3, 4, 5, 6, 7, 8, 9, 10, 11, 12, 14, 15, 17, 18, 19]",count_upper_bound,8297.800062491842,0.00705912500000494,0,22,14,3,5,0,16,2,16,1.0,518.6125039057401,33374.00031245922,258,250,1
SELF-Q4-mixed-fixed_hash-462,462,mixed,fixed_hash,triangle_active,True,all_sources_cleared_with_certificate,triangle,True,990.0,31,31,"[1, 2, 3, 5, 6, 10, 11, 13, 16, 19]","[1, 2, 3, 5, 6, 10, 11, 13, 16, 19]",full_mesh,10270.080321257123,0.00685595799999561,0,18,9,1,0,0,10,5,10,1.0,1027.0080321257124,38130.401606285624,435,419,0
SELF-Q4-mixed-fixed_hash-463,463,mixed,fixed_hash,triangle_active,True,all_sources_cleared_with_certificate,triangle,True,990.0,31,31,"[2, 3, 7, 8, 9, 10, 14, 16, 17, 18, 20]","[2, 3, 7, 8, 9, 10, 14, 16, 17, 18, 20]",full_mesh,10226.165672711588,0.0073031659999998055,0,16,10,1,0,0,11,4,11,1.0,929.6514247919625,38425.82836355794,416,406,0
SELF-Q4-mixed-fixed_hash-464,464,mixed,fixed_hash,triangle_active,True,all_sources_cleared_with_certificate,triangle,True,990.0,31,31,"[2, 3, 5, 6, 8, 9, 13, 15, 17, 18, 19, 20]","[2, 3, 5, 6, 8, 9, 13, 15, 17, 18, 19, 20]",full_mesh,10215.191941536532,0.007311999999998875,0,27,11,1,0,0,12,7,12,1.0,851.2659951280443,39085.95970768263,391,383,0
SELF-Q4-mixed-fixed_hash-465,465,mixed,fixed_hash,triangle_active,True,all_sources_cleared_with_certificate,triangle,True,990.0,31,31,"[1, 2, 3, 4, 6, 7, 8, 9, 11, 12, 13, 18, 20]","[1, 2, 3, 4, 6, 7, 8, 9, 11, 12, 13, 18, 20]",full_mesh,10075.425714316105,0.007542417000003354,0,20,10,3,0,0,13,6,13,1.0,775.032747255085,38602.128571580535,383,375,0
SELF-Q4-mixed-fixed_hash-466,466,mixed,fixed_hash,triangle_active,True,all_sources_cleared_with_certificate,triangle,True,990.0,31,31,"[2, 3, 4, 5, 6, 7, 8, 9, 10, 13, 14, 15, 17, 19]","[2, 3, 4, 5, 6, 7, 8, 9, 10, 13, 14, 15, 17, 19]",full_mesh,10312.39497016914,0.0076996660000006045,0,29,12,2,0,0,14,8,14,1.0,736.5996407263672,40726.974850845705,351,342,0
SELF-Q4-mixed-fixed_hash-467,467,mixed,fixed_hash,triangle_active,True,all_sources_cleared_with_certificate,triangle,True,990.0,31,31,"[1, 2, 3, 5, 7, 9, 12, 13, 14, 15, 16, 17, 18, 19, 20]","[1, 2, 3, 5, 7, 9, 12, 13, 14, 15, 16, 17, 18, 19, 20]",full_mesh,9487.910149125191,0.007211624999996502,0,38,13,2,0,0,15,5,15,1.0,632.5273432750128,38479.55074562595,288,277,0
SELF-Q4-mixed-fixed_hash-468,468,mixed,fixed_hash,triangle_active,True,all_sources_cleared_with_certificate,triangle,True,990.0,31,29,"[1, 2, 3, 5, 6, 7, 8, 9, 11, 12, 13, 14, 15, 17, 19, 20]","[1, 2, 3, 5, 6, 7, 8, 9, 11, 12, 13, 14, 15, 17, 19, 20]",count_upper_bound,9507.296306205471,0.007274582999997392,0,19,15,1,2,0,16,3,16,1.0,594.206019137842,39526.481531027355,256,242,0
SELF-Q4-mixed-fixed_hash-469,469,mixed,fixed_hash,triangle_active,True,all_sources_cleared_with_certificate,triangle,True,990.0,31,31,"[1, 2, 5, 9, 10, 11, 12, 13, 14, 20]","[1, 2, 5, 9, 10, 11, 12, 13, 14, 20]",full_mesh,10600.001027721331,0.007290916999998842,0,10,10,0,0,0,10,1,10,1.0,1060.0001027721332,39265.00513860668,452,437,0
SELF-Q4-mixed-fixed_hash-470,470,mixed,fixed_hash,triangle_active,True,all_sources_cleared_with_certificate,triangle,True,990.0,31,31,"[1, 2, 5, 6, 7, 12, 13, 15, 16, 19, 20]","[1, 2, 5, 6, 7, 12, 13, 15, 16, 19, 20]",full_mesh,10286.672460060265,0.007630958000000021,0,26,8,3,0,0,11,6,11,1.0,935.1520418236604,38413.36230030131,427,414,0
SELF-Q4-mixed-fixed_hash-471,471,mixed,fixed_hash,triangle_active,True,all_sources_cleared_with_certificate,triangle,True,990.0,31,31,"[2, 3, 4, 6, 8, 9, 10, 11, 12, 14, 15, 16]","[2, 3, 4, 6, 8, 9, 10, 11, 12, 14, 15, 16]",full_mesh,10109.21537394033,0.006665667000000042,0,18,12,0,0,0,12,1,12,1.0,842.4346144950274,39966.076869701676,345,331,0
SELF-Q4-mixed-fixed_hash-472,472,mixed,fixed_hash,triangle_active,True,all_sources_cleared_with_certificate,triangle,True,990.0,31,31,"[1, 2, 3, 5, 6, 7, 11, 12, 13, 15, 17, 19, 20]","[1, 2, 3, 5, 6, 7, 11, 12, 13, 15, 17, 19, 20]",full_mesh,10480.302527583106,0.007125916999996207,0,32,12,1,0,0,13,2,13,1.0,806.1771175063927,42106.512637915526,334,324,0
SELF-Q4-mixed-fixed_hash-473,473,mixed,fixed_hash,triangle_active,True,all_sources_cleared_with_certificate,triangle,True,990.0,31,31,"[1, 2, 3, 5, 8, 11, 12, 13, 14, 15, 16, 17, 18, 20]","[1, 2, 3, 5, 8, 11, 12, 13, 14, 15, 16, 17, 18, 20]",full_mesh,9814.59771180207,0.007465750000001492,0,32,12,2,0,0,14,6,14,1.0,701.0426937001478,39052.98855901036,324,314,0
SELF-Q4-mixed-fixed_hash-474,474,mixed,fixed_hash,triangle_active,True,all_sources_cleared_with_certificate,triangle,True,990.0,31,31,"[1, 2, 3, 4, 5, 6, 10, 12, 13, 14, 15, 16, 18, 19, 20]","[1, 2, 3, 4, 5, 6, 10, 12, 13, 14, 15, 16, 18, 19, 20]",full_mesh,10066.461861049049,0.007049207999997975,0,26,14,1,0,0,15,3,15,1.0,671.0974574032699,40007.30930524522,333,325,0
SELF-Q4-mixed-fixed_hash-475,475,mixed,fixed_hash,triangle_active,True,all_sources_cleared_with_certificate,triangle,True,990.0,31,22,"[1, 2, 3, 5, 6, 8, 9, 10, 11, 12, 13, 14, 15, 17, 18, 20]","[1, 2, 3, 5, 6, 8, 9, 10, 11, 12, 13, 14, 15, 17, 18, 20]",count_upper_bound,7867.407958310356,0.00601366700000483,0,21,14,3,5,0,16,5,16,1.0,491.71299739439723,31702.039791551768,242,234,1
SELF-Q4-mixed-fixed_hash-476,476,mixed,fixed_hash,triangle_active,True,all_sources_cleared_with_certificate,triangle,True,990.0,31,31,"[7, 8, 9, 12, 13, 14, 16, 17, 19, 20]","[7, 8, 9, 12, 13, 14, 16, 17, 19, 20]",full_mesh,10239.713903186192,0.00710145800000106,0,23,7,3,0,0,10,4,10,1.0,1023.9713903186191,38358.569515930954,421,413,0
SELF-Q4-mixed-fixed_hash-477,477,mixed,fixed_hash,triangle_active,True,all_sources_cleared_with_certificate,triangle,True,990.0,31,31,"[2, 3, 6, 7, 9, 10, 11, 14, 17, 19, 20]","[2, 3, 6, 7, 9, 10, 11, 14, 17, 19, 20]",full_mesh,10174.822205921359,0.007578207999998199,0,10,11,0,0,0,11,1,11,1.0,924.9838369019417,37224.11102960678,448,435,0
SELF-Q4-mixed-fixed_hash-478,478,mixed,fixed_hash,triangle_active,True,all_sources_cleared_with_certificate,triangle,True,990.0,31,31,"[1, 2, 4, 5, 6, 7, 9, 10, 11, 13, 17, 19]","[1, 2, 4, 5, 6, 7, 9, 10, 11, 13, 17, 19]",full_mesh,9943.482399156142,0.0076017499999991855,1,35,10,1,3,8,12,5,12,1.0,828.6235332630118,38377.41199578072,367,352,7
SELF-Q4-mixed-fixed_hash-479,479,mixed,fixed_hash,triangle_active,True,all_sources_cleared_with_certificate,triangle,True,990.0,31,31,"[2, 3, 5, 9, 11, 12, 13, 14, 15, 17, 18, 19, 20]","[2, 3, 5, 9, 11, 12, 13, 14, 15, 17, 18, 19, 20]",full_mesh,10233.916037007602,0.006739166999999213,0,22,13,0,0,0,13,1,13,1.0,787.2243105390463,41244.58018503801,322,310,0
SELF-Q4-mixed-fixed_hash-480,480,mixed,fixed_hash,triangle_active,True,all_sources_cleared_with_certificate,triangle,True,990.0,31,31,"[2, 4, 5, 8, 10, 11, 12, 13, 15, 16, 17, 18, 19, 20]","[2, 4, 5, 8, 10, 11, 12, 13, 15, 16, 17, 18, 19, 20]",full_mesh,10264.36014991236,0.007480792000002623,0,35,13,1,0,0,14,5,14,1.0,733.1685821365971,39576.8007495618,381,374,0
SELF-Q4-mixed-fixed_hash-481,481,mixed,fixed_hash,triangle_active,True,all_sources_cleared_with_certificate,triangle,True,990.0,31,31,"[1, 2, 3, 4, 5, 6, 8, 9, 10, 11, 14, 15, 16, 18, 20]","[1, 2, 3, 4, 5, 6, 8, 9, 10, 11, 14, 15, 16, 18, 20]",full_mesh,10118.837475900316,0.0070640829999959465,0,25,15,0,0,0,15,4,15,1.0,674.5891650600211,40929.187379501585,311,303,0
SELF-Q4-mixed-fixed_hash-482,482,mixed,fixed_hash,triangle_active,True,all_sources_cleared_with_certificate,triangle,True,990.0,31,25,"[1, 3, 4, 5, 6, 7, 8, 9, 10, 13, 14, 16, 17, 18, 19, 20]","[1, 3, 4, 5, 6, 7, 8, 9, 10, 13, 14, 16, 17, 18, 19, 20]",count_upper_bound,9174.700477527715,0.0077663329999992925,1,11,13,2,4,8,16,6,16,1.0,573.4187798454822,36423.50238763857,300,289,7
SELF-Q4-mixed-fixed_hash-483,483,mixed,fixed_hash,triangle_active,True,all_sources_cleared_with_certificate,triangle,True,990.0,31,31,"[1, 3, 4, 9, 10, 11, 15, 17, 19, 20]","[1, 3, 4, 9, 10, 11, 15, 17, 19, 20]",full_mesh,10136.737116883838,0.0068835000000007085,0,31,6,4,0,0,10,6,10,1.0,1013.6737116883838,37973.68558441918,417,407,0
SELF-Q4-mixed-fixed_hash-484,484,mixed,fixed_hash,triangle_active,True,all_sources_cleared_with_certificate,triangle,True,990.0,31,31,"[2, 4, 6, 8, 11, 12, 14, 15, 16, 17, 19]","[2, 4, 6, 8, 11, 12, 14, 15, 16, 17, 19]",full_mesh,10613.466513564832,0.007606957999996666,0,23,8,3,0,0,11,5,11,1.0,964.8605921422575,41072.33256782416,392,384,0
SELF-Q4-mixed-fixed_hash-485,485,mixed,fixed_hash,triangle_active,True,all_sources_cleared_with_certificate,triangle,True,990.0,31,31,"[2, 5, 6, 7, 8, 10, 11, 12, 13, 16, 18, 20]","[2, 5, 6, 7, 8, 10, 11, 12, 13, 16, 18, 20]",full_mesh,10518.424730714163,0.0072411250000001814,0,21,10,2,0,0,12,6,12,1.0,876.5353942261803,40382.123653570816,398,392,0
SELF-Q4-mixed-fixed_hash-486,486,mixed,fixed_hash,triangle_active,True,all_sources_cleared_with_certificate,triangle,True,990.0,31,31,"[1, 4, 5, 6, 7, 8, 9, 12, 13, 14, 16, 19, 20]","[1, 4, 5, 6, 7, 8, 9, 12, 13, 14, 16, 19, 20]",full_mesh,10219.657546415805,0.007520499999998265,0,35,9,4,0,0,13,7,13,1.0,786.1275035704465,39933.28773207903,363,353,0
SELF-Q4-mixed-fixed_hash-487,487,mixed,fixed_hash,triangle_active,True,all_sources_cleared_with_certificate,triangle,True,990.0,31,31,"[2, 4, 5, 6, 8, 9, 10, 11, 12, 13, 14, 16, 18, 20]","[2, 4, 5, 6, 8, 9, 10, 11, 12, 13, 14, 16, 18, 20]",full_mesh,9421.933200597736,0.007118916999999669,0,10,13,1,0,0,14,5,14,1.0,672.995228614124,37549.66600298868,309,297,0
SELF-Q4-mixed-fixed_hash-488,488,mixed,fixed_hash,triangle_active,True,all_sources_cleared_with_certificate,triangle,True,990.0,31,31,"[2, 3, 4, 5, 6, 7, 8, 9, 10, 11, 13, 15, 17, 18, 19]","[2, 3, 4, 5, 6, 7, 8, 9, 10, 11, 13, 15, 17, 18, 19]",full_mesh,10083.999490607812,0.007058333999999888,0,12,13,2,0,0,15,5,15,1.0,672.2666327071875,40584.997453039054,318,302,0
SELF-Q4-mixed-fixed_hash-489,489,mixed,fixed_hash,triangle_active,True,all_sources_cleared_with_certificate,triangle,True,990.0,31,22,"[1, 2, 3, 6, 7, 8, 9, 12, 13, 14, 15, 16, 17, 18, 19, 20]","[1, 2, 3, 6, 7, 8, 9, 12, 13, 14, 15, 16, 17, 18, 19, 20]",count_upper_bound,9011.419967511923,0.00813179200000036,1,22,12,4,9,54,16,4,16,1.0,563.2137479694952,36987.099837559625,231,217,54
SELF-Q4-mixed-fixed_hash-490,490,mixed,fixed_hash,triangle_active,True,all_sources_cleared_with_certificate,triangle,True,990.0,31,31,"[3, 4, 6, 7, 8, 9, 10, 16, 18, 20]","[3, 4, 6, 7, 8, 9, 10, 16, 18, 20]",full_mesh,10293.826140452533,0.006887082999995187,0,25,9,1,0,0,10,7,10,1.0,1029.3826140452534,38419.13070226265,429,415,0
SELF-Q4-mixed-fixed_hash-491,491,mixed,fixed_hash,triangle_active,True,all_sources_cleared_with_certificate,triangle,True,990.0,31,31,"[4, 6, 7, 8, 9, 11, 12, 13, 14, 16, 20]","[4, 6, 7, 8, 9, 11, 12, 13, 14, 16, 20]",full_mesh,10174.202472437033,0.006757000000000346,0,8,11,0,0,0,11,6,11,1.0,924.9274974942757,39691.01236218515,366,351,0
SELF-Q4-mixed-fixed_hash-492,492,mixed,fixed_hash,triangle_active,True,all_sources_cleared_with_certificate,triangle,True,990.0,31,31,"[1, 3, 4, 5, 10, 11, 12, 15, 16, 18, 19, 20]","[1, 3, 4, 5, 10, 11, 12, 15, 16, 18, 19, 20]",full_mesh,11520.330454096535,0.009734584000000268,1,23,10,1,3,82,12,2,12,1.0,960.0275378413779,43821.65227048271,410,403,81
SELF-Q4-mixed-fixed_hash-493,493,mixed,fixed_hash,triangle_active,True,all_sources_cleared_with_certificate,triangle,True,990.0,31,31,"[1, 4, 5, 8, 9, 10, 11, 12, 14, 16, 17, 18, 20]","[1, 4, 5, 8, 9, 10, 11, 12, 14, 16, 17, 18, 20]",full_mesh,9734.390568521798,0.006965499999999736,0,23,10,3,0,0,13,4,13,1.0,748.7992745016768,39041.952842609004,312,301,0
SELF-Q4-mixed-fixed_hash-494,494,mixed,fixed_hash,triangle_active,True,all_sources_cleared_with_certificate,triangle,True,990.0,31,31,"[1, 4, 5, 6, 7, 9, 11, 12, 14, 15, 16, 18, 19, 20]","[1, 4, 5, 6, 7, 9, 11, 12, 14, 15, 16, 18, 19, 20]",full_mesh,9641.139509951488,0.007506249999998715,0,36,11,3,0,0,14,7,14,1.0,688.652822139392,38775.69754975744,304,296,0
SELF-Q4-mixed-fixed_hash-495,495,mixed,fixed_hash,triangle_active,True,all_sources_cleared_with_certificate,triangle,True,990.0,31,31,"[2, 3, 4, 5, 6, 7, 10, 11, 13, 14, 15, 17, 18, 19, 20]","[2, 3, 4, 5, 6, 7, 10, 11, 13, 14, 15, 17, 18, 19, 20]",full_mesh,10551.737755636217,0.008110625000000482,0,41,11,4,0,0,15,13,15,1.0,703.4491837090811,40468.68877818109,398,393,0
SELF-Q4-mixed-fixed_hash-496,496,mixed,fixed_hash,triangle_active,True,all_sources_cleared_with_certificate,triangle,True,990.0,31,23,"[3, 4, 5, 7, 8, 9, 10, 11, 12, 13, 15, 16, 17, 18, 19, 20]","[3, 4, 5, 7, 8, 9, 10, 11, 12, 13, 15, 16, 17, 18, 19, 20]",count_upper_bound,8284.990970576446,0.007067708999997535,0,18,11,7,7,0,16,7,16,1.0,517.8119356610279,32369.95485288224,289,280,2
SELF-Q4-mixed-fixed_hash-497,497,mixed,fixed_hash,triangle_active,True,all_sources_cleared_with_certificate,triangle,True,990.0,31,31,"[2, 4, 6, 7, 9, 10, 11, 12, 13, 18]","[2, 4, 6, 7, 9, 10, 11, 12, 13, 18]",full_mesh,10029.877796696177,0.006712041999996643,0,21,8,2,0,0,10,5,10,1.0,1002.9877796696177,37994.38898348086,399,386,0
SELF-Q4-mixed-fixed_hash-498,498,mixed,fixed_hash,triangle_active,True,all_sources_cleared_with_certificate,triangle,True,990.0,31,31,"[1, 7, 8, 10, 12, 14, 16, 17, 18, 19, 20]","[1, 7, 8, 10, 12, 14, 16, 17, 18, 19, 20]",full_mesh,9825.275758335116,0.006715208999999334,0,19,10,1,0,0,11,5,11,1.0,893.2068871213742,38341.37879167559,352,342,0
SELF-Q4-mixed-fixed_hash-499,499,mixed,fixed_hash,triangle_active,True,all_sources_cleared_with_certificate,triangle,True,990.0,31,31,"[2, 4, 5, 6, 9, 10, 11, 12, 13, 15, 16, 18]","[2, 4, 5, 6, 9, 10, 11, 12, 13, 15, 16, 18]",full_mesh,10246.232521814187,0.007471707999997079,0,25,11,1,0,0,12,7,12,1.0,853.8527101511822,39991.16260907095,367,353,0
