case_id,seed,mode,error_mode,variant,completed,stop_reason,grid,active,side,stations_total,stations_visited,discovered_channels,cleared_channels,discovery_certificate,virtual_time_s,runtime_s,fallback_channels,no_signal_localization,safe_clears,optimistic_clears,active_queries,fallback_attempts,source_count,directional_count,cleared,clear_ratio,time_per_source_s,distance_m,measures,switches,clear_failures
SELF-Q4-edge_outward-plus_one-10000,10000,edge_outward,plus_one,triangle_active,True,all_sources_cleared_with_certificate,triangle,True,990.0,31,28,"[1, 2, 3, 4, 5, 6, 7, 9, 10, 11, 12, 13, 14, 15, 16, 19]","[1, 2, 3, 4, 5, 6, 7, 9, 10, 11, 12, 13, 14, 15, 16, 19]",count_upper_bound,12835.209597577827,0.01679650000000521,6,50,9,4,24,268,16,15,16,1.0,802.2005998486142,47046.04798788915,429,406,265
SELF-Q4-edge_outward-plus_one-10001,10001,edge_outward,plus_one,triangle_active,True,all_sources_cleared_with_certificate,triangle,True,990.0,31,30,"[1, 2, 3, 4, 5, 9, 10, 11, 12, 14, 15, 16, 17, 18, 19, 20]","[1, 2, 3, 4, 5, 9, 10, 11, 12, 14, 15, 16, 17, 18, 19, 20]",count_upper_bound,13334.976411957034,0.0186867919999969,6,49,7,3,18,402,16,15,16,1.0,833.4360257473146,48889.8820597852,385,364,396
SELF-Q4-edge_outward-plus_one-10002,10002,edge_outward,plus_one,triangle_active,True,all_sources_cleared_with_certificate,triangle,True,990.0,31,30,"[1, 2, 3, 4, 5, 6, 8, 9, 10, 11, 12, 13, 14, 16, 18, 19]","[1, 2, 3, 4, 5, 6, 8, 9, 10, 11, 12, 13, 14, 16, 18, 19]",count_upper_bound,11346.686121862049,0.01073733300000157,2,24,13,4,11,76,16,15,16,1.0,709.167882616378,42218.43060931027,435,417,77
SELF-Q4-edge_outward-plus_one-10003,10003,edge_outward,plus_one,triangle_active,True,all_sources_cleared_with_certificate,triangle,True,990.0,31,30,"[1, 2, 3, 5, 6, 7, 8, 9, 13, 14, 15, 16, 17, 18, 19, 20]","[1, 2, 3, 5, 6, 7, 8, 9, 13, 14, 15, 16, 17, 18, 19, 20]",count_upper_bound,12096.091341380115,0.012104125000000465,4,34,11,1,14,104,16,15,16,1.0,756.0057088362572,44425.456706900564,475,456,100
SELF-Q4-edge_outward-plus_one-10004,10004,edge_outward,plus_one,triangle_active,True,all_sources_cleared_with_certificate,triangle,True,990.0,31,27,"[1, 3, 5, 7, 8, 9, 10, 11, 12, 14, 15, 16, 17, 18, 19, 20]","[1, 3, 5, 7, 8, 9, 10, 11, 12, 14, 15, 16, 17, 18, 19, 20]",count_upper_bound,10164.502129427765,0.009258916999996814,2,22,14,1,7,49,16,15,16,1.0,635.2813830892353,38787.51064713884,366,353,48
SELF-Q4-edge_outward-plus_one-10005,10005,edge_outward,plus_one,triangle_active,True,all_sources_cleared_with_certificate,triangle,True,990.0,31,30,"[1, 2, 3, 4, 6, 7, 8, 9, 10, 12, 14, 15, 16, 17, 18, 19]","[1, 2, 3, 4, 6, 7, 8, 9, 10, 12, 14, 15, 16, 17, 18, 19]",count_upper_bound,13523.277911491356,0.017954082999999343,6,54,10,2,22,313,16,15,16,1.0,845.2048694682097,48316.389557456794,480,453,309
SELF-Q4-edge_outward-plus_one-10006,10006,edge_outward,plus_one,triangle_active,True,all_sources_cleared_with_certificate,triangle,True,990.0,31,28,"[1, 2, 3, 5, 6, 7, 8, 9, 10, 11, 15, 16, 17, 18, 19, 20]","[1, 2, 3, 5, 6, 7, 8, 9, 10, 11, 15, 16, 17, 18, 19, 20]",count_upper_bound,13669.972337616064,0.01826787499999938,5,42,10,4,24,357,16,15,16,1.0,854.373271101004,50129.86168808033,421,394,355
SELF-Q4-edge_outward-plus_one-10007,10007,edge_outward,plus_one,triangle_active,True,all_sources_cleared_with_certificate,triangle,True,990.0,31,30,"[1, 2, 3, 4, 5, 6, 7, 8, 9, 10, 11, 15, 16, 17, 18, 20]","[1, 2, 3, 4, 5, 6, 7, 8, 9, 10, 11, 15, 16, 17, 18, 20]",count_upper_bound,13511.366938616027,0.01634141699999958,5,31,9,2,15,295,16,15,16,1.0,844.4604336635017,49421.83469308018,450,427,290
SELF-Q4-edge_outward-plus_one-10008,10008,edge_outward,plus_one,triangle_active,True,all_sources_cleared_with_certificate,triangle,True,990.0,31,28,"[1, 2, 3, 5, 7, 8, 9, 10, 11, 12, 14, 15, 16, 17, 19, 20]","[1, 2, 3, 5, 7, 8, 9, 10, 11, 12, 14, 15, 16, 17, 19, 20]",count_upper_bound,13858.104907676832,0.01943466699999874,6,50,10,3,27,413,16,15,16,1.0,866.131556729802,50245.5245383842,421,394,410
SELF-Q4-edge_outward-plus_one-10009,10009,edge_outward,plus_one,triangle_active,True,all_sources_cleared_with_certificate,triangle,True,990.0,31,30,"[1, 2, 3, 4, 5, 7, 8, 10, 11, 12, 13, 14, 15, 17, 19, 20]","[1, 2, 3, 4, 5, 7, 8, 10, 11, 12, 13, 14, 15, 17, 19, 20]",count_upper_bound,13302.457323823784,0.016406125000003158,5,39,8,5,18,284,16,15,16,1.0,831.4035827389865,48607.28661911896,447,423,281
SELF-Q4-edge_outward-plus_one-10010,10010,edge_outward,plus_one,triangle_active,True,all_sources_cleared_with_certificate,triangle,True,990.0,31,28,"[1, 4, 6, 7, 8, 9, 10, 11, 12, 13, 14, 16, 17, 18, 19, 20]","[1, 4, 6, 7, 8, 9, 10, 11, 12, 13, 14, 16, 17, 18, 19, 20]",count_upper_bound,12182.077052111792,0.014482541999996101,5,41,10,2,16,227,16,15,16,1.0,761.379815756987,45640.38526055898,387,370,223
SELF-Q4-edge_outward-plus_one-10011,10011,edge_outward,plus_one,triangle_active,True,all_sources_cleared_with_certificate,triangle,True,990.0,31,28,"[1, 3, 4, 5, 6, 7, 9, 10, 11, 13, 14, 15, 16, 17, 18, 20]","[1, 3, 4, 5, 6, 7, 9, 10, 11, 13, 14, 15, 16, 17, 18, 20]",count_upper_bound,11054.375622801892,0.011424624999996524,2,24,12,6,13,130,16,15,16,1.0,690.8984764251182,41491.87811400948,383,365,132
SELF-Q4-edge_outward-plus_one-10012,10012,edge_outward,plus_one,triangle_active,True,all_sources_cleared_with_certificate,triangle,True,990.0,31,30,"[1, 2, 3, 4, 6, 7, 9, 10, 11, 13, 14, 15, 17, 18, 19, 20]","[1, 2, 3, 4, 6, 7, 9, 10, 11, 13, 14, 15, 17, 18, 19, 20]",count_upper_bound,12325.817390412833,0.01352762500000182,5,37,11,1,16,181,16,15,16,1.0,770.363586900802,45909.08695206418,426,403,177
SELF-Q4-edge_outward-plus_one-10013,10013,edge_outward,plus_one,triangle_active,True,all_sources_cleared_with_certificate,triangle,True,990.0,31,27,"[1, 3, 4, 5, 6, 7, 8, 10, 11, 12, 13, 15, 16, 17, 19, 20]","[1, 3, 4, 5, 6, 7, 8, 10, 11, 12, 13, 15, 16, 17, 19, 20]",count_upper_bound,11073.555558178661,0.01204770800000432,4,39,12,0,13,119,16,15,16,1.0,692.0972223861663,41817.77779089331,384,365,115
SELF-Q4-edge_outward-plus_one-10014,10014,edge_outward,plus_one,triangle_active,True,all_sources_cleared_with_certificate,triangle,True,990.0,31,27,"[2, 3, 4, 6, 7, 8, 9, 10, 12, 13, 14, 15, 17, 18, 19, 20]","[2, 3, 4, 6, 7, 8, 9, 10, 12, 13, 14, 15, 17, 18, 19, 20]",count_upper_bound,12022.123457072186,0.014801749999996616,5,38,10,3,18,250,16,15,16,1.0,751.3827160670116,43820.61728536095,410,387,247
SELF-Q4-edge_outward-plus_one-10015,10015,edge_outward,plus_one,triangle_active,True,all_sources_cleared_with_certificate,triangle,True,990.0,31,28,"[1, 2, 3, 4, 5, 7, 8, 10, 11, 12, 13, 15, 16, 17, 18, 20]","[1, 2, 3, 4, 5, 7, 8, 10, 11, 12, 13, 15, 16, 17, 18, 20]",count_upper_bound,10225.950587880907,0.009671291000003635,2,20,12,5,9,50,16,15,16,1.0,639.1219117425567,39204.752939404556,361,347,51
SELF-Q4-edge_outward-plus_one-10016,10016,edge_outward,plus_one,triangle_active,True,all_sources_cleared_with_certificate,triangle,True,990.0,31,28,"[1, 2, 3, 5, 6, 10, 11, 12, 13, 14, 15, 16, 17, 18, 19, 20]","[1, 2, 3, 5, 6, 10, 11, 12, 13, 14, 15, 16, 17, 18, 19, 20]",count_upper_bound,11465.812651912742,0.01138229099999677,3,30,12,4,17,118,16,15,16,1.0,716.6132907445464,43739.06325956369,384,364,118
SELF-Q4-edge_outward-plus_one-10017,10017,edge_outward,plus_one,triangle_active,True,all_sources_cleared_with_certificate,triangle,True,990.0,31,28,"[1, 3, 4, 6, 7, 8, 9, 10, 11, 13, 14, 15, 17, 18, 19, 20]","[1, 3, 4, 6, 7, 8, 9, 10, 11, 13, 14, 15, 17, 18, 19, 20]",count_upper_bound,12235.28515726005,0.014126749999995525,4,40,11,3,20,217,16,15,16,1.0,764.7053223287531,45036.425786300235,421,398,215
SELF-Q4-edge_outward-plus_one-10018,10018,edge_outward,plus_one,triangle_active,True,all_sources_cleared_with_certificate,triangle,True,990.0,31,28,"[1, 2, 3, 4, 5, 6, 7, 9, 11, 12, 13, 15, 16, 17, 18, 19]","[1, 2, 3, 4, 5, 6, 7, 9, 11, 12, 13, 15, 16, 17, 18, 19]",count_upper_bound,13530.095356101188,0.019171917000001315,7,53,8,3,24,351,16,15,16,1.0,845.6309597563243,49290.47678050592,430,404,346
SELF-Q4-edge_outward-plus_one-10019,10019,edge_outward,plus_one,triangle_active,True,all_sources_cleared_with_certificate,triangle,True,990.0,31,28,"[1, 2, 3, 4, 6, 7, 8, 9, 10, 11, 13, 14, 15, 16, 18, 20]","[1, 2, 3, 4, 6, 7, 8, 9, 10, 11, 13, 14, 15, 16, 18, 20]",count_upper_bound,10890.781319665655,0.0097874169999983,2,22,13,4,16,58,16,15,16,1.0,680.6738324791035,41453.906598328285,394,373,59
SELF-Q4-edge_outward-plus_one-10020,10020,edge_outward,plus_one,triangle_active,True,all_sources_cleared_with_certificate,triangle,True,990.0,31,28,"[1, 2, 3, 4, 5, 6, 7, 8, 10, 11, 12, 13, 16, 17, 19, 20]","[1, 2, 3, 4, 5, 6, 7, 8, 10, 11, 12, 13, 16, 17, 19, 20]",count_upper_bound,10513.390566220329,0.01069379199999787,3,28,10,5,12,79,16,15,16,1.0,657.0869103887705,40266.95283110164,361,341,78
SELF-Q4-edge_outward-plus_one-10021,10021,edge_outward,plus_one,triangle_active,True,all_sources_cleared_with_certificate,triangle,True,990.0,31,28,"[1, 4, 5, 6, 7, 8, 10, 11, 12, 13, 14, 15, 16, 17, 19, 20]","[1, 4, 5, 6, 7, 8, 10, 11, 12, 13, 14, 15, 16, 17, 19, 20]",count_upper_bound,10787.647852485146,0.010002792000001648,2,36,14,3,12,67,16,15,16,1.0,674.2279907803216,41628.23926242573,366,348,68
SELF-Q4-edge_outward-plus_one-10022,10022,edge_outward,plus_one,triangle_active,True,all_sources_cleared_with_certificate,triangle,True,990.0,31,28,"[1, 3, 4, 5, 6, 8, 9, 10, 11, 12, 13, 15, 17, 18, 19, 20]","[1, 3, 4, 5, 6, 8, 9, 10, 11, 12, 13, 15, 17, 18, 19, 20]",count_upper_bound,12972.294119307895,0.016827500000005102,6,58,9,3,26,264,16,15,16,1.0,810.7683824567434,48516.4705965395,406,379,260
SELF-Q4-edge_outward-plus_one-10023,10023,edge_outward,plus_one,triangle_active,True,all_sources_cleared_with_certificate,triangle,True,990.0,31,27,"[1, 2, 4, 5, 6, 9, 10, 11, 12, 14, 15, 16, 17, 18, 19, 20]","[1, 2, 4, 5, 6, 9, 10, 11, 12, 14, 15, 16, 17, 18, 19, 20]",count_upper_bound,12292.6837692973,0.01675224999999614,6,56,10,2,20,264,16,15,16,1.0,768.2927355810813,45498.41884648651,392,373,260
SELF-Q4-edge_outward-plus_one-10024,10024,edge_outward,plus_one,triangle_active,True,all_sources_cleared_with_certificate,triangle,True,990.0,31,26,"[1, 2, 4, 5, 6, 8, 9, 10, 11, 13, 14, 15, 16, 17, 18, 20]","[1, 2, 4, 5, 6, 8, 9, 10, 11, 13, 14, 15, 16, 17, 18, 20]",count_upper_bound,11709.462994000036,0.015321874999997931,5,44,11,3,19,247,16,15,16,1.0,731.8414371250022,42362.31497000018,407,387,245
SELF-Q4-edge_outward-plus_one-10025,10025,edge_outward,plus_one,triangle_active,True,all_sources_cleared_with_certificate,triangle,True,990.0,31,28,"[1, 3, 4, 5, 6, 9, 10, 11, 12, 13, 15, 16, 17, 18, 19, 20]","[1, 3, 4, 5, 6, 9, 10, 11, 12, 13, 15, 16, 17, 18, 19, 20]",count_upper_bound,12516.393963909592,0.015493374999998366,5,46,9,5,21,235,16,15,16,1.0,782.2746227443495,47116.969819548,389,369,233
SELF-Q4-edge_outward-plus_one-10026,10026,edge_outward,plus_one,triangle_active,True,all_sources_cleared_with_certificate,triangle,True,990.0,31,28,"[1, 2, 4, 5, 6, 7, 8, 9, 10, 12, 13, 14, 16, 17, 19, 20]","[1, 2, 4, 5, 6, 7, 8, 9, 10, 12, 13, 14, 16, 17, 19, 20]",count_upper_bound,11333.50553214506,0.012174999999999159,3,34,10,6,16,116,16,15,16,1.0,708.3440957590662,41932.5276607253,423,404,116
SELF-Q4-edge_outward-plus_one-10027,10027,edge_outward,plus_one,triangle_active,True,all_sources_cleared_with_certificate,triangle,True,990.0,31,30,"[1, 2, 3, 4, 5, 7, 8, 9, 12, 13, 14, 15, 16, 17, 19, 20]","[1, 2, 3, 4, 5, 7, 8, 9, 12, 13, 14, 15, 16, 17, 19, 20]",count_upper_bound,11662.418528036103,0.01208462499999996,4,25,12,1,13,97,16,15,16,1.0,728.9011580022565,43537.092640180526,436,413,94
SELF-Q4-edge_outward-plus_one-10028,10028,edge_outward,plus_one,triangle_active,True,all_sources_cleared_with_certificate,triangle,True,990.0,31,28,"[3, 4, 5, 7, 9, 10, 11, 12, 13, 14, 15, 16, 17, 18, 19, 20]","[3, 4, 5, 7, 9, 10, 11, 12, 13, 14, 15, 16, 17, 18, 19, 20]",count_upper_bound,11544.271780070289,0.012091125000004865,2,30,14,3,16,130,16,15,16,1.0,721.516986254393,43036.35890035145,414,394,131
SELF-Q4-edge_outward-plus_one-10029,10029,edge_outward,plus_one,triangle_active,True,all_sources_cleared_with_certificate,triangle,True,990.0,31,30,"[1, 2, 3, 4, 5, 6, 8, 9, 12, 13, 14, 15, 16, 17, 18, 20]","[1, 2, 3, 4, 5, 6, 8, 9, 12, 13, 14, 15, 16, 17, 18, 20]",count_upper_bound,14349.756208519184,0.019672292000002756,8,68,8,1,25,375,16,15,16,1.0,896.859763032449,52233.78104259594,457,434,368
SELF-Q4-edge_outward-plus_one-10030,10030,edge_outward,plus_one,triangle_active,True,all_sources_cleared_with_certificate,triangle,True,990.0,31,28,"[1, 4, 6, 7, 8, 9, 10, 11, 12, 13, 15, 16, 17, 18, 19, 20]","[1, 4, 6, 7, 8, 9, 10, 11, 12, 13, 15, 16, 17, 18, 19, 20]",count_upper_bound,12530.827230906958,0.015394249999999943,5,33,11,2,22,230,16,15,16,1.0,783.1767019316849,45869.13615453482,437,411,227
SELF-Q4-edge_outward-plus_one-10031,10031,edge_outward,plus_one,triangle_active,True,all_sources_cleared_with_certificate,triangle,True,990.0,31,28,"[2, 3, 4, 5, 6, 7, 8, 9, 10, 11, 12, 16, 17, 18, 19, 20]","[2, 3, 4, 5, 6, 7, 8, 9, 10, 11, 12, 16, 17, 18, 19, 20]",count_upper_bound,12080.232895831077,0.014012583000003076,4,34,11,4,20,201,16,15,16,1.0,755.0145559894423,43596.1644791554,452,421,200
SELF-Q4-edge_outward-plus_one-10032,10032,edge_outward,plus_one,triangle_active,True,all_sources_cleared_with_certificate,triangle,True,990.0,31,28,"[1, 2, 3, 4, 5, 6, 7, 8, 9, 11, 12, 13, 14, 15, 16, 17]","[1, 2, 3, 4, 5, 6, 7, 8, 9, 11, 12, 13, 14, 15, 16, 17]",count_upper_bound,12835.879200133462,0.01690825000000018,6,56,9,3,20,262,16,15,16,1.0,802.2424500083414,47514.3960006673,417,394,258
SELF-Q4-edge_outward-plus_one-10033,10033,edge_outward,plus_one,triangle_active,True,all_sources_cleared_with_certificate,triangle,True,990.0,31,28,"[1, 2, 5, 6, 7, 8, 10, 11, 12, 14, 15, 16, 17, 18, 19, 20]","[1, 2, 5, 6, 7, 8, 10, 11, 12, 14, 15, 16, 17, 18, 19, 20]",count_upper_bound,12157.38117044485,0.014147166000000766,3,31,8,8,17,229,16,15,16,1.0,759.8363231528032,45126.90585222427,398,375,229
SELF-Q4-edge_outward-plus_one-10034,10034,edge_outward,plus_one,triangle_active,True,all_sources_cleared_with_certificate,triangle,True,990.0,31,28,"[1, 2, 4, 6, 7, 9, 11, 12, 13, 14, 15, 16, 17, 18, 19, 20]","[1, 2, 4, 6, 7, 9, 11, 12, 13, 14, 15, 16, 17, 18, 19, 20]",count_upper_bound,11459.833989539939,0.012299916999999994,3,25,13,2,12,166,16,15,16,1.0,716.2396243462462,42369.169947699665,405,386,165
SELF-Q4-edge_outward-plus_one-10035,10035,edge_outward,plus_one,triangle_active,True,all_sources_cleared_with_certificate,triangle,True,990.0,31,28,"[1, 2, 4, 5, 6, 7, 9, 10, 11, 12, 13, 14, 15, 17, 19, 20]","[1, 2, 4, 5, 6, 7, 9, 10, 11, 12, 13, 14, 15, 17, 19, 20]",count_upper_bound,13133.086662365422,0.018391707999995788,8,44,8,1,25,310,16,15,16,1.0,820.8179163978389,48025.43331182715,428,399,303
SELF-Q4-edge_outward-plus_one-10036,10036,edge_outward,plus_one,triangle_active,True,all_sources_cleared_with_certificate,triangle,True,990.0,31,30,"[2, 3, 5, 6, 7, 8, 10, 11, 12, 13, 14, 16, 17, 18, 19, 20]","[2, 3, 5, 6, 7, 8, 10, 11, 12, 13, 14, 16, 17, 18, 19, 20]",count_upper_bound,11656.51359287812,0.012572792000000277,3,30,12,3,12,168,16,15,16,1.0,728.5320995548825,43397.56796439062,403,381,167
SELF-Q4-edge_outward-plus_one-10037,10037,edge_outward,plus_one,triangle_active,True,all_sources_cleared_with_certificate,triangle,True,990.0,31,22,"[1, 3, 4, 5, 6, 8, 9, 10, 11, 13, 14, 15, 16, 18, 19, 20]","[1, 3, 4, 5, 6, 8, 9, 10, 11, 13, 14, 15, 16, 18, 19, 20]",count_upper_bound,8673.890756142726,0.009442958000001056,3,20,12,3,11,65,16,15,16,1.0,542.1181722589204,32389.45378071362,323,309,64
SELF-Q4-edge_outward-plus_one-10038,10038,edge_outward,plus_one,triangle_active,True,all_sources_cleared_with_certificate,triangle,True,990.0,31,28,"[1, 2, 3, 4, 6, 7, 8, 9, 11, 13, 14, 15, 16, 18, 19, 20]","[1, 2, 3, 4, 6, 7, 8, 9, 11, 13, 14, 15, 16, 18, 19, 20]",count_upper_bound,11354.274673642078,0.012654125000004512,3,42,9,4,10,164,16,15,16,1.0,709.6421671026299,41936.37336821039,403,389,161
SELF-Q4-edge_outward-plus_one-10039,10039,edge_outward,plus_one,triangle_active,True,all_sources_cleared_with_certificate,triangle,True,990.0,31,30,"[1, 3, 5, 6, 7, 8, 9, 10, 13, 14, 15, 16, 17, 18, 19, 20]","[1, 3, 5, 6, 7, 8, 9, 10, 13, 14, 15, 16, 17, 18, 19, 20]",count_upper_bound,10789.824544551975,0.009647333000003755,2,31,13,4,11,67,16,15,16,1.0,674.3640340344984,41354.122722759865,375,360,68
SELF-Q4-edge_outward-plus_one-10040,10040,edge_outward,plus_one,triangle_active,True,all_sources_cleared_with_certificate,triangle,True,990.0,31,30,"[2, 3, 4, 5, 6, 8, 9, 10, 11, 12, 13, 14, 15, 17, 18, 20]","[2, 3, 4, 5, 6, 8, 9, 10, 11, 12, 13, 14, 15, 17, 18, 20]",count_upper_bound,12143.325068828728,0.012062082999996449,3,41,13,3,18,115,16,15,16,1.0,758.9578168017955,45356.62534414364,445,422,115
SELF-Q4-edge_outward-plus_one-10041,10041,edge_outward,plus_one,triangle_active,True,all_sources_cleared_with_certificate,triangle,True,990.0,31,22,"[1, 2, 3, 4, 5, 7, 8, 10, 11, 13, 14, 15, 16, 18, 19, 20]","[1, 2, 3, 4, 5, 7, 8, 10, 11, 13, 14, 15, 16, 18, 19, 20]",count_upper_bound,8378.987360251855,0.007206875000001389,1,9,13,3,4,21,16,15,16,1.0,523.6867100157409,31709.93680125927,318,304,21
SELF-Q4-edge_outward-plus_one-10042,10042,edge_outward,plus_one,triangle_active,True,all_sources_cleared_with_certificate,triangle,True,990.0,31,30,"[1, 2, 3, 4, 5, 6, 8, 9, 10, 11, 12, 13, 14, 17, 19, 20]","[1, 2, 3, 4, 5, 6, 8, 9, 10, 11, 12, 13, 14, 17, 19, 20]",count_upper_bound,12073.8925628349,0.013539042000004997,5,47,11,3,20,169,16,15,16,1.0,754.6182851771813,45304.46281417454,409,387,167
SELF-Q4-edge_outward-plus_one-10043,10043,edge_outward,plus_one,triangle_active,True,all_sources_cleared_with_certificate,triangle,True,990.0,31,22,"[1, 2, 3, 4, 5, 7, 8, 9, 10, 11, 12, 13, 14, 16, 18, 20]","[1, 2, 3, 4, 5, 7, 8, 9, 10, 11, 12, 13, 14, 16, 18, 20]",count_upper_bound,9625.80197325932,0.011511042000002192,3,19,11,4,13,151,16,15,16,1.0,601.6126233287075,35659.0098662966,330,314,150
SELF-Q4-edge_outward-plus_one-10044,10044,edge_outward,plus_one,triangle_active,True,all_sources_cleared_with_certificate,triangle,True,990.0,31,30,"[1, 2, 4, 6, 7, 9, 10, 11, 12, 13, 14, 15, 16, 17, 18, 20]","[1, 2, 4, 6, 7, 9, 10, 11, 12, 13, 14, 15, 16, 17, 18, 20]",count_upper_bound,11570.21822898021,0.011660541000004798,4,27,11,1,13,83,16,15,16,1.0,723.1386393112631,43051.091144901045,444,423,79
SELF-Q4-edge_outward-plus_one-10045,10045,edge_outward,plus_one,triangle_active,True,all_sources_cleared_with_certificate,triangle,True,990.0,31,30,"[1, 3, 4, 5, 6, 8, 9, 11, 12, 14, 15, 16, 17, 18, 19, 20]","[1, 3, 4, 5, 6, 8, 9, 11, 12, 14, 15, 16, 17, 18, 19, 20]",count_upper_bound,14388.5373470722,0.020152082999999266,7,66,9,1,22,417,16,15,16,1.0,899.2835841920125,53437.68673536101,402,378,411
SELF-Q4-edge_outward-plus_one-10046,10046,edge_outward,plus_one,triangle_active,True,all_sources_cleared_with_certificate,triangle,True,990.0,31,27,"[2, 3, 4, 5, 8, 9, 10, 11, 12, 13, 14, 15, 16, 17, 18, 20]","[2, 3, 4, 5, 8, 9, 10, 11, 12, 13, 14, 15, 16, 17, 18, 20]",count_upper_bound,10610.00591847541,0.010797250000003089,2,36,13,2,7,141,16,15,16,1.0,663.1253699047131,40315.02959237708,343,332,140
SELF-Q4-edge_outward-plus_one-10047,10047,edge_outward,plus_one,triangle_active,True,all_sources_cleared_with_certificate,triangle,True,990.0,31,30,"[1, 2, 5, 6, 7, 9, 10, 11, 13, 14, 15, 16, 17, 18, 19, 20]","[1, 2, 5, 6, 7, 9, 10, 11, 13, 14, 15, 16, 17, 18, 19, 20]",count_upper_bound,11432.595710771771,0.010606542000004993,3,27,11,5,16,55,16,15,16,1.0,714.5372319232357,43057.97855385888,433,411,55
SELF-Q4-edge_outward-plus_one-10048,10048,edge_outward,plus_one,triangle_active,True,all_sources_cleared_with_certificate,triangle,True,990.0,31,28,"[1, 2, 5, 6, 7, 8, 9, 10, 12, 13, 14, 16, 17, 18, 19, 20]","[1, 2, 5, 6, 7, 8, 9, 10, 12, 13, 14, 16, 17, 18, 19, 20]",count_upper_bound,12582.033083380105,0.016151457999995955,5,52,11,5,25,232,16,15,16,1.0,786.3770677112566,46425.16541690053,424,401,232
SELF-Q4-edge_outward-plus_one-10049,10049,edge_outward,plus_one,triangle_active,True,all_sources_cleared_with_certificate,triangle,True,990.0,31,30,"[1, 2, 4, 5, 6, 7, 11, 12, 13, 14, 15, 16, 17, 18, 19, 20]","[1, 2, 4, 5, 6, 7, 11, 12, 13, 14, 15, 16, 17, 18, 19, 20]",count_upper_bound,13347.247476187526,0.017662958000002504,5,34,10,2,19,337,16,15,16,1.0,834.2029672617203,48596.23738093765,429,404,333
SELF-Q4-edge_outward-minus_one-10000,10000,edge_outward,minus_one,triangle_active,True,all_sources_cleared_with_certificate,triangle,True,990.0,31,28,"[1, 2, 3, 4, 5, 6, 7, 9, 10, 11, 12, 13, 14, 15, 16, 19]","[1, 2, 3, 4, 5, 6, 7, 9, 10, 11, 12, 13, 14, 15, 16, 19]",count_upper_bound,12871.545278211237,0.016797167000000002,6,49,9,3,22,278,16,15,16,1.0,804.4715798882023,47152.7263910562,427,404,274
SELF-Q4-edge_outward-minus_one-10001,10001,edge_outward,minus_one,triangle_active,True,all_sources_cleared_with_certificate,triangle,True,990.0,31,30,"[1, 2, 3, 4, 5, 9, 10, 11, 12, 14, 15, 16, 17, 18, 19, 20]","[1, 2, 3, 4, 5, 9, 10, 11, 12, 14, 15, 16, 17, 18, 19, 20]",count_upper_bound,12037.379100960965,0.014589583000002904,6,48,10,0,18,199,16,15,16,1.0,752.3361938100603,45446.895504804845,385,364,193
SELF-Q4-edge_outward-minus_one-10002,10002,edge_outward,minus_one,triangle_active,True,all_sources_cleared_with_certificate,triangle,True,990.0,31,30,"[1, 2, 3, 4, 5, 6, 8, 9, 10, 11, 12, 13, 14, 16, 18, 19]","[1, 2, 3, 4, 5, 6, 8, 9, 10, 11, 12, 13, 14, 16, 18, 19]",count_upper_bound,11094.587469352573,0.010107167000001027,2,20,13,3,9,47,16,15,16,1.0,693.4117168345358,41522.93734676286,431,414,47
SELF-Q4-edge_outward-minus_one-10003,10003,edge_outward,minus_one,triangle_active,True,all_sources_cleared_with_certificate,triangle,True,990.0,31,30,"[1, 2, 3, 5, 6, 7, 8, 9, 13, 14, 15, 16, 17, 18, 19, 20]","[1, 2, 3, 5, 6, 7, 8, 9, 13, 14, 15, 16, 17, 18, 19, 20]",count_upper_bound,11928.320258835076,0.012374832999995533,4,37,10,6,16,78,16,15,16,1.0,745.5200161771922,43756.601294175394,480,463,78
SELF-Q4-edge_outward-minus_one-10004,10004,edge_outward,minus_one,triangle_active,True,all_sources_cleared_with_certificate,triangle,True,990.0,31,27,"[1, 3, 5, 7, 8, 9, 10, 11, 12, 14, 15, 16, 17, 18, 19, 20]","[1, 3, 5, 7, 8, 9, 10, 11, 12, 14, 15, 16, 17, 18, 19, 20]",count_upper_bound,10207.49202205524,0.009625999999997248,2,27,12,3,7,53,16,15,16,1.0,637.9682513784525,38787.460110276195,371,359,52
SELF-Q4-edge_outward-minus_one-10005,10005,edge_outward,minus_one,triangle_active,True,all_sources_cleared_with_certificate,triangle,True,990.0,31,30,"[1, 2, 3, 4, 6, 7, 8, 9, 10, 12, 14, 15, 16, 17, 18, 19]","[1, 2, 3, 4, 6, 7, 8, 9, 10, 12, 14, 15, 16, 17, 18, 19]",count_upper_bound,14233.994111575605,0.019780459000003248,6,54,9,3,22,414,16,15,16,1.0,889.6246319734753,50324.97055787804,481,454,410
SELF-Q4-edge_outward-minus_one-10006,10006,edge_outward,minus_one,triangle_active,True,all_sources_cleared_with_certificate,triangle,True,990.0,31,28,"[1, 2, 3, 5, 6, 7, 8, 9, 10, 11, 15, 16, 17, 18, 19, 20]","[1, 2, 3, 5, 6, 7, 8, 9, 10, 11, 15, 16, 17, 18, 19, 20]",count_upper_bound,12631.527202997318,0.015682040999998037,5,40,11,3,23,228,16,15,16,1.0,789.4704501873324,46892.636014986616,420,395,226
SELF-Q4-edge_outward-minus_one-10007,10007,edge_outward,minus_one,triangle_active,True,all_sources_cleared_with_certificate,triangle,True,990.0,31,30,"[1, 2, 3, 4, 5, 6, 7, 8, 9, 10, 11, 15, 16, 17, 18, 20]","[1, 2, 3, 4, 5, 6, 7, 8, 9, 10, 11, 15, 16, 17, 18, 20]",count_upper_bound,13324.284027629397,0.016083625000000268,5,27,11,0,15,271,16,15,16,1.0,832.7677517268373,48976.420138147005,446,421,266
SELF-Q4-edge_outward-minus_one-10008,10008,edge_outward,minus_one,triangle_active,True,all_sources_cleared_with_certificate,triangle,True,990.0,31,28,"[1, 2, 3, 5, 7, 8, 9, 10, 11, 12, 14, 15, 16, 17, 19, 20]","[1, 2, 3, 5, 7, 8, 9, 10, 11, 12, 14, 15, 16, 17, 19, 20]",count_upper_bound,13483.200742032872,0.018354584000000784,6,50,9,2,24,373,16,15,16,1.0,842.7000463770545,49041.00371016437,419,396,368
SELF-Q4-edge_outward-minus_one-10009,10009,edge_outward,minus_one,triangle_active,True,all_sources_cleared_with_certificate,triangle,True,990.0,31,30,"[1, 2, 3, 4, 5, 7, 8, 10, 11, 12, 13, 14, 15, 17, 19, 20]","[1, 2, 3, 4, 5, 7, 8, 10, 11, 12, 13, 14, 15, 17, 19, 20]",count_upper_bound,13029.355054816888,0.015776500000001192,5,36,10,2,17,249,16,15,16,1.0,814.3346909260555,47881.77527408442,444,418,245
SELF-Q4-edge_outward-minus_one-10010,10010,edge_outward,minus_one,triangle_active,True,all_sources_cleared_with_certificate,triangle,True,990.0,31,28,"[1, 4, 6, 7, 8, 9, 10, 11, 12, 13, 14, 16, 17, 18, 19, 20]","[1, 4, 6, 7, 8, 9, 10, 11, 12, 13, 14, 16, 17, 18, 19, 20]",count_upper_bound,12086.381723532839,0.014425500000001534,5,40,10,1,15,219,16,15,16,1.0,755.3988577208024,45326.90861766422,386,369,214
SELF-Q4-edge_outward-minus_one-10011,10011,edge_outward,minus_one,triangle_active,True,all_sources_cleared_with_certificate,triangle,True,990.0,31,28,"[1, 3, 4, 5, 6, 7, 9, 10, 11, 13, 14, 15, 16, 17, 18, 20]","[1, 3, 4, 5, 6, 7, 9, 10, 11, 13, 14, 15, 16, 17, 18, 20]",count_upper_bound,10474.38679976184,0.009990375000000995,2,21,13,4,11,61,16,15,16,1.0,654.649174985115,39751.933998809225,379,363,62
SELF-Q4-edge_outward-minus_one-10012,10012,edge_outward,minus_one,triangle_active,True,all_sources_cleared_with_certificate,triangle,True,990.0,31,30,"[1, 2, 3, 4, 6, 7, 9, 10, 11, 13, 14, 15, 17, 18, 19, 20]","[1, 2, 3, 4, 6, 7, 9, 10, 11, 13, 14, 15, 17, 18, 19, 20]",count_upper_bound,12113.740073942505,0.0132788330000011,5,40,10,2,16,151,16,15,16,1.0,757.1087546214065,45203.700369712526,429,407,147
SELF-Q4-edge_outward-minus_one-10013,10013,edge_outward,minus_one,triangle_active,True,all_sources_cleared_with_certificate,triangle,True,990.0,31,27,"[1, 3, 4, 5, 6, 7, 8, 10, 11, 12, 13, 15, 16, 17, 19, 20]","[1, 3, 4, 5, 6, 7, 8, 10, 11, 12, 13, 15, 16, 17, 19, 20]",count_upper_bound,11596.944872007502,0.01338850000000491,4,40,12,1,14,184,16,15,16,1.0,724.8090545004688,43389.72436003752,386,366,181
SELF-Q4-edge_outward-minus_one-10014,10014,edge_outward,minus_one,triangle_active,True,all_sources_cleared_with_certificate,triangle,True,990.0,31,27,"[2, 3, 4, 6, 7, 8, 9, 10, 12, 13, 14, 15, 17, 18, 19, 20]","[2, 3, 4, 6, 7, 8, 9, 10, 12, 13, 14, 15, 17, 18, 19, 20]",count_upper_bound,11238.802122361234,0.013289749999998435,5,41,10,4,19,126,16,15,16,1.0,702.4251326475771,41629.010611806196,414,391,124
SELF-Q4-edge_outward-minus_one-10015,10015,edge_outward,minus_one,triangle_active,True,all_sources_cleared_with_certificate,triangle,True,990.0,31,28,"[1, 2, 3, 4, 5, 7, 8, 10, 11, 12, 13, 15, 16, 17, 18, 20]","[1, 2, 3, 4, 5, 7, 8, 10, 11, 12, 13, 15, 16, 17, 18, 20]",count_upper_bound,10098.442439739056,0.009017457999995315,2,15,14,2,8,42,16,15,16,1.0,631.152652483691,38862.21219869527,356,340,42
SELF-Q4-edge_outward-minus_one-10016,10016,edge_outward,minus_one,triangle_active,True,all_sources_cleared_with_certificate,triangle,True,990.0,31,28,"[1, 2, 3, 5, 6, 10, 11, 12, 13, 14, 15, 16, 17, 18, 19, 20]","[1, 2, 3, 5, 6, 10, 11, 12, 13, 14, 15, 16, 17, 18, 19, 20]",count_upper_bound,11902.21970780857,0.012634832999999901,3,29,13,2,15,186,16,15,16,1.0,743.8887317380356,44971.09853904288,382,363,185
SELF-Q4-edge_outward-minus_one-10017,10017,edge_outward,minus_one,triangle_active,True,all_sources_cleared_with_certificate,triangle,True,990.0,31,28,"[1, 3, 4, 6, 7, 8, 9, 10, 11, 13, 14, 15, 17, 18, 19, 20]","[1, 3, 4, 6, 7, 8, 9, 10, 11, 13, 14, 15, 17, 18, 19, 20]",count_upper_bound,11940.082604989087,0.014180040999995924,4,37,11,1,16,222,16,15,16,1.0,746.255162811818,43650.41302494547,416,396,218
SELF-Q4-edge_outward-minus_one-10018,10018,edge_outward,minus_one,triangle_active,True,all_sources_cleared_with_certificate,triangle,True,990.0,31,28,"[1, 2, 3, 4, 5, 6, 7, 9, 11, 12, 13, 15, 16, 17, 18, 19]","[1, 2, 3, 4, 5, 6, 7, 9, 11, 12, 13, 15, 16, 17, 18, 19]",count_upper_bound,13981.73449296624,0.022481833000000506,7,57,8,2,23,415,16,15,16,1.0,873.85840581039,50478.67246483119,434,409,409
SELF-Q4-edge_outward-minus_one-10019,10019,edge_outward,minus_one,triangle_active,True,all_sources_cleared_with_certificate,triangle,True,990.0,31,28,"[1, 2, 3, 4, 6, 7, 8, 9, 10, 11, 13, 14, 15, 16, 18, 20]","[1, 2, 3, 4, 6, 7, 8, 9, 10, 11, 13, 14, 15, 16, 18, 20]",count_upper_bound,11315.021368732157,0.011373208000001966,2,27,12,7,15,120,16,15,16,1.0,707.1888355457598,42410.106843660804,400,384,123
SELF-Q4-edge_outward-minus_one-10020,10020,edge_outward,minus_one,triangle_active,True,all_sources_cleared_with_certificate,triangle,True,990.0,31,28,"[1, 2, 3, 4, 5, 6, 7, 8, 10, 11, 12, 13, 16, 17, 19, 20]","[1, 2, 3, 4, 5, 6, 7, 8, 10, 11, 12, 13, 16, 17, 19, 20]",count_upper_bound,10877.35839342171,0.011651792000002104,3,21,13,2,12,138,16,15,16,1.0,679.8348995888568,41426.79196710851,354,331,137
SELF-Q4-edge_outward-minus_one-10021,10021,edge_outward,minus_one,triangle_active,True,all_sources_cleared_with_certificate,triangle,True,990.0,31,28,"[1, 4, 5, 6, 7, 8, 10, 11, 12, 13, 14, 15, 16, 17, 19, 20]","[1, 4, 5, 6, 7, 8, 10, 11, 12, 13, 14, 15, 16, 17, 19, 20]",count_upper_bound,11146.253983333509,0.011468624999999122,2,37,12,4,8,134,16,15,16,1.0,696.6408739583443,42401.26991666755,366,354,134
SELF-Q4-edge_outward-minus_one-10022,10022,edge_outward,minus_one,triangle_active,True,all_sources_cleared_with_certificate,triangle,True,990.0,31,28,"[1, 3, 4, 5, 6, 8, 9, 10, 11, 12, 13, 15, 17, 18, 19, 20]","[1, 3, 4, 5, 6, 8, 9, 10, 11, 12, 13, 15, 17, 18, 19, 20]",count_upper_bound,12702.248291464788,0.016240457999998625,5,62,9,4,25,232,16,15,16,1.0,793.8905182165493,47466.24145732394,411,387,229
SELF-Q4-edge_outward-minus_one-10023,10023,edge_outward,minus_one,triangle_active,True,all_sources_cleared_with_certificate,triangle,True,990.0,31,27,"[1, 2, 4, 5, 6, 9, 10, 11, 12, 14, 15, 16, 17, 18, 19, 20]","[1, 2, 4, 5, 6, 9, 10, 11, 12, 14, 15, 16, 17, 18, 19, 20]",count_upper_bound,12316.5094055136,0.01592879199999686,6,53,10,2,20,268,16,15,16,1.0,769.7818378446,45682.54702756803,388,368,264
SELF-Q4-edge_outward-minus_one-10024,10024,edge_outward,minus_one,triangle_active,True,all_sources_cleared_with_certificate,triangle,True,990.0,31,26,"[1, 2, 4, 5, 6, 8, 9, 10, 11, 13, 14, 15, 16, 17, 18, 20]","[1, 2, 4, 5, 6, 8, 9, 10, 11, 13, 14, 15, 16, 17, 18, 20]",count_upper_bound,12203.488549824819,0.016819875000003037,5,46,10,4,19,312,16,15,16,1.0,762.7180343640512,43792.44274912411,409,390,310
SELF-Q4-edge_outward-minus_one-10025,10025,edge_outward,minus_one,triangle_active,True,all_sources_cleared_with_certificate,triangle,True,990.0,31,28,"[1, 3, 4, 5, 6, 9, 10, 11, 12, 13, 15, 16, 17, 18, 19, 20]","[1, 3, 4, 5, 6, 9, 10, 11, 12, 13, 15, 16, 17, 18, 19, 20]",count_upper_bound,12629.380010621027,0.015536290999996538,5,44,11,3,21,263,16,15,16,1.0,789.3362506638142,47326.90005310516,387,366,261
SELF-Q4-edge_outward-minus_one-10026,10026,edge_outward,minus_one,triangle_active,True,all_sources_cleared_with_certificate,triangle,True,990.0,31,28,"[1, 2, 4, 5, 6, 7, 8, 9, 10, 12, 13, 14, 16, 17, 19, 20]","[1, 2, 4, 5, 6, 7, 8, 9, 10, 12, 13, 14, 16, 17, 19, 20]",count_upper_bound,10906.060091324467,0.011141542000004279,3,28,13,2,11,82,16,15,16,1.0,681.6287557077792,40540.30045662234,415,400,81
SELF-Q4-edge_outward-minus_one-10027,10027,edge_outward,minus_one,triangle_active,True,all_sources_cleared_with_certificate,triangle,True,990.0,31,30,"[1, 2, 3, 4, 5, 7, 8, 9, 12, 13, 14, 15, 16, 17, 19, 20]","[1, 2, 3, 4, 5, 7, 8, 9, 12, 13, 14, 15, 16, 17, 19, 20]",count_upper_bound,12151.684431991265,0.013394916999999396,4,30,11,3,14,159,16,15,16,1.0,759.4802769994541,44868.422159956346,441,422,157
SELF-Q4-edge_outward-minus_one-10028,10028,edge_outward,minus_one,triangle_active,True,all_sources_cleared_with_certificate,triangle,True,990.0,31,28,"[3, 4, 5, 7, 9, 10, 11, 12, 13, 14, 15, 16, 17, 18, 19, 20]","[3, 4, 5, 7, 9, 10, 11, 12, 13, 14, 15, 16, 17, 18, 19, 20]",count_upper_bound,11157.257214807078,0.010632124999993664,2,31,14,4,14,65,16,15,16,1.0,697.3285759254424,42006.2860740354,415,400,67
SELF-Q4-edge_outward-minus_one-10029,10029,edge_outward,minus_one,triangle_active,True,all_sources_cleared_with_certificate,triangle,True,990.0,31,30,"[1, 2, 3, 4, 5, 6, 8, 9, 12, 13, 14, 15, 16, 17, 18, 20]","[1, 2, 3, 4, 5, 6, 8, 9, 12, 13, 14, 15, 16, 17, 18, 20]",count_upper_bound,13987.141006182603,0.019135957999999675,8,70,7,2,25,318,16,15,16,1.0,874.1963128864127,51190.70503091305,460,436,311
SELF-Q4-edge_outward-minus_one-10030,10030,edge_outward,minus_one,triangle_active,True,all_sources_cleared_with_certificate,triangle,True,990.0,31,28,"[1, 4, 6, 7, 8, 9, 10, 11, 12, 13, 15, 16, 17, 18, 19, 20]","[1, 4, 6, 7, 8, 9, 10, 11, 12, 13, 15, 16, 17, 18, 19, 20]",count_upper_bound,12329.706870825225,0.015119417000001079,5,33,11,2,21,211,16,15,16,1.0,770.6066794265765,45143.53435412612,437,412,208
SELF-Q4-edge_outward-minus_one-10031,10031,edge_outward,minus_one,triangle_active,True,all_sources_cleared_with_certificate,triangle,True,990.0,31,28,"[2, 3, 4, 5, 6, 7, 8, 9, 10, 11, 12, 16, 17, 18, 19, 20]","[2, 3, 4, 5, 6, 7, 8, 9, 10, 11, 12, 16, 17, 18, 19, 20]",count_upper_bound,11702.101216262965,0.013260166999998546,4,37,12,4,21,137,16,15,16,1.0,731.3813260164353,42555.50608131483,455,425,137
SELF-Q4-edge_outward-minus_one-10032,10032,edge_outward,minus_one,triangle_active,True,all_sources_cleared_with_certificate,triangle,True,990.0,31,28,"[1, 2, 3, 4, 5, 6, 7, 8, 9, 11, 12, 13, 14, 15, 16, 17]","[1, 2, 3, 4, 5, 6, 7, 8, 9, 11, 12, 13, 14, 15, 16, 17]",count_upper_bound,13762.552597486458,0.019836125000004756,6,54,10,2,20,397,16,15,16,1.0,860.1595373429036,50182.762987432296,415,392,393
SELF-Q4-edge_outward-minus_one-10033,10033,edge_outward,minus_one,triangle_active,True,all_sources_cleared_with_certificate,triangle,True,990.0,31,28,"[1, 2, 5, 6, 7, 8, 10, 11, 12, 14, 15, 16, 17, 18, 19, 20]","[1, 2, 5, 6, 7, 8, 10, 11, 12, 14, 15, 16, 17, 18, 19, 20]",count_upper_bound,11871.936174846882,0.012576207999998701,3,27,13,1,14,164,16,15,16,1.0,741.9960109279301,44839.68087423441,393,373,162
SELF-Q4-edge_outward-minus_one-10034,10034,edge_outward,minus_one,triangle_active,True,all_sources_cleared_with_certificate,triangle,True,990.0,31,28,"[1, 2, 4, 6, 7, 9, 11, 12, 13, 14, 15, 16, 17, 18, 19, 20]","[1, 2, 4, 6, 7, 9, 11, 12, 13, 14, 15, 16, 17, 18, 19, 20]",count_upper_bound,11555.877487991898,0.013333957999996926,3,30,12,5,15,167,16,15,16,1.0,722.2423429994936,42599.38743995951,412,392,168
SELF-Q4-edge_outward-minus_one-10035,10035,edge_outward,minus_one,triangle_active,True,all_sources_cleared_with_certificate,triangle,True,990.0,31,28,"[1, 2, 4, 5, 6, 7, 9, 10, 11, 12, 13, 14, 15, 17, 19, 20]","[1, 2, 4, 5, 6, 7, 9, 10, 11, 12, 13, 14, 15, 17, 19, 20]",count_upper_bound,13597.340299498204,0.01977466700000008,8,43,8,1,26,380,16,15,16,1.0,849.8337687186378,49331.70149749109,427,397,373
SELF-Q4-edge_outward-minus_one-10036,10036,edge_outward,minus_one,triangle_active,True,all_sources_cleared_with_certificate,triangle,True,990.0,31,30,"[2, 3, 5, 6, 7, 8, 10, 11, 12, 13, 14, 16, 17, 18, 19, 20]","[2, 3, 5, 6, 7, 8, 10, 11, 12, 13, 14, 16, 17, 18, 19, 20]",count_upper_bound,10966.22806459034,0.010658916000004126,3,28,12,2,10,79,16,15,16,1.0,685.3892540368962,41416.14032295168,399,377,77
SELF-Q4-edge_outward-minus_one-10037,10037,edge_outward,minus_one,triangle_active,True,all_sources_cleared_with_certificate,triangle,True,990.0,31,22,"[1, 3, 4, 5, 6, 8, 9, 10, 11, 13, 14, 15, 16, 18, 19, 20]","[1, 3, 4, 5, 6, 8, 9, 10, 11, 13, 14, 15, 16, 18, 19, 20]",count_upper_bound,8951.467191738204,0.010114207999997404,3,24,11,4,11,100,16,15,16,1.0,559.4666994836377,33132.33595869102,327,313,99
SELF-Q4-edge_outward-minus_one-10038,10038,edge_outward,minus_one,triangle_active,True,all_sources_cleared_with_certificate,triangle,True,990.0,31,28,"[1, 2, 3, 4, 6, 7, 8, 9, 11, 13, 14, 15, 16, 18, 19, 20]","[1, 2, 3, 4, 6, 7, 8, 9, 11, 13, 14, 15, 16, 18, 19, 20]",count_upper_bound,11078.988547075158,0.011819125000002373,3,42,13,4,16,99,16,15,16,1.0,692.4367841921974,41374.94273537579,407,389,100
SELF-Q4-edge_outward-minus_one-10039,10039,edge_outward,minus_one,triangle_active,True,all_sources_cleared_with_certificate,triangle,True,990.0,31,30,"[1, 3, 5, 6, 7, 8, 9, 10, 13, 14, 15, 16, 17, 18, 19, 20]","[1, 3, 5, 6, 7, 8, 9, 10, 13, 14, 15, 16, 17, 18, 19, 20]",count_upper_bound,11099.271171072593,0.010276290999996718,2,32,13,5,12,101,16,15,16,1.0,693.704448192037,42351.355855362985,376,360,103
SELF-Q4-edge_outward-minus_one-10040,10040,edge_outward,minus_one,triangle_active,True,all_sources_cleared_with_certificate,triangle,True,990.0,31,30,"[2, 3, 4, 5, 6, 8, 9, 10, 11, 12, 13, 14, 15, 17, 18, 20]","[2, 3, 4, 5, 6, 8, 9, 10, 11, 12, 13, 14, 15, 17, 18, 20]",count_upper_bound,12101.01734200182,0.012503374999994321,3,41,10,3,13,143,16,15,16,1.0,756.3135838751137,44840.08671000909,442,423,140
SELF-Q4-edge_outward-minus_one-10041,10041,edge_outward,minus_one,triangle_active,True,all_sources_cleared_with_certificate,triangle,True,990.0,31,22,"[1, 2, 3, 4, 5, 7, 8, 10, 11, 13, 14, 15, 16, 18, 19, 20]","[1, 2, 3, 4, 5, 7, 8, 10, 11, 13, 14, 15, 16, 18, 19, 20]",count_upper_bound,8713.980874313611,0.007640291000001298,1,9,15,2,6,56,16,15,16,1.0,544.6238046446007,32779.90437156806,320,307,57
SELF-Q4-edge_outward-minus_one-10042,10042,edge_outward,minus_one,triangle_active,True,all_sources_cleared_with_certificate,triangle,True,990.0,31,30,"[1, 2, 3, 4, 5, 6, 8, 9, 10, 11, 12, 13, 14, 17, 19, 20]","[1, 2, 3, 4, 5, 6, 8, 9, 10, 11, 12, 13, 14, 17, 19, 20]",count_upper_bound,12352.888854432455,0.014664499999994973,5,52,9,4,19,201,16,15,16,1.0,772.0555534020284,46074.4442721623,414,394,198
SELF-Q4-edge_outward-minus_one-10043,10043,edge_outward,minus_one,triangle_active,True,all_sources_cleared_with_certificate,triangle,True,990.0,31,22,"[1, 2, 3, 4, 5, 7, 8, 9, 10, 11, 12, 13, 14, 16, 18, 20]","[1, 2, 3, 4, 5, 7, 8, 9, 10, 11, 12, 13, 14, 16, 18, 20]",count_upper_bound,9567.458257656179,0.01155804099999358,3,19,11,4,11,151,16,15,16,1.0,597.9661411035112,35397.291288280896,329,313,150
SELF-Q4-edge_outward-minus_one-10044,10044,edge_outward,minus_one,triangle_active,True,all_sources_cleared_with_certificate,triangle,True,990.0,31,30,"[1, 2, 4, 6, 7, 9, 10, 11, 12, 13, 14, 15, 16, 17, 18, 20]","[1, 2, 4, 6, 7, 9, 10, 11, 12, 13, 14, 15, 16, 17, 18, 20]",count_upper_bound,11755.011040639085,0.011555375000000367,4,27,12,1,14,82,16,15,16,1.0,734.6881900399428,43960.055203195414,445,421,79
SELF-Q4-edge_outward-minus_one-10045,10045,edge_outward,minus_one,triangle_active,True,all_sources_cleared_with_certificate,triangle,True,990.0,31,30,"[1, 3, 4, 5, 6, 8, 9, 11, 12, 14, 15, 16, 17, 18, 19, 20]","[1, 3, 4, 5, 6, 8, 9, 11, 12, 14, 15, 16, 17, 18, 19, 20]",count_upper_bound,13888.631709066904,0.019197458999997252,7,65,9,1,22,349,16,15,16,1.0,868.0394818166815,51963.158545334525,402,377,343
SELF-Q4-edge_outward-minus_one-10046,10046,edge_outward,minus_one,triangle_active,True,all_sources_cleared_with_certificate,triangle,True,990.0,31,27,"[2, 3, 4, 5, 8, 9, 10, 11, 12, 13, 14, 15, 16, 17, 18, 20]","[2, 3, 4, 5, 8, 9, 10, 11, 12, 13, 14, 15, 16, 17, 18, 20]",count_upper_bound,9949.819516500216,0.009179875000000948,2,33,13,2,7,50,16,15,16,1.0,621.8637197812635,38494.09758250108,339,329,49
SELF-Q4-edge_outward-minus_one-10047,10047,edge_outward,minus_one,triangle_active,True,all_sources_cleared_with_certificate,triangle,True,990.0,31,30,"[1, 2, 5, 6, 7, 9, 10, 11, 13, 14, 15, 16, 17, 18, 19, 20]","[1, 2, 5, 6, 7, 9, 10, 11, 13, 14, 15, 16, 17, 18, 19, 20]",count_upper_bound,11680.398815623452,0.011213041999994289,3,35,9,4,11,112,16,15,16,1.0,730.0249259764657,43336.99407811723,437,421,109
SELF-Q4-edge_outward-minus_one-10048,10048,edge_outward,minus_one,triangle_active,True,all_sources_cleared_with_certificate,triangle,True,990.0,31,28,"[1, 2, 5, 6, 7, 8, 9, 10, 12, 13, 14, 16, 17, 18, 19, 20]","[1, 2, 5, 6, 7, 8, 9, 10, 12, 13, 14, 16, 17, 18, 19, 20]",count_upper_bound,13411.872539251122,0.01826175000000063,5,49,10,4,20,368,16,15,16,1.0,838.2420337031951,48734.362696255645,418,397,366
SELF-Q4-edge_outward-minus_one-10049,10049,edge_outward,minus_one,triangle_active,True,all_sources_cleared_with_certificate,triangle,True,990.0,31,30,"[1, 2, 4, 5, 6, 7, 11, 12, 13, 14, 15, 16, 17, 18, 19, 20]","[1, 2, 4, 5, 6, 7, 11, 12, 13, 14, 15, 16, 17, 18, 19, 20]",count_upper_bound,12898.095757529476,0.016299041999999986,5,37,10,2,19,274,16,15,16,1.0,806.1309848455923,47160.478787647386,433,411,270
SELF-Q4-minimum_range-smooth-10000,10000,minimum_range,smooth,triangle_active,True,all_sources_cleared_with_certificate,triangle,True,990.0,31,31,"[1, 2, 3, 4, 5, 6, 7, 9, 10, 11, 13, 15, 16, 19]","[1, 2, 3, 4, 5, 6, 7, 9, 10, 11, 13, 15, 16, 19]",full_mesh,9986.405503951277,0.0073928339999937975,0,28,13,1,0,0,14,2,14,1.0,713.3146788536626,38897.027519756375,358,347,0
SELF-Q4-minimum_range-smooth-10001,10001,minimum_range,smooth,triangle_active,True,all_sources_cleared_with_certificate,triangle,True,990.0,31,31,"[1, 2, 3, 4, 5, 9, 11, 12, 14, 15, 16, 17, 18, 19, 20]","[1, 2, 3, 4, 5, 9, 11, 12, 14, 15, 16, 17, 18, 19, 20]",full_mesh,11068.065212461679,0.008285458000003132,1,26,14,0,3,24,15,3,15,1.0,737.8710141641119,43625.32606230837,368,359,23
SELF-Q4-minimum_range-smooth-10002,10002,minimum_range,smooth,triangle_active,True,all_sources_cleared_with_certificate,triangle,True,990.0,31,25,"[1, 2, 3, 4, 5, 6, 8, 9, 10, 11, 12, 13, 14, 16, 18, 19]","[1, 2, 3, 4, 5, 6, 8, 9, 10, 11, 12, 13, 14, 16, 18, 19]",count_upper_bound,10019.79018530547,0.009359709000001715,1,61,11,4,6,84,16,12,16,1.0,626.2368865815919,39138.95092652736,312,303,83
SELF-Q4-minimum_range-smooth-10003,10003,minimum_range,smooth,triangle_active,True,all_sources_cleared_with_certificate,triangle,True,990.0,31,31,"[1, 5, 6, 7, 8, 13, 14, 16, 18, 20]","[1, 5, 6, 7, 8, 13, 14, 16, 18, 20]",full_mesh,10500.074521597982,0.006566540999997983,0,25,10,0,0,0,10,3,10,1.0,1050.0074521597983,40375.372607989906,398,385,0
SELF-Q4-minimum_range-smooth-10004,10004,minimum_range,smooth,triangle_active,True,all_sources_cleared_with_certificate,triangle,True,990.0,31,31,"[1, 3, 7, 9, 10, 12, 14, 15, 16, 17, 20]","[1, 3, 7, 9, 10, 12, 14, 15, 16, 17, 20]",full_mesh,10681.650815248358,0.00715900000000147,0,23,10,2,2,0,11,3,11,1.0,971.059165022578,40103.25407624181,435,428,1
SELF-Q4-minimum_range-smooth-10005,10005,minimum_range,smooth,triangle_active,True,all_sources_cleared_with_certificate,triangle,True,990.0,31,31,"[1, 2, 3, 6, 9, 12, 14, 15, 16, 17, 18, 19]","[1, 2, 3, 6, 9, 12, 14, 15, 16, 17, 18, 19]",full_mesh,10096.418171328676,0.0066774169999987976,0,23,12,0,0,0,12,2,12,1.0,841.3681809440563,39157.090856643365,370,355,0
SELF-Q4-minimum_range-smooth-10006,10006,minimum_range,smooth,triangle_active,True,all_sources_cleared_with_certificate,triangle,True,990.0,31,31,"[1, 2, 3, 5, 6, 7, 8, 10, 16, 17, 18, 19, 20]","[1, 2, 3, 5, 6, 7, 8, 10, 16, 17, 18, 19, 20]",full_mesh,10331.833676790711,0.008070500000002312,1,35,10,2,3,23,13,5,13,1.0,794.7564366762085,39999.168383953554,369,356,22
SELF-Q4-minimum_range-smooth-10007,10007,minimum_range,smooth,triangle_active,True,all_sources_cleared_with_certificate,triangle,True,990.0,31,31,"[2, 3, 4, 5, 6, 7, 8, 9, 10, 11, 16, 17, 18, 20]","[2, 3, 4, 5, 6, 7, 8, 9, 10, 11, 16, 17, 18, 20]",full_mesh,10308.446582671153,0.0064969159999961335,0,14,14,0,0,0,14,2,14,1.0,736.3176130479395,40847.23291335576,347,334,0
SELF-Q4-minimum_range-smooth-10008,10008,minimum_range,smooth,triangle_active,True,all_sources_cleared_with_certificate,triangle,True,990.0,31,31,"[1, 2, 3, 5, 7, 9, 10, 11, 12, 14, 15, 16, 17, 19, 20]","[1, 2, 3, 5, 7, 9, 10, 11, 12, 14, 15, 16, 17, 19, 20]",full_mesh,11083.595394919506,0.007968124999997883,1,39,14,0,4,23,15,2,15,1.0,738.9063596613004,43562.97697459751,373,365,22
SELF-Q4-minimum_range-smooth-10009,10009,minimum_range,smooth,triangle_active,True,all_sources_cleared_with_certificate,triangle,True,990.0,31,29,"[1, 2, 3, 4, 5, 7, 8, 10, 11, 12, 13, 14, 15, 17, 19, 20]","[1, 2, 3, 4, 5, 7, 8, 10, 11, 12, 13, 14, 15, 17, 19, 20]",count_upper_bound,10439.730291086937,0.009803790999995954,1,32,11,4,4,87,16,9,16,1.0,652.4831431929335,39238.65145543467,377,369,86
SELF-Q4-minimum_range-smooth-10010,10010,minimum_range,smooth,triangle_active,True,all_sources_cleared_with_certificate,triangle,True,990.0,31,31,"[1, 4, 6, 8, 9, 10, 11, 12, 17, 18]","[1, 4, 6, 8, 9, 10, 11, 12, 17, 18]",full_mesh,11212.652301788248,0.008265375000000574,1,20,6,3,4,36,10,4,10,1.0,1121.2652301788248,41903.261508941236,449,432,35
SELF-Q4-minimum_range-smooth-10011,10011,minimum_range,smooth,triangle_active,True,all_sources_cleared_with_certificate,triangle,True,990.0,31,31,"[3, 5, 6, 7, 9, 10, 11, 14, 15, 17, 18]","[3, 5, 6, 7, 9, 10, 11, 14, 15, 17, 18]",full_mesh,10803.831240168103,0.006832792000004417,0,16,10,1,0,0,11,1,11,1.0,982.1664763789184,40639.156200840516,439,426,0
SELF-Q4-minimum_range-smooth-10012,10012,minimum_range,smooth,triangle_active,True,all_sources_cleared_with_certificate,triangle,True,990.0,31,31,"[1, 2, 3, 4, 6, 10, 11, 13, 14, 15, 17, 19]","[1, 2, 3, 4, 6, 10, 11, 13, 14, 15, 17, 19]",full_mesh,11315.514394772272,0.009330750000003718,1,34,10,2,6,71,12,7,12,1.0,942.9595328976893,42337.571973861355,431,420,71
SELF-Q4-minimum_range-smooth-10013,10013,minimum_range,smooth,triangle_active,True,all_sources_cleared_with_certificate,triangle,True,990.0,31,31,"[4, 5, 6, 7, 8, 10, 12, 13, 15, 16, 17, 19, 20]","[4, 5, 6, 7, 8, 10, 12, 13, 15, 16, 17, 19, 20]",full_mesh,11276.465854688277,0.010544082999999205,1,45,10,2,4,109,13,5,13,1.0,867.4204503606367,41662.3292734414,428,415,108
SELF-Q4-minimum_range-smooth-10014,10014,minimum_range,smooth,triangle_active,True,all_sources_cleared_with_certificate,triangle,True,990.0,31,31,"[2, 3, 4, 6, 7, 8, 9, 13, 14, 15, 17, 18, 19, 20]","[2, 3, 4, 6, 7, 8, 9, 13, 14, 15, 17, 18, 19, 20]",full_mesh,10447.121320313367,0.006898124999999311,0,22,13,1,0,0,14,3,14,1.0,746.2229514509547,40830.60660156683,370,361,0
SELF-Q4-minimum_range-smooth-10015,10015,minimum_range,smooth,triangle_active,True,all_sources_cleared_with_certificate,triangle,True,990.0,31,31,"[1, 2, 3, 4, 5, 7, 8, 10, 11, 12, 13, 15, 16, 17, 20]","[1, 2, 3, 4, 5, 7, 8, 10, 11, 12, 13, 15, 16, 17, 20]",full_mesh,11585.516182230554,0.010777791000002424,3,65,10,2,10,98,15,8,15,1.0,772.367745482037,45497.58091115277,356,346,95
SELF-Q4-minimum_range-smooth-10016,10016,minimum_range,smooth,triangle_active,True,all_sources_cleared_with_certificate,triangle,True,990.0,31,24,"[1, 2, 3, 5, 6, 10, 11, 12, 13, 14, 15, 16, 17, 18, 19, 20]","[1, 2, 3, 5, 6, 10, 11, 12, 13, 14, 15, 16, 17, 18, 19, 20]",count_upper_bound,9843.455581297929,0.010579124999999578,2,36,12,2,6,160,16,4,16,1.0,615.2159738311206,37802.277906489646,290,279,158
SELF-Q4-minimum_range-smooth-10017,10017,minimum_range,smooth,triangle_active,True,all_sources_cleared_with_certificate,triangle,True,990.0,31,31,"[3, 8, 9, 10, 13, 14, 15, 17, 19, 20]","[3, 8, 9, 10, 13, 14, 15, 17, 19, 20]",full_mesh,10523.930112098313,0.006796665999999618,0,19,9,1,0,0,10,1,10,1.0,1052.3930112098312,39084.65056049155,445,432,0
SELF-Q4-minimum_range-smooth-10018,10018,minimum_range,smooth,triangle_active,True,all_sources_cleared_with_certificate,triangle,True,990.0,31,31,"[1, 2, 3, 5, 7, 11, 12, 13, 15, 17, 19]","[1, 2, 3, 5, 7, 11, 12, 13, 15, 17, 19]",full_mesh,11287.223571802033,0.00917599999999652,1,36,10,0,5,99,11,6,11,1.0,1026.111233800185,42481.11785901017,409,397,98
SELF-Q4-minimum_range-smooth-10019,10019,minimum_range,smooth,triangle_active,True,all_sources_cleared_with_certificate,triangle,True,990.0,31,31,"[1, 2, 3, 4, 6, 8, 9, 10, 13, 15, 16, 20]","[1, 2, 3, 4, 6, 8, 9, 10, 13, 15, 16, 20]",full_mesh,11422.494800880737,0.010296166999999912,2,40,8,2,6,115,12,9,12,1.0,951.8745667400614,42687.47400440369,416,406,113
SELF-Q4-minimum_range-smooth-10020,10020,minimum_range,smooth,triangle_active,True,all_sources_cleared_with_certificate,triangle,True,990.0,31,31,"[1, 2, 3, 4, 5, 6, 7, 11, 12, 13, 16, 17, 20]","[1, 2, 3, 4, 5, 6, 7, 11, 12, 13, 16, 17, 20]",full_mesh,10820.90605476052,0.0072176669999990395,0,52,7,6,2,0,13,12,13,1.0,832.3773888277324,41004.530273802615,427,420,0
SELF-Q4-minimum_range-smooth-10021,10021,minimum_range,smooth,triangle_active,True,all_sources_cleared_with_certificate,triangle,True,990.0,31,31,"[1, 4, 5, 6, 8, 10, 11, 12, 13, 14, 15, 16, 17, 19]","[1, 4, 5, 6, 8, 10, 11, 12, 13, 14, 15, 16, 17, 19]",full_mesh,9881.231317802498,0.006424541999997757,0,35,13,1,0,0,14,1,14,1.0,705.8022369858927,39691.15658901249,314,303,0
SELF-Q4-minimum_range-smooth-10022,10022,minimum_range,smooth,triangle_active,True,all_sources_cleared_with_certificate,triangle,True,990.0,31,31,"[1, 3, 4, 5, 6, 8, 9, 10, 11, 12, 15, 17, 18, 19, 20]","[1, 3, 4, 5, 6, 8, 9, 10, 11, 12, 15, 17, 18, 19, 20]",full_mesh,11541.991825390367,0.009197333000003027,1,45,13,1,3,96,15,8,15,1.0,769.4661216926911,45309.95912695183,355,345,95
SELF-Q4-minimum_range-smooth-10023,10023,minimum_range,smooth,triangle_active,True,all_sources_cleared_with_certificate,triangle,True,990.0,31,24,"[1, 2, 4, 5, 6, 9, 10, 11, 12, 14, 15, 16, 17, 18, 19, 20]","[1, 2, 4, 5, 6, 9, 10, 11, 12, 14, 15, 16, 17, 18, 19, 20]",count_upper_bound,9106.696645805117,0.007605790999996032,1,45,10,6,7,20,16,11,16,1.0,569.1685403628198,35338.48322902558,318,309,20
SELF-Q4-minimum_range-smooth-10024,10024,minimum_range,smooth,triangle_active,True,all_sources_cleared_with_certificate,triangle,True,990.0,31,31,"[1, 2, 5, 6, 10, 13, 15, 17, 18, 20]","[1, 2, 5, 6, 10, 13, 15, 17, 18, 20]",full_mesh,11184.260992503268,0.00968083300000444,1,41,6,3,3,105,10,5,10,1.0,1118.4260992503268,40716.30496251637,448,439,104
SELF-Q4-minimum_range-smooth-10025,10025,minimum_range,smooth,triangle_active,True,all_sources_cleared_with_certificate,triangle,True,990.0,31,31,"[3, 5, 6, 10, 11, 13, 15, 16, 18, 19, 20]","[3, 5, 6, 10, 11, 13, 15, 16, 18, 19, 20]",full_mesh,10209.551563503754,0.006774958000001163,0,14,11,0,0,0,11,1,11,1.0,928.141051227614,37617.75781751877,441,426,0
SELF-Q4-minimum_range-smooth-10026,10026,minimum_range,smooth,triangle_active,True,all_sources_cleared_with_certificate,triangle,True,990.0,31,31,"[1, 5, 6, 7, 10, 12, 13, 14, 16, 17, 19, 20]","[1, 5, 6, 7, 10, 12, 13, 14, 16, 17, 19, 20]",full_mesh,10440.631477298904,0.007310666999998716,1,38,10,1,3,9,12,2,12,1.0,870.0526231082421,40048.15738649454,393,382,8
SELF-Q4-minimum_range-smooth-10027,10027,minimum_range,smooth,triangle_active,True,all_sources_cleared_with_certificate,triangle,True,990.0,31,31,"[1, 2, 3, 7, 8, 9, 13, 14, 15, 16, 17, 19, 20]","[1, 2, 3, 7, 8, 9, 13, 14, 15, 16, 17, 19, 20]",full_mesh,9965.413489429626,0.006595292000000086,0,37,12,1,0,0,13,1,13,1.0,766.5702684176636,39867.0674471481,323,312,0
SELF-Q4-minimum_range-smooth-10028,10028,minimum_range,smooth,triangle_active,True,all_sources_cleared_with_certificate,triangle,True,990.0,31,31,"[3, 5, 7, 9, 10, 11, 12, 13, 14, 15, 16, 17, 19, 20]","[3, 5, 7, 9, 10, 11, 12, 13, 14, 15, 16, 17, 19, 20]",full_mesh,11990.324182512644,0.012612707999998918,2,51,9,3,7,185,14,8,14,1.0,856.4517273223317,45456.62091256323,382,370,183
SELF-Q4-minimum_range-smooth-10029,10029,minimum_range,smooth,triangle_active,True,all_sources_cleared_with_certificate,triangle,True,990.0,31,31,"[1, 2, 4, 5, 6, 8, 9, 12, 13, 14, 15, 16, 17, 18, 20]","[1, 2, 4, 5, 6, 8, 9, 12, 13, 14, 15, 16, 17, 18, 20]",full_mesh,11031.624555484183,0.009161667000000762,1,32,13,2,4,85,15,6,15,1.0,735.4416370322789,43453.12277742091,337,326,85
SELF-Q4-minimum_range-smooth-10030,10030,minimum_range,smooth,triangle_active,True,all_sources_cleared_with_certificate,triangle,True,990.0,31,25,"[1, 4, 6, 7, 8, 9, 10, 11, 12, 13, 15, 16, 17, 18, 19, 20]","[1, 4, 6, 7, 8, 9, 10, 11, 12, 13, 15, 16, 17, 18, 19, 20]",count_upper_bound,8605.659365088595,0.007024084000001096,0,31,14,4,4,0,16,2,16,1.0,537.8537103180372,33473.29682544297,306,295,2
SELF-Q4-minimum_range-smooth-10031,10031,minimum_range,smooth,triangle_active,True,all_sources_cleared_with_certificate,triangle,True,990.0,31,31,"[2, 3, 4, 5, 8, 12, 16, 17, 19, 20]","[2, 3, 4, 5, 8, 12, 16, 17, 19, 20]",full_mesh,11160.155504742428,0.008939583000000084,1,21,9,0,3,69,10,3,10,1.0,1116.015550474243,40970.77752371216,454,442,68
SELF-Q4-minimum_range-smooth-10032,10032,minimum_range,smooth,triangle_active,True,all_sources_cleared_with_certificate,triangle,True,990.0,31,31,"[1, 2, 4, 5, 6, 7, 9, 12, 13, 14, 15]","[1, 2, 4, 5, 6, 7, 9, 12, 13, 14, 15]",full_mesh,10717.805714103799,0.007631916999997657,1,31,9,1,3,2,11,2,11,1.0,974.3459740094363,40409.028570519,432,418,1
SELF-Q4-minimum_range-smooth-10033,10033,minimum_range,smooth,triangle_active,True,all_sources_cleared_with_certificate,triangle,True,990.0,31,31,"[1, 2, 6, 7, 8, 11, 12, 15, 16, 17, 18, 20]","[1, 2, 6, 7, 8, 11, 12, 15, 16, 17, 18, 20]",full_mesh,11584.510447091145,0.011023832999995875,2,37,7,3,6,166,12,7,12,1.0,965.3758705909287,43277.55223545574,399,382,164
SELF-Q4-minimum_range-smooth-10034,10034,minimum_range,smooth,triangle_active,True,all_sources_cleared_with_certificate,triangle,True,990.0,31,31,"[2, 4, 6, 7, 9, 12, 13, 14, 15, 16, 17, 18, 19]","[2, 4, 6, 7, 9, 12, 13, 14, 15, 16, 17, 18, 19]",full_mesh,10614.651985252745,0.007331915999998273,0,51,6,7,0,0,13,12,13,1.0,816.5116911732881,39983.25992626371,427,418,0
SELF-Q4-minimum_range-smooth-10035,10035,minimum_range,smooth,triangle_active,True,all_sources_cleared_with_certificate,triangle,True,990.0,31,31,"[1, 2, 5, 6, 7, 10, 11, 12, 13, 14, 15, 17, 19, 20]","[1, 2, 5, 6, 7, 10, 11, 12, 13, 14, 15, 17, 19, 20]",full_mesh,11276.900854155243,0.009197499999999081,1,47,11,4,6,45,14,8,14,1.0,805.4929181539459,42929.50427077622,415,408,46
SELF-Q4-minimum_range-smooth-10036,10036,minimum_range,smooth,triangle_active,True,all_sources_cleared_with_certificate,triangle,True,990.0,31,31,"[2, 3, 5, 6, 7, 8, 10, 11, 13, 14, 16, 17, 18, 19, 20]","[2, 3, 5, 6, 7, 8, 10, 11, 13, 14, 16, 17, 18, 19, 20]",full_mesh,10184.807962553177,0.007291874999999948,0,36,15,0,0,0,15,3,15,1.0,678.9871975035452,40354.03981276589,341,334,0
SELF-Q4-minimum_range-smooth-10037,10037,minimum_range,smooth,triangle_active,True,all_sources_cleared_with_certificate,triangle,True,990.0,31,22,"[1, 3, 4, 5, 6, 8, 9, 10, 11, 13, 14, 15, 16, 18, 19, 20]","[1, 3, 4, 5, 6, 8, 9, 10, 11, 13, 14, 15, 16, 18, 19, 20]",count_upper_bound,8726.605862477652,0.007166707999999744,1,33,12,4,5,17,16,5,16,1.0,545.4128664048533,34708.029312388266,277,269,17
SELF-Q4-minimum_range-smooth-10038,10038,minimum_range,smooth,triangle_active,True,all_sources_cleared_with_certificate,triangle,True,990.0,31,31,"[3, 6, 7, 9, 11, 13, 14, 15, 18, 19]","[3, 6, 7, 9, 11, 13, 14, 15, 18, 19]",full_mesh,11122.802557763267,0.00781675000000348,1,30,7,2,3,20,10,4,10,1.0,1112.2802557763266,41694.01278881632,448,437,19
SELF-Q4-minimum_range-smooth-10039,10039,minimum_range,smooth,triangle_active,True,all_sources_cleared_with_certificate,triangle,True,990.0,31,31,"[1, 5, 6, 8, 9, 13, 14, 15, 18, 19, 20]","[1, 5, 6, 8, 9, 13, 14, 15, 18, 19, 20]",full_mesh,11470.163939046,0.011166750000001002,3,45,8,1,11,107,11,8,11,1.0,1042.742176276909,41090.819695230006,483,467,105
SELF-Q4-minimum_range-smooth-10040,10040,minimum_range,smooth,triangle_active,True,all_sources_cleared_with_certificate,triangle,True,990.0,31,31,"[2, 3, 6, 8, 9, 10, 11, 12, 13, 14, 15, 18]","[2, 3, 6, 8, 9, 10, 11, 12, 13, 14, 15, 18]",full_mesh,10578.540397614406,0.007604542000002823,0,37,9,4,2,0,12,4,12,1.0,881.5450331345338,39687.70198807205,431,423,1
SELF-Q4-minimum_range-smooth-10041,10041,minimum_range,smooth,triangle_active,True,all_sources_cleared_with_certificate,triangle,True,990.0,31,31,"[2, 3, 4, 5, 7, 8, 10, 11, 13, 14, 16, 18, 19]","[2, 3, 4, 5, 7, 8, 10, 11, 13, 14, 16, 18, 19]",full_mesh,11378.719792804615,0.009440707999999631,1,52,11,1,3,77,13,7,13,1.0,875.2861379080473,42783.598964023084,423,414,76
SELF-Q4-minimum_range-smooth-10042,10042,minimum_range,smooth,triangle_active,True,all_sources_cleared_with_certificate,triangle,True,990.0,31,31,"[2, 3, 4, 5, 6, 8, 9, 10, 11, 12, 13, 14, 17, 20]","[2, 3, 4, 5, 6, 8, 9, 10, 11, 12, 13, 14, 17, 20]",full_mesh,10740.9774528431,0.0067167500000024916,0,23,14,0,0,0,14,1,14,1.0,767.2126752030787,43109.887264215526,343,334,0
SELF-Q4-minimum_range-smooth-10043,10043,minimum_range,smooth,triangle_active,True,all_sources_cleared_with_certificate,triangle,True,990.0,31,31,"[2, 3, 4, 5, 7, 8, 9, 10, 11, 12, 13, 14, 16, 18, 20]","[2, 3, 4, 5, 7, 8, 9, 10, 11, 12, 13, 14, 16, 18, 20]",full_mesh,10147.896083690519,0.0069124170000023355,0,21,15,1,2,0,15,2,15,1.0,676.526405579368,39664.480418452615,358,347,1
SELF-Q4-minimum_range-smooth-10044,10044,minimum_range,smooth,triangle_active,True,all_sources_cleared_with_certificate,triangle,True,990.0,31,29,"[1, 2, 4, 6, 7, 9, 10, 11, 12, 13, 14, 15, 16, 17, 18, 20]","[1, 2, 4, 6, 7, 9, 10, 11, 12, 13, 14, 15, 16, 17, 18, 20]",count_upper_bound,10151.417037408279,0.007868209000001514,1,26,12,3,3,27,16,7,16,1.0,634.4635648380174,38762.08518704139,375,366,26
SELF-Q4-minimum_range-smooth-10045,10045,minimum_range,smooth,triangle_active,True,all_sources_cleared_with_certificate,triangle,True,990.0,31,31,"[1, 5, 6, 8, 9, 11, 12, 16, 17, 18]","[1, 5, 6, 8, 9, 11, 12, 16, 17, 18]",full_mesh,10493.468486932445,0.008004749999997784,2,53,6,2,9,20,10,9,10,1.0,1049.3468486932445,39752.342434662256,409,394,18
SELF-Q4-minimum_range-smooth-10046,10046,minimum_range,smooth,triangle_active,True,all_sources_cleared_with_certificate,triangle,True,990.0,31,31,"[3, 4, 5, 8, 10, 11, 13, 14, 15, 16, 18]","[3, 4, 5, 8, 10, 11, 13, 14, 15, 16, 18]",full_mesh,10747.69886307303,0.006996499999999628,1,31,10,1,4,4,11,4,11,1.0,977.0635330066391,42033.49431536513,381,369,4
SELF-Q4-minimum_range-smooth-10047,10047,minimum_range,smooth,triangle_active,True,all_sources_cleared_with_certificate,triangle,True,990.0,31,31,"[2, 5, 7, 9, 10, 11, 13, 14, 15, 16, 18, 20]","[2, 5, 7, 9, 10, 11, 13, 14, 15, 16, 18, 20]",full_mesh,11834.11181659019,0.011260540999998625,3,59,8,1,10,131,12,10,12,1.0,986.1759847158492,45065.55908295095,398,387,128
SELF-Q4-minimum_range-smooth-10048,10048,minimum_range,smooth,triangle_active,True,all_sources_cleared_with_certificate,triangle,True,990.0,31,31,"[1, 2, 5, 6, 7, 8, 9, 12, 13, 16, 17, 18, 19]","[1, 2, 5, 6, 7, 8, 9, 12, 13, 16, 17, 18, 19]",full_mesh,10641.02845147633,0.007141250000003652,0,33,11,2,1,0,13,3,13,1.0,818.5406501135639,40735.142257381645,406,399,0
SELF-Q4-minimum_range-smooth-10049,10049,minimum_range,smooth,triangle_active,True,all_sources_cleared_with_certificate,triangle,True,990.0,31,31,"[1, 2, 4, 6, 7, 11, 12, 13, 14, 15, 16, 18, 19, 20]","[1, 2, 4, 6, 7, 11, 12, 13, 14, 15, 16, 18, 19, 20]",full_mesh,11749.737367675374,0.011287375000001987,2,61,8,4,7,150,14,9,14,1.0,839.2669548339553,44473.68683837689,392,381,148
SELF-Q4-minimum_range-checker-10000,10000,minimum_range,checker,triangle_active,True,all_sources_cleared_with_certificate,triangle,True,990.0,31,31,"[1, 2, 3, 4, 5, 6, 7, 9, 10, 11, 13, 15, 16, 19]","[1, 2, 3, 4, 5, 6, 7, 9, 10, 11, 13, 15, 16, 19]",full_mesh,9905.050004417244,0.006924292000000776,0,26,14,0,0,0,14,2,14,1.0,707.5035717440888,38550.25002208621,356,345,0
SELF-Q4-minimum_range-checker-10001,10001,minimum_range,checker,triangle_active,True,all_sources_cleared_with_certificate,triangle,True,990.0,31,31,"[1, 2, 3, 4, 5, 9, 11, 12, 14, 15, 16, 17, 18, 19, 20]","[1, 2, 3, 4, 5, 9, 11, 12, 14, 15, 16, 17, 18, 19, 20]",full_mesh,11587.789328647666,0.010389125000003219,1,26,14,0,3,99,15,3,15,1.0,772.5192885765111,45068.94664323835,369,360,98
SELF-Q4-minimum_range-checker-10002,10002,minimum_range,checker,triangle_active,True,all_sources_cleared_with_certificate,triangle,True,990.0,31,25,"[1, 2, 3, 4, 5, 6, 8, 9, 10, 11, 12, 13, 14, 16, 18, 19]","[1, 2, 3, 4, 5, 6, 8, 9, 10, 11, 12, 13, 14, 16, 18, 19]",count_upper_bound,10500.267461744708,0.010652000000000328,1,62,12,4,8,144,16,12,16,1.0,656.2667163590443,40576.33730872354,314,303,144
SELF-Q4-minimum_range-checker-10003,10003,minimum_range,checker,triangle_active,True,all_sources_cleared_with_certificate,triangle,True,990.0,31,31,"[1, 5, 6, 7, 8, 13, 14, 16, 18, 20]","[1, 5, 6, 7, 8, 13, 14, 16, 18, 20]",full_mesh,10463.967080238233,0.0065361250000037785,0,24,10,0,0,0,10,3,10,1.0,1046.3967080238233,40264.83540119118,396,381,0
SELF-Q4-minimum_range-checker-10004,10004,minimum_range,checker,triangle_active,True,all_sources_cleared_with_certificate,triangle,True,990.0,31,31,"[1, 3, 7, 9, 10, 12, 14, 15, 16, 17, 20]","[1, 3, 7, 9, 10, 12, 14, 15, 16, 17, 20]",full_mesh,10713.86491544367,0.008113999999999066,1,25,9,2,3,3,11,3,11,1.0,973.9877195857881,40179.32457721832,437,429,3
SELF-Q4-minimum_range-checker-10005,10005,minimum_range,checker,triangle_active,True,all_sources_cleared_with_certificate,triangle,True,990.0,31,31,"[1, 2, 3, 6, 9, 12, 14, 15, 16, 17, 18, 19]","[1, 2, 3, 6, 9, 12, 14, 15, 16, 17, 18, 19]",full_mesh,10084.298497410813,0.006680249999995169,0,22,12,0,0,0,12,2,12,1.0,840.3582081175678,39131.49248705407,369,353,0
SELF-Q4-minimum_range-checker-10006,10006,minimum_range,checker,triangle_active,True,all_sources_cleared_with_certificate,triangle,True,990.0,31,31,"[1, 2, 3, 5, 6, 7, 8, 10, 16, 17, 18, 19, 20]","[1, 2, 3, 5, 6, 7, 8, 10, 16, 17, 18, 19, 20]",full_mesh,10312.845805545074,0.008026707999995608,1,35,10,2,3,23,13,5,13,1.0,793.2958311957749,39934.22902772537,368,355,22
SELF-Q4-minimum_range-checker-10007,10007,minimum_range,checker,triangle_active,True,all_sources_cleared_with_certificate,triangle,True,990.0,31,31,"[2, 3, 4, 5, 6, 7, 8, 9, 10, 11, 16, 17, 18, 20]","[2, 3, 4, 5, 6, 7, 8, 9, 10, 11, 16, 17, 18, 20]",full_mesh,10362.641641300641,0.006624416999997607,0,22,13,1,0,0,14,2,14,1.0,740.1886886643315,40873.2082065032,355,343,0
SELF-Q4-minimum_range-checker-10008,10008,minimum_range,checker,triangle_active,True,all_sources_cleared_with_certificate,triangle,True,990.0,31,31,"[1, 2, 3, 5, 7, 9, 10, 11, 12, 14, 15, 16, 17, 19, 20]","[1, 2, 3, 5, 7, 9, 10, 11, 12, 14, 15, 16, 17, 19, 20]",full_mesh,11081.720736196447,0.008079250000001537,1,39,14,0,4,22,15,2,15,1.0,738.7813824130965,43568.60368098222,373,365,21
SELF-Q4-minimum_range-checker-10009,10009,minimum_range,checker,triangle_active,True,all_sources_cleared_with_certificate,triangle,True,990.0,31,29,"[1, 2, 3, 4, 5, 7, 8, 10, 11, 12, 13, 14, 15, 17, 19, 20]","[1, 2, 3, 4, 5, 7, 8, 10, 11, 12, 13, 14, 15, 17, 19, 20]",count_upper_bound,10802.406122704002,0.01096970800000463,1,36,13,5,8,132,16,9,16,1.0,675.1503826690001,40127.03061352002,384,375,134
SELF-Q4-minimum_range-checker-10010,10010,minimum_range,checker,triangle_active,True,all_sources_cleared_with_certificate,triangle,True,990.0,31,31,"[1, 4, 6, 8, 9, 10, 11, 12, 17, 18]","[1, 4, 6, 8, 9, 10, 11, 12, 17, 18]",full_mesh,11953.5950554306,0.012156083000000706,4,25,6,3,10,126,10,4,10,1.0,1195.35950554306,44127.975277153,454,433,125
SELF-Q4-minimum_range-checker-10011,10011,minimum_range,checker,triangle_active,True,all_sources_cleared_with_certificate,triangle,True,990.0,31,31,"[3, 5, 6, 7, 9, 10, 11, 14, 15, 17, 18]","[3, 5, 6, 7, 9, 10, 11, 14, 15, 17, 18]",full_mesh,10866.071679469878,0.007201999999999487,0,20,11,1,1,0,11,1,11,1.0,987.8246981336252,40720.35839734939,446,434,1
SELF-Q4-minimum_range-checker-10012,10012,minimum_range,checker,triangle_active,True,all_sources_cleared_with_certificate,triangle,True,990.0,31,31,"[1, 2, 3, 4, 6, 10, 11, 13, 14, 15, 17, 19]","[1, 2, 3, 4, 6, 10, 11, 13, 14, 15, 17, 19]",full_mesh,10837.420319588036,0.007313457999998718,1,34,9,2,5,7,12,7,12,1.0,903.1183599656697,40952.101597940185,430,419,6
SELF-Q4-minimum_range-checker-10013,10013,minimum_range,checker,triangle_active,True,all_sources_cleared_with_certificate,triangle,True,990.0,31,31,"[4, 5, 6, 7, 8, 10, 12, 13, 15, 16, 17, 19, 20]","[4, 5, 6, 7, 8, 10, 12, 13, 15, 16, 17, 19, 20]",full_mesh,10813.594359111015,0.009051042000002951,1,46,11,2,6,34,13,5,13,1.0,831.8149507008474,40432.97179555505,429,415,34
SELF-Q4-minimum_range-checker-10014,10014,minimum_range,checker,triangle_active,True,all_sources_cleared_with_certificate,triangle,True,990.0,31,31,"[2, 3, 4, 6, 7, 8, 9, 13, 14, 15, 17, 18, 19, 20]","[2, 3, 4, 6, 7, 8, 9, 13, 14, 15, 17, 18, 19, 20]",full_mesh,10421.595222184991,0.007827250000005392,1,27,12,3,3,3,14,3,14,1.0,744.3996587274994,40462.97611092495,376,367,4
SELF-Q4-minimum_range-checker-10015,10015,minimum_range,checker,triangle_active,True,all_sources_cleared_with_certificate,triangle,True,990.0,31,31,"[1, 2, 3, 4, 5, 7, 8, 10, 11, 12, 13, 15, 16, 17, 20]","[1, 2, 3, 4, 5, 7, 8, 10, 11, 12, 13, 15, 16, 17, 20]",full_mesh,12560.854227197771,0.01448079100000399,3,66,12,2,12,224,15,8,15,1.0,837.3902818131847,48339.271135988885,360,349,223
SELF-Q4-minimum_range-checker-10016,10016,minimum_range,checker,triangle_active,True,all_sources_cleared_with_certificate,triangle,True,990.0,31,24,"[1, 2, 3, 5, 6, 10, 11, 12, 13, 14, 15, 16, 17, 18, 19, 20]","[1, 2, 3, 5, 6, 10, 11, 12, 13, 14, 15, 16, 17, 18, 19, 20]",count_upper_bound,9502.68863447605,0.009553457999999182,2,36,14,1,7,109,16,4,16,1.0,593.9180396547531,36813.443172380255,291,281,108
SELF-Q4-minimum_range-checker-10017,10017,minimum_range,checker,triangle_active,True,all_sources_cleared_with_certificate,triangle,True,990.0,31,31,"[3, 8, 9, 10, 13, 14, 15, 17, 19, 20]","[3, 8, 9, 10, 13, 14, 15, 17, 19, 20]",full_mesh,10575.534195114864,0.006732708999997783,0,20,10,1,2,0,10,1,10,1.0,1057.5534195114865,39272.670975574314,447,433,1
SELF-Q4-minimum_range-checker-10018,10018,minimum_range,checker,triangle_active,True,all_sources_cleared_with_certificate,triangle,True,990.0,31,31,"[1, 2, 3, 5, 7, 11, 12, 13, 15, 17, 19]","[1, 2, 3, 5, 7, 11, 12, 13, 15, 17, 19]",full_mesh,11276.987971061866,0.009238459000002308,1,36,10,0,5,99,11,6,11,1.0,1025.1807246419878,42429.939855309356,409,397,98
SELF-Q4-minimum_range-checker-10019,10019,minimum_range,checker,triangle_active,True,all_sources_cleared_with_certificate,triangle,True,990.0,31,31,"[1, 2, 3, 4, 6, 8, 9, 10, 13, 15, 16, 20]","[1, 2, 3, 4, 6, 8, 9, 10, 13, 15, 16, 20]",full_mesh,11108.708976042262,0.009310999999996739,2,40,9,2,7,68,12,9,12,1.0,925.7257480035219,41778.54488021131,417,407,67
SELF-Q4-minimum_range-checker-10020,10020,minimum_range,checker,triangle_active,True,all_sources_cleared_with_certificate,triangle,True,990.0,31,31,"[1, 2, 3, 4, 5, 6, 7, 11, 12, 13, 16, 17, 20]","[1, 2, 3, 4, 5, 6, 7, 11, 12, 13, 16, 17, 20]",full_mesh,10886.7961774198,0.00797983300000027,1,50,11,4,6,3,13,12,13,1.0,837.445859801523,41273.98088709902,427,417,5
SELF-Q4-minimum_range-checker-10021,10021,minimum_range,checker,triangle_active,True,all_sources_cleared_with_certificate,triangle,True,990.0,31,31,"[1, 4, 5, 6, 8, 10, 11, 12, 13, 14, 15, 16, 17, 19]","[1, 4, 5, 6, 8, 10, 11, 12, 13, 14, 15, 16, 17, 19]",full_mesh,9871.092916892178,0.006450041999997325,0,35,13,1,0,0,14,1,14,1.0,705.0780654922984,39640.464584460875,314,303,0
SELF-Q4-minimum_range-checker-10022,10022,minimum_range,checker,triangle_active,True,all_sources_cleared_with_certificate,triangle,True,990.0,31,31,"[1, 3, 4, 5, 6, 8, 9, 10, 11, 12, 15, 17, 18, 19, 20]","[1, 3, 4, 5, 6, 8, 9, 10, 11, 12, 15, 17, 18, 19, 20]",full_mesh,11234.358541405718,0.008681416000001718,1,48,13,1,3,57,15,8,15,1.0,748.9572360937145,44231.79270702861,359,350,56
SELF-Q4-minimum_range-checker-10023,10023,minimum_range,checker,triangle_active,True,all_sources_cleared_with_certificate,triangle,True,990.0,31,24,"[1, 2, 4, 5, 6, 9, 10, 11, 12, 14, 15, 16, 17, 18, 19, 20]","[1, 2, 4, 5, 6, 9, 10, 11, 12, 14, 15, 16, 17, 18, 19, 20]",count_upper_bound,9006.626056890158,0.007279875000001823,1,39,12,4,7,20,16,11,16,1.0,562.9141285556349,35048.13028445078,311,302,20
SELF-Q4-minimum_range-checker-10024,10024,minimum_range,checker,triangle_active,True,all_sources_cleared_with_certificate,triangle,True,990.0,31,31,"[1, 2, 5, 6, 10, 13, 15, 17, 18, 20]","[1, 2, 5, 6, 10, 13, 15, 17, 18, 20]",full_mesh,10716.88170600362,0.008473332999997751,1,42,7,3,5,31,10,5,10,1.0,1071.688170600362,39419.4085300181,450,440,31
SELF-Q4-minimum_range-checker-10025,10025,minimum_range,checker,triangle_active,True,all_sources_cleared_with_certificate,triangle,True,990.0,31,31,"[3, 5, 6, 10, 11, 13, 15, 16, 18, 19, 20]","[3, 5, 6, 10, 11, 13, 15, 16, 18, 19, 20]",full_mesh,10311.358473821401,0.0068244169999971405,0,13,11,0,0,0,11,1,11,1.0,937.3962248928547,38161.79236910701,440,424,0
SELF-Q4-minimum_range-checker-10026,10026,minimum_range,checker,triangle_active,True,all_sources_cleared_with_certificate,triangle,True,990.0,31,31,"[1, 5, 6, 7, 10, 12, 13, 14, 16, 17, 19, 20]","[1, 5, 6, 7, 10, 12, 13, 14, 16, 17, 19, 20]",full_mesh,11393.388575936402,0.01006745800000175,1,38,10,1,3,144,12,2,12,1.0,949.4490479947002,42786.942879682014,393,382,143
SELF-Q4-minimum_range-checker-10027,10027,minimum_range,checker,triangle_active,True,all_sources_cleared_with_certificate,triangle,True,990.0,31,31,"[1, 2, 3, 7, 8, 9, 13, 14, 15, 16, 17, 19, 20]","[1, 2, 3, 7, 8, 9, 13, 14, 15, 16, 17, 19, 20]",full_mesh,10040.517171126588,0.006791958999997405,0,38,13,1,2,0,13,1,13,1.0,772.3474747020452,40112.585855632955,327,315,1
SELF-Q4-minimum_range-checker-10028,10028,minimum_range,checker,triangle_active,True,all_sources_cleared_with_certificate,triangle,True,990.0,31,31,"[3, 5, 7, 9, 10, 11, 12, 13, 14, 15, 16, 17, 19, 20]","[3, 5, 7, 9, 10, 11, 12, 13, 14, 15, 16, 17, 19, 20]",full_mesh,11177.419828906422,0.009847499999999343,2,51,10,3,8,65,14,8,14,1.0,798.3871306361731,43147.09914453211,383,371,64
SELF-Q4-minimum_range-checker-10029,10029,minimum_range,checker,triangle_active,True,all_sources_cleared_with_certificate,triangle,True,990.0,31,31,"[1, 2, 4, 5, 6, 8, 9, 12, 13, 14, 15, 16, 17, 18, 20]","[1, 2, 4, 5, 6, 8, 9, 12, 13, 14, 15, 16, 17, 18, 20]",full_mesh,11083.148663514427,0.00996012499999921,2,34,13,2,6,87,15,6,15,1.0,738.8765775676285,43595.74331757213,340,328,87
SELF-Q4-minimum_range-checker-10030,10030,minimum_range,checker,triangle_active,True,all_sources_cleared_with_certificate,triangle,True,990.0,31,25,"[1, 4, 6, 7, 8, 9, 10, 11, 12, 13, 15, 16, 17, 18, 19, 20]","[1, 4, 6, 7, 8, 9, 10, 11, 12, 13, 15, 16, 17, 18, 19, 20]",count_upper_bound,8632.715162413104,0.007063125000001946,0,30,15,4,5,0,16,2,16,1.0,539.544697650819,33588.575812065515,306,296,3
SELF-Q4-minimum_range-checker-10031,10031,minimum_range,checker,triangle_active,True,all_sources_cleared_with_certificate,triangle,True,990.0,31,31,"[2, 3, 4, 5, 8, 12, 16, 17, 19, 20]","[2, 3, 4, 5, 8, 12, 16, 17, 19, 20]",full_mesh,11121.744005504946,0.008759875000002637,1,21,9,0,3,63,10,3,10,1.0,1112.1744005504947,40898.720027524745,453,441,62
SELF-Q4-minimum_range-checker-10032,10032,minimum_range,checker,triangle_active,True,all_sources_cleared_with_certificate,triangle,True,990.0,31,31,"[1, 2, 4, 5, 6, 7, 9, 12, 13, 14, 15]","[1, 2, 4, 5, 6, 7, 9, 12, 13, 14, 15]",full_mesh,11348.452248732958,0.009104708000002404,1,29,9,1,3,94,11,2,11,1.0,1031.6774771575417,42272.26124366479,429,415,93
SELF-Q4-minimum_range-checker-10033,10033,minimum_range,checker,triangle_active,True,all_sources_cleared_with_certificate,triangle,True,990.0,31,31,"[1, 2, 6, 7, 8, 11, 12, 15, 16, 17, 18, 20]","[1, 2, 6, 7, 8, 11, 12, 15, 16, 17, 18, 20]",full_mesh,11607.140050907452,0.011149875000000975,2,37,7,4,7,166,12,7,12,1.0,967.2616709089543,43345.70025453729,400,383,165
SELF-Q4-minimum_range-checker-10034,10034,minimum_range,checker,triangle_active,True,all_sources_cleared_with_certificate,triangle,True,990.0,31,31,"[2, 4, 6, 7, 9, 12, 13, 14, 15, 16, 17, 18, 19]","[2, 4, 6, 7, 9, 12, 13, 14, 15, 16, 17, 18, 19]",full_mesh,10781.24031411804,0.008330833000002258,1,53,9,7,7,3,13,12,13,1.0,829.32617800908,40601.20157059021,432,418,6
SELF-Q4-minimum_range-checker-10035,10035,minimum_range,checker,triangle_active,True,all_sources_cleared_with_certificate,triangle,True,990.0,31,31,"[1, 2, 5, 6, 7, 10, 11, 12, 13, 14, 15, 17, 19, 20]","[1, 2, 5, 6, 7, 10, 11, 12, 13, 14, 15, 17, 19, 20]",full_mesh,11135.5745335834,0.008583999999999037,1,47,11,4,6,23,14,8,14,1.0,795.3981809702428,42552.87266791697,415,408,24
SELF-Q4-minimum_range-checker-10036,10036,minimum_range,checker,triangle_active,True,all_sources_cleared_with_certificate,triangle,True,990.0,31,31,"[2, 3, 5, 6, 7, 8, 10, 11, 13, 14, 16, 17, 18, 19, 20]","[2, 3, 5, 6, 7, 8, 10, 11, 13, 14, 16, 17, 18, 19, 20]",full_mesh,10174.192611336348,0.007063957999996262,0,35,15,0,0,0,15,3,15,1.0,678.2795074224232,40370.96305668173,339,330,0
SELF-Q4-minimum_range-checker-10037,10037,minimum_range,checker,triangle_active,True,all_sources_cleared_with_certificate,triangle,True,990.0,31,22,"[1, 3, 4, 5, 6, 8, 9, 10, 11, 13, 14, 15, 16, 18, 19, 20]","[1, 3, 4, 5, 6, 8, 9, 10, 11, 13, 14, 15, 16, 18, 19, 20]",count_upper_bound,9260.818613919011,0.008445082999998021,1,33,14,4,7,62,16,5,16,1.0,578.8011633699382,36614.09306959505,279,271,64
SELF-Q4-minimum_range-checker-10038,10038,minimum_range,checker,triangle_active,True,all_sources_cleared_with_certificate,triangle,True,990.0,31,31,"[3, 6, 7, 9, 11, 13, 14, 15, 18, 19]","[3, 6, 7, 9, 11, 13, 14, 15, 18, 19]",full_mesh,11155.834910878059,0.008011791999997797,1,30,8,2,4,20,10,4,10,1.0,1115.583491087806,41819.174554390294,449,437,20
SELF-Q4-minimum_range-checker-10039,10039,minimum_range,checker,triangle_active,True,all_sources_cleared_with_certificate,triangle,True,990.0,31,31,"[1, 5, 6, 8, 9, 13, 14, 15, 18, 19, 20]","[1, 5, 6, 8, 9, 13, 14, 15, 18, 19, 20]",full_mesh,12193.127129378412,0.013359375000000284,3,43,7,1,9,218,11,8,11,1.0,1108.4661026707647,43140.63564689207,480,465,215
SELF-Q4-minimum_range-checker-10040,10040,minimum_range,checker,triangle_active,True,all_sources_cleared_with_certificate,triangle,True,990.0,31,31,"[2, 3, 6, 8, 9, 10, 11, 12, 13, 14, 15, 18]","[2, 3, 6, 8, 9, 10, 11, 12, 13, 14, 15, 18]",full_mesh,10647.738595972623,0.007971957999998835,0,40,11,4,5,0,12,4,12,1.0,887.3115496643853,39888.69297986311,435,426,3
SELF-Q4-minimum_range-checker-10041,10041,minimum_range,checker,triangle_active,True,all_sources_cleared_with_certificate,triangle,True,990.0,31,31,"[2, 3, 4, 5, 7, 8, 10, 11, 13, 14, 16, 18, 19]","[2, 3, 4, 5, 7, 8, 10, 11, 13, 14, 16, 18, 19]",full_mesh,10921.502921341445,0.008315791999997657,2,54,10,2,5,6,13,7,13,1.0,840.1156093339573,41507.51460670722,425,415,5
SELF-Q4-minimum_range-checker-10042,10042,minimum_range,checker,triangle_active,True,all_sources_cleared_with_certificate,triangle,True,990.0,31,31,"[2, 3, 4, 5, 6, 8, 9, 10, 11, 12, 13, 14, 17, 20]","[2, 3, 4, 5, 6, 8, 9, 10, 11, 12, 13, 14, 17, 20]",full_mesh,10754.569758816739,0.006761541999999565,0,24,13,1,0,0,14,1,14,1.0,768.1835542011956,43142.848794083686,344,336,0
SELF-Q4-minimum_range-checker-10043,10043,minimum_range,checker,triangle_active,True,all_sources_cleared_with_certificate,triangle,True,990.0,31,31,"[2, 3, 4, 5, 7, 8, 9, 10, 11, 12, 13, 14, 16, 18, 20]","[2, 3, 4, 5, 7, 8, 9, 10, 11, 12, 13, 14, 16, 18, 20]",full_mesh,10107.284184673039,0.006796125000001041,0,21,13,2,0,0,15,2,15,1.0,673.8189456448692,39501.420923365185,357,347,0
SELF-Q4-minimum_range-checker-10044,10044,minimum_range,checker,triangle_active,True,all_sources_cleared_with_certificate,triangle,True,990.0,31,29,"[1, 2, 4, 6, 7, 9, 10, 11, 12, 13, 14, 15, 16, 17, 18, 20]","[1, 2, 4, 6, 7, 9, 10, 11, 12, 13, 14, 15, 16, 17, 18, 20]",count_upper_bound,10763.442951569077,0.009891666999997994,1,28,14,3,6,103,16,7,16,1.0,672.7151844730673,40532.214757845395,379,370,104
SELF-Q4-minimum_range-checker-10045,10045,minimum_range,checker,triangle_active,True,all_sources_cleared_with_certificate,triangle,True,990.0,31,31,"[1, 5, 6, 8, 9, 11, 12, 16, 17, 18]","[1, 5, 6, 8, 9, 11, 12, 16, 17, 18]",full_mesh,10793.186531732717,0.008408582999997805,2,53,7,1,9,64,10,9,10,1.0,1079.3186531732717,40590.93265866358,409,394,62
SELF-Q4-minimum_range-checker-10046,10046,minimum_range,checker,triangle_active,True,all_sources_cleared_with_certificate,triangle,True,990.0,31,31,"[3, 4, 5, 8, 10, 11, 13, 14, 15, 16, 18]","[3, 4, 5, 8, 10, 11, 13, 14, 15, 16, 18]",full_mesh,10744.866982819194,0.006916957999997919,1,34,8,2,3,3,11,4,11,1.0,976.8060893471994,41949.33491409599,384,374,2
SELF-Q4-minimum_range-checker-10047,10047,minimum_range,checker,triangle_active,True,all_sources_cleared_with_certificate,triangle,True,990.0,31,31,"[2, 5, 7, 9, 10, 11, 13, 14, 15, 16, 18, 20]","[2, 5, 7, 9, 10, 11, 13, 14, 15, 16, 18, 20]",full_mesh,11823.159922535731,0.010721667000005652,2,56,10,2,10,130,12,10,12,1.0,985.2633268779776,44980.79961267864,398,387,130
SELF-Q4-minimum_range-checker-10048,10048,minimum_range,checker,triangle_active,True,all_sources_cleared_with_certificate,triangle,True,990.0,31,31,"[1, 2, 5, 6, 7, 8, 9, 12, 13, 16, 17, 18, 19]","[1, 2, 5, 6, 7, 8, 9, 12, 13, 16, 17, 18, 19]",full_mesh,10657.096165164416,0.007127832999998418,0,29,13,1,2,0,13,3,13,1.0,819.7766280895704,40835.48082582208,405,397,1
SELF-Q4-minimum_range-checker-10049,10049,minimum_range,checker,triangle_active,True,all_sources_cleared_with_certificate,triangle,True,990.0,31,31,"[1, 2, 4, 6, 7, 11, 12, 13, 14, 15, 16, 18, 19, 20]","[1, 2, 4, 6, 7, 11, 12, 13, 14, 15, 16, 18, 19, 20]",full_mesh,11595.898050330692,0.011612040999999351,3,66,9,4,11,110,14,9,14,1.0,828.278432166478,44094.49025165348,399,385,109
SELF-Q4-cluster-plus_one-10000,10000,cluster,plus_one,triangle_active,True,all_sources_cleared_with_certificate,triangle,True,990.0,31,31,"[1, 2, 4, 5, 10, 11, 13, 15, 16, 19]","[1, 2, 4, 5, 10, 11, 13, 15, 16, 19]",full_mesh,11368.595705661517,0.012534667000004163,3,31,7,0,11,152,10,9,10,1.0,1136.8595705661517,36907.978528307605,587,555,149
SELF-Q4-cluster-plus_one-10001,10001,cluster,plus_one,triangle_active,True,all_sources_cleared_with_certificate,triangle,True,990.0,31,31,"[2, 3, 4, 5, 9, 11, 12, 14, 17, 19]","[2, 3, 4, 5, 9, 11, 12, 14, 17, 19]",full_mesh,9617.70496302968,0.007274457999997708,0,8,10,0,0,0,10,2,10,1.0,961.770496302968,31228.524815148397,558,532,0
SELF-Q4-cluster-plus_one-10002,10002,cluster,plus_one,triangle_active,True,all_sources_cleared_with_certificate,triangle,True,990.0,31,31,"[1, 2, 4, 5, 8, 9, 11, 12, 13, 16]","[1, 2, 4, 5, 8, 9, 11, 12, 13, 16]",full_mesh,10958.879633911323,0.01181212499999873,2,24,8,0,6,140,10,4,10,1.0,1095.8879633911324,35399.398169556625,574,545,138
SELF-Q4-cluster-plus_one-10003,10003,cluster,plus_one,triangle_active,True,all_sources_cleared_with_certificate,triangle,True,990.0,31,31,"[1, 5, 6, 7, 8, 13, 14, 16, 18, 20]","[1, 5, 6, 7, 8, 13, 14, 16, 18, 20]",full_mesh,11494.273188546447,0.013725749999998982,3,24,7,0,9,202,10,3,10,1.0,1149.4273188546447,37171.36594273226,574,543,199
SELF-Q4-cluster-plus_one-10004,10004,cluster,plus_one,triangle_active,True,all_sources_cleared_with_certificate,triangle,True,990.0,31,31,"[1, 3, 7, 10, 12, 14, 15, 16, 17, 20]","[1, 3, 7, 10, 12, 14, 15, 16, 17, 20]",full_mesh,12068.56225206045,0.01646745900000468,4,35,5,2,14,224,10,9,10,1.0,1206.856225206045,38677.811260302275,609,575,221
SELF-Q4-cluster-plus_one-10005,10005,cluster,plus_one,triangle_active,True,all_sources_cleared_with_certificate,triangle,True,990.0,31,31,"[1, 3, 6, 9, 12, 15, 16, 17, 18, 19]","[1, 3, 6, 9, 12, 15, 16, 17, 18, 19]",full_mesh,10002.515203357714,0.008575499999999181,2,15,8,0,6,17,10,2,10,1.0,1000.2515203357714,32612.576016788575,569,540,15
SELF-Q4-cluster-plus_one-10006,10006,cluster,plus_one,triangle_active,True,all_sources_cleared_with_certificate,triangle,True,990.0,31,31,"[1, 2, 5, 6, 7, 8, 16, 17, 18, 19]","[1, 2, 5, 6, 7, 8, 16, 17, 18, 19]",full_mesh,10766.12848734892,0.01117495800000512,2,16,8,0,6,123,10,3,10,1.0,1076.612848734892,34940.6424367446,566,535,121
SELF-Q4-cluster-plus_one-10007,10007,cluster,plus_one,triangle_active,True,all_sources_cleared_with_certificate,triangle,True,990.0,31,31,"[3, 4, 5, 6, 7, 8, 9, 10, 11, 18]","[3, 4, 5, 6, 7, 8, 9, 10, 11, 18]",full_mesh,10938.072578267911,0.011095541999999625,1,24,8,2,5,142,10,9,10,1.0,1093.807257826791,34990.36289133956,582,554,142
SELF-Q4-cluster-plus_one-10008,10008,cluster,plus_one,triangle_active,True,all_sources_cleared_with_certificate,triangle,True,990.0,31,31,"[2, 5, 9, 10, 11, 12, 15, 16, 17, 20]","[2, 5, 9, 10, 11, 12, 15, 16, 17, 20]",full_mesh,10942.746762934761,0.010840125000001422,1,7,9,1,5,142,10,3,10,1.0,1094.2746762934762,35423.733814673826,569,537,142
SELF-Q4-cluster-plus_one-10009,10009,cluster,plus_one,triangle_active,True,all_sources_cleared_with_certificate,triangle,True,990.0,31,31,"[4, 5, 7, 8, 11, 12, 14, 17, 19, 20]","[4, 5, 7, 8, 11, 12, 14, 17, 19, 20]",full_mesh,11271.01886704337,0.012900457999997172,4,37,6,1,14,133,10,8,10,1.0,1127.1018867043372,36560.094335216854,592,559,130
SELF-Q4-cluster-plus_one-10010,10010,cluster,plus_one,triangle_active,True,all_sources_cleared_with_certificate,triangle,True,990.0,31,31,"[1, 4, 6, 8, 9, 10, 11, 12, 17, 18]","[1, 4, 6, 8, 9, 10, 11, 12, 17, 18]",full_mesh,10895.38651725813,0.011496958000002167,2,20,8,0,6,139,10,4,10,1.0,1089.538651725813,35216.93258629067,570,541,137
SELF-Q4-cluster-plus_one-10011,10011,cluster,plus_one,triangle_active,True,all_sources_cleared_with_certificate,triangle,True,990.0,31,31,"[3, 5, 6, 7, 9, 10, 11, 14, 17, 18]","[3, 5, 6, 7, 9, 10, 11, 14, 17, 18]",full_mesh,10072.3061639185,0.008668333999999334,2,18,6,2,6,15,10,6,10,1.0,1007.2306163918499,32601.530819592506,582,553,13
SELF-Q4-cluster-plus_one-10012,10012,cluster,plus_one,triangle_active,True,all_sources_cleared_with_certificate,triangle,True,990.0,31,31,"[1, 2, 3, 4, 6, 13, 14, 15, 17, 19]","[1, 2, 3, 4, 6, 13, 14, 15, 17, 19]",full_mesh,11160.25747221026,0.012316624999996861,2,30,7,2,8,152,10,6,10,1.0,1116.025747221026,35826.2873610513,587,557,151
SELF-Q4-cluster-plus_one-10013,10013,cluster,plus_one,triangle_active,True,all_sources_cleared_with_certificate,triangle,True,990.0,31,31,"[4, 5, 7, 10, 12, 13, 15, 16, 17, 20]","[4, 5, 7, 10, 12, 13, 15, 16, 17, 20]",full_mesh,10160.925115238744,0.008846875000003251,2,32,8,1,8,17,10,7,10,1.0,1016.0925115238745,32819.62557619371,588,559,16
SELF-Q4-cluster-plus_one-10014,10014,cluster,plus_one,triangle_active,True,all_sources_cleared_with_certificate,triangle,True,990.0,31,31,"[2, 7, 8, 9, 13, 14, 15, 17, 18, 19]","[2, 7, 8, 9, 13, 14, 15, 17, 18, 19]",full_mesh,13955.186785721004,0.01977079199999565,4,37,5,1,14,483,10,9,10,1.0,1395.5186785721003,44390.933928605045,604,570,479
SELF-Q4-cluster-plus_one-10015,10015,cluster,plus_one,triangle_active,True,all_sources_cleared_with_certificate,triangle,True,990.0,31,31,"[2, 3, 4, 5, 8, 10, 13, 16, 17, 20]","[2, 3, 4, 5, 8, 10, 13, 16, 17, 20]",full_mesh,10293.15036451266,0.009620916999999451,1,12,9,0,3,78,10,2,10,1.0,1029.315036451266,33335.75182256329,562,535,77
SELF-Q4-cluster-plus_one-10016,10016,cluster,plus_one,triangle_active,True,all_sources_cleared_with_certificate,triangle,True,990.0,31,31,"[2, 5, 6, 10, 11, 12, 15, 16, 18, 19]","[2, 5, 6, 10, 11, 12, 15, 16, 18, 19]",full_mesh,10785.901929476127,0.010625708999995709,1,9,9,0,3,141,10,3,10,1.0,1078.5901929476126,34799.50964738063,564,536,140
SELF-Q4-cluster-plus_one-10017,10017,cluster,plus_one,triangle_active,True,all_sources_cleared_with_certificate,triangle,True,990.0,31,31,"[3, 8, 9, 10, 13, 14, 15, 17, 19, 20]","[3, 8, 9, 10, 13, 14, 15, 17, 19, 20]",full_mesh,9719.398992581326,0.007824665999997649,1,10,9,0,3,4,10,1,10,1.0,971.9398992581325,31666.994962906625,559,532,3
SELF-Q4-cluster-plus_one-10018,10018,cluster,plus_one,triangle_active,True,all_sources_cleared_with_certificate,triangle,True,990.0,31,31,"[1, 2, 3, 5, 7, 11, 12, 13, 17, 19]","[1, 2, 3, 5, 7, 11, 12, 13, 17, 19]",full_mesh,9642.549104575686,0.007248917000005406,0,11,9,1,0,0,10,3,10,1.0,964.2549104575686,31232.745522878457,562,536,0
SELF-Q4-cluster-plus_one-10019,10019,cluster,plus_one,triangle_active,True,all_sources_cleared_with_certificate,triangle,True,990.0,31,31,"[1, 2, 3, 6, 8, 9, 10, 15, 16, 20]","[1, 2, 3, 6, 8, 9, 10, 15, 16, 20]",full_mesh,11155.674653181612,0.012062999999997714,2,28,8,1,8,162,10,6,10,1.0,1115.567465318161,35738.373265908056,584,555,161
SELF-Q4-cluster-plus_one-10020,10020,cluster,plus_one,triangle_active,True,all_sources_cleared_with_certificate,triangle,True,990.0,31,31,"[1, 3, 4, 5, 6, 7, 11, 13, 16, 20]","[1, 3, 4, 5, 6, 7, 11, 13, 16, 20]",full_mesh,9841.952225870995,0.007843582999996102,1,5,9,0,3,11,10,1,10,1.0,984.1952225870995,32164.761129354953,560,529,10
SELF-Q4-cluster-plus_one-10021,10021,cluster,plus_one,triangle_active,True,all_sources_cleared_with_certificate,triangle,True,990.0,31,31,"[1, 5, 10, 12, 13, 14, 15, 16, 17, 19]","[1, 5, 10, 12, 13, 14, 15, 16, 17, 19]",full_mesh,9563.735169180201,0.007247124999999244,0,0,10,0,0,0,10,1,10,1.0,956.3735169180202,31218.67584590101,550,520,0
SELF-Q4-cluster-plus_one-10022,10022,cluster,plus_one,triangle_active,True,all_sources_cleared_with_certificate,triangle,True,990.0,31,31,"[1, 4, 5, 9, 11, 12, 15, 17, 18, 19]","[1, 4, 5, 9, 11, 12, 15, 17, 18, 19]",full_mesh,11360.512813102529,0.013122083999995482,3,23,5,2,9,167,10,6,10,1.0,1136.0512813102528,36612.56406551265,588,556,164
SELF-Q4-cluster-plus_one-10023,10023,cluster,plus_one,triangle_active,True,all_sources_cleared_with_certificate,triangle,True,990.0,31,31,"[4, 6, 10, 11, 12, 14, 15, 16, 18, 19]","[4, 6, 10, 11, 12, 14, 15, 16, 18, 19]",full_mesh,9625.898505407236,0.007218833000003144,0,8,10,0,0,0,10,2,10,1.0,962.5898505407237,31269.492527036204,558,532,0
SELF-Q4-cluster-plus_one-10024,10024,cluster,plus_one,triangle_active,True,all_sources_cleared_with_certificate,triangle,True,990.0,31,31,"[1, 2, 5, 6, 10, 13, 15, 17, 18, 20]","[1, 2, 5, 6, 10, 13, 15, 17, 18, 20]",full_mesh,9617.712032619835,0.007262666999999112,0,5,10,0,0,0,10,5,10,1.0,961.7712032619835,31253.56016309916,557,532,0
SELF-Q4-cluster-plus_one-10025,10025,cluster,plus_one,triangle_active,True,all_sources_cleared_with_certificate,triangle,True,990.0,31,31,"[3, 5, 6, 10, 11, 13, 15, 16, 19, 20]","[3, 5, 6, 10, 11, 13, 15, 16, 19, 20]",full_mesh,11159.631324996737,0.011760457999997698,2,25,8,2,12,129,10,6,10,1.0,1115.9631324996737,36258.156624983705,584,551,129
SELF-Q4-cluster-plus_one-10026,10026,cluster,plus_one,triangle_active,True,all_sources_cleared_with_certificate,triangle,True,990.0,31,31,"[1, 5, 6, 7, 12, 13, 14, 16, 17, 19]","[1, 5, 6, 7, 12, 13, 14, 16, 17, 19]",full_mesh,12396.5067028398,0.016002374999999347,5,36,5,0,15,277,10,7,10,1.0,1239.6506702839802,39977.53351419906,595,560,272
SELF-Q4-cluster-plus_one-10027,10027,cluster,plus_one,triangle_active,True,all_sources_cleared_with_certificate,triangle,True,990.0,31,31,"[1, 2, 3, 7, 8, 13, 16, 17, 19, 20]","[1, 2, 3, 7, 8, 13, 16, 17, 19, 20]",full_mesh,9880.627816091699,0.008122417000002713,1,9,9,0,3,13,10,3,10,1.0,988.0627816091699,32188.13908045851,564,537,12
SELF-Q4-cluster-plus_one-10028,10028,cluster,plus_one,triangle_active,True,all_sources_cleared_with_certificate,triangle,True,990.0,31,31,"[3, 5, 7, 9, 10, 11, 12, 16, 19, 20]","[3, 5, 7, 9, 10, 11, 12, 16, 19, 20]",full_mesh,9863.926224532492,0.00792320799999402,1,18,9,1,5,4,10,3,10,1.0,986.3926224532491,32074.63112266247,569,542,4
SELF-Q4-cluster-plus_one-10029,10029,cluster,plus_one,triangle_active,True,all_sources_cleared_with_certificate,triangle,True,990.0,31,31,"[4, 6, 8, 9, 12, 14, 16, 17, 18, 20]","[4, 6, 8, 9, 12, 14, 16, 17, 18, 20]",full_mesh,10383.189707758449,0.009750208000006921,1,22,8,1,3,77,10,5,10,1.0,1038.318970775845,33345.94853879224,577,551,76
SELF-Q4-cluster-plus_one-10030,10030,cluster,plus_one,triangle_active,True,all_sources_cleared_with_certificate,triangle,True,990.0,31,31,"[1, 4, 7, 8, 10, 11, 13, 15, 17, 20]","[1, 4, 7, 8, 10, 11, 13, 15, 17, 20]",full_mesh,11422.98143070175,0.012550875000002293,3,21,7,1,11,166,10,7,10,1.0,1142.298143070175,36869.90715350874,590,557,164
SELF-Q4-cluster-plus_one-10031,10031,cluster,plus_one,triangle_active,True,all_sources_cleared_with_certificate,triangle,True,990.0,31,31,"[2, 3, 4, 5, 8, 12, 16, 17, 19, 20]","[2, 3, 4, 5, 8, 12, 16, 17, 19, 20]",full_mesh,10310.720478639618,0.00946279099999714,1,10,8,1,3,77,10,3,10,1.0,1031.0720478639619,33348.60239319809,565,538,76
SELF-Q4-cluster-plus_one-10032,10032,cluster,plus_one,triangle_active,True,all_sources_cleared_with_certificate,triangle,True,990.0,31,31,"[1, 2, 4, 5, 6, 7, 9, 12, 14, 15]","[1, 2, 4, 5, 6, 7, 9, 12, 14, 15]",full_mesh,10273.49329451275,0.009299292000001458,1,15,7,2,3,62,10,4,10,1.0,1027.349329451275,33087.46647256375,575,548,61
SELF-Q4-cluster-plus_one-10033,10033,cluster,plus_one,triangle_active,True,all_sources_cleared_with_certificate,triangle,True,990.0,31,31,"[6, 7, 8, 11, 12, 15, 16, 17, 18, 20]","[6, 7, 8, 11, 12, 15, 16, 17, 18, 20]",full_mesh,10150.446873140032,0.009070375000000297,1,8,9,0,3,61,10,1,10,1.0,1015.0446873140032,33002.23436570017,558,530,60
SELF-Q4-cluster-plus_one-10034,10034,cluster,plus_one,triangle_active,True,all_sources_cleared_with_certificate,triangle,True,990.0,31,31,"[2, 4, 6, 7, 13, 15, 16, 17, 18, 19]","[2, 4, 6, 7, 13, 15, 16, 17, 18, 19]",full_mesh,10302.6829854887,0.00957545800000048,1,20,9,1,5,61,10,4,10,1.0,1030.26829854887,33333.41492744353,572,543,61
SELF-Q4-cluster-plus_one-10035,10035,cluster,plus_one,triangle_active,True,all_sources_cleared_with_certificate,triangle,True,990.0,31,31,"[2, 6, 7, 10, 11, 12, 13, 14, 17, 20]","[2, 6, 7, 10, 11, 12, 13, 14, 17, 20]",full_mesh,11308.490467846945,0.011920209000003013,2,34,7,1,8,154,10,7,10,1.0,1130.8490467846946,36307.45233923473,595,566,152
SELF-Q4-cluster-plus_one-10036,10036,cluster,plus_one,triangle_active,True,all_sources_cleared_with_certificate,triangle,True,990.0,31,31,"[2, 3, 7, 10, 11, 13, 16, 17, 19, 20]","[2, 3, 7, 10, 11, 13, 16, 17, 19, 20]",full_mesh,10376.298503876435,0.009542791999997746,1,29,7,3,5,60,10,8,10,1.0,1037.6298503876435,33261.492519382184,587,559,60
SELF-Q4-cluster-plus_one-10037,10037,cluster,plus_one,triangle_active,True,all_sources_cleared_with_certificate,triangle,True,990.0,31,31,"[3, 5, 8, 9, 10, 11, 14, 16, 18, 20]","[3, 5, 8, 9, 10, 11, 14, 16, 18, 20]",full_mesh,10864.03737651775,0.011570791000004021,4,32,6,0,12,85,10,5,10,1.0,1086.403737651775,35290.18688258876,591,558,81
SELF-Q4-cluster-plus_one-10038,10038,cluster,plus_one,triangle_active,True,all_sources_cleared_with_certificate,triangle,True,990.0,31,31,"[3, 6, 7, 9, 11, 13, 14, 15, 18, 19]","[3, 6, 7, 9, 11, 13, 14, 15, 18, 19]",full_mesh,10805.188768662518,0.011095208000000412,2,24,8,0,6,122,10,4,10,1.0,1080.5188768662517,34900.94384331261,574,545,120
SELF-Q4-cluster-plus_one-10039,10039,cluster,plus_one,triangle_active,True,all_sources_cleared_with_certificate,triangle,True,990.0,31,31,"[5, 6, 8, 9, 13, 14, 15, 18, 19, 20]","[5, 6, 8, 9, 13, 14, 15, 18, 19, 20]",full_mesh,10153.033720926753,0.00914149999999836,1,8,9,0,3,60,10,1,10,1.0,1015.3033720926753,33030.16860463376,558,530,59
SELF-Q4-cluster-plus_one-10040,10040,cluster,plus_one,triangle_active,True,all_sources_cleared_with_certificate,triangle,True,990.0,31,31,"[2, 3, 6, 8, 10, 11, 13, 14, 15, 18]","[2, 3, 6, 8, 10, 11, 13, 14, 15, 18]",full_mesh,10574.081427673833,0.010494041000001175,2,40,6,3,8,63,10,9,10,1.0,1057.4081427673832,33930.40713836918,597,567,62
SELF-Q4-cluster-plus_one-10041,10041,cluster,plus_one,triangle_active,True,all_sources_cleared_with_certificate,triangle,True,990.0,31,31,"[3, 4, 5, 8, 10, 11, 13, 14, 16, 18]","[3, 4, 5, 8, 10, 11, 13, 14, 16, 18]",full_mesh,12874.377308533072,0.01724054199999614,4,37,6,0,12,371,10,7,10,1.0,1287.4377308533071,41081.88654266537,590,557,367
SELF-Q4-cluster-plus_one-10042,10042,cluster,plus_one,triangle_active,True,all_sources_cleared_with_certificate,triangle,True,990.0,31,31,"[4, 5, 8, 9, 10, 11, 12, 13, 14, 20]","[4, 5, 8, 9, 10, 11, 12, 13, 14, 20]",full_mesh,10786.98863770675,0.010735083999996675,1,9,9,0,3,141,10,2,10,1.0,1078.698863770675,34799.94318853376,564,537,140
SELF-Q4-cluster-plus_one-10043,10043,cluster,plus_one,triangle_active,True,all_sources_cleared_with_certificate,triangle,True,990.0,31,31,"[3, 5, 7, 8, 9, 10, 11, 14, 16, 18]","[3, 5, 7, 8, 9, 10, 11, 14, 16, 18]",full_mesh,11681.977417554108,0.013644999999996799,3,15,7,0,9,217,10,4,10,1.0,1168.1977417554108,37729.88708777059,580,544,214
SELF-Q4-cluster-plus_one-10044,10044,cluster,plus_one,triangle_active,True,all_sources_cleared_with_certificate,triangle,True,990.0,31,31,"[1, 2, 6, 7, 10, 11, 12, 14, 15, 16]","[1, 2, 6, 7, 10, 11, 12, 14, 15, 16]",full_mesh,12343.910547658212,0.015626625000003003,4,41,4,3,14,271,10,9,10,1.0,1234.391054765821,39469.552738291066,605,571,268
SELF-Q4-cluster-plus_one-10045,10045,cluster,plus_one,triangle_active,True,all_sources_cleared_with_certificate,triangle,True,990.0,31,31,"[1, 5, 6, 8, 9, 11, 12, 16, 17, 18]","[1, 5, 6, 8, 9, 11, 12, 16, 17, 18]",full_mesh,12157.148551552802,0.01495387499999623,4,41,5,1,14,228,10,9,10,1.0,1215.7148551552802,39225.74275776401,604,570,224
SELF-Q4-cluster-plus_one-10046,10046,cluster,plus_one,triangle_active,True,all_sources_cleared_with_certificate,triangle,True,990.0,31,31,"[3, 4, 5, 10, 11, 13, 14, 15, 16, 18]","[3, 4, 5, 10, 11, 13, 14, 15, 16, 18]",full_mesh,10903.976455585575,0.011054832999995767,1,26,8,2,5,149,10,8,10,1.0,1090.3976455585575,34834.88227792788,578,550,149
SELF-Q4-cluster-plus_one-10047,10047,cluster,plus_one,triangle_active,True,all_sources_cleared_with_certificate,triangle,True,990.0,31,31,"[5, 7, 9, 11, 13, 14, 15, 16, 18, 20]","[5, 7, 9, 11, 13, 14, 15, 16, 18, 20]",full_mesh,9715.994745463568,0.007386666999998681,0,12,10,0,2,0,10,2,10,1.0,971.5994745463568,31599.973727317833,562,536,0
SELF-Q4-cluster-plus_one-10048,10048,cluster,plus_one,triangle_active,True,all_sources_cleared_with_certificate,triangle,True,990.0,31,31,"[1, 5, 6, 7, 9, 12, 13, 16, 18, 19]","[1, 5, 6, 7, 9, 12, 13, 16, 18, 19]",full_mesh,11514.689338348755,0.013136375000001976,2,25,8,0,6,217,10,8,10,1.0,1151.4689338348755,36843.44669174379,580,551,215
SELF-Q4-cluster-plus_one-10049,10049,cluster,plus_one,triangle_active,True,all_sources_cleared_with_certificate,triangle,True,990.0,31,31,"[1, 2, 6, 7, 12, 13, 14, 15, 18, 19]","[1, 2, 6, 7, 12, 13, 14, 15, 18, 19]",full_mesh,11120.849322501466,0.011776457999999934,2,23,8,0,6,162,10,6,10,1.0,1112.0849322501467,35789.24661250736,577,548,160
SELF-Q4-near_origin-fixed_hash-10000,10000,near_origin,fixed_hash,triangle_active,True,all_sources_cleared_with_certificate,triangle,True,990.0,31,31,"[1, 2, 3, 4, 5, 6, 7, 9, 10, 11, 13, 15, 16, 19]","[1, 2, 3, 4, 5, 6, 7, 9, 10, 11, 13, 15, 16, 19]",full_mesh,9593.65140716656,0.007578667000004202,0,19,13,1,0,0,14,2,14,1.0,685.2608147976115,39008.2570358328,289,277,0
SELF-Q4-near_origin-fixed_hash-10001,10001,near_origin,fixed_hash,triangle_active,True,all_sources_cleared_with_certificate,triangle,True,990.0,31,31,"[1, 2, 3, 4, 5, 9, 11, 12, 14, 15, 16, 17, 18, 19, 20]","[1, 2, 3, 4, 5, 9, 11, 12, 14, 15, 16, 17, 18, 19, 20]",full_mesh,10285.46986836345,0.007150625000001298,0,21,14,1,0,0,15,3,15,1.0,685.69799122423,42242.349341817244,295,287,0
SELF-Q4-near_origin-fixed_hash-10002,10002,near_origin,fixed_hash,triangle_active,True,all_sources_cleared_with_certificate,triangle,True,990.0,31,25,"[1, 2, 3, 4, 5, 6, 8, 9, 10, 11, 12, 13, 14, 16, 18, 19]","[1, 2, 3, 4, 5, 6, 8, 9, 10, 11, 12, 13, 14, 16, 18, 19]",count_upper_bound,9423.409091032587,0.009788749999998458,1,43,12,3,6,84,16,12,16,1.0,588.9630681895367,36487.045455162945,301,292,83
SELF-Q4-near_origin-fixed_hash-10003,10003,near_origin,fixed_hash,triangle_active,True,all_sources_cleared_with_certificate,triangle,True,990.0,31,31,"[1, 5, 6, 7, 8, 13, 14, 16, 18, 20]","[1, 5, 6, 7, 8, 13, 14, 16, 18, 20]",full_mesh,10349.15957135699,0.006999208999999951,0,18,10,0,0,0,10,3,10,1.0,1034.915957135699,39885.79785678494,389,377,0
SELF-Q4-near_origin-fixed_hash-10004,10004,near_origin,fixed_hash,triangle_active,True,all_sources_cleared_with_certificate,triangle,True,990.0,31,31,"[1, 3, 7, 9, 10, 12, 14, 15, 16, 17, 20]","[1, 3, 7, 9, 10, 12, 14, 15, 16, 17, 20]",full_mesh,10349.179544698203,0.006660666999998455,0,12,11,0,0,0,11,3,11,1.0,940.834504063473,39440.897723491005,403,391,0
SELF-Q4-near_origin-fixed_hash-10005,10005,near_origin,fixed_hash,triangle_active,True,all_sources_cleared_with_certificate,triangle,True,990.0,31,31,"[1, 2, 3, 6, 9, 12, 14, 15, 16, 17, 18, 19]","[1, 2, 3, 6, 9, 12, 14, 15, 16, 17, 18, 19]",full_mesh,9813.48648506659,0.006464875000006032,0,11,12,0,0,0,12,2,12,1.0,817.7905404222159,38937.43242533295,330,316,0
SELF-Q4-near_origin-fixed_hash-10006,10006,near_origin,fixed_hash,triangle_active,True,all_sources_cleared_with_certificate,triangle,True,990.0,31,31,"[1, 2, 3, 5, 6, 7, 8, 10, 16, 17, 18, 19, 20]","[1, 2, 3, 5, 6, 7, 8, 10, 16, 17, 18, 19, 20]",full_mesh,9694.072817099292,0.006954625000005876,0,28,12,1,0,0,13,5,13,1.0,745.6979090076378,38930.36408549645,309,298,0
SELF-Q4-near_origin-fixed_hash-10007,10007,near_origin,fixed_hash,triangle_active,True,all_sources_cleared_with_certificate,triangle,True,990.0,31,31,"[2, 3, 4, 5, 6, 7, 8, 9, 10, 11, 16, 17, 18, 20]","[2, 3, 4, 5, 6, 7, 8, 9, 10, 11, 16, 17, 18, 20]",full_mesh,10223.452530997936,0.0066817499999984875,0,12,14,0,0,0,14,2,14,1.0,730.2466093569955,40857.26265498968,332,322,0
SELF-Q4-near_origin-fixed_hash-10008,10008,near_origin,fixed_hash,triangle_active,True,all_sources_cleared_with_certificate,triangle,True,990.0,31,31,"[1, 2, 3, 5, 7, 9, 10, 11, 12, 14, 15, 16, 17, 19, 20]","[1, 2, 3, 5, 7, 9, 10, 11, 12, 14, 15, 16, 17, 19, 20]",full_mesh,9941.550332536104,0.006350957999998741,0,27,15,0,1,0,15,2,15,1.0,662.7700221690736,40707.751662680515,289,280,0
SELF-Q4-near_origin-fixed_hash-10009,10009,near_origin,fixed_hash,triangle_active,True,all_sources_cleared_with_certificate,triangle,True,990.0,31,23,"[1, 2, 3, 4, 5, 7, 8, 10, 11, 12, 13, 14, 15, 17, 19, 20]","[1, 2, 3, 4, 5, 7, 8, 10, 11, 12, 13, 14, 15, 17, 19, 20]",count_upper_bound,8028.55905539135,0.0075168750000003115,1,19,12,6,9,4,16,9,16,1.0,501.78494096195936,31252.79527695676,282,270,6
SELF-Q4-near_origin-fixed_hash-10010,10010,near_origin,fixed_hash,triangle_active,True,all_sources_cleared_with_certificate,triangle,True,990.0,31,31,"[1, 4, 6, 8, 9, 10, 11, 12, 17, 18]","[1, 4, 6, 8, 9, 10, 11, 12, 17, 18]",full_mesh,10332.37549474846,0.006542874999993842,0,7,8,2,0,0,10,4,10,1.0,1033.237549474846,39401.87747374228,403,387,0
SELF-Q4-near_origin-fixed_hash-10011,10011,near_origin,fixed_hash,triangle_active,True,all_sources_cleared_with_certificate,triangle,True,990.0,31,31,"[3, 5, 6, 7, 9, 10, 11, 14, 15, 17, 18]","[3, 5, 6, 7, 9, 10, 11, 14, 15, 17, 18]",full_mesh,10454.308213304268,0.006557708999999079,0,15,11,0,0,0,11,1,11,1.0,950.3916557549335,40041.54106652134,401,386,0
SELF-Q4-near_origin-fixed_hash-10012,10012,near_origin,fixed_hash,triangle_active,True,all_sources_cleared_with_certificate,triangle,True,990.0,31,31,"[1, 2, 3, 4, 6, 10, 11, 13, 14, 15, 17, 19]","[1, 2, 3, 4, 6, 10, 11, 13, 14, 15, 17, 19]",full_mesh,10182.941449415554,0.007925957999994182,1,29,9,2,3,7,12,7,12,1.0,848.5784541179628,39209.707247077764,379,368,6
SELF-Q4-near_origin-fixed_hash-10013,10013,near_origin,fixed_hash,triangle_active,True,all_sources_cleared_with_certificate,triangle,True,990.0,31,31,"[4, 5, 6, 7, 8, 10, 12, 13, 15, 16, 17, 19, 20]","[4, 5, 6, 7, 8, 10, 12, 13, 15, 16, 17, 19, 20]",full_mesh,9417.57857456223,0.006711457999998061,0,36,13,0,0,0,13,5,13,1.0,724.4291211201715,37772.89287281115,302,288,0
SELF-Q4-near_origin-fixed_hash-10014,10014,near_origin,fixed_hash,triangle_active,True,all_sources_cleared_with_certificate,triangle,True,990.0,31,31,"[2, 3, 4, 6, 7, 8, 9, 13, 14, 15, 17, 18, 19, 20]","[2, 3, 4, 6, 7, 8, 9, 13, 14, 15, 17, 18, 19, 20]",full_mesh,10036.820117178253,0.006836249999999211,0,19,14,1,1,0,14,3,14,1.0,716.9157226555895,40499.100585891276,313,299,1
SELF-Q4-near_origin-fixed_hash-10015,10015,near_origin,fixed_hash,triangle_active,True,all_sources_cleared_with_certificate,triangle,True,990.0,31,31,"[1, 2, 3, 4, 5, 7, 8, 10, 11, 12, 13, 15, 16, 17, 20]","[1, 2, 3, 4, 5, 7, 8, 10, 11, 12, 13, 15, 16, 17, 20]",full_mesh,10269.210493825034,0.007722999999998592,0,42,9,6,0,0,15,8,15,1.0,684.6140329216689,41616.05246912517,313,306,0
SELF-Q4-near_origin-fixed_hash-10016,10016,near_origin,fixed_hash,triangle_active,True,all_sources_cleared_with_certificate,triangle,True,990.0,31,22,"[1, 2, 3, 5, 6, 10, 11, 12, 13, 14, 15, 16, 17, 18, 19, 20]","[1, 2, 3, 5, 6, 10, 11, 12, 13, 14, 15, 16, 17, 18, 19, 20]",count_upper_bound,7919.235916319357,0.005982375000002094,0,24,13,3,3,0,16,4,16,1.0,494.9522447699598,32791.17958159678,215,206,0
SELF-Q4-near_origin-fixed_hash-10017,10017,near_origin,fixed_hash,triangle_active,True,all_sources_cleared_with_certificate,triangle,True,990.0,31,31,"[3, 8, 9, 10, 13, 14, 15, 17, 19, 20]","[3, 8, 9, 10, 13, 14, 15, 17, 19, 20]",full_mesh,9854.655346985131,0.006781583000005753,0,14,10,0,0,0,10,1,10,1.0,985.4655346985131,37408.27673492565,390,373,0
SELF-Q4-near_origin-fixed_hash-10018,10018,near_origin,fixed_hash,triangle_active,True,all_sources_cleared_with_certificate,triangle,True,990.0,31,31,"[1, 2, 3, 5, 7, 11, 12, 13, 15, 17, 19]","[1, 2, 3, 5, 7, 11, 12, 13, 15, 17, 19]",full_mesh,10167.567038664969,0.006800249999997732,0,27,9,2,0,0,11,6,11,1.0,924.3242762422699,39782.83519332485,361,351,0
SELF-Q4-near_origin-fixed_hash-10019,10019,near_origin,fixed_hash,triangle_active,True,all_sources_cleared_with_certificate,triangle,True,990.0,31,31,"[1, 2, 3, 4, 6, 8, 9, 10, 13, 15, 16, 20]","[1, 2, 3, 4, 6, 8, 9, 10, 13, 15, 16, 20]",full_mesh,10115.5656079014,0.006789333999996927,0,24,10,2,0,0,12,9,12,1.0,842.96380065845,38952.828039507,379,370,0
SELF-Q4-near_origin-fixed_hash-10020,10020,near_origin,fixed_hash,triangle_active,True,all_sources_cleared_with_certificate,triangle,True,990.0,31,31,"[1, 2, 3, 4, 5, 6, 7, 11, 12, 13, 16, 17, 20]","[1, 2, 3, 4, 5, 6, 7, 11, 12, 13, 16, 17, 20]",full_mesh,10304.270360802488,0.007553624999999897,0,43,8,5,1,0,13,12,13,1.0,792.6361816001913,39181.35180401243,402,393,0
SELF-Q4-near_origin-fixed_hash-10021,10021,near_origin,fixed_hash,triangle_active,True,all_sources_cleared_with_certificate,triangle,True,990.0,31,31,"[1, 4, 5, 6, 8, 10, 11, 12, 13, 14, 15, 16, 17, 19]","[1, 4, 5, 6, 8, 10, 11, 12, 13, 14, 15, 16, 17, 19]",full_mesh,9588.751828724253,0.006450582999995902,0,22,14,0,0,0,14,1,14,1.0,684.9108449088752,39528.75914362126,271,258,0
SELF-Q4-near_origin-fixed_hash-10022,10022,near_origin,fixed_hash,triangle_active,True,all_sources_cleared_with_certificate,triangle,True,990.0,31,31,"[1, 3, 4, 5, 6, 8, 9, 10, 11, 12, 15, 17, 18, 19, 20]","[1, 3, 4, 5, 6, 8, 9, 10, 11, 12, 15, 17, 18, 19, 20]",full_mesh,10602.623110482402,0.007290750000002788,0,39,13,2,0,0,15,8,15,1.0,706.8415406988267,42648.115552412004,334,328,0
SELF-Q4-near_origin-fixed_hash-10023,10023,near_origin,fixed_hash,triangle_active,True,all_sources_cleared_with_certificate,triangle,True,990.0,31,20,"[1, 2, 4, 5, 6, 9, 10, 11, 12, 14, 15, 16, 17, 18, 19, 20]","[1, 2, 4, 5, 6, 9, 10, 11, 12, 14, 15, 16, 17, 18, 19, 20]",count_upper_bound,7395.191433968531,0.0062572499999973274,0,28,12,6,4,0,16,11,16,1.0,462.1994646230332,28865.957169842648,257,251,2
SELF-Q4-near_origin-fixed_hash-10024,10024,near_origin,fixed_hash,triangle_active,True,all_sources_cleared_with_certificate,triangle,True,990.0,31,31,"[1, 2, 5, 6, 10, 13, 15, 17, 18, 20]","[1, 2, 5, 6, 10, 13, 15, 17, 18, 20]",full_mesh,10082.314654558299,0.0070005420000001095,0,28,8,2,0,0,10,5,10,1.0,1008.2314654558298,38031.573272791495,406,396,0
SELF-Q4-near_origin-fixed_hash-10025,10025,near_origin,fixed_hash,triangle_active,True,all_sources_cleared_with_certificate,triangle,True,990.0,31,31,"[3, 5, 6, 10, 11, 13, 15, 16, 18, 19, 20]","[3, 5, 6, 10, 11, 13, 15, 16, 18, 19, 20]",full_mesh,9947.733184773288,0.007028790999996204,0,15,11,0,0,0,11,1,11,1.0,904.3393804339353,37603.665923866436,398,382,0
SELF-Q4-near_origin-fixed_hash-10026,10026,near_origin,fixed_hash,triangle_active,True,all_sources_cleared_with_certificate,triangle,True,990.0,31,31,"[1, 5, 6, 7, 10, 12, 13, 14, 16, 17, 19, 20]","[1, 5, 6, 7, 10, 12, 13, 14, 16, 17, 19, 20]",full_mesh,10009.884390353825,0.006855125000001294,0,16,11,1,0,0,12,2,12,1.0,834.1570325294855,39179.42195176913,354,344,0
SELF-Q4-near_origin-fixed_hash-10027,10027,near_origin,fixed_hash,triangle_active,True,all_sources_cleared_with_certificate,triangle,True,990.0,31,31,"[1, 2, 3, 7, 8, 9, 13, 14, 15, 16, 17, 19, 20]","[1, 2, 3, 7, 8, 9, 13, 14, 15, 16, 17, 19, 20]",full_mesh,9574.995706844546,0.006376750000001152,0,24,13,0,0,0,13,1,13,1.0,736.5381312957343,38834.978534222726,293,278,0
SELF-Q4-near_origin-fixed_hash-10028,10028,near_origin,fixed_hash,triangle_active,True,all_sources_cleared_with_certificate,triangle,True,990.0,31,31,"[3, 5, 7, 9, 10, 11, 12, 13, 14, 15, 16, 17, 19, 20]","[3, 5, 7, 9, 10, 11, 12, 13, 14, 15, 16, 17, 19, 20]",full_mesh,10115.824673224426,0.007840833000003045,1,36,10,3,3,24,14,8,14,1.0,722.5589052303161,39624.12336612211,344,332,23
SELF-Q4-near_origin-fixed_hash-10029,10029,near_origin,fixed_hash,triangle_active,True,all_sources_cleared_with_certificate,triangle,True,990.0,31,31,"[1, 2, 4, 5, 6, 8, 9, 12, 13, 14, 15, 16, 17, 18, 20]","[1, 2, 4, 5, 6, 8, 9, 12, 13, 14, 15, 16, 17, 18, 20]",full_mesh,9951.032744576682,0.007104415999997116,0,22,13,2,0,0,15,6,15,1.0,663.4021829717788,41520.163722883415,264,252,0
SELF-Q4-near_origin-fixed_hash-10030,10030,near_origin,fixed_hash,triangle_active,True,all_sources_cleared_with_certificate,triangle,True,990.0,31,25,"[1, 4, 6, 7, 8, 9, 10, 11, 12, 13, 15, 16, 17, 18, 19, 20]","[1, 4, 6, 7, 8, 9, 10, 11, 12, 13, 15, 16, 17, 18, 19, 20]",count_upper_bound,8178.643626782015,0.006945999999999231,0,19,14,3,2,0,16,2,16,1.0,511.16522667387596,32913.218133910064,254,243,1
SELF-Q4-near_origin-fixed_hash-10031,10031,near_origin,fixed_hash,triangle_active,True,all_sources_cleared_with_certificate,triangle,True,990.0,31,31,"[2, 3, 4, 5, 8, 12, 16, 17, 19, 20]","[2, 3, 4, 5, 8, 12, 16, 17, 19, 20]",full_mesh,10246.842278399472,0.006702707999998836,0,21,9,1,0,0,10,3,10,1.0,1024.6842278399472,38854.21139199737,406,396,0
SELF-Q4-near_origin-fixed_hash-10032,10032,near_origin,fixed_hash,triangle_active,True,all_sources_cleared_with_certificate,triangle,True,990.0,31,31,"[1, 2, 4, 5, 6, 7, 9, 12, 13, 14, 15]","[1, 2, 4, 5, 6, 7, 9, 12, 13, 14, 15]",full_mesh,10124.77674219829,0.007103833999998699,0,13,11,0,0,0,11,2,11,1.0,920.4342492907537,39013.88371099145,380,367,0
SELF-Q4-near_origin-fixed_hash-10033,10033,near_origin,fixed_hash,triangle_active,True,all_sources_cleared_with_certificate,triangle,True,990.0,31,31,"[1, 2, 6, 7, 8, 11, 12, 15, 16, 17, 18, 20]","[1, 2, 6, 7, 8, 11, 12, 15, 16, 17, 18, 20]",full_mesh,9895.250733926054,0.006819708000001867,0,27,8,4,0,0,12,7,12,1.0,824.6042278271711,38466.253669630256,359,347,0
SELF-Q4-near_origin-fixed_hash-10034,10034,near_origin,fixed_hash,triangle_active,True,all_sources_cleared_with_certificate,triangle,True,990.0,31,31,"[2, 4, 6, 7, 9, 12, 13, 14, 15, 16, 17, 18, 19]","[2, 4, 6, 7, 9, 12, 13, 14, 15, 16, 17, 18, 19]",full_mesh,10379.758350665483,0.007350207999998304,0,34,9,4,0,0,13,12,13,1.0,798.442950051191,39598.79175332744,401,390,0
SELF-Q4-near_origin-fixed_hash-10035,10035,near_origin,fixed_hash,triangle_active,True,all_sources_cleared_with_certificate,triangle,True,990.0,31,31,"[1, 2, 5, 6, 7, 10, 11, 12, 13, 14, 15, 17, 19, 20]","[1, 2, 5, 6, 7, 10, 11, 12, 13, 14, 15, 17, 19, 20]",full_mesh,10571.573975187766,0.007518292000000315,0,22,13,1,0,0,14,8,14,1.0,755.1124267991262,41302.86987593882,375,366,0
SELF-Q4-near_origin-fixed_hash-10036,10036,near_origin,fixed_hash,triangle_active,True,all_sources_cleared_with_certificate,triangle,True,990.0,31,31,"[2, 3, 5, 6, 7, 8, 10, 11, 13, 14, 16, 17, 18, 19, 20]","[2, 3, 5, 6, 7, 8, 10, 11, 13, 14, 16, 17, 18, 19, 20]",full_mesh,9917.543043134356,0.007243417000005081,0,24,15,0,0,0,15,3,15,1.0,661.1695362089571,40132.715215671786,304,296,0
SELF-Q4-near_origin-fixed_hash-10037,10037,near_origin,fixed_hash,triangle_active,True,all_sources_cleared_with_certificate,triangle,True,990.0,31,20,"[1, 3, 4, 5, 6, 8, 9, 10, 11, 13, 14, 15, 16, 18, 19, 20]","[1, 3, 4, 5, 6, 8, 9, 10, 11, 13, 14, 15, 16, 18, 19, 20]",count_upper_bound,7870.205175427936,0.006259624999998437,0,18,15,1,3,0,16,5,16,1.0,491.887823464246,32596.025877139684,213,206,0
SELF-Q4-near_origin-fixed_hash-10038,10038,near_origin,fixed_hash,triangle_active,True,all_sources_cleared_with_certificate,triangle,True,990.0,31,31,"[3, 6, 7, 9, 11, 13, 14, 15, 18, 19]","[3, 6, 7, 9, 11, 13, 14, 15, 18, 19]",full_mesh,10742.212633553903,0.006800124999998047,0,16,9,2,1,0,10,4,10,1.0,1074.2212633553904,40521.06316776953,433,420,1
SELF-Q4-near_origin-fixed_hash-10039,10039,near_origin,fixed_hash,triangle_active,True,all_sources_cleared_with_certificate,triangle,True,990.0,31,31,"[1, 5, 6, 8, 9, 13, 14, 15, 18, 19, 20]","[1, 5, 6, 8, 9, 13, 14, 15, 18, 19, 20]",full_mesh,10165.774681780093,0.0072078749999988645,0,25,9,2,0,0,11,8,11,1.0,924.1613347072812,37343.87340890048,442,432,0
SELF-Q4-near_origin-fixed_hash-10040,10040,near_origin,fixed_hash,triangle_active,True,all_sources_cleared_with_certificate,triangle,True,990.0,31,31,"[2, 3, 6, 8, 9, 10, 11, 12, 13, 14, 15, 18]","[2, 3, 6, 8, 9, 10, 11, 12, 13, 14, 15, 18]",full_mesh,10191.49107035463,0.007437249999995288,0,21,11,1,0,0,12,4,12,1.0,849.2909225295525,39312.45535177315,380,369,0
SELF-Q4-near_origin-fixed_hash-10041,10041,near_origin,fixed_hash,triangle_active,True,all_sources_cleared_with_certificate,triangle,True,990.0,31,31,"[2, 3, 4, 5, 7, 8, 10, 11, 13, 14, 16, 18, 19]","[2, 3, 4, 5, 7, 8, 10, 11, 13, 14, 16, 18, 19]",full_mesh,10554.536946833554,0.007767125000000874,0,30,12,1,0,0,13,7,13,1.0,811.887457448735,40707.68473416778,393,383,0
SELF-Q4-near_origin-fixed_hash-10042,10042,near_origin,fixed_hash,triangle_active,True,all_sources_cleared_with_certificate,triangle,True,990.0,31,31,"[2, 3, 4, 5, 6, 8, 9, 10, 11, 12, 13, 14, 17, 20]","[2, 3, 4, 5, 6, 8, 9, 10, 11, 12, 13, 14, 17, 20]",full_mesh,10311.707585934302,0.0064795409999973685,0,26,14,0,0,0,14,1,14,1.0,736.5505418524501,42418.53792967151,295,283,0
SELF-Q4-near_origin-fixed_hash-10043,10043,near_origin,fixed_hash,triangle_active,True,all_sources_cleared_with_certificate,triangle,True,990.0,31,31,"[2, 3, 4, 5, 7, 8, 9, 10, 11, 12, 13, 14, 16, 18, 20]","[2, 3, 4, 5, 7, 8, 9, 10, 11, 12, 13, 14, 16, 18, 20]",full_mesh,10004.264004260463,0.00658345799999438,0,10,15,0,0,0,15,2,15,1.0,666.9509336173643,39961.32002130232,325,312,0
SELF-Q4-near_origin-fixed_hash-10044,10044,near_origin,fixed_hash,triangle_active,True,all_sources_cleared_with_certificate,triangle,True,990.0,31,28,"[1, 2, 4, 6, 7, 9, 10, 11, 12, 13, 14, 15, 16, 17, 18, 20]","[1, 2, 4, 6, 7, 9, 10, 11, 12, 13, 14, 15, 16, 17, 18, 20]",count_upper_bound,9003.941312200865,0.007020707999998876,0,21,12,4,1,0,16,7,16,1.0,562.746332012554,35029.70656100433,321,313,0
SELF-Q4-near_origin-fixed_hash-10045,10045,near_origin,fixed_hash,triangle_active,True,all_sources_cleared_with_certificate,triangle,True,990.0,31,31,"[1, 5, 6, 8, 9, 11, 12, 16, 17, 18]","[1, 5, 6, 8, 9, 11, 12, 16, 17, 18]",full_mesh,9845.774312473739,0.006518583000001854,0,17,8,2,0,0,10,9,10,1.0,984.5774312473739,37738.871562368695,378,358,0
SELF-Q4-near_origin-fixed_hash-10046,10046,near_origin,fixed_hash,triangle_active,True,all_sources_cleared_with_certificate,triangle,True,990.0,31,31,"[3, 4, 5, 8, 10, 11, 13, 14, 15, 16, 18]","[3, 4, 5, 8, 10, 11, 13, 14, 15, 16, 18]",full_mesh,10465.678461645959,0.006575292000000843,0,20,10,1,0,0,11,4,11,1.0,951.4253146950872,41453.39230822982,355,345,0
SELF-Q4-near_origin-fixed_hash-10047,10047,near_origin,fixed_hash,triangle_active,True,all_sources_cleared_with_certificate,triangle,True,990.0,31,31,"[2, 5, 7, 9, 10, 11, 13, 14, 15, 16, 18, 20]","[2, 5, 7, 9, 10, 11, 13, 14, 15, 16, 18, 20]",full_mesh,10469.129336491278,0.007443291999997825,1,32,10,1,3,1,12,10,12,1.0,872.4274447076065,41315.64668245639,359,351,0
SELF-Q4-near_origin-fixed_hash-10048,10048,near_origin,fixed_hash,triangle_active,True,all_sources_cleared_with_certificate,triangle,True,990.0,31,31,"[1, 2, 5, 6, 7, 8, 9, 12, 13, 16, 17, 18, 19]","[1, 2, 5, 6, 7, 8, 9, 12, 13, 16, 17, 18, 19]",full_mesh,10162.568921040223,0.007085125000003245,0,13,12,1,0,0,13,3,13,1.0,781.736070849248,40687.84460520112,329,315,0
SELF-Q4-near_origin-fixed_hash-10049,10049,near_origin,fixed_hash,triangle_active,True,all_sources_cleared_with_certificate,triangle,True,990.0,31,31,"[1, 2, 4, 6, 7, 11, 12, 13, 14, 15, 16, 18, 19, 20]","[1, 2, 4, 6, 7, 11, 12, 13, 14, 15, 16, 18, 19, 20]",full_mesh,11084.96450382542,0.009828874999996629,1,43,10,3,3,92,14,9,14,1.0,791.7831788446729,43094.822519127105,356,343,91
SELF-Q4-all_directional-checker-10000,10000,all_directional,checker,triangle_active,True,all_sources_cleared_with_certificate,triangle,True,990.0,31,31,"[1, 2, 3, 4, 5, 6, 7, 9, 10, 11, 13, 15, 16, 19]","[1, 2, 3, 4, 5, 6, 7, 9, 10, 11, 13, 15, 16, 19]",full_mesh,12581.532634885945,0.015266291999999737,4,58,10,2,16,242,14,14,14,1.0,898.6809024918532,45877.66317442977,439,421,240
SELF-Q4-all_directional-checker-10001,10001,all_directional,checker,triangle_active,True,all_sources_cleared_with_certificate,triangle,True,990.0,31,31,"[1, 2, 3, 4, 5, 9, 11, 12, 14, 15, 16, 17, 18, 19, 20]","[1, 2, 3, 4, 5, 9, 11, 12, 14, 15, 16, 17, 18, 19, 20]",full_mesh,11992.633033164566,0.01017508300000003,1,36,11,3,3,99,15,15,15,1.0,799.5088688776377,45223.16516582284,431,424,98
SELF-Q4-all_directional-checker-10002,10002,all_directional,checker,triangle_active,True,all_sources_cleared_with_certificate,triangle,True,990.0,31,30,"[1, 2, 3, 4, 5, 6, 8, 9, 10, 11, 12, 13, 14, 16, 18, 19]","[1, 2, 3, 4, 5, 6, 8, 9, 10, 11, 12, 13, 14, 16, 18, 19]",count_upper_bound,12058.583216497898,0.012945791999996459,4,59,11,3,15,132,16,16,16,1.0,753.6614510311186,45102.91608248951,431,413,130
SELF-Q4-all_directional-checker-10003,10003,all_directional,checker,triangle_active,True,all_sources_cleared_with_certificate,triangle,True,990.0,31,31,"[1, 5, 6, 7, 8, 13, 14, 16, 18, 20]","[1, 5, 6, 7, 8, 13, 14, 16, 18, 20]",full_mesh,11091.479621942251,0.008131292000001622,1,43,6,6,6,1,10,10,10,1.0,1109.147962194225,40742.39810971127,483,469,3
SELF-Q4-all_directional-checker-10004,10004,all_directional,checker,triangle_active,True,all_sources_cleared_with_certificate,triangle,True,990.0,31,31,"[1, 3, 7, 9, 10, 12, 14, 15, 16, 17, 20]","[1, 3, 7, 9, 10, 12, 14, 15, 16, 17, 20]",full_mesh,12067.503985900554,0.011614874999999358,2,42,8,5,13,123,11,11,11,1.0,1097.0458169000503,43532.51992950279,492,471,125
SELF-Q4-all_directional-checker-10005,10005,all_directional,checker,triangle_active,True,all_sources_cleared_with_certificate,triangle,True,990.0,31,31,"[1, 2, 3, 6, 9, 12, 14, 15, 16, 17, 18, 19]","[1, 2, 3, 6, 9, 12, 14, 15, 16, 17, 18, 19]",full_mesh,11409.489405776929,0.00997720799999513,2,42,7,5,8,54,12,12,12,1.0,950.790783814744,41577.44702888465,481,467,54
SELF-Q4-all_directional-checker-10006,10006,all_directional,checker,triangle_active,True,all_sources_cleared_with_certificate,triangle,True,990.0,31,31,"[1, 2, 3, 5, 6, 7, 8, 10, 16, 17, 18, 19, 20]","[1, 2, 3, 5, 6, 7, 8, 10, 16, 17, 18, 19, 20]",full_mesh,11608.152793686566,0.011756624999996745,3,47,8,3,10,114,13,13,13,1.0,892.934830283582,42490.763968432824,454,439,112
SELF-Q4-all_directional-checker-10007,10007,all_directional,checker,triangle_active,True,all_sources_cleared_with_certificate,triangle,True,990.0,31,31,"[2, 3, 4, 5, 6, 7, 8, 9, 10, 11, 16, 17, 18, 20]","[2, 3, 4, 5, 6, 7, 8, 9, 10, 11, 16, 17, 18, 20]",full_mesh,11197.75043017772,0.008667749999993646,1,50,9,4,6,21,14,14,14,1.0,799.8393164412657,42523.7521508886,429,418,20
SELF-Q4-all_directional-checker-10008,10008,all_directional,checker,triangle_active,True,all_sources_cleared_with_certificate,triangle,True,990.0,31,31,"[1, 2, 3, 5, 7, 9, 10, 11, 12, 14, 15, 16, 17, 19, 20]","[1, 2, 3, 5, 7, 9, 10, 11, 12, 14, 15, 16, 17, 19, 20]",full_mesh,12211.240547356421,0.011587292000001526,2,47,11,4,9,111,15,15,15,1.0,814.0827031570948,45656.20273678211,447,437,111
SELF-Q4-all_directional-checker-10009,10009,all_directional,checker,triangle_active,True,all_sources_cleared_with_certificate,triangle,True,990.0,31,29,"[1, 2, 3, 4, 5, 7, 8, 10, 11, 12, 13, 14, 15, 17, 19, 20]","[1, 2, 3, 4, 5, 7, 8, 10, 11, 12, 13, 14, 15, 17, 19, 20]",count_upper_bound,12297.863390478935,0.015335999999997796,5,72,8,4,19,219,16,16,16,1.0,768.6164619049334,44169.316952394714,459,444,215
SELF-Q4-all_directional-checker-10010,10010,all_directional,checker,triangle_active,True,all_sources_cleared_with_certificate,triangle,True,990.0,31,31,"[1, 4, 6, 8, 9, 10, 11, 12, 17, 18]","[1, 4, 6, 8, 9, 10, 11, 12, 17, 18]",full_mesh,11382.447017378909,0.009619250000000079,1,33,6,4,4,94,10,10,10,1.0,1138.2447017378909,41482.23508689454,461,449,94
SELF-Q4-all_directional-checker-10011,10011,all_directional,checker,triangle_active,True,all_sources_cleared_with_certificate,triangle,True,990.0,31,31,"[3, 5, 6, 7, 9, 10, 11, 14, 15, 17, 18]","[3, 5, 6, 7, 9, 10, 11, 14, 15, 17, 18]",full_mesh,13741.090507158275,0.017487375000001748,5,57,4,4,15,314,11,11,11,1.0,1249.1900461052976,47830.4525357914,535,512,311
SELF-Q4-all_directional-checker-10012,10012,all_directional,checker,triangle_active,True,all_sources_cleared_with_certificate,triangle,True,990.0,31,31,"[1, 2, 3, 4, 6, 10, 11, 13, 14, 15, 17, 19]","[1, 2, 3, 4, 6, 10, 11, 13, 14, 15, 17, 19]",full_mesh,11974.286708077745,0.010913625000000593,2,39,10,0,7,138,12,12,12,1.0,997.8572256731454,43911.43354038875,456,444,136
SELF-Q4-all_directional-checker-10013,10013,all_directional,checker,triangle_active,True,all_sources_cleared_with_certificate,triangle,True,990.0,31,31,"[4, 5, 6, 7, 8, 10, 12, 13, 15, 16, 17, 19, 20]","[4, 5, 6, 7, 8, 10, 12, 13, 15, 16, 17, 19, 20]",full_mesh,11875.716355108743,0.011855750000002274,4,49,8,3,15,85,13,13,13,1.0,913.5166427006726,42468.58177554375,515,493,83
SELF-Q4-all_directional-checker-10014,10014,all_directional,checker,triangle_active,True,all_sources_cleared_with_certificate,triangle,True,990.0,31,31,"[2, 3, 4, 6, 7, 8, 9, 13, 14, 15, 17, 18, 19, 20]","[2, 3, 4, 6, 7, 8, 9, 13, 14, 15, 17, 18, 19, 20]",full_mesh,12359.539328991428,0.013026625000001957,3,57,7,5,11,171,14,14,14,1.0,882.824237785102,45547.69664495715,448,433,169
SELF-Q4-all_directional-checker-10015,10015,all_directional,checker,triangle_active,True,all_sources_cleared_with_certificate,triangle,True,990.0,31,31,"[1, 2, 3, 4, 5, 7, 8, 10, 11, 12, 13, 15, 16, 17, 20]","[1, 2, 3, 4, 5, 7, 8, 10, 11, 12, 13, 15, 16, 17, 20]",full_mesh,13005.129093879066,0.016011582999993834,4,66,10,2,13,286,15,15,15,1.0,867.0086062586045,49335.64546939536,372,354,283
SELF-Q4-all_directional-checker-10016,10016,all_directional,checker,triangle_active,True,all_sources_cleared_with_certificate,triangle,True,990.0,31,24,"[1, 2, 3, 5, 6, 10, 11, 12, 13, 14, 15, 16, 17, 18, 19, 20]","[1, 2, 3, 5, 6, 10, 11, 12, 13, 14, 15, 16, 17, 18, 19, 20]",count_upper_bound,12194.866494360049,0.0177704580000011,7,64,6,7,29,309,16,16,16,1.0,762.179155897503,44984.332471800284,370,350,306
SELF-Q4-all_directional-checker-10017,10017,all_directional,checker,triangle_active,True,all_sources_cleared_with_certificate,triangle,True,990.0,31,31,"[3, 8, 9, 10, 13, 14, 15, 17, 19, 20]","[3, 8, 9, 10, 13, 14, 15, 17, 19, 20]",full_mesh,12143.210813377154,0.012588624999999354,3,41,6,2,13,131,10,10,10,1.0,1214.3210813377154,41996.05406688579,554,537,129
SELF-Q4-all_directional-checker-10018,10018,all_directional,checker,triangle_active,True,all_sources_cleared_with_certificate,triangle,True,990.0,31,31,"[1, 2, 3, 5, 7, 11, 12, 13, 15, 17, 19]","[1, 2, 3, 5, 7, 11, 12, 13, 15, 17, 19]",full_mesh,13339.745935876477,0.016660833999999625,6,65,5,3,20,275,11,11,11,1.0,1212.7041759887707,47763.729679382406,489,471,272
SELF-Q4-all_directional-checker-10019,10019,all_directional,checker,triangle_active,True,all_sources_cleared_with_certificate,triangle,True,990.0,31,31,"[1, 2, 3, 4, 6, 8, 9, 10, 13, 15, 16, 20]","[1, 2, 3, 4, 6, 8, 9, 10, 13, 15, 16, 20]",full_mesh,11014.509890232794,0.00840966700000223,1,32,11,3,8,19,12,12,12,1.0,917.8758241860661,40657.54945116398,462,450,21
SELF-Q4-all_directional-checker-10020,10020,all_directional,checker,triangle_active,True,all_sources_cleared_with_certificate,triangle,True,990.0,31,31,"[1, 2, 3, 4, 5, 6, 7, 11, 12, 13, 16, 17, 20]","[1, 2, 3, 4, 5, 6, 7, 11, 12, 13, 16, 17, 20]",full_mesh,11726.690716853298,0.013225041000005433,2,38,10,4,7,103,13,13,13,1.0,902.0531320656384,43363.453584266514,448,437,104
SELF-Q4-all_directional-checker-10021,10021,all_directional,checker,triangle_active,True,all_sources_cleared_with_certificate,triangle,True,990.0,31,31,"[1, 4, 5, 6, 8, 10, 11, 12, 13, 14, 15, 16, 17, 19]","[1, 4, 5, 6, 8, 10, 11, 12, 13, 14, 15, 16, 17, 19]",full_mesh,12429.788365880295,0.01415724999999668,3,54,9,3,11,212,14,14,14,1.0,887.8420261343068,45708.94182940151,434,418,210
SELF-Q4-all_directional-checker-10022,10022,all_directional,checker,triangle_active,True,all_sources_cleared_with_certificate,triangle,True,990.0,31,31,"[1, 3, 4, 5, 6, 8, 9, 10, 11, 12, 15, 17, 18, 19, 20]","[1, 3, 4, 5, 6, 8, 9, 10, 11, 12, 15, 17, 18, 19, 20]",full_mesh,13705.23335550643,0.018002332999998316,6,73,7,2,18,330,15,15,15,1.0,913.6822237004287,49911.16677753219,449,431,324
SELF-Q4-all_directional-checker-10023,10023,all_directional,checker,triangle_active,True,all_sources_cleared_with_certificate,triangle,True,990.0,31,25,"[1, 2, 4, 5, 6, 9, 10, 11, 12, 14, 15, 16, 17, 18, 19, 20]","[1, 2, 4, 5, 6, 9, 10, 11, 12, 14, 15, 16, 17, 18, 19, 20]",count_upper_bound,11385.694510153478,0.014347208000003775,4,63,9,5,22,217,16,16,16,1.0,711.6059068845924,42023.47255076738,379,361,215
SELF-Q4-all_directional-checker-10024,10024,all_directional,checker,triangle_active,True,all_sources_cleared_with_certificate,triangle,True,990.0,31,31,"[1, 2, 5, 6, 10, 13, 15, 17, 18, 20]","[1, 2, 5, 6, 10, 13, 15, 17, 18, 20]",full_mesh,11560.924417551594,0.009368958000003147,1,38,7,2,6,63,10,10,10,1.0,1156.0924417551594,41219.62208775798,515,506,62
SELF-Q4-all_directional-checker-10025,10025,all_directional,checker,triangle_active,True,all_sources_cleared_with_certificate,triangle,True,990.0,31,31,"[3, 5, 6, 10, 11, 13, 15, 16, 18, 19, 20]","[3, 5, 6, 10, 11, 13, 15, 16, 18, 19, 20]",full_mesh,12155.187785600607,0.012307624999998268,2,50,6,3,8,158,11,11,11,1.0,1105.017071418237,41525.938928003045,557,542,156
SELF-Q4-all_directional-checker-10026,10026,all_directional,checker,triangle_active,True,all_sources_cleared_with_certificate,triangle,True,990.0,31,31,"[1, 5, 6, 7, 10, 12, 13, 14, 16, 17, 19, 20]","[1, 5, 6, 7, 10, 12, 13, 14, 16, 17, 19, 20]",full_mesh,11703.257736334042,0.010594957999998655,1,45,8,4,4,144,12,12,12,1.0,975.2714780278369,42876.28868167022,441,431,144
SELF-Q4-all_directional-checker-10027,10027,all_directional,checker,triangle_active,True,all_sources_cleared_with_certificate,triangle,True,990.0,31,31,"[1, 2, 3, 7, 8, 9, 13, 14, 15, 16, 17, 19, 20]","[1, 2, 3, 7, 8, 9, 13, 14, 15, 16, 17, 19, 20]",full_mesh,11737.02901537049,0.012089083999995864,3,58,7,6,11,109,13,13,13,1.0,902.84838579773,43520.14507685249,442,431,109
SELF-Q4-all_directional-checker-10028,10028,all_directional,checker,triangle_active,True,all_sources_cleared_with_certificate,triangle,True,990.0,31,31,"[3, 5, 7, 9, 10, 11, 12, 13, 14, 15, 16, 17, 19, 20]","[3, 5, 7, 9, 10, 11, 12, 13, 14, 15, 16, 17, 19, 20]",full_mesh,12007.109256825906,0.012031541999995454,4,61,10,3,15,102,14,14,14,1.0,857.6506612018504,44955.54628412955,443,428,101
SELF-Q4-all_directional-checker-10029,10029,all_directional,checker,triangle_active,True,all_sources_cleared_with_certificate,triangle,True,990.0,31,31,"[1, 2, 4, 5, 6, 8, 9, 12, 13, 14, 15, 16, 17, 18, 20]","[1, 2, 4, 5, 6, 8, 9, 12, 13, 14, 15, 16, 17, 18, 20]",full_mesh,11266.673182924713,0.01107300000000322,2,50,8,6,7,114,15,15,15,1.0,751.1115455283142,42683.365914623544,388,376,113
SELF-Q4-all_directional-checker-10030,10030,all_directional,checker,triangle_active,True,all_sources_cleared_with_certificate,triangle,True,990.0,31,28,"[1, 4, 6, 7, 8, 9, 10, 11, 12, 13, 15, 16, 17, 18, 19, 20]","[1, 4, 6, 7, 8, 9, 10, 11, 12, 13, 15, 16, 17, 18, 19, 20]",count_upper_bound,12969.071504238982,0.01610341699999651,4,52,7,7,23,281,16,16,16,1.0,810.5669690149364,47720.35752119491,422,398,279
SELF-Q4-all_directional-checker-10031,10031,all_directional,checker,triangle_active,True,all_sources_cleared_with_certificate,triangle,True,990.0,31,31,"[2, 3, 4, 5, 8, 12, 16, 17, 19, 20]","[2, 3, 4, 5, 8, 12, 16, 17, 19, 20]",full_mesh,12102.83180802813,0.010864417000000515,2,29,7,1,8,115,10,10,10,1.0,1210.283180802813,43444.15904014064,507,490,113
SELF-Q4-all_directional-checker-10032,10032,all_directional,checker,triangle_active,True,all_sources_cleared_with_certificate,triangle,True,990.0,31,31,"[1, 2, 4, 5, 6, 7, 9, 12, 13, 14, 15]","[1, 2, 4, 5, 6, 7, 9, 12, 13, 14, 15]",full_mesh,11648.494810131215,0.011891834000003598,5,56,5,3,13,72,11,11,11,1.0,1058.9540736482923,42012.474050656085,500,484,69
SELF-Q4-all_directional-checker-10033,10033,all_directional,checker,triangle_active,True,all_sources_cleared_with_certificate,triangle,True,990.0,31,31,"[1, 2, 6, 7, 8, 11, 12, 15, 16, 17, 18, 20]","[1, 2, 6, 7, 8, 11, 12, 15, 16, 17, 18, 20]",full_mesh,10690.16686422233,0.008058458000000712,2,44,6,4,6,11,12,12,12,1.0,890.8472386851942,40035.834321111666,435,421,9
SELF-Q4-all_directional-checker-10034,10034,all_directional,checker,triangle_active,True,all_sources_cleared_with_certificate,triangle,True,990.0,31,31,"[2, 4, 6, 7, 9, 12, 13, 14, 15, 16, 17, 18, 19]","[2, 4, 6, 7, 9, 12, 13, 14, 15, 16, 17, 18, 19]",full_mesh,10842.505872247626,0.00837374999999696,1,28,10,5,4,6,13,13,13,1.0,834.0389132498174,40387.529361238114,448,436,8
SELF-Q4-all_directional-checker-10035,10035,all_directional,checker,triangle_active,True,all_sources_cleared_with_certificate,triangle,True,990.0,31,31,"[1, 2, 5, 6, 7, 10, 11, 12, 13, 14, 15, 17, 19, 20]","[1, 2, 5, 6, 7, 10, 11, 12, 13, 14, 15, 17, 19, 20]",full_mesh,13070.767905768296,0.015085083999998972,5,70,6,5,17,172,14,14,14,1.0,933.6262789834498,48158.839528841476,480,462,169
SELF-Q4-all_directional-checker-10036,10036,all_directional,checker,triangle_active,True,all_sources_cleared_with_certificate,triangle,True,990.0,31,31,"[2, 3, 5, 6, 7, 8, 10, 11, 13, 14, 16, 17, 18, 19, 20]","[2, 3, 5, 6, 7, 8, 10, 11, 13, 14, 16, 17, 18, 19, 20]",full_mesh,11349.497432119326,0.010438457999995876,2,61,12,4,8,52,15,15,15,1.0,756.6331621412884,42172.48716059664,448,441,53
SELF-Q4-all_directional-checker-10037,10037,all_directional,checker,triangle_active,True,all_sources_cleared_with_certificate,triangle,True,990.0,31,22,"[1, 3, 4, 5, 6, 8, 9, 10, 11, 13, 14, 15, 16, 18, 19, 20]","[1, 3, 4, 5, 6, 8, 9, 10, 11, 13, 14, 15, 16, 18, 19, 20]",count_upper_bound,11934.150506256194,0.01756474999999824,6,64,7,5,23,342,16,16,16,1.0,745.8844066410121,43885.752531280974,347,328,338
SELF-Q4-all_directional-checker-10038,10038,all_directional,checker,triangle_active,True,all_sources_cleared_with_certificate,triangle,True,990.0,31,31,"[3, 6, 7, 9, 11, 13, 14, 15, 18, 19]","[3, 6, 7, 9, 11, 13, 14, 15, 18, 19]",full_mesh,12566.040777551616,0.012088459000004548,3,33,6,2,8,159,10,10,10,1.0,1256.6040777551616,45755.203887758085,485,469,157
SELF-Q4-all_directional-checker-10039,10039,all_directional,checker,triangle_active,True,all_sources_cleared_with_certificate,triangle,True,990.0,31,31,"[1, 5, 6, 8, 9, 13, 14, 15, 18, 19, 20]","[1, 5, 6, 8, 9, 13, 14, 15, 18, 19, 20]",full_mesh,12040.311662945407,0.01371650000000102,4,43,5,5,11,187,11,11,11,1.0,1094.5737875404916,42341.55831472704,496,479,186
SELF-Q4-all_directional-checker-10040,10040,all_directional,checker,triangle_active,True,all_sources_cleared_with_certificate,triangle,True,990.0,31,31,"[2, 3, 6, 8, 9, 10, 11, 12, 13, 14, 15, 18]","[2, 3, 6, 8, 9, 10, 11, 12, 13, 14, 15, 18]",full_mesh,12822.493368115229,0.013833249999997577,3,46,7,4,12,216,12,12,12,1.0,1068.5411140096023,45507.4668405762,505,491,215
SELF-Q4-all_directional-checker-10041,10041,all_directional,checker,triangle_active,True,all_sources_cleared_with_certificate,triangle,True,990.0,31,31,"[2, 3, 4, 5, 7, 8, 10, 11, 13, 14, 16, 18, 19]","[2, 3, 4, 5, 7, 8, 10, 11, 13, 14, 16, 18, 19]",full_mesh,12123.590916528612,0.011556333999998003,3,29,9,3,9,100,13,13,13,1.0,932.5839166560471,44132.95458264307,492,475,99
SELF-Q4-all_directional-checker-10042,10042,all_directional,checker,triangle_active,True,all_sources_cleared_with_certificate,triangle,True,990.0,31,31,"[2, 3, 4, 5, 6, 8, 9, 10, 11, 12, 13, 14, 17, 20]","[2, 3, 4, 5, 6, 8, 9, 10, 11, 12, 13, 14, 17, 20]",full_mesh,15080.985139395134,0.019906124999998553,4,63,8,3,13,484,14,14,14,1.0,1077.2132242425096,54389.9256969757,451,435,481
SELF-Q4-all_directional-checker-10043,10043,all_directional,checker,triangle_active,True,all_sources_cleared_with_certificate,triangle,True,990.0,31,31,"[2, 3, 4, 5, 7, 8, 9, 10, 11, 12, 13, 14, 16, 18, 20]","[2, 3, 4, 5, 7, 8, 9, 10, 11, 12, 13, 14, 16, 18, 20]",full_mesh,11208.27038000379,0.010513250000002472,2,53,12,3,9,71,15,15,15,1.0,747.2180253335861,41341.351900018955,444,432,71
SELF-Q4-all_directional-checker-10044,10044,all_directional,checker,triangle_active,True,all_sources_cleared_with_certificate,triangle,True,990.0,31,29,"[1, 2, 4, 6, 7, 9, 10, 11, 12, 13, 14, 15, 16, 17, 18, 20]","[1, 2, 4, 6, 7, 9, 10, 11, 12, 13, 14, 15, 16, 17, 18, 20]",count_upper_bound,11423.22883776812,0.011581875000004516,1,38,13,6,12,144,16,16,16,1.0,713.9518023605075,41546.144188840626,434,423,147
SELF-Q4-all_directional-checker-10045,10045,all_directional,checker,triangle_active,True,all_sources_cleared_with_certificate,triangle,True,990.0,31,31,"[1, 5, 6, 8, 9, 11, 12, 16, 17, 18]","[1, 5, 6, 8, 9, 11, 12, 16, 17, 18]",full_mesh,11079.175085856948,0.009416666999996437,1,33,9,2,6,95,10,10,10,1.0,1107.9175085856948,41100.87542928475,423,406,96
SELF-Q4-all_directional-checker-10046,10046,all_directional,checker,triangle_active,True,all_sources_cleared_with_certificate,triangle,True,990.0,31,31,"[3, 4, 5, 8, 10, 11, 13, 14, 15, 16, 18]","[3, 4, 5, 8, 10, 11, 13, 14, 15, 16, 18]",full_mesh,13150.926854420788,0.014828457999996658,5,60,3,5,15,212,11,11,11,1.0,1195.5388049473443,48289.63427210396,471,456,209
SELF-Q4-all_directional-checker-10047,10047,all_directional,checker,triangle_active,True,all_sources_cleared_with_certificate,triangle,True,990.0,31,31,"[2, 5, 7, 9, 10, 11, 13, 14, 15, 16, 18, 20]","[2, 5, 7, 9, 10, 11, 13, 14, 15, 16, 18, 20]",full_mesh,12944.520520949496,0.014660500000005072,3,49,7,3,10,261,12,12,12,1.0,1078.710043412458,47887.60260474752,424,410,259
SELF-Q4-all_directional-checker-10048,10048,all_directional,checker,triangle_active,True,all_sources_cleared_with_certificate,triangle,True,990.0,31,31,"[1, 2, 5, 6, 7, 8, 9, 12, 13, 16, 17, 18, 19]","[1, 2, 5, 6, 7, 8, 9, 12, 13, 16, 17, 18, 19]",full_mesh,11443.311072978657,0.009961208,2,60,9,4,10,48,13,13,13,1.0,880.2546979214351,42366.55536489326,462,451,48
SELF-Q4-all_directional-checker-10049,10049,all_directional,checker,triangle_active,True,all_sources_cleared_with_certificate,triangle,True,990.0,31,31,"[1, 2, 4, 6, 7, 11, 12, 13, 14, 15, 16, 18, 19, 20]","[1, 2, 4, 6, 7, 11, 12, 13, 14, 15, 16, 18, 19, 20]",full_mesh,12514.139914178633,0.013066332999997599,2,52,9,5,8,215,14,14,14,1.0,893.8671367270452,46730.6995708932,410,403,215
SELF-Q4-all_omni-smooth-10000,10000,all_omni,smooth,triangle_active,True,all_sources_cleared_with_certificate,triangle,True,990.0,31,31,"[1, 2, 3, 4, 5, 6, 7, 9, 10, 11, 13, 15, 16, 19]","[1, 2, 3, 4, 5, 6, 7, 9, 10, 11, 13, 15, 16, 19]",full_mesh,9514.757851662618,0.007808958999994786,0,19,14,0,0,0,14,0,14,1.0,679.6255608330441,38583.789258313096,290,278,0
SELF-Q4-all_omni-smooth-10001,10001,all_omni,smooth,triangle_active,True,all_sources_cleared_with_certificate,triangle,True,990.0,31,31,"[1, 2, 3, 4, 5, 9, 11, 12, 14, 15, 16, 17, 18, 19, 20]","[1, 2, 3, 4, 5, 9, 11, 12, 14, 15, 16, 17, 18, 19, 20]",full_mesh,10369.293427656168,0.00762670799999654,0,21,15,0,0,0,15,0,15,1.0,691.2862285104112,42581.46713828083,298,288,0
SELF-Q4-all_omni-smooth-10002,10002,all_omni,smooth,triangle_active,True,all_sources_cleared_with_certificate,triangle,True,990.0,31,22,"[1, 2, 3, 4, 5, 6, 8, 9, 10, 11, 12, 13, 14, 16, 18, 19]","[1, 2, 3, 4, 5, 6, 8, 9, 10, 11, 12, 13, 14, 16, 18, 19]",count_upper_bound,7869.083444285579,0.00659441599999866,0,15,12,5,6,0,16,0,16,1.0,491.8177152678487,31930.417221427917,235,225,1
SELF-Q4-all_omni-smooth-10003,10003,all_omni,smooth,triangle_active,True,all_sources_cleared_with_certificate,triangle,True,990.0,31,31,"[1, 5, 6, 7, 8, 13, 14, 16, 18, 20]","[1, 5, 6, 7, 8, 13, 14, 16, 18, 20]",full_mesh,10380.178065172397,0.006804833000003896,0,9,10,0,0,0,10,0,10,1.0,1038.0178065172397,40365.89032586196,379,362,0
SELF-Q4-all_omni-smooth-10004,10004,all_omni,smooth,triangle_active,True,all_sources_cleared_with_certificate,triangle,True,990.0,31,31,"[1, 3, 7, 9, 10, 12, 14, 15, 16, 17, 20]","[1, 3, 7, 9, 10, 12, 14, 15, 16, 17, 20]",full_mesh,10432.345923327044,0.006769083000001785,0,9,11,0,0,0,11,0,11,1.0,948.3950839388222,39331.7296166352,421,406,0
SELF-Q4-all_omni-smooth-10005,10005,all_omni,smooth,triangle_active,True,all_sources_cleared_with_certificate,triangle,True,990.0,31,31,"[1, 2, 3, 6, 9, 12, 14, 15, 16, 17, 18, 19]","[1, 2, 3, 6, 9, 12, 14, 15, 16, 17, 18, 19]",full_mesh,9919.150710371372,0.0077275000000014415,0,11,12,0,0,0,12,0,12,1.0,826.5958925309477,39190.75355185686,339,326,0
SELF-Q4-all_omni-smooth-10006,10006,all_omni,smooth,triangle_active,True,all_sources_cleared_with_certificate,triangle,True,990.0,31,31,"[1, 2, 3, 5, 6, 7, 8, 10, 16, 17, 18, 19, 20]","[1, 2, 3, 5, 6, 7, 8, 10, 16, 17, 18, 19, 20]",full_mesh,9677.869564959215,0.007260124999994844,0,22,13,0,0,0,13,0,13,1.0,744.4515049968627,39164.347824796074,299,285,0
SELF-Q4-all_omni-smooth-10007,10007,all_omni,smooth,triangle_active,True,all_sources_cleared_with_certificate,triangle,True,990.0,31,31,"[2, 3, 4, 5, 6, 7, 8, 9, 10, 11, 16, 17, 18, 20]","[2, 3, 4, 5, 6, 7, 8, 9, 10, 11, 16, 17, 18, 20]",full_mesh,10223.229455716302,0.006701582999994571,0,11,14,0,0,0,14,0,14,1.0,730.2306754083073,40866.14727858151,332,320,0
SELF-Q4-all_omni-smooth-10008,10008,all_omni,smooth,triangle_active,True,all_sources_cleared_with_certificate,triangle,True,990.0,31,31,"[1, 2, 3, 5, 7, 9, 10, 11, 12, 14, 15, 16, 17, 19, 20]","[1, 2, 3, 5, 7, 9, 10, 11, 12, 14, 15, 16, 17, 19, 20]",full_mesh,9994.966565589275,0.0070667499999998995,0,23,15,0,0,0,15,0,15,1.0,666.3311043726184,40994.83282794636,289,276,0
SELF-Q4-all_omni-smooth-10009,10009,all_omni,smooth,triangle_active,True,all_sources_cleared_with_certificate,triangle,True,990.0,31,23,"[1, 2, 3, 4, 5, 7, 8, 10, 11, 12, 13, 14, 15, 17, 19, 20]","[1, 2, 3, 4, 5, 7, 8, 10, 11, 12, 13, 14, 15, 17, 19, 20]",count_upper_bound,8113.158885533457,0.00765295899999785,0,20,12,5,4,0,16,0,16,1.0,507.07243034584104,32160.79442766729,267,263,1
SELF-Q4-all_omni-smooth-10010,10010,all_omni,smooth,triangle_active,True,all_sources_cleared_with_certificate,triangle,True,990.0,31,31,"[1, 4, 6, 8, 9, 10, 11, 12, 17, 18]","[1, 4, 6, 8, 9, 10, 11, 12, 17, 18]",full_mesh,10288.431608588991,0.0067791659999940634,0,10,10,0,0,0,10,0,10,1.0,1028.8431608588992,39567.15804294497,390,375,0
SELF-Q4-all_omni-smooth-10011,10011,all_omni,smooth,triangle_active,True,all_sources_cleared_with_certificate,triangle,True,990.0,31,31,"[3, 5, 6, 7, 9, 10, 11, 14, 15, 17, 18]","[3, 5, 6, 7, 9, 10, 11, 14, 15, 17, 18]",full_mesh,10611.70625870715,0.006966417000001002,0,17,11,0,0,0,11,0,11,1.0,964.7005689733774,40648.53129353575,407,392,0
SELF-Q4-all_omni-smooth-10012,10012,all_omni,smooth,triangle_active,True,all_sources_cleared_with_certificate,triangle,True,990.0,31,31,"[1, 2, 3, 4, 6, 10, 11, 13, 14, 15, 17, 19]","[1, 2, 3, 4, 6, 10, 11, 13, 14, 15, 17, 19]",full_mesh,10088.023639726245,0.006818667000004552,0,18,12,0,0,0,12,0,12,1.0,840.6686366438538,39920.11819863122,343,329,0
SELF-Q4-all_omni-smooth-10013,10013,all_omni,smooth,triangle_active,True,all_sources_cleared_with_certificate,triangle,True,990.0,31,31,"[4, 5, 6, 7, 8, 10, 12, 13, 15, 16, 17, 19, 20]","[4, 5, 6, 7, 8, 10, 12, 13, 15, 16, 17, 19, 20]",full_mesh,9623.927942869832,0.007281458999997881,0,31,13,0,0,0,13,0,13,1.0,740.3021494515256,38994.639714349156,296,280,0
SELF-Q4-all_omni-smooth-10014,10014,all_omni,smooth,triangle_active,True,all_sources_cleared_with_certificate,triangle,True,990.0,31,31,"[2, 3, 4, 6, 7, 8, 9, 13, 14, 15, 17, 18, 19, 20]","[2, 3, 4, 6, 7, 8, 9, 13, 14, 15, 17, 18, 19, 20]",full_mesh,10086.44761633345,0.006646874999994168,0,13,14,0,0,0,14,0,14,1.0,720.4605440238178,40867.23808166727,310,293,0
SELF-Q4-all_omni-smooth-10015,10015,all_omni,smooth,triangle_active,True,all_sources_cleared_with_certificate,triangle,True,990.0,31,31,"[1, 2, 3, 4, 5, 7, 8, 10, 11, 12, 13, 15, 16, 17, 20]","[1, 2, 3, 4, 5, 7, 8, 10, 11, 12, 13, 15, 16, 17, 20]",full_mesh,9989.37080898505,0.006993665999999621,0,17,15,0,0,0,15,0,15,1.0,665.9580539323366,41776.85404492524,262,249,0
SELF-Q4-all_omni-smooth-10016,10016,all_omni,smooth,triangle_active,True,all_sources_cleared_with_certificate,triangle,True,990.0,31,22,"[1, 2, 3, 5, 6, 10, 11, 12, 13, 14, 15, 16, 17, 18, 19, 20]","[1, 2, 3, 5, 6, 10, 11, 12, 13, 14, 15, 16, 17, 18, 19, 20]",count_upper_bound,7948.779547260692,0.006673749999997369,0,20,15,2,2,0,16,0,16,1.0,496.79872170379326,33138.89773630345,208,198,1
SELF-Q4-all_omni-smooth-10017,10017,all_omni,smooth,triangle_active,True,all_sources_cleared_with_certificate,triangle,True,990.0,31,31,"[3, 8, 9, 10, 13, 14, 15, 17, 19, 20]","[3, 8, 9, 10, 13, 14, 15, 17, 19, 20]",full_mesh,10313.882602999978,0.00697445800000196,0,14,10,0,0,0,10,0,10,1.0,1031.388260299998,39074.413014999875,411,394,0
SELF-Q4-all_omni-smooth-10018,10018,all_omni,smooth,triangle_active,True,all_sources_cleared_with_certificate,triangle,True,990.0,31,31,"[1, 2, 3, 5, 7, 11, 12, 13, 15, 17, 19]","[1, 2, 3, 5, 7, 11, 12, 13, 15, 17, 19]",full_mesh,10116.84524997853,0.006235625000002187,0,14,11,0,0,0,11,0,11,1.0,919.7132045435028,40344.22624989266,335,318,0
SELF-Q4-all_omni-smooth-10019,10019,all_omni,smooth,triangle_active,True,all_sources_cleared_with_certificate,triangle,True,990.0,31,31,"[1, 2, 3, 4, 6, 8, 9, 10, 13, 15, 16, 20]","[1, 2, 3, 4, 6, 8, 9, 10, 13, 15, 16, 20]",full_mesh,9977.669724111225,0.007047333000002709,0,19,12,0,0,0,12,0,12,1.0,831.4724770092688,38998.34862055613,355,343,0
SELF-Q4-all_omni-smooth-10020,10020,all_omni,smooth,triangle_active,True,all_sources_cleared_with_certificate,triangle,True,990.0,31,31,"[1, 2, 3, 4, 5, 6, 7, 11, 12, 13, 16, 17, 20]","[1, 2, 3, 4, 5, 6, 7, 11, 12, 13, 16, 17, 20]",full_mesh,10132.294757999227,0.006610124999994582,0,8,13,0,0,0,13,0,13,1.0,779.4072890768637,40556.47378999614,329,311,0
SELF-Q4-all_omni-smooth-10021,10021,all_omni,smooth,triangle_active,True,all_sources_cleared_with_certificate,triangle,True,990.0,31,31,"[1, 4, 5, 6, 8, 10, 11, 12, 13, 14, 15, 16, 17, 19]","[1, 4, 5, 6, 8, 10, 11, 12, 13, 14, 15, 16, 17, 19]",full_mesh,9833.197760877709,0.006958749999995462,0,23,14,0,0,0,14,0,14,1.0,702.3712686341221,40420.988804388544,282,269,0
SELF-Q4-all_omni-smooth-10022,10022,all_omni,smooth,triangle_active,True,all_sources_cleared_with_certificate,triangle,True,990.0,31,31,"[1, 3, 4, 5, 6, 8, 9, 10, 11, 12, 15, 17, 18, 19, 20]","[1, 3, 4, 5, 6, 8, 9, 10, 11, 12, 15, 17, 18, 19, 20]",full_mesh,10520.698450489468,0.007010708000002808,0,12,15,0,0,0,15,0,15,1.0,701.3798966992979,42628.49225244736,322,310,0
SELF-Q4-all_omni-smooth-10023,10023,all_omni,smooth,triangle_active,True,all_sources_cleared_with_certificate,triangle,True,990.0,31,20,"[1, 2, 4, 5, 6, 9, 10, 11, 12, 14, 15, 16, 17, 18, 19, 20]","[1, 2, 4, 5, 6, 9, 10, 11, 12, 14, 15, 16, 17, 18, 19, 20]",count_upper_bound,7198.442791245216,0.0064267090000029725,0,14,14,4,3,0,16,0,16,1.0,449.902674452826,28667.213956226064,231,224,2
SELF-Q4-all_omni-smooth-10024,10024,all_omni,smooth,triangle_active,True,all_sources_cleared_with_certificate,triangle,True,990.0,31,31,"[1, 2, 5, 6, 10, 13, 15, 17, 18, 20]","[1, 2, 5, 6, 10, 13, 15, 17, 18, 20]",full_mesh,10190.051422705486,0.0068166670000024965,0,17,10,0,0,0,10,0,10,1.0,1019.0051422705486,38750.257113527434,401,385,0
SELF-Q4-all_omni-smooth-10025,10025,all_omni,smooth,triangle_active,True,all_sources_cleared_with_certificate,triangle,True,990.0,31,31,"[3, 5, 6, 10, 11, 13, 15, 16, 18, 19, 20]","[3, 5, 6, 10, 11, 13, 15, 16, 18, 19, 20]",full_mesh,9990.48333121108,0.007539166999997349,0,17,11,0,0,0,11,0,11,1.0,908.2257573828255,37602.4166560554,405,390,0
SELF-Q4-all_omni-smooth-10026,10026,all_omni,smooth,triangle_active,True,all_sources_cleared_with_certificate,triangle,True,990.0,31,31,"[1, 5, 6, 7, 10, 12, 13, 14, 16, 17, 19, 20]","[1, 5, 6, 7, 10, 12, 13, 14, 16, 17, 19, 20]",full_mesh,9958.086666077521,0.006468042000001617,0,15,12,0,0,0,12,0,12,1.0,829.8405555064601,39450.433330387576,337,323,0
SELF-Q4-all_omni-smooth-10027,10027,all_omni,smooth,triangle_active,True,all_sources_cleared_with_certificate,triangle,True,990.0,31,31,"[1, 2, 3, 7, 8, 9, 13, 14, 15, 16, 17, 19, 20]","[1, 2, 3, 7, 8, 9, 13, 14, 15, 16, 17, 19, 20]",full_mesh,9869.089088574621,0.00687662499999675,0,24,13,0,0,0,13,0,13,1.0,759.1606991211247,39885.44544287309,307,292,0
SELF-Q4-all_omni-smooth-10028,10028,all_omni,smooth,triangle_active,True,all_sources_cleared_with_certificate,triangle,True,990.0,31,31,"[3, 5, 7, 9, 10, 11, 12, 13, 14, 15, 16, 17, 19, 20]","[3, 5, 7, 9, 10, 11, 12, 13, 14, 15, 16, 17, 19, 20]",full_mesh,9954.279214599434,0.006409167000001048,0,18,14,0,0,0,14,0,14,1.0,711.0199438999596,40671.396072997166,294,280,0
SELF-Q4-all_omni-smooth-10029,10029,all_omni,smooth,triangle_active,True,all_sources_cleared_with_certificate,triangle,True,990.0,31,31,"[1, 2, 4, 5, 6, 8, 9, 12, 13, 14, 15, 16, 17, 18, 20]","[1, 2, 4, 5, 6, 8, 9, 12, 13, 14, 15, 16, 17, 18, 20]",full_mesh,9806.002322506849,0.007011249999997915,0,19,15,0,0,0,15,0,15,1.0,653.7334881671233,41835.01161253423,230,214,0
SELF-Q4-all_omni-smooth-10030,10030,all_omni,smooth,triangle_active,True,all_sources_cleared_with_certificate,triangle,True,990.0,31,24,"[1, 4, 6, 7, 8, 9, 10, 11, 12, 13, 15, 16, 17, 18, 19, 20]","[1, 4, 6, 7, 8, 9, 10, 11, 12, 13, 15, 16, 17, 18, 19, 20]",count_upper_bound,8274.16413019226,0.007017083000000923,0,20,12,5,2,0,16,0,16,1.0,517.1352581370162,33005.8206509613,267,255,1
SELF-Q4-all_omni-smooth-10031,10031,all_omni,smooth,triangle_active,True,all_sources_cleared_with_certificate,triangle,True,990.0,31,31,"[2, 3, 4, 5, 8, 12, 16, 17, 19, 20]","[2, 3, 4, 5, 8, 12, 16, 17, 19, 20]",full_mesh,10376.165547577953,0.0069441250000039645,0,21,10,0,0,0,10,0,10,1.0,1037.6165547577953,39110.82773788977,419,409,0
SELF-Q4-all_omni-smooth-10032,10032,all_omni,smooth,triangle_active,True,all_sources_cleared_with_certificate,triangle,True,990.0,31,31,"[1, 2, 4, 5, 6, 7, 9, 12, 13, 14, 15]","[1, 2, 4, 5, 6, 7, 9, 12, 13, 14, 15]",full_mesh,10299.832829551284,0.007416790999997147,0,15,11,0,0,0,11,0,11,1.0,936.3484390501167,39799.16414775642,383,370,0
SELF-Q4-all_omni-smooth-10033,10033,all_omni,smooth,triangle_active,True,all_sources_cleared_with_certificate,triangle,True,990.0,31,31,"[1, 2, 6, 7, 8, 11, 12, 15, 16, 17, 18, 20]","[1, 2, 6, 7, 8, 11, 12, 15, 16, 17, 18, 20]",full_mesh,9810.015195798875,0.006641457999997158,0,8,12,0,0,0,12,0,12,1.0,817.5012663165729,38720.07597899438,337,321,0
SELF-Q4-all_omni-smooth-10034,10034,all_omni,smooth,triangle_active,True,all_sources_cleared_with_certificate,triangle,True,990.0,31,31,"[2, 4, 6, 7, 9, 12, 13, 14, 15, 16, 17, 18, 19]","[2, 4, 6, 7, 9, 12, 13, 14, 15, 16, 17, 18, 19]",full_mesh,10062.209131275245,0.006950999999993712,0,13,13,0,0,0,13,0,13,1.0,774.0160870211728,39971.04565637622,337,318,0
SELF-Q4-all_omni-smooth-10035,10035,all_omni,smooth,triangle_active,True,all_sources_cleared_with_certificate,triangle,True,990.0,31,31,"[1, 2, 5, 6, 7, 10, 11, 12, 13, 14, 15, 17, 19, 20]","[1, 2, 5, 6, 7, 10, 11, 12, 13, 14, 15, 17, 19, 20]",full_mesh,10259.963131098426,0.007926042000001132,0,11,14,0,0,0,14,0,14,1.0,732.8545093641733,40949.81565549215,335,325,0
SELF-Q4-all_omni-smooth-10036,10036,all_omni,smooth,triangle_active,True,all_sources_cleared_with_certificate,triangle,True,990.0,31,31,"[2, 3, 5, 6, 7, 8, 10, 11, 13, 14, 16, 17, 18, 19, 20]","[2, 3, 5, 6, 7, 8, 10, 11, 13, 14, 16, 17, 18, 19, 20]",full_mesh,9992.41207092909,0.007637958000003664,0,16,15,0,0,0,15,0,15,1.0,666.160804728606,40337.06035464543,310,300,0
SELF-Q4-all_omni-smooth-10037,10037,all_omni,smooth,triangle_active,True,all_sources_cleared_with_certificate,triangle,True,990.0,31,20,"[1, 3, 4, 5, 6, 8, 9, 10, 11, 13, 14, 15, 16, 18, 19, 20]","[1, 3, 4, 5, 6, 8, 9, 10, 11, 13, 14, 15, 16, 18, 19, 20]",count_upper_bound,7823.074829941113,0.00677041700000558,0,19,16,0,3,0,16,0,16,1.0,488.9421768713196,32240.37414970556,217,210,0
SELF-Q4-all_omni-smooth-10038,10038,all_omni,smooth,triangle_active,True,all_sources_cleared_with_certificate,triangle,True,990.0,31,31,"[3, 6, 7, 9, 11, 13, 14, 15, 18, 19]","[3, 6, 7, 9, 11, 13, 14, 15, 18, 19]",full_mesh,10612.051784468875,0.006886624999999924,0,12,10,0,0,0,10,0,10,1.0,1061.2051784468874,40640.25892234438,408,394,0
SELF-Q4-all_omni-smooth-10039,10039,all_omni,smooth,triangle_active,True,all_sources_cleared_with_certificate,triangle,True,990.0,31,31,"[1, 5, 6, 8, 9, 13, 14, 15, 18, 19, 20]","[1, 5, 6, 8, 9, 13, 14, 15, 18, 19, 20]",full_mesh,10094.467554698898,0.0072018339999999625,0,9,11,0,0,0,11,0,11,1.0,917.6788686089908,37397.33777349447,429,415,0
SELF-Q4-all_omni-smooth-10040,10040,all_omni,smooth,triangle_active,True,all_sources_cleared_with_certificate,triangle,True,990.0,31,31,"[2, 3, 6, 8, 9, 10, 11, 12, 13, 14, 15, 18]","[2, 3, 6, 8, 9, 10, 11, 12, 13, 14, 15, 18]",full_mesh,10128.980309863156,0.008060166999996454,0,17,12,0,0,0,12,0,12,1.0,844.0816924885963,39494.90154931577,364,350,0
SELF-Q4-all_omni-smooth-10041,10041,all_omni,smooth,triangle_active,True,all_sources_cleared_with_certificate,triangle,True,990.0,31,31,"[2, 3, 4, 5, 7, 8, 10, 11, 13, 14, 16, 18, 19]","[2, 3, 4, 5, 7, 8, 10, 11, 13, 14, 16, 18, 19]",full_mesh,10318.233720704826,0.008168791999999314,0,18,13,0,0,0,13,0,13,1.0,793.7102862080635,40756.168603524115,352,342,0
SELF-Q4-all_omni-smooth-10042,10042,all_omni,smooth,triangle_active,True,all_sources_cleared_with_certificate,triangle,True,990.0,31,31,"[2, 3, 4, 5, 6, 8, 9, 10, 11, 12, 13, 14, 17, 20]","[2, 3, 4, 5, 6, 8, 9, 10, 11, 12, 13, 14, 17, 20]",full_mesh,10529.22382397725,0.006918249999998238,0,28,14,0,0,0,14,0,14,1.0,752.087415998375,43146.119119886265,307,295,0
SELF-Q4-all_omni-smooth-10043,10043,all_omni,smooth,triangle_active,True,all_sources_cleared_with_certificate,triangle,True,990.0,31,31,"[2, 3, 4, 5, 7, 8, 9, 10, 11, 12, 13, 14, 16, 18, 20]","[2, 3, 4, 5, 7, 8, 9, 10, 11, 12, 13, 14, 16, 18, 20]",full_mesh,10038.36590730099,0.006982583000002762,0,11,15,0,0,0,15,0,15,1.0,669.224393820066,39476.82953650496,347,333,0
SELF-Q4-all_omni-smooth-10044,10044,all_omni,smooth,triangle_active,True,all_sources_cleared_with_certificate,triangle,True,990.0,31,24,"[1, 2, 4, 6, 7, 9, 10, 11, 12, 13, 14, 15, 16, 17, 18, 20]","[1, 2, 4, 6, 7, 9, 10, 11, 12, 13, 14, 15, 16, 17, 18, 20]",count_upper_bound,8363.835495301719,0.006678791000005901,0,15,12,6,5,0,16,0,16,1.0,522.7397184563574,32259.177476508587,306,296,2
SELF-Q4-all_omni-smooth-10045,10045,all_omni,smooth,triangle_active,True,all_sources_cleared_with_certificate,triangle,True,990.0,31,31,"[1, 5, 6, 8, 9, 11, 12, 16, 17, 18]","[1, 5, 6, 8, 9, 11, 12, 16, 17, 18]",full_mesh,9821.130740709968,0.006101792000002604,0,4,10,0,0,0,10,0,10,1.0,982.1130740709968,38205.65370354985,359,335,0
SELF-Q4-all_omni-smooth-10046,10046,all_omni,smooth,triangle_active,True,all_sources_cleared_with_certificate,triangle,True,990.0,31,31,"[3, 4, 5, 8, 10, 11, 13, 14, 15, 16, 18]","[3, 4, 5, 8, 10, 11, 13, 14, 15, 16, 18]",full_mesh,10373.96866788308,0.00669099999999645,0,13,11,0,0,0,11,0,11,1.0,943.0880607166437,41414.84333941539,342,326,0
SELF-Q4-all_omni-smooth-10047,10047,all_omni,smooth,triangle_active,True,all_sources_cleared_with_certificate,triangle,True,990.0,31,31,"[2, 5, 7, 9, 10, 11, 13, 14, 15, 16, 18, 20]","[2, 5, 7, 9, 10, 11, 13, 14, 15, 16, 18, 20]",full_mesh,10284.582150924854,0.007041375000000016,0,10,12,0,0,0,12,0,12,1.0,857.0485125770712,41317.91075462428,329,316,0
SELF-Q4-all_omni-smooth-10048,10048,all_omni,smooth,triangle_active,True,all_sources_cleared_with_certificate,triangle,True,990.0,31,31,"[1, 2, 5, 6, 7, 8, 9, 12, 13, 16, 17, 18, 19]","[1, 2, 5, 6, 7, 8, 9, 12, 13, 16, 17, 18, 19]",full_mesh,10020.44987226198,0.007263291000001004,0,17,13,0,0,0,13,0,13,1.0,770.8038363278446,40757.249361309885,303,289,0
SELF-Q4-all_omni-smooth-10049,10049,all_omni,smooth,triangle_active,True,all_sources_cleared_with_certificate,triangle,True,990.0,31,31,"[1, 2, 4, 6, 7, 11, 12, 13, 14, 15, 16, 18, 19, 20]","[1, 2, 4, 6, 7, 11, 12, 13, 14, 15, 16, 18, 19, 20]",full_mesh,10112.730384342227,0.006766249999998308,0,9,14,0,0,0,14,0,14,1.0,722.3378845958733,40993.65192171113,310,294,0
